zone_id,timestamp,rain_mm
Z01,2026-10-01 00:00,0.0
Z01,2026-10-01 01:00,0.3
Z01,2026-10-01 02:00,0.1
Z01,2026-10-01 03:00,0.1
Z01,2026-10-01 04:00,0.2
Z01,2026-10-01 05:00,2.2
Z01,2026-10-01 06:00,1.3
Z01,2026-10-01 07:00,0.2
Z01,2026-10-01 08:00,0.3
Z01,2026-10-01 09:00,1.4
Z01,2026-10-01 10:00,0.7
Z01,2026-10-01 11:00,0.5
Z01,2026-10-01 12:00,0.6
Z01,2026-10-01 13:00,0.1
Z01,2026-10-01 14:00,0.0
Z01,2026-10-01 15:00,0.0
Z01,2026-10-01 16:00,0.0
Z01,2026-10-01 17:00,0.0
Z01,2026-10-01 18:00,0.0
Z01,2026-10-01 19:00,0.2
Z01,2026-10-01 20:00,0.3
Z01,2026-10-01 21:00,0.1
Z01,2026-10-01 22:00,0.1
Z01,2026-10-01 23:00,0.1
Z01,2026-10-02 00:00,0.0
Z01,2026-10-02 01:00,0.4
Z01,2026-10-02 02:00,0.5
Z01,2026-10-02 03:00,0.3
Z01,2026-10-02 04:00,0.2
Z01,2026-10-02 05:00,0.4
Z01,2026-10-02 06:00,0.2
Z01,2026-10-02 07:00,0.1
Z01,2026-10-02 08:00,0.1
Z01,2026-10-02 09:00,0.1
Z01,2026-10-02 10:00,0.1
Z01,2026-10-02 11:00,0.0
Z01,2026-10-02 12:00,0.0
Z01,2026-10-02 13:00,0.0
Z01,2026-10-02 14:00,0.0
Z01,2026-10-02 15:00,0.0
Z01,2026-10-02 16:00,0.0
Z01,2026-10-02 17:00,0.0
Z01,2026-10-02 18:00,0.0
Z01,2026-10-02 19:00,0.0
Z01,2026-10-02 20:00,0.0
Z01,2026-10-02 21:00,0.0
Z01,2026-10-02 22:00,0.0
Z01,2026-10-02 23:00,0.0
Z01,2026-10-03 00:00,0.0
Z01,2026-10-03 01:00,0.0
Z01,2026-10-03 02:00,0.0
Z01,2026-10-03 03:00,0.1
Z01,2026-10-03 04:00,0.0
Z01,2026-10-03 05:00,0.0
Z01,2026-10-03 06:00,0.1
Z01,2026-10-03 07:00,0.3
Z01,2026-10-03 08:00,0.3
Z01,2026-10-03 09:00,0.3
Z01,2026-10-03 10:00,0.1
Z01,2026-10-03 11:00,0.0
Z01,2026-10-03 12:00,0.0
Z01,2026-10-03 13:00,0.0
Z01,2026-10-03 14:00,0.0
Z01,2026-10-03 15:00,0.0
Z01,2026-10-03 16:00,0.0
Z01,2026-10-03 17:00,0.0
Z01,2026-10-03 18:00,0.0
Z01,2026-10-03 19:00,0.0
Z01,2026-10-03 20:00,0.0
Z01,2026-10-03 21:00,0.0
Z01,2026-10-03 22:00,0.0
Z01,2026-10-03 23:00,0.0
Z01,2026-10-04 00:00,0.0
Z01,2026-10-04 01:00,0.0
Z01,2026-10-04 02:00,0.0
Z01,2026-10-04 03:00,0.0
Z01,2026-10-04 04:00,0.0
Z01,2026-10-04 05:00,0.0
Z01,2026-10-04 06:00,0.0
Z01,2026-10-04 07:00,0.0
Z01,2026-10-04 08:00,0.0
Z01,2026-10-04 09:00,0.0
Z01,2026-10-04 10:00,0.0
Z01,2026-10-04 11:00,0.0
Z01,2026-10-04 12:00,0.0
Z01,2026-10-04 13:00,0.0
Z01,2026-10-04 14:00,0.0
Z01,2026-10-04 15:00,0.0
Z01,2026-10-04 16:00,0.0
Z01,2026-10-04 17:00,0.0
Z01,2026-10-04 18:00,0.0
Z01,2026-10-04 19:00,0.0
Z01,2026-10-04 20:00,0.0
Z01,2026-10-04 21:00,0.0
Z01,2026-10-04 22:00,0.0
Z01,2026-10-04 23:00,0.0
Z02,2026-10-01 00:00,0.0
Z02,2026-10-01 01:00,0.0
Z02,2026-10-01 02:00,0.1
Z02,2026-10-01 03:00,0.2
Z02,2026-10-01 04:00,0.2
Z02,2026-10-01 05:00,0.1
Z02,2026-10-01 06:00,0.0
Z02,2026-10-01 07:00,0.3
Z02,2026-10-01 08:00,0.0
Z02,2026-10-01 09:00,0.7
Z02,2026-10-01 10:00,1.2
Z02,2026-10-01 11:00,0.3
Z02,2026-10-01 12:00,0.1
Z02,2026-10-01 13:00,1.0
Z02,2026-10-01 14:00,0.1
Z02,2026-10-01 15:00,0.0
Z02,2026-10-01 16:00,0.0
Z02,2026-10-01 17:00,0.0
Z02,2026-10-01 18:00,0.0
Z02,2026-10-01 19:00,0.0
Z02,2026-10-01 20:00,0.0
Z02,2026-10-01 21:00,0.0
Z02,2026-10-01 22:00,0.0
Z02,2026-10-01 23:00,0.0
Z02,2026-10-02 00:00,0.0
Z02,2026-10-02 01:00,0.0
Z02,2026-10-02 02:00,0.0
Z02,2026-10-02 03:00,0.0
Z02,2026-10-02 04:00,0.1
Z02,2026-10-02 05:00,0.1
Z02,2026-10-02 06:00,0.2
Z02,2026-10-02 07:00,0.3
Z02,2026-10-02 08:00,0.1
Z02,2026-10-02 09:00,1.2
Z02,2026-10-02 10:00,1.4
Z02,2026-10-02 11:00,1.9
Z02,2026-10-02 12:00,0.4
Z02,2026-10-02 13:00,0.1
Z02,2026-10-02 14:00,0.0
Z02,2026-10-02 15:00,0.0
Z02,2026-10-02 16:00,0.0
Z02,2026-10-02 17:00,0.0
Z02,2026-10-02 18:00,0.0
Z02,2026-10-02 19:00,0.0
Z02,2026-10-02 20:00,0.0
Z02,2026-10-02 21:00,0.0
Z02,2026-10-02 22:00,0.0
Z02,2026-10-02 23:00,0.0
Z02,2026-10-03 00:00,0.0
Z02,2026-10-03 01:00,0.0
Z02,2026-10-03 02:00,0.0
Z02,2026-10-03 03:00,0.0
Z02,2026-10-03 04:00,0.0
Z02,2026-10-03 05:00,0.0
Z02,2026-10-03 06:00,0.0
Z02,2026-10-03 07:00,0.0
Z02,2026-10-03 08:00,0.1
Z02,2026-10-03 09:00,0.1
Z02,2026-10-03 10:00,0.1
Z02,2026-10-03 11:00,0.0
Z02,2026-10-03 12:00,0.0
Z02,2026-10-03 13:00,0.0
Z02,2026-10-03 14:00,0.0
Z02,2026-10-03 15:00,0.0
Z02,2026-10-03 16:00,0.0
Z02,2026-10-03 17:00,0.0
Z02,2026-10-03 18:00,0.0
Z02,2026-10-03 19:00,0.0
Z02,2026-10-03 20:00,0.0
Z02,2026-10-03 21:00,0.0
Z02,2026-10-03 22:00,0.0
Z02,2026-10-03 23:00,0.0
Z02,2026-10-04 00:00,0.0
Z02,2026-10-04 01:00,0.0
Z02,2026-10-04 02:00,0.0
Z02,2026-10-04 03:00,0.0
Z02,2026-10-04 04:00,0.0
Z02,2026-10-04 05:00,0.3
Z02,2026-10-04 06:00,1.2
Z02,2026-10-04 07:00,1.3
Z02,2026-10-04 08:00,0.3
Z02,2026-10-04 09:00,0.3
Z02,2026-10-04 10:00,0.2
Z02,2026-10-04 11:00,0.2
Z02,2026-10-04 12:00,0.1
Z02,2026-10-04 13:00,0.0
Z02,2026-10-04 14:00,0.0
Z02,2026-10-04 15:00,0.0
Z02,2026-10-04 16:00,0.0
Z02,2026-10-04 17:00,0.0
Z02,2026-10-04 18:00,0.0
Z02,2026-10-04 19:00,0.0
Z02,2026-10-04 20:00,0.0
Z02,2026-10-04 21:00,0.0
Z02,2026-10-04 22:00,0.0
Z02,2026-10-04 23:00,0.0
Z03,2026-10-01 00:00,2.4
Z03,2026-10-01 01:00,2.7
Z03,2026-10-01 02:00,1.8
Z03,2026-10-01 03:00,1.7
Z03,2026-10-01 04:00,2.3
Z03,2026-10-01 05:00,1.6
Z03,2026-10-01 06:00,1.5
Z03,2026-10-01 07:00,1.8
Z03,2026-10-01 08:00,2.7
Z03,2026-10-01 09:00,1.5
Z03,2026-10-01 10:00,0.1
Z03,2026-10-01 11:00,0.0
Z03,2026-10-01 12:00,0.0
Z03,2026-10-01 13:00,0.0
Z03,2026-10-01 14:00,0.0
Z03,2026-10-01 15:00,0.0
Z03,2026-10-01 16:00,0.0
Z03,2026-10-01 17:00,0.0
Z03,2026-10-01 18:00,0.0
Z03,2026-10-01 19:00,0.0
Z03,2026-10-01 20:00,0.0
Z03,2026-10-01 21:00,0.0
Z03,2026-10-01 22:00,0.0
Z03,2026-10-01 23:00,0.0
Z03,2026-10-02 00:00,0.0
Z03,2026-10-02 01:00,0.0
Z03,2026-10-02 02:00,0.0
Z03,2026-10-02 03:00,0.0
Z03,2026-10-02 04:00,0.0
Z03,2026-10-02 05:00,0.1
Z03,2026-10-02 06:00,0.0
Z03,2026-10-02 07:00,0.0
Z03,2026-10-02 08:00,0.0
Z03,2026-10-02 09:00,1.1
Z03,2026-10-02 10:00,0.1
Z03,2026-10-02 11:00,0.1
Z03,2026-10-02 12:00,0.0
Z03,2026-10-02 13:00,0.0
Z03,2026-10-02 14:00,0.0
Z03,2026-10-02 15:00,0.0
Z03,2026-10-02 16:00,0.0
Z03,2026-10-02 17:00,0.0
Z03,2026-10-02 18:00,0.0
Z03,2026-10-02 19:00,0.0
Z03,2026-10-02 20:00,0.0
Z03,2026-10-02 21:00,0.1
Z03,2026-10-02 22:00,0.0
Z03,2026-10-02 23:00,0.1
Z03,2026-10-03 00:00,0.1
Z03,2026-10-03 01:00,0.0
Z03,2026-10-03 02:00,0.0
Z03,2026-10-03 03:00,0.1
Z03,2026-10-03 04:00,0.0
Z03,2026-10-03 05:00,0.1
Z03,2026-10-03 06:00,0.3
Z03,2026-10-03 07:00,0.4
Z03,2026-10-03 08:00,0.1
Z03,2026-10-03 09:00,0.2
Z03,2026-10-03 10:00,0.6
Z03,2026-10-03 11:00,0.2
Z03,2026-10-03 12:00,0.1
Z03,2026-10-03 13:00,0.1
Z03,2026-10-03 14:00,0.0
Z03,2026-10-03 15:00,0.0
Z03,2026-10-03 16:00,0.0
Z03,2026-10-03 17:00,0.0
Z03,2026-10-03 18:00,0.0
Z03,2026-10-03 19:00,0.0
Z03,2026-10-03 20:00,0.0
Z03,2026-10-03 21:00,0.0
Z03,2026-10-03 22:00,0.0
Z03,2026-10-03 23:00,0.0
Z03,2026-10-04 00:00,0.0
Z03,2026-10-04 01:00,0.0
Z03,2026-10-04 02:00,0.0
Z03,2026-10-04 03:00,0.0
Z03,2026-10-04 04:00,0.0
Z03,2026-10-04 05:00,0.0
Z03,2026-10-04 06:00,0.0
Z03,2026-10-04 07:00,0.0
Z03,2026-10-04 08:00,0.0
Z03,2026-10-04 09:00,0.0
Z03,2026-10-04 10:00,0.1
Z03,2026-10-04 11:00,0.8
Z03,2026-10-04 12:00,0.0
Z03,2026-10-04 13:00,0.0
Z03,2026-10-04 14:00,0.0
Z03,2026-10-04 15:00,0.0
Z03,2026-10-04 16:00,0.9
Z03,2026-10-04 17:00,1.2
Z03,2026-10-04 18:00,0.0
Z03,2026-10-04 19:00,0.0
Z03,2026-10-04 20:00,0.0
Z03,2026-10-04 21:00,0.0
Z03,2026-10-04 22:00,0.0
Z03,2026-10-04 23:00,0.0
Z04,2026-10-01 00:00,0.0
Z04,2026-10-01 01:00,0.0
Z04,2026-10-01 02:00,0.0
Z04,2026-10-01 03:00,0.0
Z04,2026-10-01 04:00,0.0
Z04,2026-10-01 05:00,0.0
Z04,2026-10-01 06:00,0.0
Z04,2026-10-01 07:00,0.1
Z04,2026-10-01 08:00,0.1
Z04,2026-10-01 09:00,0.2
Z04,2026-10-01 10:00,0.2
Z04,2026-10-01 11:00,0.1
Z04,2026-10-01 12:00,0.1
Z04,2026-10-01 13:00,0.2
Z04,2026-10-01 14:00,0.0
Z04,2026-10-01 15:00,0.0
Z04,2026-10-01 16:00,0.0
Z04,2026-10-01 17:00,0.0
Z04,2026-10-01 18:00,0.0
Z04,2026-10-01 19:00,0.0
Z04,2026-10-01 20:00,0.0
Z04,2026-10-01 21:00,0.0
Z04,2026-10-01 22:00,0.0
Z04,2026-10-01 23:00,0.0
Z04,2026-10-02 00:00,0.0
Z04,2026-10-02 01:00,0.0
Z04,2026-10-02 02:00,0.0
Z04,2026-10-02 03:00,0.0
Z04,2026-10-02 04:00,0.0
Z04,2026-10-02 05:00,0.0
Z04,2026-10-02 06:00,0.0
Z04,2026-10-02 07:00,0.1
Z04,2026-10-02 08:00,0.0
Z04,2026-10-02 09:00,0.0
Z04,2026-10-02 10:00,0.0
Z04,2026-10-02 11:00,0.0
Z04,2026-10-02 12:00,0.0
Z04,2026-10-02 13:00,0.0
Z04,2026-10-02 14:00,0.0
Z04,2026-10-02 15:00,0.0
Z04,2026-10-02 16:00,0.0
Z04,2026-10-02 17:00,0.0
Z04,2026-10-02 18:00,0.0
Z04,2026-10-02 19:00,0.0
Z04,2026-10-02 20:00,0.0
Z04,2026-10-02 21:00,0.0
Z04,2026-10-02 22:00,0.0
Z04,2026-10-02 23:00,0.0
Z04,2026-10-03 00:00,0.0
Z04,2026-10-03 01:00,0.0
Z04,2026-10-03 02:00,0.0
Z04,2026-10-03 03:00,0.0
Z04,2026-10-03 04:00,0.0
Z04,2026-10-03 05:00,0.0
Z04,2026-10-03 06:00,0.0
Z04,2026-10-03 07:00,0.2
Z04,2026-10-03 08:00,0.5
Z04,2026-10-03 09:00,0.5
Z04,2026-10-03 10:00,0.3
Z04,2026-10-03 11:00,0.0
Z04,2026-10-03 12:00,0.0
Z04,2026-10-03 13:00,0.1
Z04,2026-10-03 14:00,0.1
Z04,2026-10-03 15:00,0.4
Z04,2026-10-03 16:00,0.1
Z04,2026-10-03 17:00,0.0
Z04,2026-10-03 18:00,0.1
Z04,2026-10-03 19:00,0.0
Z04,2026-10-03 20:00,0.1
Z04,2026-10-03 21:00,0.0
Z04,2026-10-03 22:00,0.1
Z04,2026-10-03 23:00,0.0
Z04,2026-10-04 00:00,0.0
Z04,2026-10-04 01:00,0.0
Z04,2026-10-04 02:00,0.2
Z04,2026-10-04 03:00,0.1
Z04,2026-10-04 04:00,0.1
Z04,2026-10-04 05:00,0.3
Z04,2026-10-04 06:00,0.1
Z04,2026-10-04 07:00,0.2
Z04,2026-10-04 08:00,0.1
Z04,2026-10-04 09:00,0.0
Z04,2026-10-04 10:00,0.0
Z04,2026-10-04 11:00,0.0
Z04,2026-10-04 12:00,0.0
Z04,2026-10-04 13:00,0.0
Z04,2026-10-04 14:00,0.0
Z04,2026-10-04 15:00,0.1
Z04,2026-10-04 16:00,0.1
Z04,2026-10-04 17:00,0.0
Z04,2026-10-04 18:00,0.0
Z04,2026-10-04 19:00,0.0
Z04,2026-10-04 20:00,0.4
Z04,2026-10-04 21:00,0.3
Z04,2026-10-04 22:00,0.2
Z04,2026-10-04 23:00,0.2
Z05,2026-10-01 00:00,0.0
Z05,2026-10-01 01:00,0.0
Z05,2026-10-01 02:00,0.0
Z05,2026-10-01 03:00,0.0
Z05,2026-10-01 04:00,0.1
Z05,2026-10-01 05:00,0.2
Z05,2026-10-01 06:00,0.2
Z05,2026-10-01 07:00,0.6
Z05,2026-10-01 08:00,0.3
Z05,2026-10-01 09:00,0.4
Z05,2026-10-01 10:00,0.4
Z05,2026-10-01 11:00,0.8
Z05,2026-10-01 12:00,0.9
Z05,2026-10-01 13:00,0.0
Z05,2026-10-01 14:00,0.1
Z05,2026-10-01 15:00,0.1
Z05,2026-10-01 16:00,0.5
Z05,2026-10-01 17:00,0.0
Z05,2026-10-01 18:00,0.0
Z05,2026-10-01 19:00,0.0
Z05,2026-10-01 20:00,0.0
Z05,2026-10-01 21:00,0.1
Z05,2026-10-01 22:00,0.1
Z05,2026-10-01 23:00,0.1
Z05,2026-10-02 00:00,0.0
Z05,2026-10-02 01:00,0.0
Z05,2026-10-02 02:00,0.1
Z05,2026-10-02 03:00,0.0
Z05,2026-10-02 04:00,0.0
Z05,2026-10-02 05:00,0.0
Z05,2026-10-02 06:00,0.0
Z05,2026-10-02 07:00,0.0
Z05,2026-10-02 08:00,0.0
Z05,2026-10-02 09:00,0.0
Z05,2026-10-02 10:00,0.0
Z05,2026-10-02 11:00,0.0
Z05,2026-10-02 12:00,0.0
Z05,2026-10-02 13:00,0.0
Z05,2026-10-02 14:00,0.0
Z05,2026-10-02 15:00,0.0
Z05,2026-10-02 16:00,0.0
Z05,2026-10-02 17:00,0.0
Z05,2026-10-02 18:00,0.0
Z05,2026-10-02 19:00,0.0
Z05,2026-10-02 20:00,0.0
Z05,2026-10-02 21:00,0.0
Z05,2026-10-02 22:00,0.0
Z05,2026-10-02 23:00,0.1
Z05,2026-10-03 00:00,0.0
Z05,2026-10-03 01:00,0.0
Z05,2026-10-03 02:00,0.0
Z05,2026-10-03 03:00,0.2
Z05,2026-10-03 04:00,0.1
Z05,2026-10-03 05:00,0.0
Z05,2026-10-03 06:00,0.1
Z05,2026-10-03 07:00,0.0
Z05,2026-10-03 08:00,0.0
Z05,2026-10-03 09:00,0.0
Z05,2026-10-03 10:00,0.0
Z05,2026-10-03 11:00,0.0
Z05,2026-10-03 12:00,0.0
Z05,2026-10-03 13:00,0.0
Z05,2026-10-03 14:00,0.2
Z05,2026-10-03 15:00,0.1
Z05,2026-10-03 16:00,0.0
Z05,2026-10-03 17:00,0.0
Z05,2026-10-03 18:00,0.0
Z05,2026-10-03 19:00,0.4
Z05,2026-10-03 20:00,0.5
Z05,2026-10-03 21:00,0.6
Z05,2026-10-03 22:00,0.7
Z05,2026-10-03 23:00,4.3
Z05,2026-10-04 00:00,7.4
Z05,2026-10-04 01:00,1.5
Z05,2026-10-04 02:00,0.3
Z05,2026-10-04 03:00,0.2
Z05,2026-10-04 04:00,0.2
Z05,2026-10-04 05:00,0.1
Z05,2026-10-04 06:00,0.0
Z05,2026-10-04 07:00,0.0
Z05,2026-10-04 08:00,0.1
Z05,2026-10-04 09:00,0.3
Z05,2026-10-04 10:00,0.3
Z05,2026-10-04 11:00,0.1
Z05,2026-10-04 12:00,0.0
Z05,2026-10-04 13:00,1.7
Z05,2026-10-04 14:00,1.7
Z05,2026-10-04 15:00,0.3
Z05,2026-10-04 16:00,0.4
Z05,2026-10-04 17:00,0.1
Z05,2026-10-04 18:00,0.1
Z05,2026-10-04 19:00,0.1
Z05,2026-10-04 20:00,0.0
Z05,2026-10-04 21:00,0.5
Z05,2026-10-04 22:00,0.3
Z05,2026-10-04 23:00,3.1
Z06,2026-10-01 00:00,0.1
Z06,2026-10-01 01:00,1.8
Z06,2026-10-01 02:00,1.5
Z06,2026-10-01 03:00,4.1
Z06,2026-10-01 04:00,1.0
Z06,2026-10-01 05:00,2.1
Z06,2026-10-01 06:00,1.3
Z06,2026-10-01 07:00,2.5
Z06,2026-10-01 08:00,3.3
Z06,2026-10-01 09:00,6.3
Z06,2026-10-01 10:00,1.3
Z06,2026-10-01 11:00,1.4
Z06,2026-10-01 12:00,1.0
Z06,2026-10-01 13:00,0.0
Z06,2026-10-01 14:00,0.0
Z06,2026-10-01 15:00,0.0
Z06,2026-10-01 16:00,0.0
Z06,2026-10-01 17:00,0.0
Z06,2026-10-01 18:00,0.2
Z06,2026-10-01 19:00,0.1
Z06,2026-10-01 20:00,0.0
Z06,2026-10-01 21:00,0.2
Z06,2026-10-01 22:00,0.0
Z06,2026-10-01 23:00,0.2
Z06,2026-10-02 00:00,0.0
Z06,2026-10-02 01:00,0.3
Z06,2026-10-02 02:00,0.1
Z06,2026-10-02 03:00,0.0
Z06,2026-10-02 04:00,0.0
Z06,2026-10-02 05:00,0.0
Z06,2026-10-02 06:00,0.0
Z06,2026-10-02 07:00,0.1
Z06,2026-10-02 08:00,0.0
Z06,2026-10-02 09:00,0.0
Z06,2026-10-02 10:00,0.0
Z06,2026-10-02 11:00,0.0
Z06,2026-10-02 12:00,0.0
Z06,2026-10-02 13:00,0.0
Z06,2026-10-02 14:00,0.0
Z06,2026-10-02 15:00,0.0
Z06,2026-10-02 16:00,0.0
Z06,2026-10-02 17:00,0.0
Z06,2026-10-02 18:00,0.0
Z06,2026-10-02 19:00,0.1
Z06,2026-10-02 20:00,0.0
Z06,2026-10-02 21:00,0.0
Z06,2026-10-02 22:00,0.0
Z06,2026-10-02 23:00,0.0
Z06,2026-10-03 00:00,0.1
Z06,2026-10-03 01:00,0.1
Z06,2026-10-03 02:00,0.5
Z06,2026-10-03 03:00,0.7
Z06,2026-10-03 04:00,0.1
Z06,2026-10-03 05:00,0.0
Z06,2026-10-03 06:00,0.1
Z06,2026-10-03 07:00,0.0
Z06,2026-10-03 08:00,0.0
Z06,2026-10-03 09:00,0.0
Z06,2026-10-03 10:00,0.0
Z06,2026-10-03 11:00,0.0
Z06,2026-10-03 12:00,0.0
Z06,2026-10-03 13:00,0.0
Z06,2026-10-03 14:00,0.0
Z06,2026-10-03 15:00,0.0
Z06,2026-10-03 16:00,0.0
Z06,2026-10-03 17:00,0.0
Z06,2026-10-03 18:00,0.0
Z06,2026-10-03 19:00,0.0
Z06,2026-10-03 20:00,0.0
Z06,2026-10-03 21:00,0.0
Z06,2026-10-03 22:00,0.0
Z06,2026-10-03 23:00,0.0
Z06,2026-10-04 00:00,0.0
Z06,2026-10-04 01:00,0.0
Z06,2026-10-04 02:00,0.0
Z06,2026-10-04 03:00,0.0
Z06,2026-10-04 04:00,0.0
Z06,2026-10-04 05:00,0.0
Z06,2026-10-04 06:00,0.0
Z06,2026-10-04 07:00,0.0
Z06,2026-10-04 08:00,0.0
Z06,2026-10-04 09:00,0.0
Z06,2026-10-04 10:00,0.0
Z06,2026-10-04 11:00,0.0
Z06,2026-10-04 12:00,0.0
Z06,2026-10-04 13:00,0.0
Z06,2026-10-04 14:00,0.0
Z06,2026-10-04 15:00,0.0
Z06,2026-10-04 16:00,0.0
Z06,2026-10-04 17:00,0.0
Z06,2026-10-04 18:00,0.0
Z06,2026-10-04 19:00,0.0
Z06,2026-10-04 20:00,0.0
Z06,2026-10-04 21:00,0.0
Z06,2026-10-04 22:00,0.0
Z06,2026-10-04 23:00,0.0
Z07,2026-10-01 00:00,0.0
Z07,2026-10-01 01:00,0.0
Z07,2026-10-01 02:00,0.0
Z07,2026-10-01 03:00,0.1
Z07,2026-10-01 04:00,0.3
Z07,2026-10-01 05:00,0.1
Z07,2026-10-01 06:00,0.1
Z07,2026-10-01 07:00,0.0
Z07,2026-10-01 08:00,0.1
Z07,2026-10-01 09:00,0.1
Z07,2026-10-01 10:00,0.0
Z07,2026-10-01 11:00,0.0
Z07,2026-10-01 12:00,0.0
Z07,2026-10-01 13:00,0.0
Z07,2026-10-01 14:00,0.0
Z07,2026-10-01 15:00,0.0
Z07,2026-10-01 16:00,0.0
Z07,2026-10-01 17:00,0.0
Z07,2026-10-01 18:00,0.0
Z07,2026-10-01 19:00,0.0
Z07,2026-10-01 20:00,0.0
Z07,2026-10-01 21:00,0.0
Z07,2026-10-01 22:00,0.0
Z07,2026-10-01 23:00,0.0
Z07,2026-10-02 00:00,0.0
Z07,2026-10-02 01:00,0.0
Z07,2026-10-02 02:00,0.0
Z07,2026-10-02 03:00,0.0
Z07,2026-10-02 04:00,0.0
Z07,2026-10-02 05:00,0.0
Z07,2026-10-02 06:00,0.0
Z07,2026-10-02 07:00,0.0
Z07,2026-10-02 08:00,0.0
Z07,2026-10-02 09:00,0.0
Z07,2026-10-02 10:00,0.0
Z07,2026-10-02 11:00,0.0
Z07,2026-10-02 12:00,0.0
Z07,2026-10-02 13:00,0.0
Z07,2026-10-02 14:00,0.0
Z07,2026-10-02 15:00,0.0
Z07,2026-10-02 16:00,0.0
Z07,2026-10-02 17:00,0.0
Z07,2026-10-02 18:00,0.0
Z07,2026-10-02 19:00,0.0
Z07,2026-10-02 20:00,0.0
Z07,2026-10-02 21:00,0.0
Z07,2026-10-02 22:00,0.0
Z07,2026-10-02 23:00,0.0
Z07,2026-10-03 00:00,0.0
Z07,2026-10-03 01:00,0.0
Z07,2026-10-03 02:00,0.0
Z07,2026-10-03 03:00,0.1
Z07,2026-10-03 04:00,0.2
Z07,2026-10-03 05:00,0.0
Z07,2026-10-03 06:00,0.0
Z07,2026-10-03 07:00,0.0
Z07,2026-10-03 08:00,0.0
Z07,2026-10-03 09:00,0.0
Z07,2026-10-03 10:00,0.0
Z07,2026-10-03 11:00,0.0
Z07,2026-10-03 12:00,0.0
Z07,2026-10-03 13:00,0.0
Z07,2026-10-03 14:00,0.0
Z07,2026-10-03 15:00,0.1
Z07,2026-10-03 16:00,0.1
Z07,2026-10-03 17:00,0.0
Z07,2026-10-03 18:00,0.0
Z07,2026-10-03 19:00,0.0
Z07,2026-10-03 20:00,0.5
Z07,2026-10-03 21:00,0.8
Z07,2026-10-03 22:00,0.1
Z07,2026-10-03 23:00,0.1
Z07,2026-10-04 00:00,0.2
Z07,2026-10-04 01:00,0.1
Z07,2026-10-04 02:00,0.2
Z07,2026-10-04 03:00,0.2
Z07,2026-10-04 04:00,0.3
Z07,2026-10-04 05:00,0.1
Z07,2026-10-04 06:00,0.0
Z07,2026-10-04 07:00,0.0
Z07,2026-10-04 08:00,0.0
Z07,2026-10-04 09:00,0.0
Z07,2026-10-04 10:00,0.8
Z07,2026-10-04 11:00,0.0
Z07,2026-10-04 12:00,0.0
Z07,2026-10-04 13:00,0.0
Z07,2026-10-04 14:00,0.0
Z07,2026-10-04 15:00,0.0
Z07,2026-10-04 16:00,0.0
Z07,2026-10-04 17:00,0.0
Z07,2026-10-04 18:00,0.0
Z07,2026-10-04 19:00,0.1
Z07,2026-10-04 20:00,1.2
Z07,2026-10-04 21:00,0.9
Z07,2026-10-04 22:00,0.7
Z07,2026-10-04 23:00,1.9
Z08,2026-10-01 00:00,0.0
Z08,2026-10-01 01:00,0.0
Z08,2026-10-01 02:00,0.0
Z08,2026-10-01 03:00,0.0
Z08,2026-10-01 04:00,0.0
Z08,2026-10-01 05:00,0.0
Z08,2026-10-01 06:00,0.0
Z08,2026-10-01 07:00,0.0
Z08,2026-10-01 08:00,0.0
Z08,2026-10-01 09:00,0.0
Z08,2026-10-01 10:00,0.0
Z08,2026-10-01 11:00,0.0
Z08,2026-10-01 12:00,0.0
Z08,2026-10-01 13:00,0.0
Z08,2026-10-01 14:00,0.0
Z08,2026-10-01 15:00,0.0
Z08,2026-10-01 16:00,0.0
Z08,2026-10-01 17:00,0.0
Z08,2026-10-01 18:00,0.0
Z08,2026-10-01 19:00,0.0
Z08,2026-10-01 20:00,0.0
Z08,2026-10-01 21:00,0.0
Z08,2026-10-01 22:00,0.0
Z08,2026-10-01 23:00,0.0
Z08,2026-10-02 00:00,0.0
Z08,2026-10-02 01:00,0.0
Z08,2026-10-02 02:00,0.0
Z08,2026-10-02 03:00,0.0
Z08,2026-10-02 04:00,0.0
Z08,2026-10-02 05:00,0.2
Z08,2026-10-02 06:00,0.2
Z08,2026-10-02 07:00,0.2
Z08,2026-10-02 08:00,0.3
Z08,2026-10-02 09:00,0.1
Z08,2026-10-02 10:00,0.1
Z08,2026-10-02 11:00,0.1
Z08,2026-10-02 12:00,0.1
Z08,2026-10-02 13:00,0.1
Z08,2026-10-02 14:00,0.2
Z08,2026-10-02 15:00,0.0
Z08,2026-10-02 16:00,0.0
Z08,2026-10-02 17:00,0.0
Z08,2026-10-02 18:00,0.0
Z08,2026-10-02 19:00,0.0
Z08,2026-10-02 20:00,0.0
Z08,2026-10-02 21:00,0.0
Z08,2026-10-02 22:00,0.0
Z08,2026-10-02 23:00,0.0
Z08,2026-10-03 00:00,0.0
Z08,2026-10-03 01:00,0.0
Z08,2026-10-03 02:00,0.0
Z08,2026-10-03 03:00,0.0
Z08,2026-10-03 04:00,0.0
Z08,2026-10-03 05:00,0.2
Z08,2026-10-03 06:00,0.2
Z08,2026-10-03 07:00,0.3
Z08,2026-10-03 08:00,0.3
Z08,2026-10-03 09:00,0.9
Z08,2026-10-03 10:00,0.2
Z08,2026-10-03 11:00,0.1
Z08,2026-10-03 12:00,0.2
Z08,2026-10-03 13:00,0.1
Z08,2026-10-03 14:00,0.0
Z08,2026-10-03 15:00,0.0
Z08,2026-10-03 16:00,0.0
Z08,2026-10-03 17:00,0.0
Z08,2026-10-03 18:00,0.0
Z08,2026-10-03 19:00,0.6
Z08,2026-10-03 20:00,1.0
Z08,2026-10-03 21:00,0.2
Z08,2026-10-03 22:00,0.6
Z08,2026-10-03 23:00,0.5
Z08,2026-10-04 00:00,0.0
Z08,2026-10-04 01:00,0.1
Z08,2026-10-04 02:00,0.4
Z08,2026-10-04 03:00,0.2
Z08,2026-10-04 04:00,0.1
Z08,2026-10-04 05:00,0.2
Z08,2026-10-04 06:00,0.2
Z08,2026-10-04 07:00,0.2
Z08,2026-10-04 08:00,0.6
Z08,2026-10-04 09:00,0.4
Z08,2026-10-04 10:00,0.2
Z08,2026-10-04 11:00,0.2
Z08,2026-10-04 12:00,0.1
Z08,2026-10-04 13:00,0.1
Z08,2026-10-04 14:00,0.1
Z08,2026-10-04 15:00,0.0
Z08,2026-10-04 16:00,0.0
Z08,2026-10-04 17:00,0.0
Z08,2026-10-04 18:00,0.0
Z08,2026-10-04 19:00,0.0
Z08,2026-10-04 20:00,0.0
Z08,2026-10-04 21:00,0.0
Z08,2026-10-04 22:00,0.0
Z08,2026-10-04 23:00,0.0
Z09,2026-10-01 00:00,0.1
Z09,2026-10-01 01:00,0.5
Z09,2026-10-01 02:00,0.7
Z09,2026-10-01 03:00,0.2
Z09,2026-10-01 04:00,0.5
Z09,2026-10-01 05:00,0.2
Z09,2026-10-01 06:00,1.1
Z09,2026-10-01 07:00,0.5
Z09,2026-10-01 08:00,0.2
Z09,2026-10-01 09:00,0.9
Z09,2026-10-01 10:00,0.4
Z09,2026-10-01 11:00,0.1
Z09,2026-10-01 12:00,0.0
Z09,2026-10-01 13:00,0.0
Z09,2026-10-01 14:00,0.0
Z09,2026-10-01 15:00,0.0
Z09,2026-10-01 16:00,0.0
Z09,2026-10-01 17:00,0.0
Z09,2026-10-01 18:00,0.0
Z09,2026-10-01 19:00,0.0
Z09,2026-10-01 20:00,0.0
Z09,2026-10-01 21:00,0.0
Z09,2026-10-01 22:00,0.0
Z09,2026-10-01 23:00,0.0
Z09,2026-10-02 00:00,0.0
Z09,2026-10-02 01:00,0.0
Z09,2026-10-02 02:00,0.1
Z09,2026-10-02 03:00,0.2
Z09,2026-10-02 04:00,0.3
Z09,2026-10-02 05:00,0.7
Z09,2026-10-02 06:00,0.3
Z09,2026-10-02 07:00,0.9
Z09,2026-10-02 08:00,0.3
Z09,2026-10-02 09:00,0.2
Z09,2026-10-02 10:00,0.2
Z09,2026-10-02 11:00,0.1
Z09,2026-10-02 12:00,0.0
Z09,2026-10-02 13:00,0.0
Z09,2026-10-02 14:00,0.0
Z09,2026-10-02 15:00,0.0
Z09,2026-10-02 16:00,0.0
Z09,2026-10-02 17:00,0.0
Z09,2026-10-02 18:00,0.0
Z09,2026-10-02 19:00,0.1
Z09,2026-10-02 20:00,0.0
Z09,2026-10-02 21:00,0.0
Z09,2026-10-02 22:00,0.0
Z09,2026-10-02 23:00,0.0
Z09,2026-10-03 00:00,0.4
Z09,2026-10-03 01:00,0.1
Z09,2026-10-03 02:00,0.0
Z09,2026-10-03 03:00,0.1
Z09,2026-10-03 04:00,0.3
Z09,2026-10-03 05:00,0.4
Z09,2026-10-03 06:00,0.5
Z09,2026-10-03 07:00,0.8
Z09,2026-10-03 08:00,0.1
Z09,2026-10-03 09:00,0.1
Z09,2026-10-03 10:00,0.3
Z09,2026-10-03 11:00,0.2
Z09,2026-10-03 12:00,0.0
Z09,2026-10-03 13:00,0.0
Z09,2026-10-03 14:00,0.0
Z09,2026-10-03 15:00,0.0
Z09,2026-10-03 16:00,0.0
Z09,2026-10-03 17:00,0.0
Z09,2026-10-03 18:00,0.0
Z09,2026-10-03 19:00,0.0
Z09,2026-10-03 20:00,0.0
Z09,2026-10-03 21:00,0.0
Z09,2026-10-03 22:00,0.0
Z09,2026-10-03 23:00,0.0
Z09,2026-10-04 00:00,0.0
Z09,2026-10-04 01:00,0.0
Z09,2026-10-04 02:00,0.0
Z09,2026-10-04 03:00,0.0
Z09,2026-10-04 04:00,0.1
Z09,2026-10-04 05:00,0.1
Z09,2026-10-04 06:00,0.1
Z09,2026-10-04 07:00,0.3
Z09,2026-10-04 08:00,0.2
Z09,2026-10-04 09:00,0.2
Z09,2026-10-04 10:00,0.2
Z09,2026-10-04 11:00,0.0
Z09,2026-10-04 12:00,0.0
Z09,2026-10-04 13:00,0.0
Z09,2026-10-04 14:00,0.0
Z09,2026-10-04 15:00,0.0
Z09,2026-10-04 16:00,0.0
Z09,2026-10-04 17:00,0.0
Z09,2026-10-04 18:00,0.0
Z09,2026-10-04 19:00,0.0
Z09,2026-10-04 20:00,0.0
Z09,2026-10-04 21:00,0.0
Z09,2026-10-04 22:00,0.0
Z09,2026-10-04 23:00,0.0
Z10,2026-10-01 00:00,1.7
Z10,2026-10-01 01:00,1.6
Z10,2026-10-01 02:00,0.8
Z10,2026-10-01 03:00,1.5
Z10,2026-10-01 04:00,0.7
Z10,2026-10-01 05:00,0.4
Z10,2026-10-01 06:00,0.6
Z10,2026-10-01 07:00,0.4
Z10,2026-10-01 08:00,2.8
Z10,2026-10-01 09:00,0.9
Z10,2026-10-01 10:00,0.6
Z10,2026-10-01 11:00,0.2
Z10,2026-10-01 12:00,0.0
Z10,2026-10-01 13:00,0.0
Z10,2026-10-01 14:00,0.1
Z10,2026-10-01 15:00,0.2
Z10,2026-10-01 16:00,0.2
Z10,2026-10-01 17:00,0.7
Z10,2026-10-01 18:00,0.6
Z10,2026-10-01 19:00,2.8
Z10,2026-10-01 20:00,0.4
Z10,2026-10-01 21:00,0.0
Z10,2026-10-01 22:00,0.0
Z10,2026-10-01 23:00,0.0
Z10,2026-10-02 00:00,0.0
Z10,2026-10-02 01:00,0.0
Z10,2026-10-02 02:00,0.0
Z10,2026-10-02 03:00,0.0
Z10,2026-10-02 04:00,0.0
Z10,2026-10-02 05:00,0.2
Z10,2026-10-02 06:00,0.3
Z10,2026-10-02 07:00,0.3
Z10,2026-10-02 08:00,0.2
Z10,2026-10-02 09:00,0.1
Z10,2026-10-02 10:00,0.0
Z10,2026-10-02 11:00,0.0
Z10,2026-10-02 12:00,0.0
Z10,2026-10-02 13:00,0.0
Z10,2026-10-02 14:00,0.0
Z10,2026-10-02 15:00,0.0
Z10,2026-10-02 16:00,0.0
Z10,2026-10-02 17:00,0.6
Z10,2026-10-02 18:00,0.8
Z10,2026-10-02 19:00,3.4
Z10,2026-10-02 20:00,5.5
Z10,2026-10-02 21:00,0.3
Z10,2026-10-02 22:00,0.1
Z10,2026-10-02 23:00,0.0
Z10,2026-10-03 00:00,0.0
Z10,2026-10-03 01:00,0.0
Z10,2026-10-03 02:00,0.0
Z10,2026-10-03 03:00,0.0
Z10,2026-10-03 04:00,0.2
Z10,2026-10-03 05:00,0.3
Z10,2026-10-03 06:00,0.1
Z10,2026-10-03 07:00,0.2
Z10,2026-10-03 08:00,0.1
Z10,2026-10-03 09:00,0.2
Z10,2026-10-03 10:00,0.0
Z10,2026-10-03 11:00,0.0
Z10,2026-10-03 12:00,0.0
Z10,2026-10-03 13:00,0.0
Z10,2026-10-03 14:00,0.0
Z10,2026-10-03 15:00,0.0
Z10,2026-10-03 16:00,0.0
Z10,2026-10-03 17:00,0.0
Z10,2026-10-03 18:00,0.0
Z10,2026-10-03 19:00,0.0
Z10,2026-10-03 20:00,0.1
Z10,2026-10-03 21:00,0.0
Z10,2026-10-03 22:00,0.0
Z10,2026-10-03 23:00,0.0
Z10,2026-10-04 00:00,0.0
Z10,2026-10-04 01:00,0.0
Z10,2026-10-04 02:00,0.0
Z10,2026-10-04 03:00,0.1
Z10,2026-10-04 04:00,0.1
Z10,2026-10-04 05:00,0.1
Z10,2026-10-04 06:00,0.0
Z10,2026-10-04 07:00,0.0
Z10,2026-10-04 08:00,0.0
Z10,2026-10-04 09:00,0.0
Z10,2026-10-04 10:00,0.3
Z10,2026-10-04 11:00,0.2
Z10,2026-10-04 12:00,0.0
Z10,2026-10-04 13:00,0.0
Z10,2026-10-04 14:00,0.0
Z10,2026-10-04 15:00,0.0
Z10,2026-10-04 16:00,0.0
Z10,2026-10-04 17:00,0.0
Z10,2026-10-04 18:00,0.0
Z10,2026-10-04 19:00,0.0
Z10,2026-10-04 20:00,0.0
Z10,2026-10-04 21:00,0.0
Z10,2026-10-04 22:00,0.0
Z10,2026-10-04 23:00,0.0
Z11,2026-10-01 00:00,0.0
Z11,2026-10-01 01:00,0.1
Z11,2026-10-01 02:00,0.3
Z11,2026-10-01 03:00,0.1
Z11,2026-10-01 04:00,0.1
Z11,2026-10-01 05:00,0.2
Z11,2026-10-01 06:00,3.7
Z11,2026-10-01 07:00,5.1
Z11,2026-10-01 08:00,1.9
Z11,2026-10-01 09:00,0.3
Z11,2026-10-01 10:00,0.5
Z11,2026-10-01 11:00,1.3
Z11,2026-10-01 12:00,0.2
Z11,2026-10-01 13:00,0.0
Z11,2026-10-01 14:00,0.0
Z11,2026-10-01 15:00,0.0
Z11,2026-10-01 16:00,0.0
Z11,2026-10-01 17:00,0.0
Z11,2026-10-01 18:00,0.0
Z11,2026-10-01 19:00,0.0
Z11,2026-10-01 20:00,0.0
Z11,2026-10-01 21:00,0.0
Z11,2026-10-01 22:00,0.0
Z11,2026-10-01 23:00,0.0
Z11,2026-10-02 00:00,0.0
Z11,2026-10-02 01:00,0.0
Z11,2026-10-02 02:00,0.0
Z11,2026-10-02 03:00,0.0
Z11,2026-10-02 04:00,0.0
Z11,2026-10-02 05:00,0.1
Z11,2026-10-02 06:00,0.1
Z11,2026-10-02 07:00,0.2
Z11,2026-10-02 08:00,0.2
Z11,2026-10-02 09:00,0.0
Z11,2026-10-02 10:00,0.0
Z11,2026-10-02 11:00,0.0
Z11,2026-10-02 12:00,0.0
Z11,2026-10-02 13:00,0.0
Z11,2026-10-02 14:00,0.0
Z11,2026-10-02 15:00,0.0
Z11,2026-10-02 16:00,0.0
Z11,2026-10-02 17:00,0.0
Z11,2026-10-02 18:00,0.0
Z11,2026-10-02 19:00,0.0
Z11,2026-10-02 20:00,0.0
Z11,2026-10-02 21:00,0.0
Z11,2026-10-02 22:00,0.0
Z11,2026-10-02 23:00,0.0
Z11,2026-10-03 00:00,0.0
Z11,2026-10-03 01:00,0.0
Z11,2026-10-03 02:00,0.0
Z11,2026-10-03 03:00,0.0
Z11,2026-10-03 04:00,0.0
Z11,2026-10-03 05:00,0.0
Z11,2026-10-03 06:00,0.0
Z11,2026-10-03 07:00,0.0
Z11,2026-10-03 08:00,0.0
Z11,2026-10-03 09:00,0.0
Z11,2026-10-03 10:00,0.0
Z11,2026-10-03 11:00,0.0
Z11,2026-10-03 12:00,0.0
Z11,2026-10-03 13:00,0.0
Z11,2026-10-03 14:00,0.0
Z11,2026-10-03 15:00,0.0
Z11,2026-10-03 16:00,0.0
Z11,2026-10-03 17:00,0.0
Z11,2026-10-03 18:00,0.0
Z11,2026-10-03 19:00,0.0
Z11,2026-10-03 20:00,0.0
Z11,2026-10-03 21:00,0.0
Z11,2026-10-03 22:00,0.0
Z11,2026-10-03 23:00,0.0
Z11,2026-10-04 00:00,0.0
Z11,2026-10-04 01:00,0.0
Z11,2026-10-04 02:00,0.0
Z11,2026-10-04 03:00,0.2
Z11,2026-10-04 04:00,0.6
Z11,2026-10-04 05:00,0.6
Z11,2026-10-04 06:00,0.5
Z11,2026-10-04 07:00,1.2
Z11,2026-10-04 08:00,1.2
Z11,2026-10-04 09:00,0.4
Z11,2026-10-04 10:00,0.1
Z11,2026-10-04 11:00,0.0
Z11,2026-10-04 12:00,0.0
Z11,2026-10-04 13:00,0.0
Z11,2026-10-04 14:00,0.0
Z11,2026-10-04 15:00,0.0
Z11,2026-10-04 16:00,0.0
Z11,2026-10-04 17:00,0.0
Z11,2026-10-04 18:00,0.0
Z11,2026-10-04 19:00,0.0
Z11,2026-10-04 20:00,0.0
Z11,2026-10-04 21:00,0.0
Z11,2026-10-04 22:00,0.0
Z11,2026-10-04 23:00,0.0
Z12,2026-10-01 00:00,0.5
Z12,2026-10-01 01:00,0.2
Z12,2026-10-01 02:00,0.8
Z12,2026-10-01 03:00,0.6
Z12,2026-10-01 04:00,0.2
Z12,2026-10-01 05:00,0.1
Z12,2026-10-01 06:00,0.0
Z12,2026-10-01 07:00,0.1
Z12,2026-10-01 08:00,0.0
Z12,2026-10-01 09:00,0.1
Z12,2026-10-01 10:00,0.0
Z12,2026-10-01 11:00,0.0
Z12,2026-10-01 12:00,0.0
Z12,2026-10-01 13:00,0.0
Z12,2026-10-01 14:00,0.0
Z12,2026-10-01 15:00,0.0
Z12,2026-10-01 16:00,0.0
Z12,2026-10-01 17:00,0.0
Z12,2026-10-01 18:00,0.0
Z12,2026-10-01 19:00,0.0
Z12,2026-10-01 20:00,0.0
Z12,2026-10-01 21:00,0.0
Z12,2026-10-01 22:00,0.0
Z12,2026-10-01 23:00,0.0
Z12,2026-10-02 00:00,0.0
Z12,2026-10-02 01:00,0.0
Z12,2026-10-02 02:00,0.0
Z12,2026-10-02 03:00,0.0
Z12,2026-10-02 04:00,0.0
Z12,2026-10-02 05:00,0.0
Z12,2026-10-02 06:00,0.1
Z12,2026-10-02 07:00,0.1
Z12,2026-10-02 08:00,0.1
Z12,2026-10-02 09:00,0.4
Z12,2026-10-02 10:00,0.2
Z12,2026-10-02 11:00,0.0
Z12,2026-10-02 12:00,0.0
Z12,2026-10-02 13:00,0.0
Z12,2026-10-02 14:00,0.0
Z12,2026-10-02 15:00,0.0
Z12,2026-10-02 16:00,0.0
Z12,2026-10-02 17:00,0.0
Z12,2026-10-02 18:00,0.0
Z12,2026-10-02 19:00,0.0
Z12,2026-10-02 20:00,0.1
Z12,2026-10-02 21:00,0.2
Z12,2026-10-02 22:00,0.0
Z12,2026-10-02 23:00,0.0
Z12,2026-10-03 00:00,0.0
Z12,2026-10-03 01:00,0.1
Z12,2026-10-03 02:00,0.1
Z12,2026-10-03 03:00,0.3
Z12,2026-10-03 04:00,0.3
Z12,2026-10-03 05:00,0.3
Z12,2026-10-03 06:00,0.5
Z12,2026-10-03 07:00,0.1
Z12,2026-10-03 08:00,0.1
Z12,2026-10-03 09:00,0.1
Z12,2026-10-03 10:00,0.1
Z12,2026-10-03 11:00,0.1
Z12,2026-10-03 12:00,0.0
Z12,2026-10-03 13:00,0.0
Z12,2026-10-03 14:00,0.0
Z12,2026-10-03 15:00,0.0
Z12,2026-10-03 16:00,0.0
Z12,2026-10-03 17:00,0.0
Z12,2026-10-03 18:00,0.0
Z12,2026-10-03 19:00,0.0
Z12,2026-10-03 20:00,0.0
Z12,2026-10-03 21:00,0.0
Z12,2026-10-03 22:00,0.0
Z12,2026-10-03 23:00,0.0
Z12,2026-10-04 00:00,0.0
Z12,2026-10-04 01:00,0.0
Z12,2026-10-04 02:00,0.0
Z12,2026-10-04 03:00,0.0
Z12,2026-10-04 04:00,0.3
Z12,2026-10-04 05:00,0.7
Z12,2026-10-04 06:00,1.0
Z12,2026-10-04 07:00,1.0
Z12,2026-10-04 08:00,1.4
Z12,2026-10-04 09:00,1.7
Z12,2026-10-04 10:00,1.1
Z12,2026-10-04 11:00,0.3
Z12,2026-10-04 12:00,0.0
Z12,2026-10-04 13:00,0.0
Z12,2026-10-04 14:00,0.0
Z12,2026-10-04 15:00,0.0
Z12,2026-10-04 16:00,0.0
Z12,2026-10-04 17:00,0.0
Z12,2026-10-04 18:00,0.0
Z12,2026-10-04 19:00,0.0
Z12,2026-10-04 20:00,0.0
Z12,2026-10-04 21:00,0.0
Z12,2026-10-04 22:00,0.0
Z12,2026-10-04 23:00,0.0
Z13,2026-10-01 00:00,0.1
Z13,2026-10-01 01:00,0.4
Z13,2026-10-01 02:00,0.2
Z13,2026-10-01 03:00,1.1
Z13,2026-10-01 04:00,1.6
Z13,2026-10-01 05:00,1.9
Z13,2026-10-01 06:00,3.8
Z13,2026-10-01 07:00,0.6
Z13,2026-10-01 08:00,0.2
Z13,2026-10-01 09:00,0.7
Z13,2026-10-01 10:00,0.9
Z13,2026-10-01 11:00,0.4
Z13,2026-10-01 12:00,0.2
Z13,2026-10-01 13:00,0.0
Z13,2026-10-01 14:00,0.0
Z13,2026-10-01 15:00,0.0
Z13,2026-10-01 16:00,0.0
Z13,2026-10-01 17:00,0.3
Z13,2026-10-01 18:00,0.4
Z13,2026-10-01 19:00,0.8
Z13,2026-10-01 20:00,0.6
Z13,2026-10-01 21:00,0.6
Z13,2026-10-01 22:00,0.7
Z13,2026-10-01 23:00,0.4
Z13,2026-10-02 00:00,0.2
Z13,2026-10-02 01:00,0.1
Z13,2026-10-02 02:00,0.2
Z13,2026-10-02 03:00,0.3
Z13,2026-10-02 04:00,0.1
Z13,2026-10-02 05:00,0.2
Z13,2026-10-02 06:00,0.2
Z13,2026-10-02 07:00,0.2
Z13,2026-10-02 08:00,0.1
Z13,2026-10-02 09:00,0.1
Z13,2026-10-02 10:00,0.0
Z13,2026-10-02 11:00,0.0
Z13,2026-10-02 12:00,0.0
Z13,2026-10-02 13:00,0.0
Z13,2026-10-02 14:00,0.0
Z13,2026-10-02 15:00,0.0
Z13,2026-10-02 16:00,0.0
Z13,2026-10-02 17:00,0.0
Z13,2026-10-02 18:00,0.0
Z13,2026-10-02 19:00,0.0
Z13,2026-10-02 20:00,0.0
Z13,2026-10-02 21:00,0.0
Z13,2026-10-02 22:00,0.0
Z13,2026-10-02 23:00,0.0
Z13,2026-10-03 00:00,0.0
Z13,2026-10-03 01:00,0.0
Z13,2026-10-03 02:00,0.1
Z13,2026-10-03 03:00,0.1
Z13,2026-10-03 04:00,0.0
Z13,2026-10-03 05:00,0.1
Z13,2026-10-03 06:00,0.1
Z13,2026-10-03 07:00,0.4
Z13,2026-10-03 08:00,0.3
Z13,2026-10-03 09:00,0.5
Z13,2026-10-03 10:00,0.4
Z13,2026-10-03 11:00,0.1
Z13,2026-10-03 12:00,0.0
Z13,2026-10-03 13:00,0.0
Z13,2026-10-03 14:00,0.0
Z13,2026-10-03 15:00,0.0
Z13,2026-10-03 16:00,0.0
Z13,2026-10-03 17:00,0.0
Z13,2026-10-03 18:00,0.0
Z13,2026-10-03 19:00,0.0
Z13,2026-10-03 20:00,0.0
Z13,2026-10-03 21:00,0.0
Z13,2026-10-03 22:00,0.0
Z13,2026-10-03 23:00,0.0
Z13,2026-10-04 00:00,0.0
Z13,2026-10-04 01:00,0.0
Z13,2026-10-04 02:00,0.0
Z13,2026-10-04 03:00,0.0
Z13,2026-10-04 04:00,0.0
Z13,2026-10-04 05:00,0.2
Z13,2026-10-04 06:00,0.5
Z13,2026-10-04 07:00,0.4
Z13,2026-10-04 08:00,0.5
Z13,2026-10-04 09:00,0.4
Z13,2026-10-04 10:00,0.0
Z13,2026-10-04 11:00,0.0
Z13,2026-10-04 12:00,0.0
Z13,2026-10-04 13:00,0.0
Z13,2026-10-04 14:00,0.0
Z13,2026-10-04 15:00,0.0
Z13,2026-10-04 16:00,0.0
Z13,2026-10-04 17:00,0.0
Z13,2026-10-04 18:00,0.0
Z13,2026-10-04 19:00,0.0
Z13,2026-10-04 20:00,0.0
Z13,2026-10-04 21:00,0.0
Z13,2026-10-04 22:00,0.0
Z13,2026-10-04 23:00,0.0
Z14,2026-10-01 00:00,0.0
Z14,2026-10-01 01:00,0.0
Z14,2026-10-01 02:00,0.1
Z14,2026-10-01 03:00,0.2
Z14,2026-10-01 04:00,0.2
Z14,2026-10-01 05:00,0.1
Z14,2026-10-01 06:00,0.0
Z14,2026-10-01 07:00,0.3
Z14,2026-10-01 08:00,0.0
Z14,2026-10-01 09:00,0.7
Z14,2026-10-01 10:00,1.2
Z14,2026-10-01 11:00,0.3
Z14,2026-10-01 12:00,0.1
Z14,2026-10-01 13:00,1.0
Z14,2026-10-01 14:00,0.1
Z14,2026-10-01 15:00,0.0
Z14,2026-10-01 16:00,0.0
Z14,2026-10-01 17:00,0.0
Z14,2026-10-01 18:00,0.0
Z14,2026-10-01 19:00,0.0
Z14,2026-10-01 20:00,0.0
Z14,2026-10-01 21:00,0.0
Z14,2026-10-01 22:00,0.0
Z14,2026-10-01 23:00,0.0
Z14,2026-10-02 00:00,0.0
Z14,2026-10-02 01:00,0.0
Z14,2026-10-02 02:00,0.0
Z14,2026-10-02 03:00,0.0
Z14,2026-10-02 04:00,0.1
Z14,2026-10-02 05:00,0.1
Z14,2026-10-02 06:00,0.2
Z14,2026-10-02 07:00,0.3
Z14,2026-10-02 08:00,0.1
Z14,2026-10-02 09:00,1.2
Z14,2026-10-02 10:00,1.4
Z14,2026-10-02 11:00,1.9
Z14,2026-10-02 12:00,0.4
Z14,2026-10-02 13:00,0.1
Z14,2026-10-02 14:00,0.0
Z14,2026-10-02 15:00,0.0
Z14,2026-10-02 16:00,0.0
Z14,2026-10-02 17:00,0.0
Z14,2026-10-02 18:00,0.0
Z14,2026-10-02 19:00,0.0
Z14,2026-10-02 20:00,0.0
Z14,2026-10-02 21:00,0.0
Z14,2026-10-02 22:00,0.0
Z14,2026-10-02 23:00,0.0
Z14,2026-10-03 00:00,0.0
Z14,2026-10-03 01:00,0.0
Z14,2026-10-03 02:00,0.0
Z14,2026-10-03 03:00,0.0
Z14,2026-10-03 04:00,0.0
Z14,2026-10-03 05:00,0.0
Z14,2026-10-03 06:00,0.0
Z14,2026-10-03 07:00,0.0
Z14,2026-10-03 08:00,0.1
Z14,2026-10-03 09:00,0.1
Z14,2026-10-03 10:00,0.1
Z14,2026-10-03 11:00,0.0
Z14,2026-10-03 12:00,0.0
Z14,2026-10-03 13:00,0.0
Z14,2026-10-03 14:00,0.0
Z14,2026-10-03 15:00,0.0
Z14,2026-10-03 16:00,0.0
Z14,2026-10-03 17:00,0.0
Z14,2026-10-03 18:00,0.0
Z14,2026-10-03 19:00,0.0
Z14,2026-10-03 20:00,0.0
Z14,2026-10-03 21:00,0.0
Z14,2026-10-03 22:00,0.0
Z14,2026-10-03 23:00,0.0
Z14,2026-10-04 00:00,0.0
Z14,2026-10-04 01:00,0.0
Z14,2026-10-04 02:00,0.0
Z14,2026-10-04 03:00,0.0
Z14,2026-10-04 04:00,0.0
Z14,2026-10-04 05:00,0.3
Z14,2026-10-04 06:00,1.2
Z14,2026-10-04 07:00,1.3
Z14,2026-10-04 08:00,0.3
Z14,2026-10-04 09:00,0.3
Z14,2026-10-04 10:00,0.2
Z14,2026-10-04 11:00,0.2
Z14,2026-10-04 12:00,0.1
Z14,2026-10-04 13:00,0.0
Z14,2026-10-04 14:00,0.0
Z14,2026-10-04 15:00,0.0
Z14,2026-10-04 16:00,0.0
Z14,2026-10-04 17:00,0.0
Z14,2026-10-04 18:00,0.0
Z14,2026-10-04 19:00,0.0
Z14,2026-10-04 20:00,0.0
Z14,2026-10-04 21:00,0.0
Z14,2026-10-04 22:00,0.0
Z14,2026-10-04 23:00,0.0
Z15,2026-10-01 00:00,5.2
Z15,2026-10-01 01:00,2.7
Z15,2026-10-01 02:00,1.6
Z15,2026-10-01 03:00,1.1
Z15,2026-10-01 04:00,1.3
Z15,2026-10-01 05:00,2.2
Z15,2026-10-01 06:00,1.6
Z15,2026-10-01 07:00,1.7
Z15,2026-10-01 08:00,0.8
Z15,2026-10-01 09:00,0.6
Z15,2026-10-01 10:00,0.1
Z15,2026-10-01 11:00,0.0
Z15,2026-10-01 12:00,0.0
Z15,2026-10-01 13:00,0.0
Z15,2026-10-01 14:00,0.0
Z15,2026-10-01 15:00,0.0
Z15,2026-10-01 16:00,0.0
Z15,2026-10-01 17:00,0.0
Z15,2026-10-01 18:00,0.0
Z15,2026-10-01 19:00,0.0
Z15,2026-10-01 20:00,0.0
Z15,2026-10-01 21:00,0.0
Z15,2026-10-01 22:00,0.0
Z15,2026-10-01 23:00,0.0
Z15,2026-10-02 00:00,0.0
Z15,2026-10-02 01:00,0.0
Z15,2026-10-02 02:00,0.0
Z15,2026-10-02 03:00,0.1
Z15,2026-10-02 04:00,0.0
Z15,2026-10-02 05:00,0.0
Z15,2026-10-02 06:00,0.0
Z15,2026-10-02 07:00,0.1
Z15,2026-10-02 08:00,0.1
Z15,2026-10-02 09:00,0.7
Z15,2026-10-02 10:00,0.2
Z15,2026-10-02 11:00,0.2
Z15,2026-10-02 12:00,0.0
Z15,2026-10-02 13:00,0.0
Z15,2026-10-02 14:00,0.0
Z15,2026-10-02 15:00,0.0
Z15,2026-10-02 16:00,0.0
Z15,2026-10-02 17:00,0.0
Z15,2026-10-02 18:00,0.0
Z15,2026-10-02 19:00,0.1
Z15,2026-10-02 20:00,1.7
Z15,2026-10-02 21:00,0.1
Z15,2026-10-02 22:00,0.0
Z15,2026-10-02 23:00,0.0
Z15,2026-10-03 00:00,0.0
Z15,2026-10-03 01:00,0.2
Z15,2026-10-03 02:00,0.2
Z15,2026-10-03 03:00,0.0
Z15,2026-10-03 04:00,0.1
Z15,2026-10-03 05:00,0.2
Z15,2026-10-03 06:00,0.5
Z15,2026-10-03 07:00,0.2
Z15,2026-10-03 08:00,0.0
Z15,2026-10-03 09:00,0.2
Z15,2026-10-03 10:00,0.0
Z15,2026-10-03 11:00,0.0
Z15,2026-10-03 12:00,0.0
Z15,2026-10-03 13:00,0.1
Z15,2026-10-03 14:00,0.0
Z15,2026-10-03 15:00,0.0
Z15,2026-10-03 16:00,0.0
Z15,2026-10-03 17:00,0.0
Z15,2026-10-03 18:00,0.0
Z15,2026-10-03 19:00,0.1
Z15,2026-10-03 20:00,0.0
Z15,2026-10-03 21:00,0.0
Z15,2026-10-03 22:00,0.4
Z15,2026-10-03 23:00,0.0
Z15,2026-10-04 00:00,0.0
Z15,2026-10-04 01:00,0.0
Z15,2026-10-04 02:00,0.0
Z15,2026-10-04 03:00,0.0
Z15,2026-10-04 04:00,0.0
Z15,2026-10-04 05:00,0.4
Z15,2026-10-04 06:00,0.3
Z15,2026-10-04 07:00,0.2
Z15,2026-10-04 08:00,0.1
Z15,2026-10-04 09:00,0.1
Z15,2026-10-04 10:00,1.1
Z15,2026-10-04 11:00,0.1
Z15,2026-10-04 12:00,0.2
Z15,2026-10-04 13:00,0.0
Z15,2026-10-04 14:00,0.0
Z15,2026-10-04 15:00,0.0
Z15,2026-10-04 16:00,0.2
Z15,2026-10-04 17:00,0.5
Z15,2026-10-04 18:00,0.0
Z15,2026-10-04 19:00,0.0
Z15,2026-10-04 20:00,0.0
Z15,2026-10-04 21:00,0.0
Z15,2026-10-04 22:00,0.0
Z15,2026-10-04 23:00,0.0
Z16,2026-10-01 00:00,0.0
Z16,2026-10-01 01:00,0.0
Z16,2026-10-01 02:00,0.0
Z16,2026-10-01 03:00,0.0
Z16,2026-10-01 04:00,0.0
Z16,2026-10-01 05:00,0.0
Z16,2026-10-01 06:00,0.0
Z16,2026-10-01 07:00,0.1
Z16,2026-10-01 08:00,0.1
Z16,2026-10-01 09:00,0.2
Z16,2026-10-01 10:00,0.2
Z16,2026-10-01 11:00,0.1
Z16,2026-10-01 12:00,0.1
Z16,2026-10-01 13:00,0.2
Z16,2026-10-01 14:00,0.0
Z16,2026-10-01 15:00,0.0
Z16,2026-10-01 16:00,0.0
Z16,2026-10-01 17:00,0.0
Z16,2026-10-01 18:00,0.0
Z16,2026-10-01 19:00,0.0
Z16,2026-10-01 20:00,0.0
Z16,2026-10-01 21:00,0.0
Z16,2026-10-01 22:00,0.0
Z16,2026-10-01 23:00,0.0
Z16,2026-10-02 00:00,0.0
Z16,2026-10-02 01:00,0.0
Z16,2026-10-02 02:00,0.0
Z16,2026-10-02 03:00,0.0
Z16,2026-10-02 04:00,0.0
Z16,2026-10-02 05:00,0.0
Z16,2026-10-02 06:00,0.0
Z16,2026-10-02 07:00,0.1
Z16,2026-10-02 08:00,0.0
Z16,2026-10-02 09:00,0.0
Z16,2026-10-02 10:00,0.0
Z16,2026-10-02 11:00,0.0
Z16,2026-10-02 12:00,0.0
Z16,2026-10-02 13:00,0.0
Z16,2026-10-02 14:00,0.0
Z16,2026-10-02 15:00,0.0
Z16,2026-10-02 16:00,0.0
Z16,2026-10-02 17:00,0.0
Z16,2026-10-02 18:00,0.0
Z16,2026-10-02 19:00,0.0
Z16,2026-10-02 20:00,0.0
Z16,2026-10-02 21:00,0.0
Z16,2026-10-02 22:00,0.0
Z16,2026-10-02 23:00,0.0
Z16,2026-10-03 00:00,0.0
Z16,2026-10-03 01:00,0.0
Z16,2026-10-03 02:00,0.0
Z16,2026-10-03 03:00,0.0
Z16,2026-10-03 04:00,0.0
Z16,2026-10-03 05:00,0.0
Z16,2026-10-03 06:00,0.0
Z16,2026-10-03 07:00,0.2
Z16,2026-10-03 08:00,0.5
Z16,2026-10-03 09:00,0.5
Z16,2026-10-03 10:00,0.3
Z16,2026-10-03 11:00,0.0
Z16,2026-10-03 12:00,0.0
Z16,2026-10-03 13:00,0.1
Z16,2026-10-03 14:00,0.1
Z16,2026-10-03 15:00,0.4
Z16,2026-10-03 16:00,0.1
Z16,2026-10-03 17:00,0.0
Z16,2026-10-03 18:00,0.1
Z16,2026-10-03 19:00,0.0
Z16,2026-10-03 20:00,0.1
Z16,2026-10-03 21:00,0.0
Z16,2026-10-03 22:00,0.1
Z16,2026-10-03 23:00,0.0
Z16,2026-10-04 00:00,0.0
Z16,2026-10-04 01:00,0.0
Z16,2026-10-04 02:00,0.2
Z16,2026-10-04 03:00,0.1
Z16,2026-10-04 04:00,0.1
Z16,2026-10-04 05:00,0.3
Z16,2026-10-04 06:00,0.1
Z16,2026-10-04 07:00,0.2
Z16,2026-10-04 08:00,0.1
Z16,2026-10-04 09:00,0.0
Z16,2026-10-04 10:00,0.0
Z16,2026-10-04 11:00,0.0
Z16,2026-10-04 12:00,0.0
Z16,2026-10-04 13:00,0.0
Z16,2026-10-04 14:00,0.0
Z16,2026-10-04 15:00,0.1
Z16,2026-10-04 16:00,0.1
Z16,2026-10-04 17:00,0.0
Z16,2026-10-04 18:00,0.0
Z16,2026-10-04 19:00,0.0
Z16,2026-10-04 20:00,0.4
Z16,2026-10-04 21:00,0.3
Z16,2026-10-04 22:00,0.2
Z16,2026-10-04 23:00,0.2
Z17,2026-10-01 00:00,0.1
Z17,2026-10-01 01:00,0.0
Z17,2026-10-01 02:00,0.0
Z17,2026-10-01 03:00,0.3
Z17,2026-10-01 04:00,1.8
Z17,2026-10-01 05:00,2.5
Z17,2026-10-01 06:00,2.8
Z17,2026-10-01 07:00,1.9
Z17,2026-10-01 08:00,5.8
Z17,2026-10-01 09:00,1.1
Z17,2026-10-01 10:00,0.3
Z17,2026-10-01 11:00,0.1
Z17,2026-10-01 12:00,0.1
Z17,2026-10-01 13:00,0.0
Z17,2026-10-01 14:00,0.3
Z17,2026-10-01 15:00,0.1
Z17,2026-10-01 16:00,0.1
Z17,2026-10-01 17:00,0.2
Z17,2026-10-01 18:00,0.6
Z17,2026-10-01 19:00,0.1
Z17,2026-10-01 20:00,0.0
Z17,2026-10-01 21:00,0.0
Z17,2026-10-01 22:00,0.3
Z17,2026-10-01 23:00,0.1
Z17,2026-10-02 00:00,0.0
Z17,2026-10-02 01:00,0.1
Z17,2026-10-02 02:00,0.1
Z17,2026-10-02 03:00,0.1
Z17,2026-10-02 04:00,0.0
Z17,2026-10-02 05:00,0.0
Z17,2026-10-02 06:00,0.0
Z17,2026-10-02 07:00,0.0
Z17,2026-10-02 08:00,0.0
Z17,2026-10-02 09:00,0.0
Z17,2026-10-02 10:00,0.0
Z17,2026-10-02 11:00,0.0
Z17,2026-10-02 12:00,0.0
Z17,2026-10-02 13:00,0.0
Z17,2026-10-02 14:00,0.0
Z17,2026-10-02 15:00,0.0
Z17,2026-10-02 16:00,0.1
Z17,2026-10-02 17:00,0.1
Z17,2026-10-02 18:00,0.0
Z17,2026-10-02 19:00,0.0
Z17,2026-10-02 20:00,0.0
Z17,2026-10-02 21:00,0.1
Z17,2026-10-02 22:00,0.1
Z17,2026-10-02 23:00,0.4
Z17,2026-10-03 00:00,0.1
Z17,2026-10-03 01:00,0.2
Z17,2026-10-03 02:00,0.1
Z17,2026-10-03 03:00,0.1
Z17,2026-10-03 04:00,0.2
Z17,2026-10-03 05:00,0.0
Z17,2026-10-03 06:00,0.1
Z17,2026-10-03 07:00,0.0
Z17,2026-10-03 08:00,0.0
Z17,2026-10-03 09:00,0.0
Z17,2026-10-03 10:00,0.1
Z17,2026-10-03 11:00,0.0
Z17,2026-10-03 12:00,0.0
Z17,2026-10-03 13:00,0.0
Z17,2026-10-03 14:00,0.0
Z17,2026-10-03 15:00,0.0
Z17,2026-10-03 16:00,0.0
Z17,2026-10-03 17:00,0.0
Z17,2026-10-03 18:00,0.0
Z17,2026-10-03 19:00,1.1
Z17,2026-10-03 20:00,1.6
Z17,2026-10-03 21:00,0.3
Z17,2026-10-03 22:00,5.4
Z17,2026-10-03 23:00,7.5
Z17,2026-10-04 00:00,12.6
Z17,2026-10-04 01:00,1.0
Z17,2026-10-04 02:00,0.1
Z17,2026-10-04 03:00,0.2
Z17,2026-10-04 04:00,0.3
Z17,2026-10-04 05:00,0.3
Z17,2026-10-04 06:00,0.0
Z17,2026-10-04 07:00,0.1
Z17,2026-10-04 08:00,0.4
Z17,2026-10-04 09:00,1.5
Z17,2026-10-04 10:00,0.4
Z17,2026-10-04 11:00,0.2
Z17,2026-10-04 12:00,0.0
Z17,2026-10-04 13:00,4.0
Z17,2026-10-04 14:00,3.3
Z17,2026-10-04 15:00,0.3
Z17,2026-10-04 16:00,0.6
Z17,2026-10-04 17:00,0.1
Z17,2026-10-04 18:00,0.1
Z17,2026-10-04 19:00,0.2
Z17,2026-10-04 20:00,0.2
Z17,2026-10-04 21:00,0.5
Z17,2026-10-04 22:00,1.5
Z17,2026-10-04 23:00,2.6
Z18,2026-10-01 00:00,0.0
Z18,2026-10-01 01:00,1.3
Z18,2026-10-01 02:00,2.5
Z18,2026-10-01 03:00,2.3
Z18,2026-10-01 04:00,0.4
Z18,2026-10-01 05:00,0.3
Z18,2026-10-01 06:00,1.0
Z18,2026-10-01 07:00,2.3
Z18,2026-10-01 08:00,3.9
Z18,2026-10-01 09:00,3.9
Z18,2026-10-01 10:00,2.6
Z18,2026-10-01 11:00,1.1
Z18,2026-10-01 12:00,1.1
Z18,2026-10-01 13:00,0.2
Z18,2026-10-01 14:00,0.0
Z18,2026-10-01 15:00,0.0
Z18,2026-10-01 16:00,0.0
Z18,2026-10-01 17:00,0.0
Z18,2026-10-01 18:00,0.0
Z18,2026-10-01 19:00,0.2
Z18,2026-10-01 20:00,0.0
Z18,2026-10-01 21:00,0.1
Z18,2026-10-01 22:00,0.0
Z18,2026-10-01 23:00,0.0
Z18,2026-10-02 00:00,0.0
Z18,2026-10-02 01:00,0.6
Z18,2026-10-02 02:00,0.2
Z18,2026-10-02 03:00,0.0
Z18,2026-10-02 04:00,0.0
Z18,2026-10-02 05:00,0.0
Z18,2026-10-02 06:00,0.0
Z18,2026-10-02 07:00,0.0
Z18,2026-10-02 08:00,0.2
Z18,2026-10-02 09:00,0.0
Z18,2026-10-02 10:00,0.0
Z18,2026-10-02 11:00,0.0
Z18,2026-10-02 12:00,0.0
Z18,2026-10-02 13:00,0.0
Z18,2026-10-02 14:00,0.0
Z18,2026-10-02 15:00,0.0
Z18,2026-10-02 16:00,0.0
Z18,2026-10-02 17:00,0.0
Z18,2026-10-02 18:00,0.0
Z18,2026-10-02 19:00,0.1
Z18,2026-10-02 20:00,0.0
Z18,2026-10-02 21:00,0.0
Z18,2026-10-02 22:00,0.0
Z18,2026-10-02 23:00,0.0
Z18,2026-10-03 00:00,0.1
Z18,2026-10-03 01:00,0.0
Z18,2026-10-03 02:00,0.1
Z18,2026-10-03 03:00,0.5
Z18,2026-10-03 04:00,0.3
Z18,2026-10-03 05:00,0.1
Z18,2026-10-03 06:00,0.0
Z18,2026-10-03 07:00,0.0
Z18,2026-10-03 08:00,0.0
Z18,2026-10-03 09:00,0.0
Z18,2026-10-03 10:00,0.0
Z18,2026-10-03 11:00,0.0
Z18,2026-10-03 12:00,0.0
Z18,2026-10-03 13:00,0.0
Z18,2026-10-03 14:00,0.0
Z18,2026-10-03 15:00,0.0
Z18,2026-10-03 16:00,0.0
Z18,2026-10-03 17:00,0.0
Z18,2026-10-03 18:00,0.0
Z18,2026-10-03 19:00,0.0
Z18,2026-10-03 20:00,0.0
Z18,2026-10-03 21:00,0.0
Z18,2026-10-03 22:00,0.0
Z18,2026-10-03 23:00,0.0
Z18,2026-10-04 00:00,0.0
Z18,2026-10-04 01:00,0.0
Z18,2026-10-04 02:00,0.0
Z18,2026-10-04 03:00,0.0
Z18,2026-10-04 04:00,0.0
Z18,2026-10-04 05:00,0.0
Z18,2026-10-04 06:00,0.0
Z18,2026-10-04 07:00,0.0
Z18,2026-10-04 08:00,0.0
Z18,2026-10-04 09:00,0.0
Z18,2026-10-04 10:00,0.0
Z18,2026-10-04 11:00,0.0
Z18,2026-10-04 12:00,0.0
Z18,2026-10-04 13:00,0.0
Z18,2026-10-04 14:00,0.0
Z18,2026-10-04 15:00,0.0
Z18,2026-10-04 16:00,0.0
Z18,2026-10-04 17:00,0.0
Z18,2026-10-04 18:00,0.0
Z18,2026-10-04 19:00,0.0
Z18,2026-10-04 20:00,0.0
Z18,2026-10-04 21:00,0.0
Z18,2026-10-04 22:00,0.0
Z18,2026-10-04 23:00,0.0
Z19,2026-10-01 00:00,0.0
Z19,2026-10-01 01:00,0.0
Z19,2026-10-01 02:00,0.0
Z19,2026-10-01 03:00,0.1
Z19,2026-10-01 04:00,0.3
Z19,2026-10-01 05:00,0.0
Z19,2026-10-01 06:00,0.1
Z19,2026-10-01 07:00,0.2
Z19,2026-10-01 08:00,0.1
Z19,2026-10-01 09:00,0.0
Z19,2026-10-01 10:00,0.0
Z19,2026-10-01 11:00,0.0
Z19,2026-10-01 12:00,0.0
Z19,2026-10-01 13:00,0.0
Z19,2026-10-01 14:00,0.0
Z19,2026-10-01 15:00,0.0
Z19,2026-10-01 16:00,0.0
Z19,2026-10-01 17:00,0.0
Z19,2026-10-01 18:00,0.0
Z19,2026-10-01 19:00,0.0
Z19,2026-10-01 20:00,0.0
Z19,2026-10-01 21:00,0.0
Z19,2026-10-01 22:00,0.0
Z19,2026-10-01 23:00,0.0
Z19,2026-10-02 00:00,0.0
Z19,2026-10-02 01:00,0.0
Z19,2026-10-02 02:00,0.0
Z19,2026-10-02 03:00,0.0
Z19,2026-10-02 04:00,0.0
Z19,2026-10-02 05:00,0.0
Z19,2026-10-02 06:00,0.0
Z19,2026-10-02 07:00,0.1
Z19,2026-10-02 08:00,0.1
Z19,2026-10-02 09:00,0.1
Z19,2026-10-02 10:00,0.0
Z19,2026-10-02 11:00,0.0
Z19,2026-10-02 12:00,0.0
Z19,2026-10-02 13:00,0.0
Z19,2026-10-02 14:00,0.0
Z19,2026-10-02 15:00,0.0
Z19,2026-10-02 16:00,0.0
Z19,2026-10-02 17:00,0.0
Z19,2026-10-02 18:00,0.0
Z19,2026-10-02 19:00,0.0
Z19,2026-10-02 20:00,0.0
Z19,2026-10-02 21:00,0.0
Z19,2026-10-02 22:00,0.0
Z19,2026-10-02 23:00,0.0
Z19,2026-10-03 00:00,0.0
Z19,2026-10-03 01:00,0.0
Z19,2026-10-03 02:00,0.0
Z19,2026-10-03 03:00,0.0
Z19,2026-10-03 04:00,0.0
Z19,2026-10-03 05:00,0.0
Z19,2026-10-03 06:00,0.0
Z19,2026-10-03 07:00,0.0
Z19,2026-10-03 08:00,0.0
Z19,2026-10-03 09:00,0.0
Z19,2026-10-03 10:00,0.0
Z19,2026-10-03 11:00,0.0
Z19,2026-10-03 12:00,0.0
Z19,2026-10-03 13:00,0.1
Z19,2026-10-03 14:00,0.3
Z19,2026-10-03 15:00,0.1
Z19,2026-10-03 16:00,0.0
Z19,2026-10-03 17:00,0.0
Z19,2026-10-03 18:00,0.0
Z19,2026-10-03 19:00,0.1
Z19,2026-10-03 20:00,0.0
Z19,2026-10-03 21:00,0.7
Z19,2026-10-03 22:00,0.5
Z19,2026-10-03 23:00,0.0
Z19,2026-10-04 00:00,0.0
Z19,2026-10-04 01:00,0.0
Z19,2026-10-04 02:00,0.1
Z19,2026-10-04 03:00,0.1
Z19,2026-10-04 04:00,0.1
Z19,2026-10-04 05:00,0.1
Z19,2026-10-04 06:00,0.1
Z19,2026-10-04 07:00,0.0
Z19,2026-10-04 08:00,0.0
Z19,2026-10-04 09:00,1.0
Z19,2026-10-04 10:00,1.2
Z19,2026-10-04 11:00,0.1
Z19,2026-10-04 12:00,0.1
Z19,2026-10-04 13:00,0.0
Z19,2026-10-04 14:00,0.0
Z19,2026-10-04 15:00,0.0
Z19,2026-10-04 16:00,0.0
Z19,2026-10-04 17:00,0.0
Z19,2026-10-04 18:00,0.0
Z19,2026-10-04 19:00,0.5
Z19,2026-10-04 20:00,0.2
Z19,2026-10-04 21:00,0.4
Z19,2026-10-04 22:00,0.2
Z19,2026-10-04 23:00,0.4
Z20,2026-10-01 00:00,0.0
Z20,2026-10-01 01:00,0.0
Z20,2026-10-01 02:00,0.0
Z20,2026-10-01 03:00,0.0
Z20,2026-10-01 04:00,0.1
Z20,2026-10-01 05:00,0.1
Z20,2026-10-01 06:00,0.1
Z20,2026-10-01 07:00,0.1
Z20,2026-10-01 08:00,0.3
Z20,2026-10-01 09:00,0.4
Z20,2026-10-01 10:00,0.2
Z20,2026-10-01 11:00,0.2
Z20,2026-10-01 12:00,0.1
Z20,2026-10-01 13:00,0.1
Z20,2026-10-01 14:00,0.0
Z20,2026-10-01 15:00,0.0
Z20,2026-10-01 16:00,0.0
Z20,2026-10-01 17:00,0.0
Z20,2026-10-01 18:00,0.0
Z20,2026-10-01 19:00,0.0
Z20,2026-10-01 20:00,0.0
Z20,2026-10-01 21:00,0.0
Z20,2026-10-01 22:00,0.0
Z20,2026-10-01 23:00,0.0
Z20,2026-10-02 00:00,0.0
Z20,2026-10-02 01:00,0.0
Z20,2026-10-02 02:00,0.0
Z20,2026-10-02 03:00,0.0
Z20,2026-10-02 04:00,0.1
Z20,2026-10-02 05:00,0.3
Z20,2026-10-02 06:00,0.5
Z20,2026-10-02 07:00,0.4
Z20,2026-10-02 08:00,0.2
Z20,2026-10-02 09:00,0.2
Z20,2026-10-02 10:00,0.1
Z20,2026-10-02 11:00,0.1
Z20,2026-10-02 12:00,0.1
Z20,2026-10-02 13:00,0.1
Z20,2026-10-02 14:00,0.0
Z20,2026-10-02 15:00,0.0
Z20,2026-10-02 16:00,0.0
Z20,2026-10-02 17:00,0.0
Z20,2026-10-02 18:00,0.0
Z20,2026-10-02 19:00,0.0
Z20,2026-10-02 20:00,0.0
Z20,2026-10-02 21:00,0.0
Z20,2026-10-02 22:00,0.0
Z20,2026-10-02 23:00,0.0
Z20,2026-10-03 00:00,0.0
Z20,2026-10-03 01:00,0.0
Z20,2026-10-03 02:00,0.0
Z20,2026-10-03 03:00,0.1
Z20,2026-10-03 04:00,0.2
Z20,2026-10-03 05:00,0.2
Z20,2026-10-03 06:00,0.5
Z20,2026-10-03 07:00,0.4
Z20,2026-10-03 08:00,0.5
Z20,2026-10-03 09:00,0.5
Z20,2026-10-03 10:00,0.4
Z20,2026-10-03 11:00,0.2
Z20,2026-10-03 12:00,0.1
Z20,2026-10-03 13:00,0.1
Z20,2026-10-03 14:00,0.0
Z20,2026-10-03 15:00,0.0
Z20,2026-10-03 16:00,0.0
Z20,2026-10-03 17:00,0.0
Z20,2026-10-03 18:00,0.0
Z20,2026-10-03 19:00,0.0
Z20,2026-10-03 20:00,0.0
Z20,2026-10-03 21:00,0.0
Z20,2026-10-03 22:00,0.0
Z20,2026-10-03 23:00,0.0
Z20,2026-10-04 00:00,0.0
Z20,2026-10-04 01:00,0.0
Z20,2026-10-04 02:00,0.0
Z20,2026-10-04 03:00,0.1
Z20,2026-10-04 04:00,0.2
Z20,2026-10-04 05:00,0.6
Z20,2026-10-04 06:00,0.7
Z20,2026-10-04 07:00,1.6
Z20,2026-10-04 08:00,1.0
Z20,2026-10-04 09:00,0.6
Z20,2026-10-04 10:00,0.2
Z20,2026-10-04 11:00,0.2
Z20,2026-10-04 12:00,0.1
Z20,2026-10-04 13:00,0.0
Z20,2026-10-04 14:00,0.1
Z20,2026-10-04 15:00,0.1
Z20,2026-10-04 16:00,0.0
Z20,2026-10-04 17:00,0.1
Z20,2026-10-04 18:00,0.1
Z20,2026-10-04 19:00,0.0
Z20,2026-10-04 20:00,0.0
Z20,2026-10-04 21:00,0.0
Z20,2026-10-04 22:00,0.0
Z20,2026-10-04 23:00,0.0
Z21,2026-10-01 00:00,0.2
Z21,2026-10-01 01:00,1.1
Z21,2026-10-01 02:00,0.7
Z21,2026-10-01 03:00,1.0
Z21,2026-10-01 04:00,0.5
Z21,2026-10-01 05:00,0.7
Z21,2026-10-01 06:00,1.9
Z21,2026-10-01 07:00,1.6
Z21,2026-10-01 08:00,0.7
Z21,2026-10-01 09:00,0.4
Z21,2026-10-01 10:00,0.2
Z21,2026-10-01 11:00,0.2
Z21,2026-10-01 12:00,0.0
Z21,2026-10-01 13:00,0.0
Z21,2026-10-01 14:00,0.0
Z21,2026-10-01 15:00,0.0
Z21,2026-10-01 16:00,0.0
Z21,2026-10-01 17:00,0.0
Z21,2026-10-01 18:00,0.0
Z21,2026-10-01 19:00,0.0
Z21,2026-10-01 20:00,0.0
Z21,2026-10-01 21:00,0.0
Z21,2026-10-01 22:00,0.0
Z21,2026-10-01 23:00,0.0
Z21,2026-10-02 00:00,0.0
Z21,2026-10-02 01:00,0.0
Z21,2026-10-02 02:00,0.0
Z21,2026-10-02 03:00,0.1
Z21,2026-10-02 04:00,0.1
Z21,2026-10-02 05:00,0.1
Z21,2026-10-02 06:00,0.2
Z21,2026-10-02 07:00,0.3
Z21,2026-10-02 08:00,0.3
Z21,2026-10-02 09:00,1.0
Z21,2026-10-02 10:00,0.4
Z21,2026-10-02 11:00,0.0
Z21,2026-10-02 12:00,0.0
Z21,2026-10-02 13:00,0.0
Z21,2026-10-02 14:00,0.0
Z21,2026-10-02 15:00,0.0
Z21,2026-10-02 16:00,0.0
Z21,2026-10-02 17:00,0.0
Z21,2026-10-02 18:00,0.0
Z21,2026-10-02 19:00,0.0
Z21,2026-10-02 20:00,0.0
Z21,2026-10-02 21:00,0.0
Z21,2026-10-02 22:00,0.0
Z21,2026-10-02 23:00,0.0
Z21,2026-10-03 00:00,0.0
Z21,2026-10-03 01:00,0.0
Z21,2026-10-03 02:00,0.0
Z21,2026-10-03 03:00,0.1
Z21,2026-10-03 04:00,0.1
Z21,2026-10-03 05:00,0.3
Z21,2026-10-03 06:00,0.2
Z21,2026-10-03 07:00,0.3
Z21,2026-10-03 08:00,0.1
Z21,2026-10-03 09:00,0.1
Z21,2026-10-03 10:00,0.2
Z21,2026-10-03 11:00,0.0
Z21,2026-10-03 12:00,0.0
Z21,2026-10-03 13:00,0.0
Z21,2026-10-03 14:00,0.0
Z21,2026-10-03 15:00,0.0
Z21,2026-10-03 16:00,0.0
Z21,2026-10-03 17:00,0.0
Z21,2026-10-03 18:00,0.0
Z21,2026-10-03 19:00,0.0
Z21,2026-10-03 20:00,0.0
Z21,2026-10-03 21:00,0.0
Z21,2026-10-03 22:00,0.0
Z21,2026-10-03 23:00,0.0
Z21,2026-10-04 00:00,0.0
Z21,2026-10-04 01:00,0.0
Z21,2026-10-04 02:00,0.0
Z21,2026-10-04 03:00,0.0
Z21,2026-10-04 04:00,0.0
Z21,2026-10-04 05:00,0.0
Z21,2026-10-04 06:00,0.1
Z21,2026-10-04 07:00,0.3
Z21,2026-10-04 08:00,0.3
Z21,2026-10-04 09:00,0.5
Z21,2026-10-04 10:00,0.3
Z21,2026-10-04 11:00,0.1
Z21,2026-10-04 12:00,0.0
Z21,2026-10-04 13:00,0.0
Z21,2026-10-04 14:00,0.0
Z21,2026-10-04 15:00,0.0
Z21,2026-10-04 16:00,0.0
Z21,2026-10-04 17:00,0.0
Z21,2026-10-04 18:00,0.0
Z21,2026-10-04 19:00,0.0
Z21,2026-10-04 20:00,0.0
Z21,2026-10-04 21:00,0.0
Z21,2026-10-04 22:00,0.0
Z21,2026-10-04 23:00,0.0
Z22,2026-10-01 00:00,1.9
Z22,2026-10-01 01:00,2.7
Z22,2026-10-01 02:00,1.2
Z22,2026-10-01 03:00,0.5
Z22,2026-10-01 04:00,0.3
Z22,2026-10-01 05:00,0.2
Z22,2026-10-01 06:00,0.7
Z22,2026-10-01 07:00,0.5
Z22,2026-10-01 08:00,1.9
Z22,2026-10-01 09:00,0.6
Z22,2026-10-01 10:00,0.3
Z22,2026-10-01 11:00,0.1
Z22,2026-10-01 12:00,0.0
Z22,2026-10-01 13:00,0.0
Z22,2026-10-01 14:00,0.8
Z22,2026-10-01 15:00,0.9
Z22,2026-10-01 16:00,0.5
Z22,2026-10-01 17:00,2.0
Z22,2026-10-01 18:00,0.9
Z22,2026-10-01 19:00,3.3
Z22,2026-10-01 20:00,0.5
Z22,2026-10-01 21:00,0.0
Z22,2026-10-01 22:00,0.0
Z22,2026-10-01 23:00,0.0
Z22,2026-10-02 00:00,0.0
Z22,2026-10-02 01:00,0.0
Z22,2026-10-02 02:00,0.0
Z22,2026-10-02 03:00,0.0
Z22,2026-10-02 04:00,0.0
Z22,2026-10-02 05:00,0.0
Z22,2026-10-02 06:00,0.1
Z22,2026-10-02 07:00,0.1
Z22,2026-10-02 08:00,0.0
Z22,2026-10-02 09:00,0.0
Z22,2026-10-02 10:00,0.0
Z22,2026-10-02 11:00,0.0
Z22,2026-10-02 12:00,0.0
Z22,2026-10-02 13:00,0.0
Z22,2026-10-02 14:00,0.0
Z22,2026-10-02 15:00,0.0
Z22,2026-10-02 16:00,0.0
Z22,2026-10-02 17:00,0.1
Z22,2026-10-02 18:00,0.3
Z22,2026-10-02 19:00,1.0
Z22,2026-10-02 20:00,11.1
Z22,2026-10-02 21:00,3.6
Z22,2026-10-02 22:00,3.1
Z22,2026-10-02 23:00,0.8
Z22,2026-10-03 00:00,0.0
Z22,2026-10-03 01:00,0.0
Z22,2026-10-03 02:00,0.0
Z22,2026-10-03 03:00,0.0
Z22,2026-10-03 04:00,0.0
Z22,2026-10-03 05:00,0.1
Z22,2026-10-03 06:00,0.0
Z22,2026-10-03 07:00,0.0
Z22,2026-10-03 08:00,0.0
Z22,2026-10-03 09:00,0.0
Z22,2026-10-03 10:00,0.0
Z22,2026-10-03 11:00,0.0
Z22,2026-10-03 12:00,0.0
Z22,2026-10-03 13:00,0.0
Z22,2026-10-03 14:00,0.0
Z22,2026-10-03 15:00,0.0
Z22,2026-10-03 16:00,0.0
Z22,2026-10-03 17:00,0.3
Z22,2026-10-03 18:00,0.2
Z22,2026-10-03 19:00,0.0
Z22,2026-10-03 20:00,0.0
Z22,2026-10-03 21:00,0.0
Z22,2026-10-03 22:00,0.0
Z22,2026-10-03 23:00,0.0
Z22,2026-10-04 00:00,0.0
Z22,2026-10-04 01:00,0.0
Z22,2026-10-04 02:00,0.0
Z22,2026-10-04 03:00,0.1
Z22,2026-10-04 04:00,0.0
Z22,2026-10-04 05:00,0.0
Z22,2026-10-04 06:00,0.0
Z22,2026-10-04 07:00,0.0
Z22,2026-10-04 08:00,0.0
Z22,2026-10-04 09:00,0.0
Z22,2026-10-04 10:00,0.3
Z22,2026-10-04 11:00,0.1
Z22,2026-10-04 12:00,0.0
Z22,2026-10-04 13:00,0.0
Z22,2026-10-04 14:00,0.0
Z22,2026-10-04 15:00,0.0
Z22,2026-10-04 16:00,0.0
Z22,2026-10-04 17:00,0.0
Z22,2026-10-04 18:00,0.0
Z22,2026-10-04 19:00,0.0
Z22,2026-10-04 20:00,0.0
Z22,2026-10-04 21:00,0.0
Z22,2026-10-04 22:00,0.0
Z22,2026-10-04 23:00,0.0
Z23,2026-10-01 00:00,0.0
Z23,2026-10-01 01:00,0.1
Z23,2026-10-01 02:00,0.3
Z23,2026-10-01 03:00,0.1
Z23,2026-10-01 04:00,0.1
Z23,2026-10-01 05:00,0.2
Z23,2026-10-01 06:00,3.7
Z23,2026-10-01 07:00,5.1
Z23,2026-10-01 08:00,1.9
Z23,2026-10-01 09:00,0.3
Z23,2026-10-01 10:00,0.5
Z23,2026-10-01 11:00,1.3
Z23,2026-10-01 12:00,0.2
Z23,2026-10-01 13:00,0.0
Z23,2026-10-01 14:00,0.0
Z23,2026-10-01 15:00,0.0
Z23,2026-10-01 16:00,0.0
Z23,2026-10-01 17:00,0.0
Z23,2026-10-01 18:00,0.0
Z23,2026-10-01 19:00,0.0
Z23,2026-10-01 20:00,0.0
Z23,2026-10-01 21:00,0.0
Z23,2026-10-01 22:00,0.0
Z23,2026-10-01 23:00,0.0
Z23,2026-10-02 00:00,0.0
Z23,2026-10-02 01:00,0.0
Z23,2026-10-02 02:00,0.0
Z23,2026-10-02 03:00,0.0
Z23,2026-10-02 04:00,0.0
Z23,2026-10-02 05:00,0.1
Z23,2026-10-02 06:00,0.1
Z23,2026-10-02 07:00,0.2
Z23,2026-10-02 08:00,0.2
Z23,2026-10-02 09:00,0.0
Z23,2026-10-02 10:00,0.0
Z23,2026-10-02 11:00,0.0
Z23,2026-10-02 12:00,0.0
Z23,2026-10-02 13:00,0.0
Z23,2026-10-02 14:00,0.0
Z23,2026-10-02 15:00,0.0
Z23,2026-10-02 16:00,0.0
Z23,2026-10-02 17:00,0.0
Z23,2026-10-02 18:00,0.0
Z23,2026-10-02 19:00,0.0
Z23,2026-10-02 20:00,0.0
Z23,2026-10-02 21:00,0.0
Z23,2026-10-02 22:00,0.0
Z23,2026-10-02 23:00,0.0
Z23,2026-10-03 00:00,0.0
Z23,2026-10-03 01:00,0.0
Z23,2026-10-03 02:00,0.0
Z23,2026-10-03 03:00,0.0
Z23,2026-10-03 04:00,0.0
Z23,2026-10-03 05:00,0.0
Z23,2026-10-03 06:00,0.0
Z23,2026-10-03 07:00,0.0
Z23,2026-10-03 08:00,0.0
Z23,2026-10-03 09:00,0.0
Z23,2026-10-03 10:00,0.0
Z23,2026-10-03 11:00,0.0
Z23,2026-10-03 12:00,0.0
Z23,2026-10-03 13:00,0.0
Z23,2026-10-03 14:00,0.0
Z23,2026-10-03 15:00,0.0
Z23,2026-10-03 16:00,0.0
Z23,2026-10-03 17:00,0.0
Z23,2026-10-03 18:00,0.0
Z23,2026-10-03 19:00,0.0
Z23,2026-10-03 20:00,0.0
Z23,2026-10-03 21:00,0.0
Z23,2026-10-03 22:00,0.0
Z23,2026-10-03 23:00,0.0
Z23,2026-10-04 00:00,0.0
Z23,2026-10-04 01:00,0.0
Z23,2026-10-04 02:00,0.0
Z23,2026-10-04 03:00,0.2
Z23,2026-10-04 04:00,0.6
Z23,2026-10-04 05:00,0.6
Z23,2026-10-04 06:00,0.5
Z23,2026-10-04 07:00,1.2
Z23,2026-10-04 08:00,1.2
Z23,2026-10-04 09:00,0.4
Z23,2026-10-04 10:00,0.1
Z23,2026-10-04 11:00,0.0
Z23,2026-10-04 12:00,0.0
Z23,2026-10-04 13:00,0.0
Z23,2026-10-04 14:00,0.0
Z23,2026-10-04 15:00,0.0
Z23,2026-10-04 16:00,0.0
Z23,2026-10-04 17:00,0.0
Z23,2026-10-04 18:00,0.0
Z23,2026-10-04 19:00,0.0
Z23,2026-10-04 20:00,0.0
Z23,2026-10-04 21:00,0.0
Z23,2026-10-04 22:00,0.0
Z23,2026-10-04 23:00,0.0
Z24,2026-10-01 00:00,0.5
Z24,2026-10-01 01:00,0.3
Z24,2026-10-01 02:00,0.7
Z24,2026-10-01 03:00,0.0
Z24,2026-10-01 04:00,0.0
Z24,2026-10-01 05:00,0.0
Z24,2026-10-01 06:00,0.0
Z24,2026-10-01 07:00,0.1
Z24,2026-10-01 08:00,0.2
Z24,2026-10-01 09:00,0.2
Z24,2026-10-01 10:00,0.1
Z24,2026-10-01 11:00,0.0
Z24,2026-10-01 12:00,0.0
Z24,2026-10-01 13:00,0.0
Z24,2026-10-01 14:00,0.0
Z24,2026-10-01 15:00,0.0
Z24,2026-10-01 16:00,0.0
Z24,2026-10-01 17:00,0.0
Z24,2026-10-01 18:00,0.0
Z24,2026-10-01 19:00,0.0
Z24,2026-10-01 20:00,0.0
Z24,2026-10-01 21:00,0.0
Z24,2026-10-01 22:00,0.0
Z24,2026-10-01 23:00,0.0
Z24,2026-10-02 00:00,0.0
Z24,2026-10-02 01:00,0.0
Z24,2026-10-02 02:00,0.0
Z24,2026-10-02 03:00,0.2
Z24,2026-10-02 04:00,0.1
Z24,2026-10-02 05:00,0.1
Z24,2026-10-02 06:00,0.1
Z24,2026-10-02 07:00,0.1
Z24,2026-10-02 08:00,0.3
Z24,2026-10-02 09:00,0.4
Z24,2026-10-02 10:00,0.2
Z24,2026-10-02 11:00,0.0
Z24,2026-10-02 12:00,0.0
Z24,2026-10-02 13:00,0.0
Z24,2026-10-02 14:00,0.0
Z24,2026-10-02 15:00,0.0
Z24,2026-10-02 16:00,0.0
Z24,2026-10-02 17:00,0.0
Z24,2026-10-02 18:00,0.0
Z24,2026-10-02 19:00,0.0
Z24,2026-10-02 20:00,0.0
Z24,2026-10-02 21:00,0.0
Z24,2026-10-02 22:00,0.0
Z24,2026-10-02 23:00,0.0
Z24,2026-10-03 00:00,0.2
Z24,2026-10-03 01:00,0.1
Z24,2026-10-03 02:00,0.0
Z24,2026-10-03 03:00,0.3
Z24,2026-10-03 04:00,0.0
Z24,2026-10-03 05:00,0.2
Z24,2026-10-03 06:00,0.1
Z24,2026-10-03 07:00,0.1
Z24,2026-10-03 08:00,0.0
Z24,2026-10-03 09:00,0.2
Z24,2026-10-03 10:00,0.2
Z24,2026-10-03 11:00,0.1
Z24,2026-10-03 12:00,0.0
Z24,2026-10-03 13:00,0.1
Z24,2026-10-03 14:00,0.0
Z24,2026-10-03 15:00,0.0
Z24,2026-10-03 16:00,0.0
Z24,2026-10-03 17:00,0.0
Z24,2026-10-03 18:00,0.0
Z24,2026-10-03 19:00,0.0
Z24,2026-10-03 20:00,0.0
Z24,2026-10-03 21:00,0.0
Z24,2026-10-03 22:00,0.2
Z24,2026-10-03 23:00,0.1
Z24,2026-10-04 00:00,0.0
Z24,2026-10-04 01:00,0.0
Z24,2026-10-04 02:00,0.0
Z24,2026-10-04 03:00,0.0
Z24,2026-10-04 04:00,0.0
Z24,2026-10-04 05:00,0.0
Z24,2026-10-04 06:00,0.1
Z24,2026-10-04 07:00,0.1
Z24,2026-10-04 08:00,0.0
Z24,2026-10-04 09:00,0.0
Z24,2026-10-04 10:00,0.2
Z24,2026-10-04 11:00,0.1
Z24,2026-10-04 12:00,0.0
Z24,2026-10-04 13:00,0.0
Z24,2026-10-04 14:00,0.0
Z24,2026-10-04 15:00,0.0
Z24,2026-10-04 16:00,0.0
Z24,2026-10-04 17:00,0.0
Z24,2026-10-04 18:00,0.0
Z24,2026-10-04 19:00,0.0
Z24,2026-10-04 20:00,0.0
Z24,2026-10-04 21:00,0.0
Z24,2026-10-04 22:00,0.0
Z24,2026-10-04 23:00,0.0
Z25,2026-10-01 00:00,0.4
Z25,2026-10-01 01:00,0.4
Z25,2026-10-01 02:00,0.2
Z25,2026-10-01 03:00,0.1
Z25,2026-10-01 04:00,0.1
Z25,2026-10-01 05:00,0.2
Z25,2026-10-01 06:00,3.2
Z25,2026-10-01 07:00,1.5
Z25,2026-10-01 08:00,0.6
Z25,2026-10-01 09:00,0.2
Z25,2026-10-01 10:00,0.3
Z25,2026-10-01 11:00,0.2
Z25,2026-10-01 12:00,0.3
Z25,2026-10-01 13:00,0.5
Z25,2026-10-01 14:00,0.1
Z25,2026-10-01 15:00,0.1
Z25,2026-10-01 16:00,0.0
Z25,2026-10-01 17:00,0.1
Z25,2026-10-01 18:00,0.1
Z25,2026-10-01 19:00,0.7
Z25,2026-10-01 20:00,0.6
Z25,2026-10-01 21:00,0.2
Z25,2026-10-01 22:00,0.1
Z25,2026-10-01 23:00,0.0
Z25,2026-10-02 00:00,0.0
Z25,2026-10-02 01:00,0.1
Z25,2026-10-02 02:00,0.1
Z25,2026-10-02 03:00,0.1
Z25,2026-10-02 04:00,0.3
Z25,2026-10-02 05:00,0.5
Z25,2026-10-02 06:00,0.4
Z25,2026-10-02 07:00,0.5
Z25,2026-10-02 08:00,0.3
Z25,2026-10-02 09:00,0.1
Z25,2026-10-02 10:00,0.0
Z25,2026-10-02 11:00,0.0
Z25,2026-10-02 12:00,0.1
Z25,2026-10-02 13:00,0.0
Z25,2026-10-02 14:00,0.1
Z25,2026-10-02 15:00,0.0
Z25,2026-10-02 16:00,0.0
Z25,2026-10-02 17:00,0.0
Z25,2026-10-02 18:00,0.0
Z25,2026-10-02 19:00,0.5
Z25,2026-10-02 20:00,0.0
Z25,2026-10-02 21:00,0.0
Z25,2026-10-02 22:00,0.0
Z25,2026-10-02 23:00,0.0
Z25,2026-10-03 00:00,0.0
Z25,2026-10-03 01:00,0.0
Z25,2026-10-03 02:00,0.1
Z25,2026-10-03 03:00,0.1
Z25,2026-10-03 04:00,0.4
Z25,2026-10-03 05:00,0.3
Z25,2026-10-03 06:00,0.2
Z25,2026-10-03 07:00,0.8
Z25,2026-10-03 08:00,0.2
Z25,2026-10-03 09:00,0.1
Z25,2026-10-03 10:00,0.2
Z25,2026-10-03 11:00,0.2
Z25,2026-10-03 12:00,0.2
Z25,2026-10-03 13:00,0.0
Z25,2026-10-03 14:00,0.0
Z25,2026-10-03 15:00,0.1
Z25,2026-10-03 16:00,0.0
Z25,2026-10-03 17:00,0.0
Z25,2026-10-03 18:00,0.0
Z25,2026-10-03 19:00,0.0
Z25,2026-10-03 20:00,0.0
Z25,2026-10-03 21:00,0.0
Z25,2026-10-03 22:00,0.0
Z25,2026-10-03 23:00,0.0
Z25,2026-10-04 00:00,0.0
Z25,2026-10-04 01:00,0.0
Z25,2026-10-04 02:00,0.0
Z25,2026-10-04 03:00,0.0
Z25,2026-10-04 04:00,0.0
Z25,2026-10-04 05:00,0.1
Z25,2026-10-04 06:00,0.2
Z25,2026-10-04 07:00,0.3
Z25,2026-10-04 08:00,0.3
Z25,2026-10-04 09:00,0.2
Z25,2026-10-04 10:00,0.1
Z25,2026-10-04 11:00,0.1
Z25,2026-10-04 12:00,0.2
Z25,2026-10-04 13:00,0.1
Z25,2026-10-04 14:00,0.0
Z25,2026-10-04 15:00,0.0
Z25,2026-10-04 16:00,0.0
Z25,2026-10-04 17:00,0.0
Z25,2026-10-04 18:00,0.0
Z25,2026-10-04 19:00,0.0
Z25,2026-10-04 20:00,0.0
Z25,2026-10-04 21:00,0.0
Z25,2026-10-04 22:00,0.0
Z25,2026-10-04 23:00,0.0
Z26,2026-10-01 00:00,0.0
Z26,2026-10-01 01:00,0.1
Z26,2026-10-01 02:00,0.3
Z26,2026-10-01 03:00,0.2
Z26,2026-10-01 04:00,0.5
Z26,2026-10-01 05:00,0.5
Z26,2026-10-01 06:00,0.4
Z26,2026-10-01 07:00,0.7
Z26,2026-10-01 08:00,0.2
Z26,2026-10-01 09:00,0.2
Z26,2026-10-01 10:00,0.6
Z26,2026-10-01 11:00,0.2
Z26,2026-10-01 12:00,0.0
Z26,2026-10-01 13:00,0.4
Z26,2026-10-01 14:00,0.0
Z26,2026-10-01 15:00,0.0
Z26,2026-10-01 16:00,0.0
Z26,2026-10-01 17:00,0.0
Z26,2026-10-01 18:00,0.0
Z26,2026-10-01 19:00,0.0
Z26,2026-10-01 20:00,0.0
Z26,2026-10-01 21:00,0.0
Z26,2026-10-01 22:00,0.0
Z26,2026-10-01 23:00,0.0
Z26,2026-10-02 00:00,0.0
Z26,2026-10-02 01:00,0.0
Z26,2026-10-02 02:00,0.0
Z26,2026-10-02 03:00,0.1
Z26,2026-10-02 04:00,0.3
Z26,2026-10-02 05:00,0.1
Z26,2026-10-02 06:00,0.0
Z26,2026-10-02 07:00,0.0
Z26,2026-10-02 08:00,0.1
Z26,2026-10-02 09:00,0.1
Z26,2026-10-02 10:00,0.0
Z26,2026-10-02 11:00,0.0
Z26,2026-10-02 12:00,0.0
Z26,2026-10-02 13:00,0.0
Z26,2026-10-02 14:00,0.0
Z26,2026-10-02 15:00,0.0
Z26,2026-10-02 16:00,0.0
Z26,2026-10-02 17:00,0.0
Z26,2026-10-02 18:00,0.0
Z26,2026-10-02 19:00,0.0
Z26,2026-10-02 20:00,0.0
Z26,2026-10-02 21:00,0.0
Z26,2026-10-02 22:00,0.0
Z26,2026-10-02 23:00,0.0
Z26,2026-10-03 00:00,0.0
Z26,2026-10-03 01:00,0.0
Z26,2026-10-03 02:00,0.0
Z26,2026-10-03 03:00,0.0
Z26,2026-10-03 04:00,0.0
Z26,2026-10-03 05:00,0.0
Z26,2026-10-03 06:00,0.0
Z26,2026-10-03 07:00,0.0
Z26,2026-10-03 08:00,0.0
Z26,2026-10-03 09:00,0.0
Z26,2026-10-03 10:00,0.0
Z26,2026-10-03 11:00,0.0
Z26,2026-10-03 12:00,0.0
Z26,2026-10-03 13:00,0.0
Z26,2026-10-03 14:00,0.0
Z26,2026-10-03 15:00,0.0
Z26,2026-10-03 16:00,0.0
Z26,2026-10-03 17:00,0.0
Z26,2026-10-03 18:00,0.0
Z26,2026-10-03 19:00,0.0
Z26,2026-10-03 20:00,0.0
Z26,2026-10-03 21:00,0.0
Z26,2026-10-03 22:00,0.0
Z26,2026-10-03 23:00,0.0
Z26,2026-10-04 00:00,0.0
Z26,2026-10-04 01:00,0.0
Z26,2026-10-04 02:00,0.0
Z26,2026-10-04 03:00,0.0
Z26,2026-10-04 04:00,0.0
Z26,2026-10-04 05:00,0.3
Z26,2026-10-04 06:00,0.6
Z26,2026-10-04 07:00,0.4
Z26,2026-10-04 08:00,0.9
Z26,2026-10-04 09:00,0.6
Z26,2026-10-04 10:00,0.6
Z26,2026-10-04 11:00,0.3
Z26,2026-10-04 12:00,0.1
Z26,2026-10-04 13:00,0.0
Z26,2026-10-04 14:00,0.0
Z26,2026-10-04 15:00,0.0
Z26,2026-10-04 16:00,0.0
Z26,2026-10-04 17:00,0.0
Z26,2026-10-04 18:00,0.0
Z26,2026-10-04 19:00,0.0
Z26,2026-10-04 20:00,0.0
Z26,2026-10-04 21:00,0.0
Z26,2026-10-04 22:00,0.0
Z26,2026-10-04 23:00,0.0
Z27,2026-10-01 00:00,1.9
Z27,2026-10-01 01:00,2.2
Z27,2026-10-01 02:00,1.4
Z27,2026-10-01 03:00,1.7
Z27,2026-10-01 04:00,1.5
Z27,2026-10-01 05:00,2.5
Z27,2026-10-01 06:00,2.1
Z27,2026-10-01 07:00,1.4
Z27,2026-10-01 08:00,1.8
Z27,2026-10-01 09:00,1.3
Z27,2026-10-01 10:00,0.1
Z27,2026-10-01 11:00,0.0
Z27,2026-10-01 12:00,0.0
Z27,2026-10-01 13:00,0.0
Z27,2026-10-01 14:00,0.0
Z27,2026-10-01 15:00,0.0
Z27,2026-10-01 16:00,0.0
Z27,2026-10-01 17:00,0.0
Z27,2026-10-01 18:00,0.0
Z27,2026-10-01 19:00,0.0
Z27,2026-10-01 20:00,0.0
Z27,2026-10-01 21:00,0.0
Z27,2026-10-01 22:00,0.0
Z27,2026-10-01 23:00,0.0
Z27,2026-10-02 00:00,0.0
Z27,2026-10-02 01:00,0.0
Z27,2026-10-02 02:00,0.0
Z27,2026-10-02 03:00,0.0
Z27,2026-10-02 04:00,0.1
Z27,2026-10-02 05:00,0.1
Z27,2026-10-02 06:00,0.0
Z27,2026-10-02 07:00,0.0
Z27,2026-10-02 08:00,0.0
Z27,2026-10-02 09:00,0.8
Z27,2026-10-02 10:00,0.2
Z27,2026-10-02 11:00,0.2
Z27,2026-10-02 12:00,0.0
Z27,2026-10-02 13:00,0.0
Z27,2026-10-02 14:00,0.0
Z27,2026-10-02 15:00,0.0
Z27,2026-10-02 16:00,0.0
Z27,2026-10-02 17:00,0.0
Z27,2026-10-02 18:00,0.0
Z27,2026-10-02 19:00,0.0
Z27,2026-10-02 20:00,0.2
Z27,2026-10-02 21:00,0.2
Z27,2026-10-02 22:00,0.0
Z27,2026-10-02 23:00,0.0
Z27,2026-10-03 00:00,0.0
Z27,2026-10-03 01:00,0.0
Z27,2026-10-03 02:00,0.1
Z27,2026-10-03 03:00,0.0
Z27,2026-10-03 04:00,0.1
Z27,2026-10-03 05:00,0.1
Z27,2026-10-03 06:00,0.3
Z27,2026-10-03 07:00,0.3
Z27,2026-10-03 08:00,0.0
Z27,2026-10-03 09:00,0.1
Z27,2026-10-03 10:00,0.1
Z27,2026-10-03 11:00,0.0
Z27,2026-10-03 12:00,0.0
Z27,2026-10-03 13:00,0.3
Z27,2026-10-03 14:00,0.0
Z27,2026-10-03 15:00,0.0
Z27,2026-10-03 16:00,0.0
Z27,2026-10-03 17:00,0.0
Z27,2026-10-03 18:00,0.0
Z27,2026-10-03 19:00,0.1
Z27,2026-10-03 20:00,0.0
Z27,2026-10-03 21:00,0.0
Z27,2026-10-03 22:00,0.1
Z27,2026-10-03 23:00,0.0
Z27,2026-10-04 00:00,0.0
Z27,2026-10-04 01:00,0.0
Z27,2026-10-04 02:00,0.0
Z27,2026-10-04 03:00,0.0
Z27,2026-10-04 04:00,0.1
Z27,2026-10-04 05:00,0.1
Z27,2026-10-04 06:00,0.0
Z27,2026-10-04 07:00,0.0
Z27,2026-10-04 08:00,0.1
Z27,2026-10-04 09:00,0.1
Z27,2026-10-04 10:00,0.1
Z27,2026-10-04 11:00,0.1
Z27,2026-10-04 12:00,0.0
Z27,2026-10-04 13:00,0.0
Z27,2026-10-04 14:00,0.1
Z27,2026-10-04 15:00,0.0
Z27,2026-10-04 16:00,0.0
Z27,2026-10-04 17:00,0.8
Z27,2026-10-04 18:00,0.1
Z27,2026-10-04 19:00,0.0
Z27,2026-10-04 20:00,0.0
Z27,2026-10-04 21:00,0.0
Z27,2026-10-04 22:00,0.0
Z27,2026-10-04 23:00,0.0
Z28,2026-10-01 00:00,0.0
Z28,2026-10-01 01:00,0.0
Z28,2026-10-01 02:00,0.0
Z28,2026-10-01 03:00,0.0
Z28,2026-10-01 04:00,0.2
Z28,2026-10-01 05:00,0.3
Z28,2026-10-01 06:00,0.5
Z28,2026-10-01 07:00,0.7
Z28,2026-10-01 08:00,0.6
Z28,2026-10-01 09:00,0.9
Z28,2026-10-01 10:00,0.5
Z28,2026-10-01 11:00,0.2
Z28,2026-10-01 12:00,0.2
Z28,2026-10-01 13:00,0.1
Z28,2026-10-01 14:00,0.0
Z28,2026-10-01 15:00,0.0
Z28,2026-10-01 16:00,0.0
Z28,2026-10-01 17:00,0.0
Z28,2026-10-01 18:00,0.0
Z28,2026-10-01 19:00,0.0
Z28,2026-10-01 20:00,0.0
Z28,2026-10-01 21:00,0.0
Z28,2026-10-01 22:00,0.0
Z28,2026-10-01 23:00,0.0
Z28,2026-10-02 00:00,0.0
Z28,2026-10-02 01:00,0.0
Z28,2026-10-02 02:00,0.0
Z28,2026-10-02 03:00,0.0
Z28,2026-10-02 04:00,0.0
Z28,2026-10-02 05:00,0.2
Z28,2026-10-02 06:00,0.3
Z28,2026-10-02 07:00,0.1
Z28,2026-10-02 08:00,0.2
Z28,2026-10-02 09:00,0.1
Z28,2026-10-02 10:00,0.1
Z28,2026-10-02 11:00,0.1
Z28,2026-10-02 12:00,0.0
Z28,2026-10-02 13:00,0.0
Z28,2026-10-02 14:00,0.0
Z28,2026-10-02 15:00,0.0
Z28,2026-10-02 16:00,0.0
Z28,2026-10-02 17:00,0.0
Z28,2026-10-02 18:00,0.0
Z28,2026-10-02 19:00,0.0
Z28,2026-10-02 20:00,0.0
Z28,2026-10-02 21:00,0.0
Z28,2026-10-02 22:00,0.0
Z28,2026-10-02 23:00,0.0
Z28,2026-10-03 00:00,0.0
Z28,2026-10-03 01:00,0.0
Z28,2026-10-03 02:00,0.0
Z28,2026-10-03 03:00,0.0
Z28,2026-10-03 04:00,0.0
Z28,2026-10-03 05:00,0.0
Z28,2026-10-03 06:00,0.1
Z28,2026-10-03 07:00,0.1
Z28,2026-10-03 08:00,0.1
Z28,2026-10-03 09:00,0.1
Z28,2026-10-03 10:00,0.1
Z28,2026-10-03 11:00,0.0
Z28,2026-10-03 12:00,0.0
Z28,2026-10-03 13:00,0.0
Z28,2026-10-03 14:00,0.0
Z28,2026-10-03 15:00,0.0
Z28,2026-10-03 16:00,0.0
Z28,2026-10-03 17:00,0.0
Z28,2026-10-03 18:00,0.0
Z28,2026-10-03 19:00,0.0
Z28,2026-10-03 20:00,0.0
Z28,2026-10-03 21:00,0.0
Z28,2026-10-03 22:00,0.0
Z28,2026-10-03 23:00,0.0
Z28,2026-10-04 00:00,0.0
Z28,2026-10-04 01:00,0.0
Z28,2026-10-04 02:00,0.0
Z28,2026-10-04 03:00,0.0
Z28,2026-10-04 04:00,0.1
Z28,2026-10-04 05:00,0.4
Z28,2026-10-04 06:00,0.6
Z28,2026-10-04 07:00,0.6
Z28,2026-10-04 08:00,0.5
Z28,2026-10-04 09:00,0.5
Z28,2026-10-04 10:00,0.5
Z28,2026-10-04 11:00,0.3
Z28,2026-10-04 12:00,0.0
Z28,2026-10-04 13:00,0.0
Z28,2026-10-04 14:00,0.0
Z28,2026-10-04 15:00,0.0
Z28,2026-10-04 16:00,0.0
Z28,2026-10-04 17:00,0.0
Z28,2026-10-04 18:00,0.0
Z28,2026-10-04 19:00,0.0
Z28,2026-10-04 20:00,0.0
Z28,2026-10-04 21:00,0.0
Z28,2026-10-04 22:00,0.0
Z28,2026-10-04 23:00,0.0
Z29,2026-10-01 00:00,0.0
Z29,2026-10-01 01:00,0.0
Z29,2026-10-01 02:00,0.0
Z29,2026-10-01 03:00,0.0
Z29,2026-10-01 04:00,0.1
Z29,2026-10-01 05:00,0.2
Z29,2026-10-01 06:00,0.3
Z29,2026-10-01 07:00,0.4
Z29,2026-10-01 08:00,0.9
Z29,2026-10-01 09:00,0.4
Z29,2026-10-01 10:00,0.1
Z29,2026-10-01 11:00,0.2
Z29,2026-10-01 12:00,0.2
Z29,2026-10-01 13:00,0.2
Z29,2026-10-01 14:00,0.0
Z29,2026-10-01 15:00,0.0
Z29,2026-10-01 16:00,1.0
Z29,2026-10-01 17:00,0.5
Z29,2026-10-01 18:00,0.2
Z29,2026-10-01 19:00,0.0
Z29,2026-10-01 20:00,0.1
Z29,2026-10-01 21:00,0.0
Z29,2026-10-01 22:00,0.0
Z29,2026-10-01 23:00,0.2
Z29,2026-10-02 00:00,0.0
Z29,2026-10-02 01:00,0.0
Z29,2026-10-02 02:00,0.0
Z29,2026-10-02 03:00,0.0
Z29,2026-10-02 04:00,0.0
Z29,2026-10-02 05:00,0.0
Z29,2026-10-02 06:00,0.0
Z29,2026-10-02 07:00,0.0
Z29,2026-10-02 08:00,0.0
Z29,2026-10-02 09:00,0.0
Z29,2026-10-02 10:00,0.0
Z29,2026-10-02 11:00,0.0
Z29,2026-10-02 12:00,0.0
Z29,2026-10-02 13:00,0.0
Z29,2026-10-02 14:00,0.0
Z29,2026-10-02 15:00,0.0
Z29,2026-10-02 16:00,0.0
Z29,2026-10-02 17:00,0.0
Z29,2026-10-02 18:00,0.0
Z29,2026-10-02 19:00,0.0
Z29,2026-10-02 20:00,0.0
Z29,2026-10-02 21:00,0.0
Z29,2026-10-02 22:00,0.1
Z29,2026-10-02 23:00,0.2
Z29,2026-10-03 00:00,0.0
Z29,2026-10-03 01:00,0.1
Z29,2026-10-03 02:00,0.0
Z29,2026-10-03 03:00,0.1
Z29,2026-10-03 04:00,0.1
Z29,2026-10-03 05:00,0.0
Z29,2026-10-03 06:00,0.0
Z29,2026-10-03 07:00,0.0
Z29,2026-10-03 08:00,0.0
Z29,2026-10-03 09:00,0.0
Z29,2026-10-03 10:00,0.0
Z29,2026-10-03 11:00,0.0
Z29,2026-10-03 12:00,0.1
Z29,2026-10-03 13:00,0.3
Z29,2026-10-03 14:00,0.5
Z29,2026-10-03 15:00,0.0
Z29,2026-10-03 16:00,0.0
Z29,2026-10-03 17:00,0.0
Z29,2026-10-03 18:00,0.0
Z29,2026-10-03 19:00,0.0
Z29,2026-10-03 20:00,0.3
Z29,2026-10-03 21:00,0.1
Z29,2026-10-03 22:00,0.7
Z29,2026-10-03 23:00,1.5
Z29,2026-10-04 00:00,7.2
Z29,2026-10-04 01:00,1.5
Z29,2026-10-04 02:00,0.1
Z29,2026-10-04 03:00,0.1
Z29,2026-10-04 04:00,0.3
Z29,2026-10-04 05:00,0.3
Z29,2026-10-04 06:00,0.2
Z29,2026-10-04 07:00,0.7
Z29,2026-10-04 08:00,0.4
Z29,2026-10-04 09:00,0.7
Z29,2026-10-04 10:00,0.1
Z29,2026-10-04 11:00,0.4
Z29,2026-10-04 12:00,0.0
Z29,2026-10-04 13:00,2.2
Z29,2026-10-04 14:00,2.5
Z29,2026-10-04 15:00,0.2
Z29,2026-10-04 16:00,0.4
Z29,2026-10-04 17:00,0.1
Z29,2026-10-04 18:00,0.5
Z29,2026-10-04 19:00,0.0
Z29,2026-10-04 20:00,0.2
Z29,2026-10-04 21:00,0.6
Z29,2026-10-04 22:00,0.8
Z29,2026-10-04 23:00,3.0
Z30,2026-10-01 00:00,0.1
Z30,2026-10-01 01:00,1.8
Z30,2026-10-01 02:00,1.5
Z30,2026-10-01 03:00,4.1
Z30,2026-10-01 04:00,1.0
Z30,2026-10-01 05:00,2.1
Z30,2026-10-01 06:00,1.3
Z30,2026-10-01 07:00,2.5
Z30,2026-10-01 08:00,3.3
Z30,2026-10-01 09:00,6.3
Z30,2026-10-01 10:00,1.3
Z30,2026-10-01 11:00,1.4
Z30,2026-10-01 12:00,1.0
Z30,2026-10-01 13:00,0.0
Z30,2026-10-01 14:00,0.0
Z30,2026-10-01 15:00,0.0
Z30,2026-10-01 16:00,0.0
Z30,2026-10-01 17:00,0.0
Z30,2026-10-01 18:00,0.2
Z30,2026-10-01 19:00,0.1
Z30,2026-10-01 20:00,0.0
Z30,2026-10-01 21:00,0.2
Z30,2026-10-01 22:00,0.0
Z30,2026-10-01 23:00,0.2
Z30,2026-10-02 00:00,0.0
Z30,2026-10-02 01:00,0.3
Z30,2026-10-02 02:00,0.1
Z30,2026-10-02 03:00,0.0
Z30,2026-10-02 04:00,0.0
Z30,2026-10-02 05:00,0.0
Z30,2026-10-02 06:00,0.0
Z30,2026-10-02 07:00,0.1
Z30,2026-10-02 08:00,0.0
Z30,2026-10-02 09:00,0.0
Z30,2026-10-02 10:00,0.0
Z30,2026-10-02 11:00,0.0
Z30,2026-10-02 12:00,0.0
Z30,2026-10-02 13:00,0.0
Z30,2026-10-02 14:00,0.0
Z30,2026-10-02 15:00,0.0
Z30,2026-10-02 16:00,0.0
Z30,2026-10-02 17:00,0.0
Z30,2026-10-02 18:00,0.0
Z30,2026-10-02 19:00,0.1
Z30,2026-10-02 20:00,0.0
Z30,2026-10-02 21:00,0.0
Z30,2026-10-02 22:00,0.0
Z30,2026-10-02 23:00,0.0
Z30,2026-10-03 00:00,0.1
Z30,2026-10-03 01:00,0.1
Z30,2026-10-03 02:00,0.5
Z30,2026-10-03 03:00,0.7
Z30,2026-10-03 04:00,0.1
Z30,2026-10-03 05:00,0.0
Z30,2026-10-03 06:00,0.1
Z30,2026-10-03 07:00,0.0
Z30,2026-10-03 08:00,0.0
Z30,2026-10-03 09:00,0.0
Z30,2026-10-03 10:00,0.0
Z30,2026-10-03 11:00,0.0
Z30,2026-10-03 12:00,0.0
Z30,2026-10-03 13:00,0.0
Z30,2026-10-03 14:00,0.0
Z30,2026-10-03 15:00,0.0
Z30,2026-10-03 16:00,0.0
Z30,2026-10-03 17:00,0.0
Z30,2026-10-03 18:00,0.0
Z30,2026-10-03 19:00,0.0
Z30,2026-10-03 20:00,0.0
Z30,2026-10-03 21:00,0.0
Z30,2026-10-03 22:00,0.0
Z30,2026-10-03 23:00,0.0
Z30,2026-10-04 00:00,0.0
Z30,2026-10-04 01:00,0.0
Z30,2026-10-04 02:00,0.0
Z30,2026-10-04 03:00,0.0
Z30,2026-10-04 04:00,0.0
Z30,2026-10-04 05:00,0.0
Z30,2026-10-04 06:00,0.0
Z30,2026-10-04 07:00,0.0
Z30,2026-10-04 08:00,0.0
Z30,2026-10-04 09:00,0.0
Z30,2026-10-04 10:00,0.0
Z30,2026-10-04 11:00,0.0
Z30,2026-10-04 12:00,0.0
Z30,2026-10-04 13:00,0.0
Z30,2026-10-04 14:00,0.0
Z30,2026-10-04 15:00,0.0
Z30,2026-10-04 16:00,0.0
Z30,2026-10-04 17:00,0.0
Z30,2026-10-04 18:00,0.0
Z30,2026-10-04 19:00,0.0
Z30,2026-10-04 20:00,0.0
Z30,2026-10-04 21:00,0.0
Z30,2026-10-04 22:00,0.0
Z30,2026-10-04 23:00,0.0
Z31,2026-10-01 00:00,0.0
Z31,2026-10-01 01:00,0.0
Z31,2026-10-01 02:00,0.0
Z31,2026-10-01 03:00,0.0
Z31,2026-10-01 04:00,0.2
Z31,2026-10-01 05:00,0.1
Z31,2026-10-01 06:00,0.1
Z31,2026-10-01 07:00,0.2
Z31,2026-10-01 08:00,0.1
Z31,2026-10-01 09:00,0.0
Z31,2026-10-01 10:00,0.0
Z31,2026-10-01 11:00,0.2
Z31,2026-10-01 12:00,0.1
Z31,2026-10-01 13:00,0.0
Z31,2026-10-01 14:00,0.1
Z31,2026-10-01 15:00,0.0
Z31,2026-10-01 16:00,0.0
Z31,2026-10-01 17:00,0.0
Z31,2026-10-01 18:00,0.0
Z31,2026-10-01 19:00,0.0
Z31,2026-10-01 20:00,0.0
Z31,2026-10-01 21:00,0.0
Z31,2026-10-01 22:00,0.0
Z31,2026-10-01 23:00,0.0
Z31,2026-10-02 00:00,0.0
Z31,2026-10-02 01:00,0.0
Z31,2026-10-02 02:00,0.0
Z31,2026-10-02 03:00,0.0
Z31,2026-10-02 04:00,0.0
Z31,2026-10-02 05:00,0.0
Z31,2026-10-02 06:00,0.0
Z31,2026-10-02 07:00,0.0
Z31,2026-10-02 08:00,0.0
Z31,2026-10-02 09:00,0.0
Z31,2026-10-02 10:00,0.0
Z31,2026-10-02 11:00,0.0
Z31,2026-10-02 12:00,0.0
Z31,2026-10-02 13:00,0.1
Z31,2026-10-02 14:00,0.0
Z31,2026-10-02 15:00,0.0
Z31,2026-10-02 16:00,0.0
Z31,2026-10-02 17:00,0.0
Z31,2026-10-02 18:00,0.0
Z31,2026-10-02 19:00,0.0
Z31,2026-10-02 20:00,0.0
Z31,2026-10-02 21:00,0.0
Z31,2026-10-02 22:00,0.0
Z31,2026-10-02 23:00,0.0
Z31,2026-10-03 00:00,0.0
Z31,2026-10-03 01:00,0.0
Z31,2026-10-03 02:00,0.0
Z31,2026-10-03 03:00,0.0
Z31,2026-10-03 04:00,0.0
Z31,2026-10-03 05:00,0.0
Z31,2026-10-03 06:00,0.0
Z31,2026-10-03 07:00,0.0
Z31,2026-10-03 08:00,0.0
Z31,2026-10-03 09:00,0.0
Z31,2026-10-03 10:00,0.0
Z31,2026-10-03 11:00,0.0
Z31,2026-10-03 12:00,0.0
Z31,2026-10-03 13:00,0.0
Z31,2026-10-03 14:00,0.0
Z31,2026-10-03 15:00,0.0
Z31,2026-10-03 16:00,0.0
Z31,2026-10-03 17:00,0.0
Z31,2026-10-03 18:00,0.0
Z31,2026-10-03 19:00,0.0
Z31,2026-10-03 20:00,0.0
Z31,2026-10-03 21:00,2.2
Z31,2026-10-03 22:00,0.3
Z31,2026-10-03 23:00,0.0
Z31,2026-10-04 00:00,0.0
Z31,2026-10-04 01:00,0.0
Z31,2026-10-04 02:00,0.1
Z31,2026-10-04 03:00,0.2
Z31,2026-10-04 04:00,0.1
Z31,2026-10-04 05:00,0.1
Z31,2026-10-04 06:00,0.0
Z31,2026-10-04 07:00,0.0
Z31,2026-10-04 08:00,0.1
Z31,2026-10-04 09:00,0.7
Z31,2026-10-04 10:00,0.6
Z31,2026-10-04 11:00,0.1
Z31,2026-10-04 12:00,0.0
Z31,2026-10-04 13:00,0.0
Z31,2026-10-04 14:00,0.0
Z31,2026-10-04 15:00,0.0
Z31,2026-10-04 16:00,0.0
Z31,2026-10-04 17:00,0.0
Z31,2026-10-04 18:00,0.0
Z31,2026-10-04 19:00,0.1
Z31,2026-10-04 20:00,0.2
Z31,2026-10-04 21:00,1.0
Z31,2026-10-04 22:00,0.6
Z31,2026-10-04 23:00,1.6
Z32,2026-10-01 00:00,0.0
Z32,2026-10-01 01:00,0.0
Z32,2026-10-01 02:00,0.0
Z32,2026-10-01 03:00,0.0
Z32,2026-10-01 04:00,0.1
Z32,2026-10-01 05:00,0.1
Z32,2026-10-01 06:00,0.1
Z32,2026-10-01 07:00,0.1
Z32,2026-10-01 08:00,0.3
Z32,2026-10-01 09:00,0.4
Z32,2026-10-01 10:00,0.2
Z32,2026-10-01 11:00,0.2
Z32,2026-10-01 12:00,0.1
Z32,2026-10-01 13:00,0.1
Z32,2026-10-01 14:00,0.0
Z32,2026-10-01 15:00,0.0
Z32,2026-10-01 16:00,0.0
Z32,2026-10-01 17:00,0.0
Z32,2026-10-01 18:00,0.0
Z32,2026-10-01 19:00,0.0
Z32,2026-10-01 20:00,0.0
Z32,2026-10-01 21:00,0.0
Z32,2026-10-01 22:00,0.0
Z32,2026-10-01 23:00,0.0
Z32,2026-10-02 00:00,0.0
Z32,2026-10-02 01:00,0.0
Z32,2026-10-02 02:00,0.0
Z32,2026-10-02 03:00,0.0
Z32,2026-10-02 04:00,0.1
Z32,2026-10-02 05:00,0.3
Z32,2026-10-02 06:00,0.5
Z32,2026-10-02 07:00,0.4
Z32,2026-10-02 08:00,0.2
Z32,2026-10-02 09:00,0.2
Z32,2026-10-02 10:00,0.1
Z32,2026-10-02 11:00,0.1
Z32,2026-10-02 12:00,0.1
Z32,2026-10-02 13:00,0.1
Z32,2026-10-02 14:00,0.0
Z32,2026-10-02 15:00,0.0
Z32,2026-10-02 16:00,0.0
Z32,2026-10-02 17:00,0.0
Z32,2026-10-02 18:00,0.0
Z32,2026-10-02 19:00,0.0
Z32,2026-10-02 20:00,0.0
Z32,2026-10-02 21:00,0.0
Z32,2026-10-02 22:00,0.0
Z32,2026-10-02 23:00,0.0
Z32,2026-10-03 00:00,0.0
Z32,2026-10-03 01:00,0.0
Z32,2026-10-03 02:00,0.0
Z32,2026-10-03 03:00,0.1
Z32,2026-10-03 04:00,0.2
Z32,2026-10-03 05:00,0.2
Z32,2026-10-03 06:00,0.5
Z32,2026-10-03 07:00,0.4
Z32,2026-10-03 08:00,0.5
Z32,2026-10-03 09:00,0.5
Z32,2026-10-03 10:00,0.4
Z32,2026-10-03 11:00,0.2
Z32,2026-10-03 12:00,0.1
Z32,2026-10-03 13:00,0.1
Z32,2026-10-03 14:00,0.0
Z32,2026-10-03 15:00,0.0
Z32,2026-10-03 16:00,0.0
Z32,2026-10-03 17:00,0.0
Z32,2026-10-03 18:00,0.0
Z32,2026-10-03 19:00,0.0
Z32,2026-10-03 20:00,0.0
Z32,2026-10-03 21:00,0.0
Z32,2026-10-03 22:00,0.0
Z32,2026-10-03 23:00,0.0
Z32,2026-10-04 00:00,0.0
Z32,2026-10-04 01:00,0.0
Z32,2026-10-04 02:00,0.0
Z32,2026-10-04 03:00,0.1
Z32,2026-10-04 04:00,0.2
Z32,2026-10-04 05:00,0.6
Z32,2026-10-04 06:00,0.7
Z32,2026-10-04 07:00,1.6
Z32,2026-10-04 08:00,1.0
Z32,2026-10-04 09:00,0.6
Z32,2026-10-04 10:00,0.2
Z32,2026-10-04 11:00,0.2
Z32,2026-10-04 12:00,0.1
Z32,2026-10-04 13:00,0.0
Z32,2026-10-04 14:00,0.1
Z32,2026-10-04 15:00,0.1
Z32,2026-10-04 16:00,0.0
Z32,2026-10-04 17:00,0.1
Z32,2026-10-04 18:00,0.1
Z32,2026-10-04 19:00,0.0
Z32,2026-10-04 20:00,0.0
Z32,2026-10-04 21:00,0.0
Z32,2026-10-04 22:00,0.0
Z32,2026-10-04 23:00,0.0
Z33,2026-10-01 00:00,0.2
Z33,2026-10-01 01:00,0.8
Z33,2026-10-01 02:00,0.4
Z33,2026-10-01 03:00,0.5
Z33,2026-10-01 04:00,0.3
Z33,2026-10-01 05:00,1.3
Z33,2026-10-01 06:00,2.2
Z33,2026-10-01 07:00,0.1
Z33,2026-10-01 08:00,0.1
Z33,2026-10-01 09:00,0.2
Z33,2026-10-01 10:00,0.2
Z33,2026-10-01 11:00,0.0
Z33,2026-10-01 12:00,0.0
Z33,2026-10-01 13:00,0.0
Z33,2026-10-01 14:00,0.0
Z33,2026-10-01 15:00,0.0
Z33,2026-10-01 16:00,0.0
Z33,2026-10-01 17:00,0.0
Z33,2026-10-01 18:00,0.0
Z33,2026-10-01 19:00,0.0
Z33,2026-10-01 20:00,0.0
Z33,2026-10-01 21:00,0.0
Z33,2026-10-01 22:00,0.0
Z33,2026-10-01 23:00,0.0
Z33,2026-10-02 00:00,0.0
Z33,2026-10-02 01:00,0.0
Z33,2026-10-02 02:00,0.0
Z33,2026-10-02 03:00,0.1
Z33,2026-10-02 04:00,0.1
Z33,2026-10-02 05:00,0.1
Z33,2026-10-02 06:00,0.0
Z33,2026-10-02 07:00,0.1
Z33,2026-10-02 08:00,0.0
Z33,2026-10-02 09:00,0.0
Z33,2026-10-02 10:00,0.0
Z33,2026-10-02 11:00,0.0
Z33,2026-10-02 12:00,0.0
Z33,2026-10-02 13:00,0.0
Z33,2026-10-02 14:00,0.0
Z33,2026-10-02 15:00,0.0
Z33,2026-10-02 16:00,0.0
Z33,2026-10-02 17:00,0.0
Z33,2026-10-02 18:00,0.0
Z33,2026-10-02 19:00,0.0
Z33,2026-10-02 20:00,0.0
Z33,2026-10-02 21:00,0.0
Z33,2026-10-02 22:00,0.0
Z33,2026-10-02 23:00,0.0
Z33,2026-10-03 00:00,0.1
Z33,2026-10-03 01:00,0.1
Z33,2026-10-03 02:00,0.3
Z33,2026-10-03 03:00,0.3
Z33,2026-10-03 04:00,0.3
Z33,2026-10-03 05:00,0.2
Z33,2026-10-03 06:00,0.1
Z33,2026-10-03 07:00,0.0
Z33,2026-10-03 08:00,0.3
Z33,2026-10-03 09:00,0.0
Z33,2026-10-03 10:00,0.0
Z33,2026-10-03 11:00,0.0
Z33,2026-10-03 12:00,0.0
Z33,2026-10-03 13:00,0.0
Z33,2026-10-03 14:00,0.0
Z33,2026-10-03 15:00,0.0
Z33,2026-10-03 16:00,0.0
Z33,2026-10-03 17:00,0.0
Z33,2026-10-03 18:00,0.0
Z33,2026-10-03 19:00,0.0
Z33,2026-10-03 20:00,0.0
Z33,2026-10-03 21:00,0.0
Z33,2026-10-03 22:00,0.0
Z33,2026-10-03 23:00,0.0
Z33,2026-10-04 00:00,0.0
Z33,2026-10-04 01:00,0.0
Z33,2026-10-04 02:00,0.0
Z33,2026-10-04 03:00,0.0
Z33,2026-10-04 04:00,0.0
Z33,2026-10-04 05:00,0.1
Z33,2026-10-04 06:00,0.1
Z33,2026-10-04 07:00,0.1
Z33,2026-10-04 08:00,0.1
Z33,2026-10-04 09:00,0.0
Z33,2026-10-04 10:00,0.0
Z33,2026-10-04 11:00,0.0
Z33,2026-10-04 12:00,0.0
Z33,2026-10-04 13:00,0.0
Z33,2026-10-04 14:00,0.0
Z33,2026-10-04 15:00,0.0
Z33,2026-10-04 16:00,0.0
Z33,2026-10-04 17:00,0.0
Z33,2026-10-04 18:00,0.0
Z33,2026-10-04 19:00,0.0
Z33,2026-10-04 20:00,0.0
Z33,2026-10-04 21:00,0.0
Z33,2026-10-04 22:00,0.0
Z33,2026-10-04 23:00,0.0
Z34,2026-10-01 00:00,1.7
Z34,2026-10-01 01:00,1.6
Z34,2026-10-01 02:00,0.8
Z34,2026-10-01 03:00,1.5
Z34,2026-10-01 04:00,0.7
Z34,2026-10-01 05:00,0.4
Z34,2026-10-01 06:00,0.6
Z34,2026-10-01 07:00,0.4
Z34,2026-10-01 08:00,2.8
Z34,2026-10-01 09:00,0.9
Z34,2026-10-01 10:00,0.6
Z34,2026-10-01 11:00,0.2
Z34,2026-10-01 12:00,0.0
Z34,2026-10-01 13:00,0.0
Z34,2026-10-01 14:00,0.1
Z34,2026-10-01 15:00,0.2
Z34,2026-10-01 16:00,0.2
Z34,2026-10-01 17:00,0.7
Z34,2026-10-01 18:00,0.6
Z34,2026-10-01 19:00,2.8
Z34,2026-10-01 20:00,0.4
Z34,2026-10-01 21:00,0.0
Z34,2026-10-01 22:00,0.0
Z34,2026-10-01 23:00,0.0
Z34,2026-10-02 00:00,0.0
Z34,2026-10-02 01:00,0.0
Z34,2026-10-02 02:00,0.0
Z34,2026-10-02 03:00,0.0
Z34,2026-10-02 04:00,0.0
Z34,2026-10-02 05:00,0.2
Z34,2026-10-02 06:00,0.3
Z34,2026-10-02 07:00,0.3
Z34,2026-10-02 08:00,0.2
Z34,2026-10-02 09:00,0.1
Z34,2026-10-02 10:00,0.0
Z34,2026-10-02 11:00,0.0
Z34,2026-10-02 12:00,0.0
Z34,2026-10-02 13:00,0.0
Z34,2026-10-02 14:00,0.0
Z34,2026-10-02 15:00,0.0
Z34,2026-10-02 16:00,0.0
Z34,2026-10-02 17:00,0.6
Z34,2026-10-02 18:00,0.8
Z34,2026-10-02 19:00,3.4
Z34,2026-10-02 20:00,5.5
Z34,2026-10-02 21:00,0.3
Z34,2026-10-02 22:00,0.1
Z34,2026-10-02 23:00,0.0
Z34,2026-10-03 00:00,0.0
Z34,2026-10-03 01:00,0.0
Z34,2026-10-03 02:00,0.0
Z34,2026-10-03 03:00,0.0
Z34,2026-10-03 04:00,0.2
Z34,2026-10-03 05:00,0.3
Z34,2026-10-03 06:00,0.1
Z34,2026-10-03 07:00,0.2
Z34,2026-10-03 08:00,0.1
Z34,2026-10-03 09:00,0.2
Z34,2026-10-03 10:00,0.0
Z34,2026-10-03 11:00,0.0
Z34,2026-10-03 12:00,0.0
Z34,2026-10-03 13:00,0.0
Z34,2026-10-03 14:00,0.0
Z34,2026-10-03 15:00,0.0
Z34,2026-10-03 16:00,0.0
Z34,2026-10-03 17:00,0.0
Z34,2026-10-03 18:00,0.0
Z34,2026-10-03 19:00,0.0
Z34,2026-10-03 20:00,0.1
Z34,2026-10-03 21:00,0.0
Z34,2026-10-03 22:00,0.0
Z34,2026-10-03 23:00,0.0
Z34,2026-10-04 00:00,0.0
Z34,2026-10-04 01:00,0.0
Z34,2026-10-04 02:00,0.0
Z34,2026-10-04 03:00,0.1
Z34,2026-10-04 04:00,0.1
Z34,2026-10-04 05:00,0.1
Z34,2026-10-04 06:00,0.0
Z34,2026-10-04 07:00,0.0
Z34,2026-10-04 08:00,0.0
Z34,2026-10-04 09:00,0.0
Z34,2026-10-04 10:00,0.3
Z34,2026-10-04 11:00,0.2
Z34,2026-10-04 12:00,0.0
Z34,2026-10-04 13:00,0.0
Z34,2026-10-04 14:00,0.0
Z34,2026-10-04 15:00,0.0
Z34,2026-10-04 16:00,0.0
Z34,2026-10-04 17:00,0.0
Z34,2026-10-04 18:00,0.0
Z34,2026-10-04 19:00,0.0
Z34,2026-10-04 20:00,0.0
Z34,2026-10-04 21:00,0.0
Z34,2026-10-04 22:00,0.0
Z34,2026-10-04 23:00,0.0
Z35,2026-10-01 00:00,0.0
Z35,2026-10-01 01:00,0.1
Z35,2026-10-01 02:00,0.1
Z35,2026-10-01 03:00,0.1
Z35,2026-10-01 04:00,0.1
Z35,2026-10-01 05:00,0.1
Z35,2026-10-01 06:00,0.0
Z35,2026-10-01 07:00,1.1
Z35,2026-10-01 08:00,0.2
Z35,2026-10-01 09:00,0.2
Z35,2026-10-01 10:00,0.7
Z35,2026-10-01 11:00,0.3
Z35,2026-10-01 12:00,0.8
Z35,2026-10-01 13:00,0.1
Z35,2026-10-01 14:00,0.0
Z35,2026-10-01 15:00,0.0
Z35,2026-10-01 16:00,0.0
Z35,2026-10-01 17:00,0.0
Z35,2026-10-01 18:00,0.0
Z35,2026-10-01 19:00,0.0
Z35,2026-10-01 20:00,0.0
Z35,2026-10-01 21:00,0.2
Z35,2026-10-01 22:00,2.6
Z35,2026-10-01 23:00,1.4
Z35,2026-10-02 00:00,0.6
Z35,2026-10-02 01:00,0.2
Z35,2026-10-02 02:00,0.1
Z35,2026-10-02 03:00,0.0
Z35,2026-10-02 04:00,0.7
Z35,2026-10-02 05:00,0.2
Z35,2026-10-02 06:00,0.0
Z35,2026-10-02 07:00,0.2
Z35,2026-10-02 08:00,0.9
Z35,2026-10-02 09:00,0.1
Z35,2026-10-02 10:00,0.1
Z35,2026-10-02 11:00,0.4
Z35,2026-10-02 12:00,0.4
Z35,2026-10-02 13:00,0.0
Z35,2026-10-02 14:00,0.4
Z35,2026-10-02 15:00,0.2
Z35,2026-10-02 16:00,0.0
Z35,2026-10-02 17:00,0.0
Z35,2026-10-02 18:00,0.0
Z35,2026-10-02 19:00,0.0
Z35,2026-10-02 20:00,0.0
Z35,2026-10-02 21:00,0.2
Z35,2026-10-02 22:00,0.1
Z35,2026-10-02 23:00,0.2
Z35,2026-10-03 00:00,0.1
Z35,2026-10-03 01:00,0.0
Z35,2026-10-03 02:00,0.1
Z35,2026-10-03 03:00,0.2
Z35,2026-10-03 04:00,0.0
Z35,2026-10-03 05:00,0.2
Z35,2026-10-03 06:00,0.1
Z35,2026-10-03 07:00,0.0
Z35,2026-10-03 08:00,0.0
Z35,2026-10-03 09:00,0.0
Z35,2026-10-03 10:00,0.0
Z35,2026-10-03 11:00,0.0
Z35,2026-10-03 12:00,0.0
Z35,2026-10-03 13:00,0.0
Z35,2026-10-03 14:00,0.0
Z35,2026-10-03 15:00,0.0
Z35,2026-10-03 16:00,0.0
Z35,2026-10-03 17:00,0.0
Z35,2026-10-03 18:00,0.0
Z35,2026-10-03 19:00,0.2
Z35,2026-10-03 20:00,0.0
Z35,2026-10-03 21:00,0.0
Z35,2026-10-03 22:00,0.0
Z35,2026-10-03 23:00,0.0
Z35,2026-10-04 00:00,0.0
Z35,2026-10-04 01:00,0.1
Z35,2026-10-04 02:00,0.6
Z35,2026-10-04 03:00,0.4
Z35,2026-10-04 04:00,0.1
Z35,2026-10-04 05:00,0.0
Z35,2026-10-04 06:00,0.0
Z35,2026-10-04 07:00,0.0
Z35,2026-10-04 08:00,0.0
Z35,2026-10-04 09:00,0.0
Z35,2026-10-04 10:00,0.0
Z35,2026-10-04 11:00,0.0
Z35,2026-10-04 12:00,0.0
Z35,2026-10-04 13:00,0.0
Z35,2026-10-04 14:00,0.0
Z35,2026-10-04 15:00,0.0
Z35,2026-10-04 16:00,0.0
Z35,2026-10-04 17:00,0.0
Z35,2026-10-04 18:00,0.0
Z35,2026-10-04 19:00,0.0
Z35,2026-10-04 20:00,0.0
Z35,2026-10-04 21:00,0.0
Z35,2026-10-04 22:00,0.0
Z35,2026-10-04 23:00,0.0
Z36,2026-10-01 00:00,0.5
Z36,2026-10-01 01:00,0.3
Z36,2026-10-01 02:00,0.7
Z36,2026-10-01 03:00,0.0
Z36,2026-10-01 04:00,0.0
Z36,2026-10-01 05:00,0.0
Z36,2026-10-01 06:00,0.0
Z36,2026-10-01 07:00,0.1
Z36,2026-10-01 08:00,0.2
Z36,2026-10-01 09:00,0.2
Z36,2026-10-01 10:00,0.1
Z36,2026-10-01 11:00,0.0
Z36,2026-10-01 12:00,0.0
Z36,2026-10-01 13:00,0.0
Z36,2026-10-01 14:00,0.0
Z36,2026-10-01 15:00,0.0
Z36,2026-10-01 16:00,0.0
Z36,2026-10-01 17:00,0.0
Z36,2026-10-01 18:00,0.0
Z36,2026-10-01 19:00,0.0
Z36,2026-10-01 20:00,0.0
Z36,2026-10-01 21:00,0.0
Z36,2026-10-01 22:00,0.0
Z36,2026-10-01 23:00,0.0
Z36,2026-10-02 00:00,0.0
Z36,2026-10-02 01:00,0.0
Z36,2026-10-02 02:00,0.0
Z36,2026-10-02 03:00,0.2
Z36,2026-10-02 04:00,0.1
Z36,2026-10-02 05:00,0.1
Z36,2026-10-02 06:00,0.1
Z36,2026-10-02 07:00,0.1
Z36,2026-10-02 08:00,0.3
Z36,2026-10-02 09:00,0.4
Z36,2026-10-02 10:00,0.2
Z36,2026-10-02 11:00,0.0
Z36,2026-10-02 12:00,0.0
Z36,2026-10-02 13:00,0.0
Z36,2026-10-02 14:00,0.0
Z36,2026-10-02 15:00,0.0
Z36,2026-10-02 16:00,0.0
Z36,2026-10-02 17:00,0.0
Z36,2026-10-02 18:00,0.0
Z36,2026-10-02 19:00,0.0
Z36,2026-10-02 20:00,0.0
Z36,2026-10-02 21:00,0.0
Z36,2026-10-02 22:00,0.0
Z36,2026-10-02 23:00,0.0
Z36,2026-10-03 00:00,0.2
Z36,2026-10-03 01:00,0.1
Z36,2026-10-03 02:00,0.0
Z36,2026-10-03 03:00,0.3
Z36,2026-10-03 04:00,0.0
Z36,2026-10-03 05:00,0.2
Z36,2026-10-03 06:00,0.1
Z36,2026-10-03 07:00,0.1
Z36,2026-10-03 08:00,0.0
Z36,2026-10-03 09:00,0.2
Z36,2026-10-03 10:00,0.2
Z36,2026-10-03 11:00,0.1
Z36,2026-10-03 12:00,0.0
Z36,2026-10-03 13:00,0.1
Z36,2026-10-03 14:00,0.0
Z36,2026-10-03 15:00,0.0
Z36,2026-10-03 16:00,0.0
Z36,2026-10-03 17:00,0.0
Z36,2026-10-03 18:00,0.0
Z36,2026-10-03 19:00,0.0
Z36,2026-10-03 20:00,0.0
Z36,2026-10-03 21:00,0.0
Z36,2026-10-03 22:00,0.2
Z36,2026-10-03 23:00,0.1
Z36,2026-10-04 00:00,0.0
Z36,2026-10-04 01:00,0.0
Z36,2026-10-04 02:00,0.0
Z36,2026-10-04 03:00,0.0
Z36,2026-10-04 04:00,0.0
Z36,2026-10-04 05:00,0.0
Z36,2026-10-04 06:00,0.1
Z36,2026-10-04 07:00,0.1
Z36,2026-10-04 08:00,0.0
Z36,2026-10-04 09:00,0.0
Z36,2026-10-04 10:00,0.2
Z36,2026-10-04 11:00,0.1
Z36,2026-10-04 12:00,0.0
Z36,2026-10-04 13:00,0.0
Z36,2026-10-04 14:00,0.0
Z36,2026-10-04 15:00,0.0
Z36,2026-10-04 16:00,0.0
Z36,2026-10-04 17:00,0.0
Z36,2026-10-04 18:00,0.0
Z36,2026-10-04 19:00,0.0
Z36,2026-10-04 20:00,0.0
Z36,2026-10-04 21:00,0.0
Z36,2026-10-04 22:00,0.0
Z36,2026-10-04 23:00,0.0
Z37,2026-10-01 00:00,0.3
Z37,2026-10-01 01:00,0.2
Z37,2026-10-01 02:00,0.1
Z37,2026-10-01 03:00,0.1
Z37,2026-10-01 04:00,0.3
Z37,2026-10-01 05:00,0.2
Z37,2026-10-01 06:00,1.8
Z37,2026-10-01 07:00,0.2
Z37,2026-10-01 08:00,0.3
Z37,2026-10-01 09:00,0.3
Z37,2026-10-01 10:00,0.2
Z37,2026-10-01 11:00,0.4
Z37,2026-10-01 12:00,0.6
Z37,2026-10-01 13:00,0.3
Z37,2026-10-01 14:00,0.1
Z37,2026-10-01 15:00,0.0
Z37,2026-10-01 16:00,0.0
Z37,2026-10-01 17:00,0.1
Z37,2026-10-01 18:00,0.1
Z37,2026-10-01 19:00,0.6
Z37,2026-10-01 20:00,0.4
Z37,2026-10-01 21:00,0.2
Z37,2026-10-01 22:00,0.1
Z37,2026-10-01 23:00,0.1
Z37,2026-10-02 00:00,0.1
Z37,2026-10-02 01:00,0.1
Z37,2026-10-02 02:00,0.2
Z37,2026-10-02 03:00,0.0
Z37,2026-10-02 04:00,0.1
Z37,2026-10-02 05:00,0.5
Z37,2026-10-02 06:00,0.1
Z37,2026-10-02 07:00,0.5
Z37,2026-10-02 08:00,0.2
Z37,2026-10-02 09:00,0.1
Z37,2026-10-02 10:00,0.1
Z37,2026-10-02 11:00,0.3
Z37,2026-10-02 12:00,0.4
Z37,2026-10-02 13:00,0.5
Z37,2026-10-02 14:00,0.3
Z37,2026-10-02 15:00,0.0
Z37,2026-10-02 16:00,0.0
Z37,2026-10-02 17:00,0.0
Z37,2026-10-02 18:00,0.0
Z37,2026-10-02 19:00,0.0
Z37,2026-10-02 20:00,0.0
Z37,2026-10-02 21:00,0.0
Z37,2026-10-02 22:00,0.0
Z37,2026-10-02 23:00,0.0
Z37,2026-10-03 00:00,0.0
Z37,2026-10-03 01:00,0.1
Z37,2026-10-03 02:00,0.0
Z37,2026-10-03 03:00,0.5
Z37,2026-10-03 04:00,0.8
Z37,2026-10-03 05:00,0.3
Z37,2026-10-03 06:00,0.2
Z37,2026-10-03 07:00,0.9
Z37,2026-10-03 08:00,0.3
Z37,2026-10-03 09:00,0.2
Z37,2026-10-03 10:00,0.9
Z37,2026-10-03 11:00,0.4
Z37,2026-10-03 12:00,0.0
Z37,2026-10-03 13:00,0.0
Z37,2026-10-03 14:00,0.0
Z37,2026-10-03 15:00,0.0
Z37,2026-10-03 16:00,0.0
Z37,2026-10-03 17:00,0.0
Z37,2026-10-03 18:00,0.0
Z37,2026-10-03 19:00,0.0
Z37,2026-10-03 20:00,0.0
Z37,2026-10-03 21:00,0.0
Z37,2026-10-03 22:00,0.0
Z37,2026-10-03 23:00,0.0
Z37,2026-10-04 00:00,0.0
Z37,2026-10-04 01:00,0.0
Z37,2026-10-04 02:00,0.0
Z37,2026-10-04 03:00,0.0
Z37,2026-10-04 04:00,0.0
Z37,2026-10-04 05:00,0.9
Z37,2026-10-04 06:00,1.2
Z37,2026-10-04 07:00,1.6
Z37,2026-10-04 08:00,1.8
Z37,2026-10-04 09:00,0.3
Z37,2026-10-04 10:00,0.2
Z37,2026-10-04 11:00,0.1
Z37,2026-10-04 12:00,0.1
Z37,2026-10-04 13:00,0.0
Z37,2026-10-04 14:00,0.0
Z37,2026-10-04 15:00,0.0
Z37,2026-10-04 16:00,0.0
Z37,2026-10-04 17:00,0.0
Z37,2026-10-04 18:00,0.0
Z37,2026-10-04 19:00,0.0
Z37,2026-10-04 20:00,0.0
Z37,2026-10-04 21:00,0.0
Z37,2026-10-04 22:00,0.0
Z37,2026-10-04 23:00,0.0
Z38,2026-10-01 00:00,0.0
Z38,2026-10-01 01:00,0.1
Z38,2026-10-01 02:00,0.5
Z38,2026-10-01 03:00,0.3
Z38,2026-10-01 04:00,0.5
Z38,2026-10-01 05:00,0.3
Z38,2026-10-01 06:00,0.1
Z38,2026-10-01 07:00,0.9
Z38,2026-10-01 08:00,0.4
Z38,2026-10-01 09:00,0.1
Z38,2026-10-01 10:00,0.2
Z38,2026-10-01 11:00,0.4
Z38,2026-10-01 12:00,0.0
Z38,2026-10-01 13:00,0.0
Z38,2026-10-01 14:00,0.0
Z38,2026-10-01 15:00,0.0
Z38,2026-10-01 16:00,0.0
Z38,2026-10-01 17:00,0.0
Z38,2026-10-01 18:00,0.0
Z38,2026-10-01 19:00,0.0
Z38,2026-10-01 20:00,0.0
Z38,2026-10-01 21:00,0.0
Z38,2026-10-01 22:00,0.0
Z38,2026-10-01 23:00,0.0
Z38,2026-10-02 00:00,0.0
Z38,2026-10-02 01:00,0.0
Z38,2026-10-02 02:00,0.0
Z38,2026-10-02 03:00,0.0
Z38,2026-10-02 04:00,0.0
Z38,2026-10-02 05:00,0.3
Z38,2026-10-02 06:00,0.3
Z38,2026-10-02 07:00,0.8
Z38,2026-10-02 08:00,0.6
Z38,2026-10-02 09:00,0.7
Z38,2026-10-02 10:00,0.5
Z38,2026-10-02 11:00,0.1
Z38,2026-10-02 12:00,0.0
Z38,2026-10-02 13:00,0.0
Z38,2026-10-02 14:00,0.0
Z38,2026-10-02 15:00,0.0
Z38,2026-10-02 16:00,0.0
Z38,2026-10-02 17:00,0.0
Z38,2026-10-02 18:00,0.0
Z38,2026-10-02 19:00,0.0
Z38,2026-10-02 20:00,0.0
Z38,2026-10-02 21:00,0.0
Z38,2026-10-02 22:00,0.0
Z38,2026-10-02 23:00,0.0
Z38,2026-10-03 00:00,0.0
Z38,2026-10-03 01:00,0.0
Z38,2026-10-03 02:00,0.0
Z38,2026-10-03 03:00,0.0
Z38,2026-10-03 04:00,0.0
Z38,2026-10-03 05:00,0.0
Z38,2026-10-03 06:00,0.0
Z38,2026-10-03 07:00,0.1
Z38,2026-10-03 08:00,0.0
Z38,2026-10-03 09:00,0.0
Z38,2026-10-03 10:00,0.0
Z38,2026-10-03 11:00,0.0
Z38,2026-10-03 12:00,0.0
Z38,2026-10-03 13:00,0.0
Z38,2026-10-03 14:00,0.0
Z38,2026-10-03 15:00,0.0
Z38,2026-10-03 16:00,0.0
Z38,2026-10-03 17:00,0.0
Z38,2026-10-03 18:00,0.0
Z38,2026-10-03 19:00,0.0
Z38,2026-10-03 20:00,0.0
Z38,2026-10-03 21:00,0.0
Z38,2026-10-03 22:00,0.0
Z38,2026-10-03 23:00,0.0
Z38,2026-10-04 00:00,0.0
Z38,2026-10-04 01:00,0.0
Z38,2026-10-04 02:00,0.0
Z38,2026-10-04 03:00,0.0
Z38,2026-10-04 04:00,0.5
Z38,2026-10-04 05:00,1.3
Z38,2026-10-04 06:00,1.0
Z38,2026-10-04 07:00,0.5
Z38,2026-10-04 08:00,0.8
Z38,2026-10-04 09:00,0.7
Z38,2026-10-04 10:00,0.3
Z38,2026-10-04 11:00,0.1
Z38,2026-10-04 12:00,0.0
Z38,2026-10-04 13:00,0.0
Z38,2026-10-04 14:00,0.0
Z38,2026-10-04 15:00,0.0
Z38,2026-10-04 16:00,0.0
Z38,2026-10-04 17:00,0.0
Z38,2026-10-04 18:00,0.0
Z38,2026-10-04 19:00,0.0
Z38,2026-10-04 20:00,0.0
Z38,2026-10-04 21:00,0.0
Z38,2026-10-04 22:00,0.0
Z38,2026-10-04 23:00,0.0
Z39,2026-10-01 00:00,3.1
Z39,2026-10-01 01:00,2.3
Z39,2026-10-01 02:00,1.4
Z39,2026-10-01 03:00,0.8
Z39,2026-10-01 04:00,1.5
Z39,2026-10-01 05:00,3.0
Z39,2026-10-01 06:00,2.0
Z39,2026-10-01 07:00,1.4
Z39,2026-10-01 08:00,1.0
Z39,2026-10-01 09:00,1.2
Z39,2026-10-01 10:00,0.3
Z39,2026-10-01 11:00,0.0
Z39,2026-10-01 12:00,0.0
Z39,2026-10-01 13:00,0.0
Z39,2026-10-01 14:00,0.0
Z39,2026-10-01 15:00,0.0
Z39,2026-10-01 16:00,0.0
Z39,2026-10-01 17:00,0.0
Z39,2026-10-01 18:00,0.0
Z39,2026-10-01 19:00,0.0
Z39,2026-10-01 20:00,0.0
Z39,2026-10-01 21:00,0.0
Z39,2026-10-01 22:00,0.0
Z39,2026-10-01 23:00,0.0
Z39,2026-10-02 00:00,0.0
Z39,2026-10-02 01:00,0.0
Z39,2026-10-02 02:00,0.0
Z39,2026-10-02 03:00,0.0
Z39,2026-10-02 04:00,0.1
Z39,2026-10-02 05:00,0.1
Z39,2026-10-02 06:00,0.0
Z39,2026-10-02 07:00,0.2
Z39,2026-10-02 08:00,0.1
Z39,2026-10-02 09:00,0.8
Z39,2026-10-02 10:00,0.2
Z39,2026-10-02 11:00,0.1
Z39,2026-10-02 12:00,0.0
Z39,2026-10-02 13:00,0.0
Z39,2026-10-02 14:00,0.0
Z39,2026-10-02 15:00,0.0
Z39,2026-10-02 16:00,0.0
Z39,2026-10-02 17:00,0.0
Z39,2026-10-02 18:00,0.0
Z39,2026-10-02 19:00,0.0
Z39,2026-10-02 20:00,0.7
Z39,2026-10-02 21:00,0.1
Z39,2026-10-02 22:00,0.0
Z39,2026-10-02 23:00,0.0
Z39,2026-10-03 00:00,0.0
Z39,2026-10-03 01:00,0.1
Z39,2026-10-03 02:00,0.2
Z39,2026-10-03 03:00,0.0
Z39,2026-10-03 04:00,0.1
Z39,2026-10-03 05:00,0.1
Z39,2026-10-03 06:00,0.4
Z39,2026-10-03 07:00,0.2
Z39,2026-10-03 08:00,0.0
Z39,2026-10-03 09:00,0.1
Z39,2026-10-03 10:00,0.0
Z39,2026-10-03 11:00,0.0
Z39,2026-10-03 12:00,0.0
Z39,2026-10-03 13:00,0.2
Z39,2026-10-03 14:00,0.0
Z39,2026-10-03 15:00,0.0
Z39,2026-10-03 16:00,0.0
Z39,2026-10-03 17:00,0.0
Z39,2026-10-03 18:00,0.0
Z39,2026-10-03 19:00,0.1
Z39,2026-10-03 20:00,0.0
Z39,2026-10-03 21:00,0.0
Z39,2026-10-03 22:00,0.1
Z39,2026-10-03 23:00,0.0
Z39,2026-10-04 00:00,0.0
Z39,2026-10-04 01:00,0.0
Z39,2026-10-04 02:00,0.0
Z39,2026-10-04 03:00,0.0
Z39,2026-10-04 04:00,0.3
Z39,2026-10-04 05:00,0.6
Z39,2026-10-04 06:00,0.3
Z39,2026-10-04 07:00,0.1
Z39,2026-10-04 08:00,0.3
Z39,2026-10-04 09:00,0.1
Z39,2026-10-04 10:00,1.0
Z39,2026-10-04 11:00,0.1
Z39,2026-10-04 12:00,0.0
Z39,2026-10-04 13:00,0.0
Z39,2026-10-04 14:00,0.0
Z39,2026-10-04 15:00,0.1
Z39,2026-10-04 16:00,0.0
Z39,2026-10-04 17:00,0.1
Z39,2026-10-04 18:00,0.0
Z39,2026-10-04 19:00,0.0
Z39,2026-10-04 20:00,0.0
Z39,2026-10-04 21:00,0.0
Z39,2026-10-04 22:00,0.0
Z39,2026-10-04 23:00,0.0
Z40,2026-10-01 00:00,0.0
Z40,2026-10-01 01:00,0.0
Z40,2026-10-01 02:00,0.3
Z40,2026-10-01 03:00,0.2
Z40,2026-10-01 04:00,0.1
Z40,2026-10-01 05:00,0.0
Z40,2026-10-01 06:00,0.0
Z40,2026-10-01 07:00,0.3
Z40,2026-10-01 08:00,0.9
Z40,2026-10-01 09:00,0.8
Z40,2026-10-01 10:00,0.8
Z40,2026-10-01 11:00,1.0
Z40,2026-10-01 12:00,2.4
Z40,2026-10-01 13:00,0.5
Z40,2026-10-01 14:00,0.0
Z40,2026-10-01 15:00,0.0
Z40,2026-10-01 16:00,0.0
Z40,2026-10-01 17:00,0.0
Z40,2026-10-01 18:00,0.1
Z40,2026-10-01 19:00,0.0
Z40,2026-10-01 20:00,0.0
Z40,2026-10-01 21:00,0.1
Z40,2026-10-01 22:00,0.2
Z40,2026-10-01 23:00,0.1
Z40,2026-10-02 00:00,0.2
Z40,2026-10-02 01:00,0.0
Z40,2026-10-02 02:00,0.0
Z40,2026-10-02 03:00,0.0
Z40,2026-10-02 04:00,0.3
Z40,2026-10-02 05:00,0.5
Z40,2026-10-02 06:00,1.1
Z40,2026-10-02 07:00,0.8
Z40,2026-10-02 08:00,0.7
Z40,2026-10-02 09:00,0.3
Z40,2026-10-02 10:00,0.1
Z40,2026-10-02 11:00,0.0
Z40,2026-10-02 12:00,0.0
Z40,2026-10-02 13:00,0.2
Z40,2026-10-02 14:00,0.6
Z40,2026-10-02 15:00,0.2
Z40,2026-10-02 16:00,0.5
Z40,2026-10-02 17:00,0.5
Z40,2026-10-02 18:00,0.6
Z40,2026-10-02 19:00,0.0
Z40,2026-10-02 20:00,0.1
Z40,2026-10-02 21:00,0.2
Z40,2026-10-02 22:00,0.3
Z40,2026-10-02 23:00,0.2
Z40,2026-10-03 00:00,0.2
Z40,2026-10-03 01:00,0.0
Z40,2026-10-03 02:00,0.0
Z40,2026-10-03 03:00,0.0
Z40,2026-10-03 04:00,0.0
Z40,2026-10-03 05:00,0.0
Z40,2026-10-03 06:00,0.1
Z40,2026-10-03 07:00,0.4
Z40,2026-10-03 08:00,0.5
Z40,2026-10-03 09:00,0.4
Z40,2026-10-03 10:00,0.2
Z40,2026-10-03 11:00,0.0
Z40,2026-10-03 12:00,0.4
Z40,2026-10-03 13:00,0.0
Z40,2026-10-03 14:00,0.7
Z40,2026-10-03 15:00,0.9
Z40,2026-10-03 16:00,0.2
Z40,2026-10-03 17:00,0.1
Z40,2026-10-03 18:00,0.2
Z40,2026-10-03 19:00,0.0
Z40,2026-10-03 20:00,0.1
Z40,2026-10-03 21:00,0.0
Z40,2026-10-03 22:00,0.0
Z40,2026-10-03 23:00,0.0
Z40,2026-10-04 00:00,0.0
Z40,2026-10-04 01:00,0.3
Z40,2026-10-04 02:00,0.7
Z40,2026-10-04 03:00,0.2
Z40,2026-10-04 04:00,0.0
Z40,2026-10-04 05:00,0.2
Z40,2026-10-04 06:00,0.5
Z40,2026-10-04 07:00,0.4
Z40,2026-10-04 08:00,0.2
Z40,2026-10-04 09:00,0.4
Z40,2026-10-04 10:00,0.8
Z40,2026-10-04 11:00,0.5
Z40,2026-10-04 12:00,0.1
Z40,2026-10-04 13:00,0.2
Z40,2026-10-04 14:00,0.3
Z40,2026-10-04 15:00,0.6
Z40,2026-10-04 16:00,0.2
Z40,2026-10-04 17:00,0.0
Z40,2026-10-04 18:00,0.0
Z40,2026-10-04 19:00,0.1
Z40,2026-10-04 20:00,0.0
Z40,2026-10-04 21:00,0.1
Z40,2026-10-04 22:00,0.1
Z40,2026-10-04 23:00,0.1
Z41,2026-10-01 00:00,0.0
Z41,2026-10-01 01:00,0.3
Z41,2026-10-01 02:00,0.9
Z41,2026-10-01 03:00,0.7
Z41,2026-10-01 04:00,1.0
Z41,2026-10-01 05:00,2.8
Z41,2026-10-01 06:00,2.1
Z41,2026-10-01 07:00,0.6
Z41,2026-10-01 08:00,0.9
Z41,2026-10-01 09:00,0.5
Z41,2026-10-01 10:00,0.5
Z41,2026-10-01 11:00,0.3
Z41,2026-10-01 12:00,0.9
Z41,2026-10-01 13:00,0.1
Z41,2026-10-01 14:00,0.1
Z41,2026-10-01 15:00,0.1
Z41,2026-10-01 16:00,0.2
Z41,2026-10-01 17:00,0.0
Z41,2026-10-01 18:00,0.0
Z41,2026-10-01 19:00,0.0
Z41,2026-10-01 20:00,0.0
Z41,2026-10-01 21:00,0.0
Z41,2026-10-01 22:00,0.0
Z41,2026-10-01 23:00,0.0
Z41,2026-10-02 00:00,0.0
Z41,2026-10-02 01:00,0.4
Z41,2026-10-02 02:00,0.1
Z41,2026-10-02 03:00,0.1
Z41,2026-10-02 04:00,0.1
Z41,2026-10-02 05:00,0.2
Z41,2026-10-02 06:00,1.2
Z41,2026-10-02 07:00,0.0
Z41,2026-10-02 08:00,0.0
Z41,2026-10-02 09:00,0.0
Z41,2026-10-02 10:00,0.0
Z41,2026-10-02 11:00,0.0
Z41,2026-10-02 12:00,0.0
Z41,2026-10-02 13:00,0.0
Z41,2026-10-02 14:00,0.0
Z41,2026-10-02 15:00,0.0
Z41,2026-10-02 16:00,0.0
Z41,2026-10-02 17:00,0.0
Z41,2026-10-02 18:00,0.0
Z41,2026-10-02 19:00,0.0
Z41,2026-10-02 20:00,0.0
Z41,2026-10-02 21:00,0.0
Z41,2026-10-02 22:00,0.0
Z41,2026-10-02 23:00,0.0
Z41,2026-10-03 00:00,0.0
Z41,2026-10-03 01:00,0.0
Z41,2026-10-03 02:00,0.0
Z41,2026-10-03 03:00,0.3
Z41,2026-10-03 04:00,1.9
Z41,2026-10-03 05:00,3.7
Z41,2026-10-03 06:00,0.2
Z41,2026-10-03 07:00,0.4
Z41,2026-10-03 08:00,0.1
Z41,2026-10-03 09:00,0.0
Z41,2026-10-03 10:00,0.0
Z41,2026-10-03 11:00,0.0
Z41,2026-10-03 12:00,0.1
Z41,2026-10-03 13:00,0.0
Z41,2026-10-03 14:00,0.1
Z41,2026-10-03 15:00,0.0
Z41,2026-10-03 16:00,0.0
Z41,2026-10-03 17:00,0.0
Z41,2026-10-03 18:00,0.0
Z41,2026-10-03 19:00,0.0
Z41,2026-10-03 20:00,0.0
Z41,2026-10-03 21:00,0.1
Z41,2026-10-03 22:00,0.0
Z41,2026-10-03 23:00,0.1
Z41,2026-10-04 00:00,0.0
Z41,2026-10-04 01:00,0.1
Z41,2026-10-04 02:00,0.7
Z41,2026-10-04 03:00,3.6
Z41,2026-10-04 04:00,2.5
Z41,2026-10-04 05:00,1.0
Z41,2026-10-04 06:00,0.8
Z41,2026-10-04 07:00,2.2
Z41,2026-10-04 08:00,0.6
Z41,2026-10-04 09:00,2.7
Z41,2026-10-04 10:00,0.6
Z41,2026-10-04 11:00,0.5
Z41,2026-10-04 12:00,0.2
Z41,2026-10-04 13:00,0.4
Z41,2026-10-04 14:00,0.4
Z41,2026-10-04 15:00,0.1
Z41,2026-10-04 16:00,0.0
Z41,2026-10-04 17:00,0.1
Z41,2026-10-04 18:00,0.1
Z41,2026-10-04 19:00,0.1
Z41,2026-10-04 20:00,0.0
Z41,2026-10-04 21:00,0.0
Z41,2026-10-04 22:00,0.0
Z41,2026-10-04 23:00,0.1
Z42,2026-10-01 00:00,0.0
Z42,2026-10-01 01:00,0.3
Z42,2026-10-01 02:00,0.8
Z42,2026-10-01 03:00,0.7
Z42,2026-10-01 04:00,0.5
Z42,2026-10-01 05:00,0.5
Z42,2026-10-01 06:00,0.6
Z42,2026-10-01 07:00,0.5
Z42,2026-10-01 08:00,0.3
Z42,2026-10-01 09:00,0.4
Z42,2026-10-01 10:00,0.4
Z42,2026-10-01 11:00,0.3
Z42,2026-10-01 12:00,0.5
Z42,2026-10-01 13:00,0.0
Z42,2026-10-01 14:00,0.0
Z42,2026-10-01 15:00,0.0
Z42,2026-10-01 16:00,0.0
Z42,2026-10-01 17:00,0.0
Z42,2026-10-01 18:00,0.0
Z42,2026-10-01 19:00,0.1
Z42,2026-10-01 20:00,0.0
Z42,2026-10-01 21:00,0.1
Z42,2026-10-01 22:00,0.0
Z42,2026-10-01 23:00,0.0
Z42,2026-10-02 00:00,0.0
Z42,2026-10-02 01:00,0.1
Z42,2026-10-02 02:00,0.0
Z42,2026-10-02 03:00,0.0
Z42,2026-10-02 04:00,0.1
Z42,2026-10-02 05:00,0.1
Z42,2026-10-02 06:00,0.1
Z42,2026-10-02 07:00,0.3
Z42,2026-10-02 08:00,0.1
Z42,2026-10-02 09:00,0.0
Z42,2026-10-02 10:00,0.0
Z42,2026-10-02 11:00,0.0
Z42,2026-10-02 12:00,0.0
Z42,2026-10-02 13:00,0.0
Z42,2026-10-02 14:00,0.0
Z42,2026-10-02 15:00,0.0
Z42,2026-10-02 16:00,0.0
Z42,2026-10-02 17:00,0.0
Z42,2026-10-02 18:00,0.0
Z42,2026-10-02 19:00,0.0
Z42,2026-10-02 20:00,0.0
Z42,2026-10-02 21:00,0.0
Z42,2026-10-02 22:00,0.0
Z42,2026-10-02 23:00,0.0
Z42,2026-10-03 00:00,0.0
Z42,2026-10-03 01:00,0.6
Z42,2026-10-03 02:00,1.3
Z42,2026-10-03 03:00,0.9
Z42,2026-10-03 04:00,0.1
Z42,2026-10-03 05:00,0.1
Z42,2026-10-03 06:00,0.1
Z42,2026-10-03 07:00,0.2
Z42,2026-10-03 08:00,0.1
Z42,2026-10-03 09:00,0.0
Z42,2026-10-03 10:00,0.0
Z42,2026-10-03 11:00,0.0
Z42,2026-10-03 12:00,0.0
Z42,2026-10-03 13:00,0.0
Z42,2026-10-03 14:00,0.0
Z42,2026-10-03 15:00,0.0
Z42,2026-10-03 16:00,0.0
Z42,2026-10-03 17:00,0.0
Z42,2026-10-03 18:00,0.0
Z42,2026-10-03 19:00,0.0
Z42,2026-10-03 20:00,0.0
Z42,2026-10-03 21:00,0.0
Z42,2026-10-03 22:00,0.0
Z42,2026-10-03 23:00,0.0
Z42,2026-10-04 00:00,0.0
Z42,2026-10-04 01:00,0.0
Z42,2026-10-04 02:00,0.0
Z42,2026-10-04 03:00,0.0
Z42,2026-10-04 04:00,0.0
Z42,2026-10-04 05:00,0.0
Z42,2026-10-04 06:00,0.0
Z42,2026-10-04 07:00,0.0
Z42,2026-10-04 08:00,0.0
Z42,2026-10-04 09:00,0.0
Z42,2026-10-04 10:00,0.0
Z42,2026-10-04 11:00,0.0
Z42,2026-10-04 12:00,0.0
Z42,2026-10-04 13:00,0.0
Z42,2026-10-04 14:00,0.0
Z42,2026-10-04 15:00,0.0
Z42,2026-10-04 16:00,0.0
Z42,2026-10-04 17:00,0.0
Z42,2026-10-04 18:00,0.0
Z42,2026-10-04 19:00,0.0
Z42,2026-10-04 20:00,0.0
Z42,2026-10-04 21:00,0.0
Z42,2026-10-04 22:00,0.0
Z42,2026-10-04 23:00,0.0
Z43,2026-10-01 00:00,0.0
Z43,2026-10-01 01:00,0.0
Z43,2026-10-01 02:00,0.3
Z43,2026-10-01 03:00,0.4
Z43,2026-10-01 04:00,0.0
Z43,2026-10-01 05:00,0.0
Z43,2026-10-01 06:00,0.1
Z43,2026-10-01 07:00,0.1
Z43,2026-10-01 08:00,0.2
Z43,2026-10-01 09:00,0.0
Z43,2026-10-01 10:00,0.1
Z43,2026-10-01 11:00,0.0
Z43,2026-10-01 12:00,0.0
Z43,2026-10-01 13:00,0.2
Z43,2026-10-01 14:00,0.1
Z43,2026-10-01 15:00,0.0
Z43,2026-10-01 16:00,0.0
Z43,2026-10-01 17:00,0.0
Z43,2026-10-01 18:00,0.0
Z43,2026-10-01 19:00,0.0
Z43,2026-10-01 20:00,0.0
Z43,2026-10-01 21:00,0.0
Z43,2026-10-01 22:00,0.0
Z43,2026-10-01 23:00,0.0
Z43,2026-10-02 00:00,0.0
Z43,2026-10-02 01:00,0.0
Z43,2026-10-02 02:00,0.0
Z43,2026-10-02 03:00,0.0
Z43,2026-10-02 04:00,0.0
Z43,2026-10-02 05:00,0.0
Z43,2026-10-02 06:00,0.0
Z43,2026-10-02 07:00,0.0
Z43,2026-10-02 08:00,0.1
Z43,2026-10-02 09:00,0.1
Z43,2026-10-02 10:00,0.0
Z43,2026-10-02 11:00,0.0
Z43,2026-10-02 12:00,0.0
Z43,2026-10-02 13:00,0.2
Z43,2026-10-02 14:00,0.1
Z43,2026-10-02 15:00,0.0
Z43,2026-10-02 16:00,0.0
Z43,2026-10-02 17:00,0.0
Z43,2026-10-02 18:00,0.0
Z43,2026-10-02 19:00,0.0
Z43,2026-10-02 20:00,0.0
Z43,2026-10-02 21:00,0.0
Z43,2026-10-02 22:00,0.0
Z43,2026-10-02 23:00,0.0
Z43,2026-10-03 00:00,0.0
Z43,2026-10-03 01:00,0.0
Z43,2026-10-03 02:00,0.0
Z43,2026-10-03 03:00,0.0
Z43,2026-10-03 04:00,0.0
Z43,2026-10-03 05:00,0.0
Z43,2026-10-03 06:00,0.0
Z43,2026-10-03 07:00,0.0
Z43,2026-10-03 08:00,0.0
Z43,2026-10-03 09:00,0.0
Z43,2026-10-03 10:00,0.0
Z43,2026-10-03 11:00,0.0
Z43,2026-10-03 12:00,0.0
Z43,2026-10-03 13:00,0.0
Z43,2026-10-03 14:00,0.3
Z43,2026-10-03 15:00,0.2
Z43,2026-10-03 16:00,0.0
Z43,2026-10-03 17:00,0.0
Z43,2026-10-03 18:00,0.0
Z43,2026-10-03 19:00,0.1
Z43,2026-10-03 20:00,0.0
Z43,2026-10-03 21:00,0.6
Z43,2026-10-03 22:00,0.8
Z43,2026-10-03 23:00,0.0
Z43,2026-10-04 00:00,0.0
Z43,2026-10-04 01:00,0.0
Z43,2026-10-04 02:00,0.0
Z43,2026-10-04 03:00,0.1
Z43,2026-10-04 04:00,0.1
Z43,2026-10-04 05:00,0.1
Z43,2026-10-04 06:00,0.0
Z43,2026-10-04 07:00,0.0
Z43,2026-10-04 08:00,0.0
Z43,2026-10-04 09:00,1.2
Z43,2026-10-04 10:00,1.9
Z43,2026-10-04 11:00,0.1
Z43,2026-10-04 12:00,0.0
Z43,2026-10-04 13:00,0.0
Z43,2026-10-04 14:00,0.0
Z43,2026-10-04 15:00,0.0
Z43,2026-10-04 16:00,0.0
Z43,2026-10-04 17:00,0.0
Z43,2026-10-04 18:00,0.0
Z43,2026-10-04 19:00,0.2
Z43,2026-10-04 20:00,0.2
Z43,2026-10-04 21:00,0.2
Z43,2026-10-04 22:00,0.2
Z43,2026-10-04 23:00,0.1
Z44,2026-10-01 00:00,0.0
Z44,2026-10-01 01:00,0.0
Z44,2026-10-01 02:00,0.0
Z44,2026-10-01 03:00,0.0
Z44,2026-10-01 04:00,0.0
Z44,2026-10-01 05:00,0.0
Z44,2026-10-01 06:00,0.1
Z44,2026-10-01 07:00,0.1
Z44,2026-10-01 08:00,0.0
Z44,2026-10-01 09:00,0.0
Z44,2026-10-01 10:00,0.0
Z44,2026-10-01 11:00,0.0
Z44,2026-10-01 12:00,0.0
Z44,2026-10-01 13:00,0.0
Z44,2026-10-01 14:00,0.0
Z44,2026-10-01 15:00,0.0
Z44,2026-10-01 16:00,0.0
Z44,2026-10-01 17:00,0.0
Z44,2026-10-01 18:00,0.0
Z44,2026-10-01 19:00,0.0
Z44,2026-10-01 20:00,0.0
Z44,2026-10-01 21:00,0.0
Z44,2026-10-01 22:00,0.0
Z44,2026-10-01 23:00,0.0
Z44,2026-10-02 00:00,0.0
Z44,2026-10-02 01:00,0.0
Z44,2026-10-02 02:00,0.0
Z44,2026-10-02 03:00,0.0
Z44,2026-10-02 04:00,0.0
Z44,2026-10-02 05:00,0.0
Z44,2026-10-02 06:00,0.4
Z44,2026-10-02 07:00,0.2
Z44,2026-10-02 08:00,0.3
Z44,2026-10-02 09:00,0.2
Z44,2026-10-02 10:00,0.2
Z44,2026-10-02 11:00,0.2
Z44,2026-10-02 12:00,0.1
Z44,2026-10-02 13:00,0.1
Z44,2026-10-02 14:00,0.1
Z44,2026-10-02 15:00,0.0
Z44,2026-10-02 16:00,0.0
Z44,2026-10-02 17:00,0.0
Z44,2026-10-02 18:00,0.0
Z44,2026-10-02 19:00,0.1
Z44,2026-10-02 20:00,0.0
Z44,2026-10-02 21:00,0.0
Z44,2026-10-02 22:00,0.0
Z44,2026-10-02 23:00,0.0
Z44,2026-10-03 00:00,0.0
Z44,2026-10-03 01:00,0.0
Z44,2026-10-03 02:00,0.0
Z44,2026-10-03 03:00,0.0
Z44,2026-10-03 04:00,0.0
Z44,2026-10-03 05:00,0.0
Z44,2026-10-03 06:00,0.2
Z44,2026-10-03 07:00,0.3
Z44,2026-10-03 08:00,0.3
Z44,2026-10-03 09:00,0.2
Z44,2026-10-03 10:00,0.2
Z44,2026-10-03 11:00,0.1
Z44,2026-10-03 12:00,0.1
Z44,2026-10-03 13:00,0.0
Z44,2026-10-03 14:00,0.1
Z44,2026-10-03 15:00,0.1
Z44,2026-10-03 16:00,0.1
Z44,2026-10-03 17:00,0.1
Z44,2026-10-03 18:00,0.2
Z44,2026-10-03 19:00,0.2
Z44,2026-10-03 20:00,0.1
Z44,2026-10-03 21:00,0.0
Z44,2026-10-03 22:00,0.1
Z44,2026-10-03 23:00,0.0
Z44,2026-10-04 00:00,0.0
Z44,2026-10-04 01:00,0.1
Z44,2026-10-04 02:00,0.0
Z44,2026-10-04 03:00,0.0
Z44,2026-10-04 04:00,0.1
Z44,2026-10-04 05:00,0.1
Z44,2026-10-04 06:00,0.3
Z44,2026-10-04 07:00,0.5
Z44,2026-10-04 08:00,1.1
Z44,2026-10-04 09:00,0.5
Z44,2026-10-04 10:00,0.6
Z44,2026-10-04 11:00,0.3
Z44,2026-10-04 12:00,0.2
Z44,2026-10-04 13:00,0.7
Z44,2026-10-04 14:00,0.7
Z44,2026-10-04 15:00,0.2
Z44,2026-10-04 16:00,0.0
Z44,2026-10-04 17:00,0.0
Z44,2026-10-04 18:00,0.0
Z44,2026-10-04 19:00,0.0
Z44,2026-10-04 20:00,0.0
Z44,2026-10-04 21:00,0.0
Z44,2026-10-04 22:00,0.0
Z44,2026-10-04 23:00,0.0
Z45,2026-10-01 00:00,0.0
Z45,2026-10-01 01:00,1.3
Z45,2026-10-01 02:00,0.9
Z45,2026-10-01 03:00,0.7
Z45,2026-10-01 04:00,0.6
Z45,2026-10-01 05:00,1.4
Z45,2026-10-01 06:00,2.4
Z45,2026-10-01 07:00,0.6
Z45,2026-10-01 08:00,1.4
Z45,2026-10-01 09:00,0.3
Z45,2026-10-01 10:00,0.6
Z45,2026-10-01 11:00,0.0
Z45,2026-10-01 12:00,0.0
Z45,2026-10-01 13:00,0.0
Z45,2026-10-01 14:00,0.0
Z45,2026-10-01 15:00,0.0
Z45,2026-10-01 16:00,0.0
Z45,2026-10-01 17:00,0.0
Z45,2026-10-01 18:00,0.0
Z45,2026-10-01 19:00,0.0
Z45,2026-10-01 20:00,0.0
Z45,2026-10-01 21:00,0.0
Z45,2026-10-01 22:00,0.0
Z45,2026-10-01 23:00,0.0
Z45,2026-10-02 00:00,0.0
Z45,2026-10-02 01:00,0.1
Z45,2026-10-02 02:00,0.0
Z45,2026-10-02 03:00,0.1
Z45,2026-10-02 04:00,0.1
Z45,2026-10-02 05:00,0.1
Z45,2026-10-02 06:00,0.1
Z45,2026-10-02 07:00,0.5
Z45,2026-10-02 08:00,0.1
Z45,2026-10-02 09:00,0.0
Z45,2026-10-02 10:00,0.0
Z45,2026-10-02 11:00,0.0
Z45,2026-10-02 12:00,0.0
Z45,2026-10-02 13:00,0.0
Z45,2026-10-02 14:00,0.0
Z45,2026-10-02 15:00,0.0
Z45,2026-10-02 16:00,0.0
Z45,2026-10-02 17:00,0.0
Z45,2026-10-02 18:00,0.0
Z45,2026-10-02 19:00,0.1
Z45,2026-10-02 20:00,0.0
Z45,2026-10-02 21:00,0.0
Z45,2026-10-02 22:00,0.0
Z45,2026-10-02 23:00,0.0
Z45,2026-10-03 00:00,0.0
Z45,2026-10-03 01:00,0.0
Z45,2026-10-03 02:00,0.0
Z45,2026-10-03 03:00,0.1
Z45,2026-10-03 04:00,0.3
Z45,2026-10-03 05:00,0.4
Z45,2026-10-03 06:00,0.4
Z45,2026-10-03 07:00,0.2
Z45,2026-10-03 08:00,0.0
Z45,2026-10-03 09:00,0.0
Z45,2026-10-03 10:00,0.0
Z45,2026-10-03 11:00,0.0
Z45,2026-10-03 12:00,0.0
Z45,2026-10-03 13:00,0.0
Z45,2026-10-03 14:00,0.0
Z45,2026-10-03 15:00,0.0
Z45,2026-10-03 16:00,0.0
Z45,2026-10-03 17:00,0.0
Z45,2026-10-03 18:00,0.0
Z45,2026-10-03 19:00,0.0
Z45,2026-10-03 20:00,0.0
Z45,2026-10-03 21:00,0.0
Z45,2026-10-03 22:00,0.0
Z45,2026-10-03 23:00,0.0
Z45,2026-10-04 00:00,0.0
Z45,2026-10-04 01:00,0.0
Z45,2026-10-04 02:00,0.0
Z45,2026-10-04 03:00,0.0
Z45,2026-10-04 04:00,0.0
Z45,2026-10-04 05:00,0.0
Z45,2026-10-04 06:00,0.1
Z45,2026-10-04 07:00,0.1
Z45,2026-10-04 08:00,0.1
Z45,2026-10-04 09:00,0.0
Z45,2026-10-04 10:00,0.0
Z45,2026-10-04 11:00,0.0
Z45,2026-10-04 12:00,0.0
Z45,2026-10-04 13:00,0.0
Z45,2026-10-04 14:00,0.0
Z45,2026-10-04 15:00,0.0
Z45,2026-10-04 16:00,0.0
Z45,2026-10-04 17:00,0.0
Z45,2026-10-04 18:00,0.0
Z45,2026-10-04 19:00,0.0
Z45,2026-10-04 20:00,0.0
Z45,2026-10-04 21:00,0.0
Z45,2026-10-04 22:00,0.0
Z45,2026-10-04 23:00,0.0
Z46,2026-10-01 00:00,1.7
Z46,2026-10-01 01:00,1.6
Z46,2026-10-01 02:00,0.8
Z46,2026-10-01 03:00,1.5
Z46,2026-10-01 04:00,0.7
Z46,2026-10-01 05:00,0.4
Z46,2026-10-01 06:00,0.6
Z46,2026-10-01 07:00,0.4
Z46,2026-10-01 08:00,2.8
Z46,2026-10-01 09:00,0.9
Z46,2026-10-01 10:00,0.6
Z46,2026-10-01 11:00,0.2
Z46,2026-10-01 12:00,0.0
Z46,2026-10-01 13:00,0.0
Z46,2026-10-01 14:00,0.1
Z46,2026-10-01 15:00,0.2
Z46,2026-10-01 16:00,0.2
Z46,2026-10-01 17:00,0.7
Z46,2026-10-01 18:00,0.6
Z46,2026-10-01 19:00,2.8
Z46,2026-10-01 20:00,0.4
Z46,2026-10-01 21:00,0.0
Z46,2026-10-01 22:00,0.0
Z46,2026-10-01 23:00,0.0
Z46,2026-10-02 00:00,0.0
Z46,2026-10-02 01:00,0.0
Z46,2026-10-02 02:00,0.0
Z46,2026-10-02 03:00,0.0
Z46,2026-10-02 04:00,0.0
Z46,2026-10-02 05:00,0.2
Z46,2026-10-02 06:00,0.3
Z46,2026-10-02 07:00,0.3
Z46,2026-10-02 08:00,0.2
Z46,2026-10-02 09:00,0.1
Z46,2026-10-02 10:00,0.0
Z46,2026-10-02 11:00,0.0
Z46,2026-10-02 12:00,0.0
Z46,2026-10-02 13:00,0.0
Z46,2026-10-02 14:00,0.0
Z46,2026-10-02 15:00,0.0
Z46,2026-10-02 16:00,0.0
Z46,2026-10-02 17:00,0.6
Z46,2026-10-02 18:00,0.8
Z46,2026-10-02 19:00,3.4
Z46,2026-10-02 20:00,5.5
Z46,2026-10-02 21:00,0.3
Z46,2026-10-02 22:00,0.1
Z46,2026-10-02 23:00,0.0
Z46,2026-10-03 00:00,0.0
Z46,2026-10-03 01:00,0.0
Z46,2026-10-03 02:00,0.0
Z46,2026-10-03 03:00,0.0
Z46,2026-10-03 04:00,0.2
Z46,2026-10-03 05:00,0.3
Z46,2026-10-03 06:00,0.1
Z46,2026-10-03 07:00,0.2
Z46,2026-10-03 08:00,0.1
Z46,2026-10-03 09:00,0.2
Z46,2026-10-03 10:00,0.0
Z46,2026-10-03 11:00,0.0
Z46,2026-10-03 12:00,0.0
Z46,2026-10-03 13:00,0.0
Z46,2026-10-03 14:00,0.0
Z46,2026-10-03 15:00,0.0
Z46,2026-10-03 16:00,0.0
Z46,2026-10-03 17:00,0.0
Z46,2026-10-03 18:00,0.0
Z46,2026-10-03 19:00,0.0
Z46,2026-10-03 20:00,0.1
Z46,2026-10-03 21:00,0.0
Z46,2026-10-03 22:00,0.0
Z46,2026-10-03 23:00,0.0
Z46,2026-10-04 00:00,0.0
Z46,2026-10-04 01:00,0.0
Z46,2026-10-04 02:00,0.0
Z46,2026-10-04 03:00,0.1
Z46,2026-10-04 04:00,0.1
Z46,2026-10-04 05:00,0.1
Z46,2026-10-04 06:00,0.0
Z46,2026-10-04 07:00,0.0
Z46,2026-10-04 08:00,0.0
Z46,2026-10-04 09:00,0.0
Z46,2026-10-04 10:00,0.3
Z46,2026-10-04 11:00,0.2
Z46,2026-10-04 12:00,0.0
Z46,2026-10-04 13:00,0.0
Z46,2026-10-04 14:00,0.0
Z46,2026-10-04 15:00,0.0
Z46,2026-10-04 16:00,0.0
Z46,2026-10-04 17:00,0.0
Z46,2026-10-04 18:00,0.0
Z46,2026-10-04 19:00,0.0
Z46,2026-10-04 20:00,0.0
Z46,2026-10-04 21:00,0.0
Z46,2026-10-04 22:00,0.0
Z46,2026-10-04 23:00,0.0
Z47,2026-10-01 00:00,0.0
Z47,2026-10-01 01:00,0.3
Z47,2026-10-01 02:00,0.4
Z47,2026-10-01 03:00,0.5
Z47,2026-10-01 04:00,0.2
Z47,2026-10-01 05:00,0.3
Z47,2026-10-01 06:00,1.8
Z47,2026-10-01 07:00,2.4
Z47,2026-10-01 08:00,2.5
Z47,2026-10-01 09:00,1.9
Z47,2026-10-01 10:00,0.9
Z47,2026-10-01 11:00,1.6
Z47,2026-10-01 12:00,0.5
Z47,2026-10-01 13:00,0.1
Z47,2026-10-01 14:00,0.0
Z47,2026-10-01 15:00,0.0
Z47,2026-10-01 16:00,0.0
Z47,2026-10-01 17:00,0.0
Z47,2026-10-01 18:00,0.1
Z47,2026-10-01 19:00,0.2
Z47,2026-10-01 20:00,0.1
Z47,2026-10-01 21:00,0.1
Z47,2026-10-01 22:00,0.0
Z47,2026-10-01 23:00,0.4
Z47,2026-10-02 00:00,1.8
Z47,2026-10-02 01:00,0.0
Z47,2026-10-02 02:00,0.1
Z47,2026-10-02 03:00,0.3
Z47,2026-10-02 04:00,0.2
Z47,2026-10-02 05:00,1.0
Z47,2026-10-02 06:00,0.9
Z47,2026-10-02 07:00,0.5
Z47,2026-10-02 08:00,0.5
Z47,2026-10-02 09:00,0.5
Z47,2026-10-02 10:00,0.1
Z47,2026-10-02 11:00,0.2
Z47,2026-10-02 12:00,0.0
Z47,2026-10-02 13:00,0.0
Z47,2026-10-02 14:00,0.1
Z47,2026-10-02 15:00,0.1
Z47,2026-10-02 16:00,0.0
Z47,2026-10-02 17:00,0.0
Z47,2026-10-02 18:00,0.0
Z47,2026-10-02 19:00,0.0
Z47,2026-10-02 20:00,0.0
Z47,2026-10-02 21:00,0.0
Z47,2026-10-02 22:00,0.0
Z47,2026-10-02 23:00,0.0
Z47,2026-10-03 00:00,0.0
Z47,2026-10-03 01:00,0.0
Z47,2026-10-03 02:00,0.0
Z47,2026-10-03 03:00,0.2
Z47,2026-10-03 04:00,0.1
Z47,2026-10-03 05:00,0.3
Z47,2026-10-03 06:00,0.5
Z47,2026-10-03 07:00,0.0
Z47,2026-10-03 08:00,0.0
Z47,2026-10-03 09:00,0.0
Z47,2026-10-03 10:00,0.0
Z47,2026-10-03 11:00,0.0
Z47,2026-10-03 12:00,0.0
Z47,2026-10-03 13:00,0.0
Z47,2026-10-03 14:00,0.0
Z47,2026-10-03 15:00,0.0
Z47,2026-10-03 16:00,0.0
Z47,2026-10-03 17:00,0.0
Z47,2026-10-03 18:00,0.0
Z47,2026-10-03 19:00,0.2
Z47,2026-10-03 20:00,0.0
Z47,2026-10-03 21:00,0.0
Z47,2026-10-03 22:00,0.0
Z47,2026-10-03 23:00,0.0
Z47,2026-10-04 00:00,0.0
Z47,2026-10-04 01:00,0.0
Z47,2026-10-04 02:00,0.0
Z47,2026-10-04 03:00,0.1
Z47,2026-10-04 04:00,0.2
Z47,2026-10-04 05:00,0.7
Z47,2026-10-04 06:00,0.7
Z47,2026-10-04 07:00,0.5
Z47,2026-10-04 08:00,0.1
Z47,2026-10-04 09:00,0.1
Z47,2026-10-04 10:00,0.1
Z47,2026-10-04 11:00,0.0
Z47,2026-10-04 12:00,0.0
Z47,2026-10-04 13:00,0.0
Z47,2026-10-04 14:00,0.0
Z47,2026-10-04 15:00,0.0
Z47,2026-10-04 16:00,0.0
Z47,2026-10-04 17:00,0.0
Z47,2026-10-04 18:00,0.0
Z47,2026-10-04 19:00,0.0
Z47,2026-10-04 20:00,0.1
Z47,2026-10-04 21:00,0.0
Z47,2026-10-04 22:00,0.0
Z47,2026-10-04 23:00,0.0
Z48,2026-10-01 00:00,0.4
Z48,2026-10-01 01:00,0.8
Z48,2026-10-01 02:00,0.6
Z48,2026-10-01 03:00,0.2
Z48,2026-10-01 04:00,0.0
Z48,2026-10-01 05:00,0.0
Z48,2026-10-01 06:00,0.0
Z48,2026-10-01 07:00,0.1
Z48,2026-10-01 08:00,0.1
Z48,2026-10-01 09:00,0.0
Z48,2026-10-01 10:00,0.0
Z48,2026-10-01 11:00,0.0
Z48,2026-10-01 12:00,0.0
Z48,2026-10-01 13:00,0.0
Z48,2026-10-01 14:00,0.0
Z48,2026-10-01 15:00,0.0
Z48,2026-10-01 16:00,0.0
Z48,2026-10-01 17:00,0.0
Z48,2026-10-01 18:00,0.0
Z48,2026-10-01 19:00,0.0
Z48,2026-10-01 20:00,0.0
Z48,2026-10-01 21:00,0.0
Z48,2026-10-01 22:00,0.0
Z48,2026-10-01 23:00,0.0
Z48,2026-10-02 00:00,0.0
Z48,2026-10-02 01:00,0.0
Z48,2026-10-02 02:00,0.0
Z48,2026-10-02 03:00,0.1
Z48,2026-10-02 04:00,0.0
Z48,2026-10-02 05:00,0.1
Z48,2026-10-02 06:00,0.1
Z48,2026-10-02 07:00,0.1
Z48,2026-10-02 08:00,0.2
Z48,2026-10-02 09:00,0.4
Z48,2026-10-02 10:00,0.3
Z48,2026-10-02 11:00,0.0
Z48,2026-10-02 12:00,0.0
Z48,2026-10-02 13:00,0.0
Z48,2026-10-02 14:00,0.0
Z48,2026-10-02 15:00,0.0
Z48,2026-10-02 16:00,0.0
Z48,2026-10-02 17:00,0.0
Z48,2026-10-02 18:00,0.0
Z48,2026-10-02 19:00,0.0
Z48,2026-10-02 20:00,0.0
Z48,2026-10-02 21:00,0.2
Z48,2026-10-02 22:00,0.1
Z48,2026-10-02 23:00,0.0
Z48,2026-10-03 00:00,0.1
Z48,2026-10-03 01:00,0.1
Z48,2026-10-03 02:00,0.0
Z48,2026-10-03 03:00,0.5
Z48,2026-10-03 04:00,0.2
Z48,2026-10-03 05:00,0.0
Z48,2026-10-03 06:00,0.1
Z48,2026-10-03 07:00,0.0
Z48,2026-10-03 08:00,0.1
Z48,2026-10-03 09:00,0.2
Z48,2026-10-03 10:00,0.3
Z48,2026-10-03 11:00,0.1
Z48,2026-10-03 12:00,0.0
Z48,2026-10-03 13:00,0.0
Z48,2026-10-03 14:00,0.0
Z48,2026-10-03 15:00,0.0
Z48,2026-10-03 16:00,0.0
Z48,2026-10-03 17:00,0.0
Z48,2026-10-03 18:00,0.0
Z48,2026-10-03 19:00,0.0
Z48,2026-10-03 20:00,0.0
Z48,2026-10-03 21:00,0.0
Z48,2026-10-03 22:00,0.1
Z48,2026-10-03 23:00,0.1
Z48,2026-10-04 00:00,0.0
Z48,2026-10-04 01:00,0.0
Z48,2026-10-04 02:00,0.0
Z48,2026-10-04 03:00,0.0
Z48,2026-10-04 04:00,0.0
Z48,2026-10-04 05:00,0.0
Z48,2026-10-04 06:00,0.0
Z48,2026-10-04 07:00,0.0
Z48,2026-10-04 08:00,0.0
Z48,2026-10-04 09:00,0.1
Z48,2026-10-04 10:00,0.3
Z48,2026-10-04 11:00,0.2
Z48,2026-10-04 12:00,0.0
Z48,2026-10-04 13:00,0.0
Z48,2026-10-04 14:00,0.0
Z48,2026-10-04 15:00,0.0
Z48,2026-10-04 16:00,0.0
Z48,2026-10-04 17:00,0.0
Z48,2026-10-04 18:00,0.0
Z48,2026-10-04 19:00,0.0
Z48,2026-10-04 20:00,0.0
Z48,2026-10-04 21:00,0.0
Z48,2026-10-04 22:00,0.0
Z48,2026-10-04 23:00,0.0
