rainfall_24h,slope,susceptibility,antecedent_rainfall,rainfall_1h,rainfall_3h,rainfall_6h,rainfall_12h,rainfall_48h,rainfall_72h,rainfall_7d,rainfall_intensity,trigger
15.327083334347167,43.17843402294681,29.296224042067244,139.47107562779618,3.5012587223709293,5.032814036459819,7.4953270378873365,13.183319808099506,26.84676522699333,30.938773805713417,170.4098494335096,1.2492211729812228,0
32.84305655551184,2.8711990325339976,47.31072810098047,95.44025797930149,1.009791535365527,6.299866568990579,23.54873332239316,31.373713068629122,43.63865430178609,45.27820877308131,140.7184667523828,3.9247888870655268,0
42.755985477444575,23.383486710183224,22.266741596049734,120.01577140657632,1.1244729067740014,25.092286801553445,33.26016905626797,33.26016905626797,66.4346863565212,92.83292443651234,212.84869584308865,5.543361509377995,0
71.12722918732395,15.728781730444437,13.133398748079827,84.72800371542809,21.214611912279302,36.41073762402421,56.045022400445,66.93359952572986,97.93220058647553,136.387478277767,221.1154819931951,9.340837066740834,0
73.1836449491035,16.609467434600866,9.634157543238464,27.610897027569923,9.580013859813805,7.5101455186173505,20.165397696230347,56.93857739594546,106.12520404044207,130.1760720671676,157.78696909473754,3.3608996160383913,1
7.95438791381053,4.4058824252132816,30.510737758737438,34.545213586053556,1.5005126162742117,3.2096490506770503,3.2096490506770503,4.77292573891224,10.079303944791812,12.01195889885648,46.55717248491004,0.534941508446175,0
140.99550090557904,37.79367171811357,62.96120238713369,31.487302482656712,40.23978010251098,80.73778820860555,80.73778820860555,139.59253637783223,227.92329882751017,315.99435229644973,347.48165477910646,13.456298034767592,1
58.716454881617906,45.030419572868766,67.83653079028876,44.89760174897016,16.88840696921438,33.15170138015428,44.46002719336127,44.46002719336127,82.39127344714616,104.38788173433545,149.2854834833056,7.410004532226878,0
40.919032184277995,18.92637296876379,28.286749791781496,98.21582879249583,1.9175333037173055,12.26407251375489,27.36423651192326,37.72146762217211,56.698250142232055,59.69931957881422,157.91514837131004,4.560706085320543,0
70.71830495771086,36.03733392600633,44.058120642827284,29.85858173809507,13.996848304371868,28.688793955284815,28.688793955284815,50.706160642328705,102.44922423624044,111.14856661077772,141.0071483488728,4.781465659214136,1
103.57653976840784,30.848838433598093,62.845987920514226,97.28806383523255,30.864958638781616,42.276381406581834,47.95840665684676,77.76771635561578,181.25901084262438,228.78306972620288,326.07113356143543,7.993067776141127,1
35.63591991538585,59.60260345054431,36.0044466902136,59.67826984763806,2.5053207493207763,16.570673893064225,26.9953947033193,32.05099026229501,58.96515052135072,81.31970682517431,140.99797667281237,4.499232450553216,0
32.365028533081144,49.11526134623876,97.86088225550085,262.5439908128248,6.653956145901682,18.472298315208086,18.472298315208086,30.94930480775791,33.91600274457434,38.42544768078504,300.96943849360986,3.0787163858680144,0
13.630202737882483,56.870203315481234,69.27287067259044,17.897490355022,3.2265535102188383,4.541970297247181,7.252741958933858,12.7752761197688,17.546310481145593,18.367428933211237,36.26491928823324,1.2087903264889763,0
32.71415083454855,49.81111859108838,57.84215444815948,50.429279516986824,1.3464481268532393,4.281036270798987,20.071393748355252,22.242378406459654,36.7458612103899,47.90249113200649,98.33177064899331,3.345232291392542,1
61.72463981673443,40.14495628153032,49.79046445549892,58.24859968299515,7.923373036831769,28.45433293728146,28.45433293728146,51.06124364292686,106.75621639098006,115.53091783423874,173.7795175172339,4.742388822880243,0
32.75293189872727,6.127632377627135,49.19466630614555,120.49140847215108,2.5377440171861103,18.769582824224976,18.769582824224976,27.885966120878155,39.2050933823462,40.71566455728182,161.2070730294329,3.128263804037496,1
31.721038329883065,51.75786919371625,29.172821834759066,106.82231280041304,1.1387151835343674,16.980014770479716,23.818638615406975,23.818638615406975,51.175706231789505,65.29654249765726,172.1188552980703,3.9697731025678293,1
121.66535690359754,46.13911693850001,7.724118214229659,24.354242780552177,5.816061368011138,13.656882532356954,25.194276629696233,70.81641563111219,181.4862464704589,221.140735334152,245.49497811470417,4.199046104949372,0
49.95078705461519,18.365359791513093,83.79139406964137,13.63799263696823,5.77917769922694,27.039081230129366,28.97320441006271,44.60151296374806,80.60093973650643,94.76888178778366,108.40687442475189,4.828867401677118,0
50.03588645017619,17.624268632373102,90.54108389788517,47.05391926234987,9.114900814668811,8.688429647615013,36.24906565232883,36.24906565232883,76.82720854296653,78.4674183572879,125.52133761963776,6.041510942054805,1
62.40472420422821,32.40655689221969,97.45095640013214,82.15257573851613,17.91100670634181,36.78215613424178,36.78215613424178,36.78215613424178,76.76076331458651,77.16163884277971,159.31421458129586,6.130359355706964,0
79.97965371109458,18.414079189301845,40.397410638226184,50.58538727059294,22.553323185885723,37.64215219742436,37.64215219742436,74.24445881590718,111.86135851065441,130.5026902354995,181.08807750609245,6.2736920329040595,1
43.58185544151781,58.29627438350549,94.64063991746833,65.03543778210044,11.517381650486074,7.1071888751301,27.71785409615392,30.368658758095425,49.592702202234385,61.54615748515854,126.58159526725899,4.619642349358987,1
19.539940887180123,13.227013132638463,70.23620004762445,18.549622066957777,4.611470086425692,2.938507495772018,8.21019682828453,18.041067749786524,23.158865466599693,31.281010360453116,49.83063242741089,1.3683661380474217,0
58.207704038774246,10.895946706746015,42.21220403153484,81.26484227769217,1.8273876444260138,13.908163139656486,23.321177044011726,29.03476422887977,63.99432768952709,79.26917797538916,160.53402025308134,3.886862840668621,1
87.43339140422589,4.524390042504217,91.8527151522832,73.78609148696609,11.679079797195504,18.774326721295314,31.150472599805553,81.71424724121941,148.71136700350036,177.70534160668436,251.49143309365044,5.191745433300926,1
57.53838926582156,34.05027901230023,96.85282354828489,47.4230580948743,13.706734652272125,5.869705379563763,44.67701673944911,44.67701673944911,70.68786503019471,75.66090271135373,123.08396080622802,7.446169456574851,0
70.29336026819618,44.93906818002471,53.39318029197321,144.95962494598888,20.44816053290876,38.32210465810454,45.49513900304772,45.49513900304772,77.68705800684789,82.57920455182807,227.53882949781695,7.58252316717462,0
31.72797189665569,36.007813980418874,77.96452262631338,45.65831860700814,4.74106882613363,5.179150608460005,8.984527470376406,19.715634397672833,37.84438747769411,47.09847324236918,92.75679184937732,1.4974212450627344,1
22.547009313403418,14.08001651626304,77.6598713755872,41.95502592286735,4.878207401270198,13.40833376857369,13.40833376857369,17.173227152452785,27.293841129246392,31.167947541335188,73.12297346420254,2.234722294762282,0
47.543003334286624,55.55882551795651,60.883411577258464,90.93026667389012,14.200787303185688,11.028113204630635,35.085116076968866,35.085116076968866,52.30968288616403,55.56964231906114,146.49990899295125,5.847519346161477,1
27.243558371596677,23.99922411720447,42.277574135619055,151.75231296077325,5.297317542747438,10.549427468249775,19.01037278360374,21.418488584540167,42.446014792859124,49.20976201789615,200.96207497866942,3.1683954639339564,1
105.63479004049323,10.166477769365157,13.434292177948958,32.68304835660038,25.147413118886632,47.45027484288823,47.45027484288823,74.20159835433236,161.95351153071758,209.62521190753702,242.3082602641374,7.9083791404813715,1
59.569184156842326,13.081225281232097,99.79525669924286,91.77492437943393,17.30890000882498,14.927494292026896,37.260355211934886,47.256350957118634,87.65147046977233,90.38134484981747,182.1562692292514,6.210059201989147,0
28.871733008244526,27.416255427111338,7.166479951202898,98.54796856559577,6.317822844913222,9.469472316878907,9.469472316878907,17.391562829444464,48.94839104317179,51.55293397969558,150.10090254529135,1.5782453861464845,0
16.232539713524268,33.573801950344745,13.485979423826588,144.17462869602696,0.9241572935836861,7.89658847736794,7.89658847736794,9.018648590449748,16.93310704489815,20.897701802904507,165.07233049893148,1.3160980795613233,0
85.46936988126608,36.88402882440113,37.47876685721756,33.92686715259319,25.140899062674876,11.308437022450631,63.291159999195166,68.7451330351219,126.9730971009945,154.92869952371015,188.85556667630334,10.548526666532528,0
18.642977835876007,6.247757659077312,39.85497593918127,36.75852056614178,4.5696050375266,5.235871184186377,9.806648217775656,13.377725485194985,27.412662688490865,29.108173529670648,65.86669409581243,1.634441369629276,0
41.83515330990114,52.314685133200726,26.715382585212254,27.73715615635426,3.936053179407947,20.708085027723378,20.708085027723378,20.708085027723378,65.83017181543411,81.67117199741045,109.40832815376471,3.451347504620563,0
50.41341609096438,21.512961829271333,7.807914787934478,93.55303515749065,14.945056915393527,13.409167588672323,24.921139064012383,39.9120912707437,63.54423348320127,79.61434093143855,173.1673760889292,4.153523177335397,0
18.86732400355654,17.045017183170692,89.9414206218348,30.798826331132922,0.7980937322728978,2.4458482415902143,9.025763184072003,10.68133499201234,25.296107820063465,26.135706515502253,56.93453284663518,1.5042938640120005,0
37.132015356944265,41.878938794529624,51.32585253227926,141.46068040804724,10.514239013048227,7.199001524280394,29.635772062189222,29.635772062189222,47.19731336864331,60.89717198004099,202.35785238808822,4.939295343698204,0
94.97343516820634,37.58653012471886,96.98422922627323,44.899613145787775,24.266891816730553,41.65090329729754,41.65090329729754,86.72041940199342,124.6311016069304,130.2429711704824,175.1425843162702,6.941817216216257,0
11.24957658650369,59.58359838082592,87.79659541438399,65.72435089018327,1.0910728377081214,6.566790283579469,7.242278808290015,7.242278808290015,17.009778771430568,22.169889182613275,87.89424007279655,1.207046468048336,0
85.09582022560093,25.800488168773107,49.40132597642957,77.05647650057013,22.202846836202852,18.24399553284802,55.63648303865582,56.03329594149023,102.68042442589231,112.60678702704394,189.66326352761405,9.272747173109304,1
47.88976158520825,12.628385139943266,38.82221803602379,141.84123821960674,1.7678322119403296,17.18114036962111,31.848080671424686,31.848080671424686,81.14460553818176,88.45976509092114,230.30100331052788,5.308013445237448,1
24.767994567749238,58.420347455044535,25.504827884552274,188.11137079270975,7.0990359153185025,5.455277455867007,16.50921459645025,16.599096643983636,44.46097854463371,56.377416781431386,244.48878757414113,2.7515357660750417,0
10.509902240698489,29.956972469667,99.30491068749153,84.54617559004619,1.9900750982662276,5.9029251612909475,6.576962233193037,10.011741363417803,14.091756652758754,17.824518592262383,102.37069418230857,1.0961603721988395,1
37.98505099559356,40.36852582589041,60.50573992115408,107.32319958883522,6.301936060825748,20.89390223587015,20.89390223587015,27.925518041195115,68.09339249178592,75.44832147648347,182.7715210653187,3.482317039311692,1
25.92430480242812,4.4542770413141906,84.07179371669942,32.76164360739832,7.712261675834458,7.663270584195743,7.663270584195743,23.87613928475582,35.92285160937562,49.7973816384084,82.55902524580672,1.277211764032624,0
37.61399957442409,21.481386234552723,98.46699954611293,176.30735528655308,1.0299141623403951,4.458412968993551,29.359720894310062,29.359720894310062,38.2103810520341,44.14535478967713,220.4527100762302,4.893286815718343,0
63.26369109030615,59.25904036253907,22.39461347153696,110.7091036163176,10.3424155890111,25.54360115259733,25.54360115259733,27.52938672558277,108.93706787877865,126.58213582580878,237.29123944212637,4.257266858766221,0
9.711441472511842,57.933916458706285,92.4840925814752,305.0842717041099,2.1934385892430215,4.01922635774773,4.01922635774773,6.823990719388933,12.324909794479943,13.313950436370725,318.3982221404806,0.6698710596246217,1
45.87426973642995,59.08078168079076,79.4477797603065,68.88667472231876,2.3595157703667713,18.75659171812349,18.75659171812349,24.753132905644947,48.09257242802904,49.21057671148626,118.09725143380501,3.1260986196872484,1
126.14936138321673,49.787995502758385,45.46474340607698,36.55214075218976,3.0515943201167306,31.285398956831862,50.34092600491685,83.20433090047824,144.75627224133956,192.19320478744402,228.74534553963377,8.39015433415281,0
28.958413865474746,31.02950182052772,94.8792549120316,53.14629280357683,5.567539499078492,3.2418669482932594,11.487555973503847,15.704975456937662,45.733221790574206,51.85336835281237,104.9996611563892,1.914592662250641,0
56.96874124276382,35.17711955783483,58.989528641316724,139.50024507435808,6.5313052520265416,6.612812177191663,23.688613533536454,26.652036685166497,67.5881965572897,80.843397080955,220.3436421553131,3.948102255589409,1
5.6103699710706945,6.341461551771317,39.3685537285777,177.692428088045,0.8690772772028089,2.7460616296182505,2.7460616296182505,2.9568584684545627,8.901465988664851,11.693285214704224,189.38571330274922,0.4576769382697084,0
9.642412280495469,48.00993333211902,15.99053358998379,226.39414590367073,1.8729843565466833,3.524801006206231,5.792492682500785,6.1788713677749145,16.057348771444506,16.74624420172119,243.14039010539193,0.9654154470834642,0
23.24172382765711,45.44612303081802,72.78961452277099,38.703040539655674,2.977954844687382,5.475546519956726,18.187256861280208,20.77313314075015,40.16331399993996,50.09384422365651,88.79688476331219,3.0312094768800346,0
98.17143575138206,43.0812429826844,77.40307106269498,21.60621216873672,7.861029347903343,54.70747827611931,54.70747827611931,84.59044753137151,169.34486847355606,193.95257755339736,215.5587897221341,9.117913046019885,1
26.58202485348122,24.188835470813753,20.691153492871372,62.82650184893892,2.307395056695894,14.411783896369384,21.171439311447852,21.171439311447852,30.42188479256356,40.586209153361494,103.41271100230041,3.528573218574642,0
58.28056864308267,17.419240333441095,37.1841557646196,32.56514030336507,4.223269670287276,29.61097740117264,29.61097740117264,50.47836488633772,84.32066566767108,97.44379802390047,130.00893832726553,4.93516290019544,0
26.324438334831367,48.975280789484685,5.504201854452074,126.64381782228392,5.803959621092715,10.816939248364598,11.198956833308868,11.198956833308868,44.92728000820092,62.0671826791563,188.71100050144022,1.866492805551478,0
13.839338726827755,58.52317578282036,55.72542431651304,60.05264601576109,0.7971706559769882,5.639377393734898,5.639377393734898,6.16587414151116,16.52952059448568,18.999166342429227,79.05181235819032,0.9398962322891496,1
34.24819932462258,26.562069051223354,60.00652990038362,55.082961216960975,10.007691041490311,12.513581091039564,19.1237305360533,29.35200927973067,61.62278310274653,62.40000941501495,117.48297063197592,3.1872884226755502,0
62.089761749471585,5.2198676643890405,84.82553817797373,55.30283150341462,1.3248922468233917,11.896478419999712,48.89441077688351,48.89441077688351,98.66697253873114,120.2651796488509,175.5680111522655,8.149068462813919,1
85.623635704308,54.24216259830151,2.615000943740309,51.066111639370185,8.991417532575646,39.70041159618753,39.70041159618753,50.76441484275113,149.58215082970005,157.32112115686263,208.3872327962328,6.616735266031255,0
38.05282287721919,41.98772837868415,11.964723806850387,21.447282029298815,9.313569136927498,13.713093603368373,23.994901029650936,23.994901029650936,47.51565028709873,50.16059934066616,71.60788136996497,3.9991501716084894,1
58.15568755151956,40.94247848660989,3.1567812855585964,34.638260978333946,2.630206401112815,21.692263204624698,38.25949271148002,41.551880223303165,67.58286758070074,80.61017671328659,115.24843769162054,6.376582118580004,0
43.20958143608178,56.76695830752174,94.44485947511394,109.55053760047427,7.977958096031709,19.194205284708165,19.194205284708165,33.00911059101974,76.03604115541341,84.77579676500095,194.32633436547522,3.1990342141180275,1
46.30042657675281,40.88879182545682,51.288731588576084,29.2069462427057,4.693871914905732,13.242213129911713,21.280306588928415,37.14264715028603,56.73202491494955,69.0584559439413,98.265402186647,3.5467177648214023,0
19.185373112009003,37.81555053141533,24.59999120034887,106.73071250648658,5.569876468846884,8.67552629053519,8.67552629053519,8.781271213838563,33.06444473636768,41.784572313664384,148.51528482015095,1.4459210484225318,0
20.99789877255341,43.18643270345015,1.910195529930614,75.08397400118167,1.707440375408512,4.70532202213197,8.636660405715343,10.470827053828865,23.857145714379055,32.446275803895475,107.53024980507715,1.4394434009525572,0
15.182896345512715,30.0687565943155,9.651985573637633,140.00582872096768,0.6053619813926455,8.088600000767052,10.386617911016502,10.386617911016502,19.5370235800354,21.78324079171331,161.789069512681,1.731102985169417,0
27.870986272599925,18.645195793737,72.01578461047922,69.46419981481486,5.346979906173839,16.528489632305654,16.528489632305654,25.598731034002476,41.88715394571501,50.442222829151724,119.90642264396658,2.7547482720509424,1
77.19261992125269,16.60368633980199,48.028343248031945,36.661340598816004,9.671546628539085,30.561987645035067,58.66591253175315,66.20135084466474,133.5055637037583,174.15705062723308,210.81839122604907,9.777652088625524,0
114.68332439238158,44.1222185653947,73.44241800059666,35.44986210229071,31.319010188520355,33.35028651505568,76.34997014841827,76.34997014841827,157.0077587873762,193.6061762167145,229.0560383190052,12.724995024736378,1
77.09291087956093,16.071326688175628,26.519105359229712,15.801979039865785,21.29260362189167,18.823466469864456,27.592589040279478,44.13267496455499,114.04577687087139,130.51733848720318,146.31931752706896,4.59876484004658,0
56.15147402459385,56.007026785527685,43.95495092338665,38.984396003873016,13.623174839374967,30.679052857310943,30.679052857310943,35.217458732256226,70.81194854307297,73.25152777775293,112.23592378162594,5.1131754762184904,0
42.298263701757996,25.37393677454823,62.38625094949499,58.416685676914994,2.3696029542986503,11.1393207501055,24.13728041355093,38.742827816453385,48.90540836446792,52.62236773182383,111.03905340873882,4.022880068925155,1
76.94061054693616,38.7469915064258,21.23175081409685,150.98308150905234,15.715756012292728,39.011027797299,43.39765171311919,75.93983682478829,122.5309635257228,124.33652328560035,275.3196047946527,7.232941952186532,0
240.39132724072138,4.482364941237378,28.752294583780056,109.99379267638741,11.013213970159125,73.1486411524356,129.2868840865377,129.2868840865377,381.7146101882842,475.5660951428898,585.5598878192773,21.54781401442295,1
49.64634610728732,28.03849853508199,14.160747457379852,53.55793446283574,1.3438069091765685,26.801781694301138,26.801781694301138,34.36074644160435,83.9636520934918,100.95429062259825,154.51222508543398,4.466963615716856,0
61.558191264784426,25.17454023974811,71.17955451364566,30.700857755260238,4.629907021834838,19.447255777497002,47.179517797071476,47.179517797071476,68.97895463312027,77.24126091327615,107.94211866853638,7.863252966178579,1
49.96701954637685,45.77016438442627,58.22913802298001,95.4737535761513,7.917095877318322,19.435561859407986,19.435561859407986,29.632740857126244,52.30977157823523,72.17989826767538,167.65365184382668,3.239260309901331,1
136.074504960671,5.214353678527172,44.46724848395477,41.46322042115721,19.908645147999575,21.952144051272448,78.90227406714573,95.17634194287909,204.13678560564156,245.05464829682595,286.51786871798316,13.150379011190955,1
37.069574346012615,25.336439660896005,56.733691875840556,31.135180198495192,8.795905083341985,21.788654682512174,21.788654682512174,30.812769948456502,51.56546634827311,71.98182735648665,103.11700755498184,3.6314424470853623,0
20.807514446273505,51.77175006854138,16.978877154959847,96.0823387792777,3.465573744067418,7.937889075831369,11.099416909943141,15.694900903254139,31.222737602955874,35.81545556416145,131.89779434343916,1.8499028183238568,0
67.3391879273097,40.77292638623532,81.28860680191974,34.66875841726754,6.328747611349232,27.587407186302396,27.587407186302396,44.081111052139846,80.20268613910818,100.16818193220237,134.8369403494699,4.597901197717066,0
20.870853623888955,47.09064720498277,75.54681324742296,121.81548887381312,1.2338819484246297,3.3962581926717728,5.229833821358954,17.392705567813703,34.65582361106379,38.95349966512286,160.768988538936,0.8716389702264924,0
52.282914839580286,46.269506678265266,18.200338326608666,16.604594384477537,9.385786116400375,23.280215044989554,23.280215044989554,33.821438778885074,70.89199648777405,97.32514222912853,113.92973661360607,3.8800358408315923,0
42.51990747524456,40.39286303482454,88.57118646973142,34.3850383354859,8.884782322470548,13.318405852411606,32.883358212983225,33.63381223491119,65.55913308631632,72.29069230597094,106.67573064145684,5.480559702163871,1
57.35143859448326,24.69521752245599,39.397571103384266,32.84194814801397,4.5662121795956665,17.86960318505623,17.86960318505623,28.719124011381787,66.29824346889735,71.50425685547924,104.34620500349321,2.9782671975093717,0
43.97304864523224,25.164809462046613,46.363714114986465,114.75788085289457,8.658859942623401,14.803181410594432,18.277839309669506,26.54808064348406,45.71909728334007,57.364493345049986,172.12237419794457,3.0463065516115844,1
7.476651908604177,4.968561883060589,53.12602271633931,67.03164776880966,1.9503536818062142,2.751145778398874,3.6051773106352645,5.541658715981112,9.617634723406786,10.870136631071382,77.90178439988105,0.6008628851058774,0
63.10723261764283,13.309955623682276,79.28969471878567,112.76345027813635,5.5417925014281675,31.6636542205947,31.6636542205947,59.99866440148863,84.61005654107727,114.12207516558551,226.88552544372186,5.2772757034324504,1
53.55666763094767,34.36907986947825,16.400949928971677,27.59293753426344,13.359285766058212,14.511972396073032,40.42349565328885,40.42349565328885,71.96143306715113,75.45900552361127,103.05194305787471,6.737249275548142,0
90.18327066617346,53.91460588565137,26.501846030605304,110.21326838808443,25.80184922105922,48.73204372901205,48.73204372901205,75.40330516291671,107.45438218593127,110.08840381993343,220.30167220801786,8.122007288168675,1
22.732078585736343,37.509257868282475,93.64165040964652,103.26668435504887,6.415411668262233,3.5326573440329847,16.97891024397478,16.97891024397478,31.232074837700637,31.574548394145356,134.84123274919423,2.829818373995797,0
6.3590325128675405,24.448777274216155,93.780017823023,34.89699853270325,0.3785777734526087,2.3228287304083297,2.3228287304083297,5.385078258624114,8.93189647836006,10.01568062295678,44.91267915566003,0.3871381217347216,1
66.88558393327486,50.25218605393038,80.89716892230253,37.28740352049486,2.2542841244573437,29.365351584594166,29.842631479375658,31.362878246527234,82.21059568019415,108.71732560670476,146.00472912719962,4.973771913229276,0
64.88409110884619,28.028655127812534,16.843337902421673,37.820934107763854,14.497815574823132,37.96973970871191,43.45713173164216,48.99011876545422,82.11906248554371,112.41067468636055,150.2316087941244,7.242855288607026,0
62.1019382609022,17.07312074418359,59.49771204444819,198.7698118567019,7.885258735037938,18.573932590891907,18.573932590891907,40.556238567689256,89.89498967001555,122.37542409749862,321.14523595420053,3.095655431815318,1
151.38603855806707,6.644224780571178,44.5970561621696,63.53167684299427,10.561490318498016,66.49442454757404,103.83389699485319,103.83389699485319,156.80925651391004,215.22425330148053,278.7559301444748,17.3056494991422,1
1.7691953209091706,50.055940005416346,8.074262353201311,24.643788244998003,0.2568535017937744,0.8724934761626432,0.8724934761626432,0.8724934761626432,1.8276211661449433,2.045989954572124,26.689778199570128,0.14541557936044053,0
6.255601485145087,37.72669460672553,7.554760734709342,36.27942077825099,1.0756626478236606,3.2296815843474747,3.2296815843474747,4.474363119274812,8.420218866883664,10.28032667920569,46.55974745745668,0.5382802640579124,0
13.330827257365616,35.68758587878103,85.68367914563949,274.50381217145656,0.870439826011604,7.445021798044299,7.445021798044299,8.06687047799967,13.999341322294043,15.962249286373062,290.4660614578296,1.2408369663407164,1
72.18225205256573,43.79886884489061,9.049929981995374,74.82012390211727,2.2087006550469965,19.701476148177598,24.55102144723115,68.80440755698703,115.28495837683164,147.8289307116313,222.64905461374858,4.091836907871858,0
95.09589549589761,37.092341049778845,27.139003664342454,58.01208008622172,22.71891989000421,49.567223281432135,64.58547113755827,80.89330641373368,139.7398113533861,190.53666286150883,248.54874294773055,10.764245189593046,0
44.085866300005364,22.3305472826085,15.072461215566301,16.312661759194146,6.511797303915149,25.501776153481874,25.501776153481874,25.501776153481874,45.012148432272575,47.980228808019284,64.29289056721343,4.250296025580313,0
63.55495066303487,37.81972143012786,57.51038391990117,32.31997043150742,5.6198591602595025,21.270920861470774,24.86694985801551,37.24261847197315,80.30785783615451,95.78352026308943,128.10349069459684,4.144491643002585,0
21.479357445893637,10.12243906038773,76.00217268228106,142.78228336703455,6.1743396881348644,9.571589450201829,9.571589450201829,11.939108679029985,22.990816684332017,27.117796462987517,169.90007983002207,1.5952649083669714,0
16.955464902137642,19.17812938310669,26.51827434565459,77.05922939789104,3.942749953360522,4.433753094181999,6.146466654306325,13.741152009936945,29.248103416411684,39.868297132937805,116.92752653082886,1.0244111090510541,0
8.895634363603804,33.16418351569477,78.20465010751967,33.28755918635839,1.1808310348339808,2.0295805860433394,3.437798419900723,6.628120050017959,11.107023064045578,15.042740452756508,48.3302996391149,0.5729664033167872,0
63.377204653938676,6.010642391202718,17.496801077333224,261.38373811755935,6.109456106037429,15.146049680777232,17.335149217583595,39.001881742321494,82.75455028683695,111.26312070458084,372.6468588221402,2.8891915362639327,0
90.48282885636827,49.66344662104872,35.67360126042841,75.63464124887136,20.28424645697826,11.374668330738212,27.147175812724797,48.23414398190839,147.46070596635505,191.46118738429152,267.0958286331629,4.5245293021208,0
11.921827183502057,4.589064207309392,24.28812519336727,301.5772192755726,2.6563996408968316,4.6400944385812455,6.369767377568461,7.919557306324064,13.985816554131548,19.11600983205517,320.69322910762776,1.0616278962614103,0
20.35939349588742,23.597249886365855,45.43410722753284,27.7626456982112,5.446504885405572,10.808591599770002,10.933247972314163,11.208902500774224,23.745446700534185,33.21476033407767,60.97740603228887,1.8222079953856938,0
27.382398310186367,28.35490985410524,98.10085709297066,21.165000848704373,0.6483266865276559,6.669082538396248,20.75050710154025,20.75050710154025,45.06651844170943,47.41333895627213,68.57833980497651,3.4584178502567084,0
13.8765346891299,41.48099614240731,73.67972244496288,62.92683644104521,2.723857372695244,1.6077714239085368,7.206617727169022,12.342008964364764,19.794351454501413,27.013925488700576,89.94076192974579,1.2011029545281704,1
53.05612847906129,10.982425189361221,20.5760802482013,16.59389227918226,5.246686381900597,12.816464702226599,24.54941311950223,52.04888234744179,63.94689766539601,78.07393431775567,94.66782659693793,4.091568853250371,0
30.982141133400276,49.63934582632673,96.64342197697029,48.8122837839913,9.074459593369692,15.057626183861592,15.057626183861592,26.427738401163385,34.89179108327416,38.642268169827275,87.45455195381857,2.509604363976932,1
101.27047834295426,26.714439054060854,68.13400185820852,99.18312275090278,2.7292223920907603,32.79249391014867,64.97909283568858,64.97909283568858,165.3949518526276,203.0561675550415,302.2392903059443,10.829848805948096,1
21.7762252585484,16.566698587340557,45.41744331034238,91.0756513707223,3.407632705303087,10.530101960777218,10.530101960777218,20.972705505516966,25.32868774400944,30.35644419823225,121.43209556895455,1.7550169934628697,0
77.23164851774676,7.703476442195079,91.62526941113114,74.47208208012641,16.915762789630953,16.10367300529246,50.62436120411822,51.91251466734513,107.57580483722231,130.85162945547202,205.32371153559842,8.437393534019703,1
9.630319870748474,55.668164527023244,76.28307244988505,33.84595673140066,2.2183808861053387,4.054124211132989,4.054124211132989,5.386122457077866,11.094504342517268,12.746410983363324,46.59236771476399,0.6756873685221648,0
24.36729702676875,25.39627870038534,72.91933972105811,123.6736380593943,4.806714170304862,11.34303977627642,13.8683006557283,21.030593623467603,31.690438955059843,39.879564547429645,163.55320260682396,2.3113834426213833,1
45.60493086882773,24.117391224809403,20.093242444687366,57.61457344874216,6.940802124511978,23.01218869880419,28.938154175906735,28.938154175906735,48.66580331587057,61.84804097547305,119.46261442421522,4.823025695984456,1
53.41128337189759,12.454141159495165,12.79644242249358,7.244832080288065,14.668896680164641,23.609430684699213,23.609430684699213,23.609430684699213,53.846234099266724,55.17911210644926,62.42394418673732,3.9349051141165354,0
111.73176142994443,31.36762129800563,86.56187709887149,29.45225172994219,20.27853363297741,62.05493182937013,62.05493182937013,95.54895889243804,163.27430161002425,213.582495806495,243.03474753643718,10.342488638228355,0
51.925493459679,20.55325624602331,68.01554137113094,29.861506892319166,8.61640484665584,8.4642825109237,12.390017153766824,25.76967861721183,75.5707398099474,92.04604212405287,121.90754901637204,2.065002858961137,1
52.55016317414641,11.62354341385705,81.72422424850947,138.17951022601272,13.66264833472465,19.72341280126227,19.72341280126227,35.91176714199895,60.5278882787345,81.68979193297571,219.86930215898843,3.287235466877045,0
17.198030333278805,45.66647120783217,76.57540958837463,29.46347763313428,2.47815839824584,5.587593555553979,5.587593555553979,12.294379177250477,19.91343701810222,25.097527527270536,54.56100516040482,0.9312655925923298,0
19.52897326873801,54.09941153543066,90.31074915144013,88.3169103881128,3.714559723916755,11.710380361500492,11.710380361500492,19.455454293079043,31.60811489651335,44.170610142048666,132.48752053016148,1.951730060250082,1
27.002348743493453,22.43306560521168,37.552091614377915,11.818718451206728,3.0276208200860064,10.117114716249755,10.117114716249755,16.13862123109246,36.65033890627376,47.53285781487323,59.35157626607996,1.6861857860416258,0
40.08428739321942,18.61671804856685,35.01955864297981,97.33860779111322,3.1830298627568387,17.742457767258124,27.945197085831815,27.945197085831815,59.45371894934028,69.97841147165413,167.31701926276736,4.6575328476386355,1
37.01592084614208,23.65634168761659,23.686256692406072,15.942156264339541,5.511470973830111,20.71097981813894,23.69626051441634,25.327228830933407,45.30373319265717,49.63101894234641,65.57317520668595,3.9493767524027237,1
53.74410875112601,55.64041877571397,10.542933731623972,134.8574930681142,6.131575198727609,9.203449438902677,38.660413128965786,38.660413128965786,78.94520735099685,98.93642942340763,233.7939224915218,6.443402188160964,0
103.55932483626135,35.849156055937044,48.28966041006492,57.75893769136948,3.1653219337064398,27.924152915164495,79.60113475497731,79.60113475497731,138.2090975527772,165.7041003625778,223.4630380539473,13.266855792496218,1
41.58098990876524,11.62288416731096,49.822125300956735,112.25404062755462,6.498066891929613,10.879989000993103,22.391590240059948,38.544360489345756,50.7052740581681,59.47217471295983,171.72621534051444,3.731931706676658,0
70.40225950384918,38.68414492205625,11.446065598635059,55.178881255775245,14.344183423530607,11.155867801728373,45.55713601114211,58.11108451398728,101.58629837765056,135.2476470361798,190.42652829195507,7.592856001857019,0
19.316239452702224,25.27291831179581,60.35248667196244,38.58914511118289,0.667588953789763,7.340174319537154,9.54378418659288,17.715834664630073,20.3858666577073,27.86556418648703,66.45470929766992,1.59063069776548,0
113.84893277783203,3.0097181682628715,36.33668658187691,14.95859924207884,20.3617771695732,28.835329518173754,76.44829593129252,76.44829593129252,125.3875183589624,148.30790726188948,163.26650650396832,12.74138265521542,0
40.466997770173926,58.255944015165284,45.624136821644775,10.220176811703208,4.322281291944588,7.388597773039743,21.125139568197586,34.90736981808819,54.8205173082131,55.49900109853514,65.71917791023834,3.5208565946995978,0
112.6288239889363,8.663973648859333,51.00247441032161,37.791844705752375,3.5387251177320196,12.495740112369337,72.2839276069976,110.00049199358082,140.36920601051665,189.73252911536557,227.52437382111793,12.047321267832933,0
32.984602420216675,25.98280273253332,31.05390123496984,64.76736916414475,1.5545140260417811,3.711670393615953,12.040069367453494,14.75279198851389,54.276374629739294,55.22193415512992,119.98930331927468,2.0066782279089157,0
28.814292858676282,40.14303546408534,68.50552634957731,22.536568449687067,6.355558784498105,8.51119931107438,17.638712329685692,19.048201801637315,33.34635561578326,39.33902592157986,61.87559437126693,2.939785388280949,1
23.853669452019783,35.989354920998714,50.98508217090818,219.52810150114615,4.077979007732697,9.671870019137003,13.050942518894226,18.076896165536724,26.411170010730753,29.916467995951926,249.4445694970981,2.175157086482371,0
14.84469883634344,2.244658465854943,44.14316977504183,157.005632670808,4.270094372817754,3.062200789081953,5.1941976942041235,11.154773013299145,15.636823250876192,17.894266812552726,174.89989948336074,0.8656996157006872,0
81.57118140867689,37.25735697058796,40.95944449782826,57.26028066304906,17.198782467107552,45.277231629125595,49.872658755502904,57.74023114595758,134.86021137508303,169.35810848569673,226.6183891487458,8.312109792583817,0
20.35310253625581,44.18174351410926,2.371308058178534,170.98007652758798,5.89262990099933,4.174271269329686,8.592416541925322,18.184395373779655,34.35924982088786,46.11985174885673,217.0999282764447,1.4320694236542204,0
52.46820497072159,51.26069505475619,77.12294548965016,58.54481061523715,5.238138982960806,12.341058856372227,30.295383871043793,30.295383871043793,90.293391560976,116.29940278782341,174.84421340306056,5.0492306451739655,0
13.304202442533084,12.668691603569275,96.64898830579351,22.944885095686473,2.4359369515989733,3.3537530740723493,7.915398940777634,13.029684989097161,22.74455517415806,26.708221906145262,49.653107001831735,1.3192331567962723,0
135.52397308117338,4.131832299563657,13.097280072630612,51.43754981510511,23.9088980010981,24.24194612106697,81.6842265831488,119.96904399571949,230.27361027298016,301.3053609232305,352.74291073833564,13.614037763858134,1
82.92327566315288,56.7740359099253,28.94423608809289,103.64022889638113,13.815965236033126,49.71627808093698,50.5963835249622,50.5963835249622,147.59468465176798,185.74645432624555,289.3866832226267,8.4327305874937,0
79.06209660877542,41.464882434471136,84.69188725140584,33.99375866739891,21.447605355155094,36.248379296292406,36.248379296292406,36.248379296292406,104.25036403340646,124.72846543669273,158.72222410409165,6.041396549382068,1
46.082798507833154,28.387868093972635,70.86864266836305,189.30725630369983,7.730765474697642,11.529723654507668,26.48879237084084,38.36750878661877,70.34519779246381,79.74610807670699,269.05336438040683,4.414798728473474,1
36.906243732006146,44.05294579533383,31.23965313818409,42.84062167703705,3.4624950185324246,21.64887969538124,27.46002107820302,27.46002107820302,38.14443459466855,45.585675754256876,88.42629743129393,4.576670179700503,1
25.441424860693218,11.110653961918809,64.95335746278748,113.43592303011923,5.509341960599214,10.618796773814237,10.618796773814237,17.604985588051928,43.07182374181094,56.621830435903796,170.05775346602303,1.769799462302373,0
111.29240893187615,57.58708938505254,91.72397188568426,54.60859774876346,10.479019923106224,53.940409307434685,74.55641333330078,83.38366463645018,124.21720450558796,158.28157800085683,212.89017574962028,12.426068888883464,1
9.386299083288339,39.946169720857974,21.967345330801823,31.229495911093657,0.40680392864974746,2.551672778654361,2.602462006384788,9.266360732902239,14.506837181078442,19.195908652104958,50.42540456319861,0.433743667730798,0
64.33334979050072,52.86323267492587,67.96367937437138,20.440677324084376,11.890030378826255,13.40478105418372,30.838257825767716,37.852470176915695,81.1318634427119,113.08750633065402,133.5281836547384,5.139709637627953,0
21.184999879370935,34.28908539322713,81.19756798827747,122.17456399062743,1.2391823697103383,6.883065469256553,6.883065469256553,17.604836041487854,31.14730503826391,43.23773797036876,165.4123019609962,1.1471775782094256,1
13.236555607309796,48.44667444555839,9.530462731376865,81.83979041089884,2.91178472350203,4.0815897996531,8.861240839816704,12.874096866372108,21.63556387711326,29.586125554011673,111.42591596491052,1.476873473302784,0
30.50559807755913,21.005142535480616,93.45081745859638,35.930558801578144,4.352999711377589,18.067660624042702,18.067660624042702,20.67496776719008,42.92418494143712,55.87680995684905,91.8073687584272,3.0112767706737835,0
30.908359402148456,9.71841119262584,95.93306214855889,123.71541961512713,8.114545303961773,5.333538670203418,19.18430682923461,19.18430682923461,54.41171622416793,76.02912421552264,199.74454383064977,3.197384471539102,1
54.59433131858905,22.521599004650767,73.30673923065086,37.312878487375755,7.278820747837778,9.14924366256886,24.07097515691189,25.870581309563633,68.10100081606093,81.03667388402523,118.34955237140099,4.011829192818648,1
88.96119664091206,54.02162776246578,51.5605840450267,78.8354055134815,11.648080557510587,36.52675308457912,36.52675308457912,56.37609947693099,128.83995932136435,136.2311506812819,215.0665561947634,6.087792180763187,1
35.912412775112415,42.4893085850146,60.395863890233024,88.44583307061072,5.030634740649538,13.681125502652014,27.87796716631976,27.87796716631976,60.56221062061758,80.1175811596409,168.56341423025162,4.646327861053293,0
6.689375108667947,28.462011478385904,64.84362883166249,241.71245593078936,1.4706124512148688,2.4958992085729066,2.5101015007388523,3.946051436832214,9.640858024805397,10.308277435002095,252.02073336579144,0.41835025012314203,1
19.79352425716604,15.642286495523372,15.413176102420966,232.55008750451367,1.2559112562385326,6.057121318699825,6.472919495797623,13.672090603249387,28.255897969562014,34.054228609444976,266.60431611395865,1.0788199159662704,0
35.51837108797313,36.68659041701489,29.488462479959445,37.81685575793474,4.104692784624047,9.965067024936705,16.298622903918282,25.658613910425274,46.499086049996954,63.26839704601006,101.0852528039448,2.716437150653047,0
27.953214374049868,36.388386552140645,10.087844230324372,30.858676386989302,2.6557382047970735,4.013118728455332,10.659872795858735,15.633202871472182,45.34537681520761,59.57480988812354,90.43348627511284,1.776645465976456,1
64.39294207439264,32.79337568945475,37.04617036001666,73.56134618566581,8.282759135328458,31.954316939616398,40.99804122402342,42.76468829244677,82.89605280439928,93.36408467544601,166.9254308611118,6.8330068706705696,1
52.95499891733604,44.79261716306526,74.51042622624938,134.442531819041,14.576747694806128,17.11704421517269,17.11704421517269,41.887130777296555,63.46376462396102,69.39063335391077,203.83316517295177,2.852840702528782,1
72.68972674340853,16.08317055334043,88.55124415302996,9.517619503529387,14.30319408852831,39.880509062802,44.72126347150599,53.36732286496801,80.17075673486639,99.68324830903151,109.2008678125609,7.453543911917666,0
3.4998931276397838,31.637373350182393,37.12768625198722,196.82326266509466,0.5631888422388164,1.217264941929464,1.5863828519837504,2.9855990519347952,4.696689536219885,6.117537263554734,202.9407999286494,0.26439714199729175,0
83.74751414560161,19.887556741039152,61.61078469530309,45.331429990315996,4.700110186411694,46.20924082091455,56.14110323212173,56.14110323212173,102.90515036026069,134.37163031747613,179.70306030779213,9.356850538686954,0
7.436566047724118,13.924831877953725,59.48367681936265,130.66481226265824,1.348654015954589,4.179380176028122,4.179380176028122,4.655730678144816,13.324121517712015,17.406258795453578,148.0710710581118,0.6965633626713537,0
60.83433501696618,21.30132311285895,47.25403762326677,45.840408829469766,14.822023599487657,23.092947956467782,23.092947956467782,44.53492729727192,90.57370577837797,90.67737399801062,136.5177828274804,3.848824659411297,0
98.87746452703784,48.570971931677654,69.4208678447057,183.99061242915872,11.970568989849566,49.312626573272055,65.0580693058201,93.41742148728343,177.38642971011518,227.12597729374457,411.1165897229033,10.843011550970017,1
2.88920678742037,8.605484303686044,15.081001286085593,45.19291080934327,0.7881906038881933,0.43905212021344897,0.8075998653729806,2.216557911304601,4.496366675586604,5.678860963331386,50.871771772674656,0.13459997756216344,0
37.1868150054522,17.97791290996993,7.484769875502462,106.7556317779023,4.4033245685309055,5.898317477314835,18.0975471006144,21.29741329065981,62.402827197114405,72.41817597483765,179.17380775273995,3.0162578501024,1
28.119443711416537,32.91545419904558,34.803421432498304,65.82139558681496,1.8257311435201813,12.657868969602944,19.677911684898465,19.677911684898465,30.639096652890352,42.87785920451218,108.69925479132714,3.2796519474830776,0
11.816904126152957,25.2561615308412,96.93136083935305,21.842316576054685,2.9750593477279876,1.4821986480415688,8.921727176070403,8.921727176070403,18.3535043676214,21.64871703372536,43.49103360978005,1.4869545293450672,0
2.913054563467015,50.005179541790035,95.31181423379455,43.45212665403177,0.5195869361890677,1.327530448872573,1.327530448872573,2.826626037713538,3.1891533576196722,3.2788308950684963,46.73095754910027,0.2212550748120955,1
84.9601639771612,47.19601124261555,63.30741137741819,7.742532528278263,13.993193822601736,18.294259351953496,59.71844135546693,67.98857906790161,94.91310219125496,97.17769330590797,104.92022583418623,9.953073559244489,1
12.5729691775882,41.31929716164596,57.87076148755554,38.46066587482197,3.5102887925696664,2.733148909149206,8.369384872241303,8.369384872241303,13.351090593243718,15.626086807118485,54.08675268194045,1.394897478706884,0
208.80087843091678,18.384874988967237,63.32141952516616,86.04766566346152,52.39635461935966,58.48892723583342,157.46500949812201,157.46500949812201,312.992755868129,390.1086720906094,476.15633775407093,26.244168249687004,1
13.652884746041801,3.2306928567545654,42.93759065529571,177.7999445092595,4.068097947241311,7.675971063226624,9.408087951257787,9.408087951257787,20.758168868411488,29.053667386431066,206.85361189569056,1.5680146585429646,0
14.76178719907136,20.20649634797195,28.838767871418515,63.102656261521865,3.1540755101270714,6.721285116787372,6.721285116787372,12.491119511636207,18.190444754397376,21.359630352603595,84.46228661412546,1.1202141861312287,0
1.3486092783735841,36.855486972767075,0.5554503000608002,293.82034975047327,0.2458384133704245,0.6416014522635269,1.033884834907653,1.033884834907653,2.31466117506329,2.845548426812292,296.66589817728556,0.1723141391512755,0
12.528854896956156,7.883955649639953,1.9206055144165401,144.1266058177872,2.1408650451417968,6.15828215082844,6.15828215082844,7.2126241178016635,21.78426048354395,29.13144511119561,173.2580509289828,1.0263803584714066,0
17.43513295498797,49.767770235758135,97.21652889073316,32.31478299281303,2.0865958988948483,8.993215940370533,8.993215940370533,9.38893536729355,28.661491672400146,36.79844352904889,69.11322652186192,1.4988693233950887,0
38.370721547343706,59.2226013987626,74.45800092140678,66.80398479568788,2.711299663566439,7.105016353164893,16.63528529404206,36.00489537209431,57.588871857162985,78.57545580201858,145.37944059770646,2.77254754900701,1
60.89604787014501,44.778520124406285,69.01531799064236,99.08739440537813,15.28708857796594,34.7670508603799,34.7670508603799,35.51780073327949,90.01606237714044,113.03838868029406,212.1257830856722,5.794508476729983,0
24.060981042907663,26.047527854841587,84.44365524002656,46.498843404072744,0.5259079429921967,7.1823097028889045,8.208103200101855,12.178377888468518,31.62602058395735,43.49114404653357,89.98998745060632,1.3680172000169757,1
60.34732938077707,48.238666360454715,60.69331856529061,85.33355098912187,16.209285838013745,22.983976471981393,22.983976471981393,37.43557496902153,82.37962690498173,103.50609138588547,188.83964237500734,3.830662745330232,0
122.6874739066233,17.81060222581415,66.76391933327626,40.216056946710346,11.470488671259321,61.973497066915186,86.15464010138741,101.37435627920726,136.54168145891109,143.53507664432544,183.7511335910358,14.359106683564569,0
31.698373911445277,57.33838303141288,79.01119401299628,65.26281345258357,2.758774993421873,16.68256903003188,18.546456424696434,20.558277899416588,55.93420149498804,63.620238037599606,128.88305149018316,3.091076070782739,1
25.278492821532012,23.263333518997303,12.516332273385078,162.89339688066218,0.5555523960694977,8.92465279850826,12.258447812302743,21.715883690398268,37.19648483463736,44.09277794640586,206.98617482706806,2.0430746353837903,0
14.77415901895576,42.01382796066157,18.763462615712157,43.224227058272575,1.784707799775525,5.501280851008709,9.821300201276726,11.955276357996896,19.26705649504237,25.439457836951217,68.6636848952238,1.6368833668794542,0
39.185463557883246,3.0971368812385283,55.596557237521395,15.810838271922346,1.7581043597609554,11.94370595160302,29.353605655392876,29.353605655392876,45.509313016549115,50.91740788822694,66.72824616014928,4.892267609232146,0
110.2055691576421,38.58169197460121,9.688458025375912,238.55374444230537,7.898630505907772,13.749358522630615,36.84788702534712,101.95016222618607,146.06992242457278,174.8632151094992,413.41695955180455,6.14131450422452,0
37.64385119741269,19.16964587394395,65.9423514771146,124.56083704159357,8.007850283950397,15.95361599307288,15.95361599307288,16.726367079267522,42.69824402996133,46.527743446277185,171.08858048787076,2.65893599884548,0
62.059356486766525,7.923277746751225,83.22009670273027,95.52823579618304,8.4582469997776,27.219469982462325,47.20192824527785,52.19810309064835,101.68117985116231,116.91003057030828,212.43826636649132,7.866988040879641,1
39.44320137415267,27.145454125272593,83.75915892590976,192.6535066784948,0.9097081187234235,13.272465585835521,20.763927386508342,27.795425790995974,62.227362654086065,69.20185469597601,261.8553613744708,3.460654564418057,1
36.79141722297004,8.13955054415148,32.331371347908785,130.22575646566975,4.000217832970667,4.564145076284007,13.566598170943028,21.792572946282387,58.76246810509668,80.84553996422015,211.0712964298899,2.261099695157171,0
185.29680312951817,12.733626045950137,20.26876154817172,46.06558758654045,4.023920088808337,70.95509119815573,70.95509119815573,119.5550933553221,286.7723753103104,390.5126981742188,436.5782857607593,11.825848533025955,1
51.98808989359745,53.917900937919384,95.87195332819837,236.51776475468293,14.361785927471962,7.8781920764418745,41.23831279487064,41.23831279487064,89.17276327576378,115.22742178942376,351.7451865441067,6.873052132478439,1
77.2591394972173,5.6801482073584335,91.23880129515192,85.73493171325362,20.159437682698144,25.26488473993905,40.25311950496362,43.579468972143786,88.52457296652905,92.86499227709588,178.5999239903495,6.7088532508272705,1
57.775030262585716,38.24975225212344,31.350955044603847,115.71232530696626,6.87049600338776,28.842113951000776,41.44518001866372,44.14912563227984,82.02548160029569,112.94400028799514,228.6563255949614,6.90753000311062,0
38.402224145568766,5.49669394600499,89.41585843162044,10.817234628310118,3.3534944209259416,8.199322366425276,22.33465615014108,27.573803440716393,57.3546606053549,60.95052134918712,71.76775597749725,3.72244269169018,0
23.294818035917984,43.64689099300926,88.10095944872826,25.74975020016288,1.1632777800802625,13.032129943094889,13.032129943094889,20.06318328968548,41.59035743799528,42.49743904456458,68.24718924472745,2.1720216571824813,0
108.36082517190866,58.717648004946106,33.803261726045974,20.522305987989316,23.563372851698855,49.211026406832076,77.47570125528442,77.47570125528442,139.7938305523278,142.2633955213123,162.78570150930162,12.912616875880737,0
6.117146145764075,26.912731846053102,36.31890559838388,19.111635648208477,0.3286274448911748,1.399249633182845,2.5319169966752733,3.7555875755561785,7.471591486383054,8.308179919018688,27.419815567227165,0.4219861661125455,0
20.464488339842333,58.152762635292596,93.18961492490257,101.77442786572684,4.245800053122071,4.397406456015036,13.528730599779887,14.45711545621036,21.432219569558523,22.813093124591596,124.58752099031844,2.254788433296648,0
20.82006943652707,39.20629418423733,74.18736716580186,31.209936770158578,1.9225034582989398,2.8589544891632364,9.828105998077358,17.416095859866743,36.979297040394776,39.50326436001167,70.71320113017025,1.6380176663462265,0
81.11793232334732,36.53716042301895,61.7528043401385,82.60008904337163,18.18687473205017,43.55574215090351,59.90023195172933,59.90023195172933,97.56697000618742,108.64887677478671,191.24896581815835,9.983371991954888,1
111.83948557119699,11.927734200327546,95.28964936592872,127.51923333580535,14.551099832223247,14.708080605494999,56.1356798465508,65.24551495301912,121.79064543780004,164.76039105844885,292.2796243942542,9.3559466410918,1
10.13106463704401,57.23681147233633,86.48952142100673,37.68818310031691,0.5907957610961891,4.185671897925953,4.185671897925953,9.48080964814999,17.399150498385268,23.697394276746994,61.38557737706391,0.6976119829876589,0
33.942437355862396,51.96985489942549,7.475294104476571,30.56539015693201,3.315038853380368,16.147356678577985,21.56860560682877,21.56860560682877,59.235629376992186,80.7074629104482,111.27285306738021,3.594767601138128,0
79.32220215239282,9.641887602229062,49.87938188463179,11.60538922505706,16.912798374716576,18.05010760102283,56.80106736369944,66.34089881439013,113.67099247302829,149.2472504679039,160.85263969296096,9.466844560616574,1
21.976844382924384,3.6610038622987435,89.57134846900345,155.140161360708,4.655252984759137,6.377800057871493,15.616986708024417,19.396679010212136,26.74716599666962,33.80515327538834,188.94531463609633,2.6028311180040693,0
61.46907623289884,22.8250633750459,11.11630429566568,39.174544045300415,11.508961853298999,15.177993358358119,29.938088297894303,34.22774866894753,85.77323707599547,105.99130905863734,145.16585310393776,4.989681382982384,0
32.49631799373566,11.246906242050091,7.222629399712921,200.2659371844685,3.5911411235867967,16.2762885405982,16.2762885405982,21.52128717039209,35.387926313002666,49.45596548096634,249.72190266543484,2.7127147567663665,0
155.06903313418462,21.49687200209061,85.9056358503985,94.22058576715834,30.68383795220157,92.68595186987639,92.68595186987639,110.39323234900833,171.596451855855,193.03170287798324,287.25228864514156,15.447658644979398,1
23.73874234296308,57.590819705858955,77.7382660148642,172.5860158422892,0.7553327794766149,13.894254303890138,13.894254303890138,20.47118032039211,32.84727882322165,42.49392066881281,215.07993651110203,2.315709050648356,1
69.3013760884387,51.99035946782994,16.72047824468904,17.367166380505992,13.11154904984089,9.338487217240901,52.5936688664775,64.06345138174532,116.0895952253279,119.10545315392042,136.47261953442643,8.76561147774625,0
27.2390731127203,27.527014985564744,18.10968302465431,111.99064830760533,6.503583963704102,11.955471198685196,17.300568164747215,17.313280626241745,30.385233016034935,31.452569312176937,143.44321761978227,2.883428027457869,0
44.562138794185785,17.998190239889805,83.26079513035542,114.54656543117154,2.6157527147780613,17.489906832784513,24.334002740727367,27.13936612322773,67.51904557640094,83.32054677762552,197.86711220879707,4.055667123454561,1
11.403942906612892,35.51282979772934,20.915976684647784,148.74133942462524,2.835193832344219,6.443441075996091,6.443441075996091,6.9650087903543,14.442412937751504,19.393711986679595,168.13505141130483,1.0739068459993486,0
61.89222715817788,56.37483913735043,14.398154529173556,32.28046571651611,16.921438330691853,24.074285589017034,24.074285589017034,32.01751126863555,64.66124407000157,87.99181772012709,120.27228343664319,4.012380931502839,1
90.18778749722883,47.85783281675008,90.75575279687524,40.935106990617214,26.021540330927888,29.647359891782187,42.59126371466736,42.59126371466736,108.3676641137235,109.56142995209949,150.49653694271672,7.098543952444561,1
9.380300352094087,52.32968291723606,80.50522574225569,151.7533062543178,0.2665021277452541,3.043558265775405,7.061441527911057,8.75595246666932,9.899289865625253,11.025082995265123,162.77838924958291,1.1769069213185095,0
19.383387381656398,46.14446519385022,40.378549608172996,13.70331241113632,5.248547178683487,10.211325077748352,10.211325077748352,11.381269703510155,22.296582061452632,29.926401226545384,43.629713637681704,1.7018875129580586,0
83.64529998228748,31.21193802267541,62.604087754138035,28.522281063260127,3.158836061604836,36.47377293687832,45.878417273346976,45.878417273346976,104.0652750032911,126.98441372018831,155.50669478344844,7.646402878891163,0
29.121700534252852,10.207439512702068,43.039696100382294,109.83076088501525,3.6762878361219458,3.990519102000288,12.413436549031598,14.184890838947288,33.16452961507675,35.36110066214057,145.19186154715584,2.068906091505266,0
35.847273892298745,49.479378118498275,27.44633584798386,45.90943887726705,6.221155588258114,20.316858129509484,20.316858129509484,34.609064995179345,47.431425886225554,56.09353138973434,102.00297026700139,3.386143021584914,0
13.54425337688122,39.7562416045312,98.68022652190366,52.946306392051525,1.111711321640298,5.95092834132056,5.95092834132056,5.95092834132056,13.578242847315751,17.863001481353056,70.80930787340458,0.9918213902200933,1
91.56768388391656,46.81526694385245,54.563965535643014,4.110379033770947,10.665943479805827,16.2555279789477,22.988384888589714,74.6476222546867,93.69119623850209,122.81598010459953,126.92635913837049,3.831397481431619,0
11.427789843650496,44.57256722750779,63.75641276288615,189.51486325781516,3.134182172838953,3.8245676694269273,6.252689192265321,9.925378542375437,18.42474303091619,24.75522714054258,214.27009039835775,1.0421148653775536,0
35.82709941635805,16.274522880403467,40.82686008084935,49.095121813116236,2.472865449000861,8.072938175172066,28.269461401873013,30.414582856479083,58.09432448661143,58.593143214586505,107.68826502770274,4.711576900312169,0
23.346980894769185,18.56876964849846,50.074107837606576,104.59456145016944,3.989119819622052,9.238125256964345,9.750147991687909,14.00941156975847,30.508343394266394,34.273373399687344,138.8679348498568,1.625024665281318,0
71.13014269995112,51.669877525755524,28.771842438874884,154.9401948843883,17.893182883595138,26.89567800172382,50.86257655584122,55.74869500293777,127.0599582245774,142.46769604902488,297.40789093341317,8.477096092640204,1
187.64996828891728,25.62194957571174,42.92806775938164,51.80373098811651,16.4210654981236,109.79987416753391,109.79987416753391,109.79987416753391,228.65361742441056,252.3449788405648,304.1487098286813,18.29997902792232,1
6.88293637155572,12.308000492949196,62.78106399374143,105.59068055640668,1.9397526556834188,0.8781356547528969,3.4621934551718523,4.473398279547343,10.99877618253277,12.919188420983334,118.50986897739001,0.577032242528642,0
21.939137833448044,39.27718506003516,81.2123865636534,192.99033288038348,6.459560458395416,7.133698767502997,13.00290790355587,19.71465495792239,29.71439913150945,34.640576313423615,227.6309091938071,2.1671513172593118,1
28.594083817891235,19.302396628201354,80.23315529376059,121.56782385215396,2.7022430189526525,5.474146191034936,11.195619206863363,21.84478668827944,36.41516278138856,42.23946795157032,163.8072918037243,1.8659365344772272,0
10.915021678489012,39.275334559904906,1.1419376782196622,90.72260740741719,1.663892209714592,1.2116477866779047,2.8270814567929756,7.434561215087324,13.432739741137336,15.775053317211135,106.49766072462832,0.47118024279882925,0
39.12953509098223,36.22368431593366,53.489597026420846,120.89087078298542,0.9055502038927724,19.137547930622294,19.137547930622294,31.780511933434102,46.32427885633447,52.108285628342266,172.99915641132768,3.1895913217703824,1
75.89869375121415,40.46196991887965,37.33164863284435,133.6899077797009,21.935689174622553,36.34210519655305,36.34210519655305,64.0696399555525,116.13667874367755,161.7164135141012,295.4063212938021,6.057017532758842,1
48.134341916707676,59.61915958555931,60.70439735451827,62.548730620959596,2.8131076156151407,27.297082535473244,35.27918992684968,46.11487408927291,49.27645153762739,60.5225754755696,123.0713060965292,5.87986498780828,0
63.16962805025004,18.08394138937453,88.16734717139948,196.14478237775273,8.830209239504839,24.89853966878035,24.89853966878035,54.3917780419551,108.88756468528274,129.07834916285304,325.2231315406058,4.149756611463392,1
20.6260292916709,58.58691353384019,77.50377709905219,77.78640813979395,4.297401666185418,4.700634834743808,4.983728085392292,14.174793943800342,24.82459947397865,27.20428465329366,104.9906927930876,0.830621347565382,1
63.70684314486276,46.28082583019227,33.07322914717143,139.95567593899278,12.878561736303494,17.93297540577486,43.15589881723717,43.15589881723717,88.22894857156842,97.24624009129684,237.20191603028962,7.192649802872862,0
46.8758484473467,51.61316514117246,73.91619020073387,26.50164526142894,9.502489602090984,18.85745093204709,18.85745093204709,31.981371517670265,61.528312763948584,80.21593112824283,106.71757638967176,3.142908488674515,1
12.896959658717371,48.5448098212284,10.137861289433236,65.21518213835323,0.31975584907551485,5.344443652393144,5.401967831159113,8.562755776435697,22.687099147950796,26.45662599078918,91.6718081291424,0.9003279718598521,1
40.90350496038437,3.331810663514241,12.815694705007418,33.782850942782076,9.226656060312099,4.961443328713646,15.70744543946809,31.06439361604588,46.413244775706616,52.45871572528693,86.241566668069,2.6179075732446817,0
23.436831873843893,31.21396508480257,22.555678388365564,96.75556258430356,5.3642602831721184,13.015806099658684,17.212573205961455,18.16982350720243,30.28424490223459,32.53791793634374,129.2934805206473,2.868762200993576,0
248.8975140441649,8.134401874235369,39.97462459146555,24.307402224932574,42.985133095964834,140.13668519348926,188.4759831396907,188.4759831396907,380.6587635099,532.038601435938,556.3460036608706,31.412663856615115,1
79.57987284386081,41.06177921511065,51.06797481233314,121.71653425806494,17.88817842499336,39.73070527530494,60.26490240804513,70.32274621674622,97.5683825921068,111.692652458874,233.40918671693893,10.044150401340856,1
44.71955747024442,5.4593582539378165,39.784672460963,103.12916728104909,0.9018623488158352,10.057527591294294,17.190465883976724,28.977265389406092,64.2044617416528,69.15251393822327,172.28168121927234,2.865077647329454,0
102.53016838629128,3.925512412972842,62.77973919004734,58.154505470257696,6.8223628255500275,28.097466649718065,32.832965135233245,89.44242230427903,104.73730434636529,135.6378636167127,193.7923690869704,5.4721608558722075,1
64.84250730810714,54.59036690114884,12.417628671234947,129.89043941941046,2.644802649788077,29.257723563871092,45.18211199059312,45.18211199059312,111.64117619950207,151.9679837944448,281.85842321385525,7.530351998432187,0
13.110027536015862,55.18934201820739,52.14799898112342,26.64107073013717,1.4107228755524535,3.315121671252047,9.299977206059701,11.29930355797409,21.904091246734726,28.53364708084607,55.17471781098324,1.5499962010099502,0
124.39606475054224,38.17869813499438,27.24053491351508,121.13812162471292,9.579683798375303,36.556567972278394,51.321499278216756,90.75678215876232,136.75753916051713,157.1197411881119,278.25786281282484,8.553583213036125,1
10.051323121879594,28.6757636199416,36.464865555913704,29.658702839826475,0.7247195719835755,4.363525116786232,5.496097086501541,6.57285109975186,15.913854316195984,20.57774005955127,50.23644289937775,0.9160161810835902,1
113.8130871294959,50.052660197517966,50.888451147808276,39.073335306008836,15.64702227618124,13.316950944514144,49.44457107416331,55.26456801829465,119.38495049265558,134.62210314141038,173.6954384474192,8.240761845693886,1
47.81713276879817,57.92480638074114,13.265658367920519,155.22815524985657,9.305957390554552,8.07726775206197,9.993191931553133,44.56596543625951,83.1106506484829,99.32148082042463,254.5496360702812,1.6655319885921889,0
39.02750337874,5.148904684682664,38.82334447623459,157.33301650052724,6.718840910943208,4.60519190301435,17.42209527623717,17.42209527623717,42.77370351914694,44.52520700267796,201.85822350320518,2.903682546039528,0
20.137850790446652,8.00457702831233,76.0734710497654,96.2450887599025,5.121771552528293,4.689073337955992,14.840875728320697,14.840875728320697,25.91930317229038,28.879323986062282,125.12441274596478,2.4734792880534493,0
49.813256766029305,54.49510475980585,27.756939676023062,289.45829940867065,6.48891631051193,16.96362773700075,35.60457749617185,45.210903425030224,83.9884396913629,101.062043738783,390.5203431474537,5.934096249361975,1
61.918736461685874,7.765000106638387,76.45678091569542,209.06893670365278,8.307701397330359,32.324409065584526,32.324409065584526,50.35080581532284,72.16653884358637,74.28642868244927,283.35536538610205,5.387401510930754,1
58.13008942441547,43.421824633528495,23.090814518765722,57.66812249262918,1.3369621590641136,11.013104753452133,22.332118412264688,52.68709513679672,101.28888630992829,131.02497896798596,188.69310146061514,3.722019735377448,1
47.30225777970739,34.1035991637613,75.41726733592532,29.012051279401668,11.014752832880287,13.170584352665044,13.170584352665044,46.50366253942379,72.54819549863295,84.52985666211974,113.5419079415214,2.1950973921108408,1
34.8008645289267,32.2549055803962,19.440001991881985,121.54005930646605,6.564471310989336,3.6441773474329295,13.183307972950697,21.022448660611563,48.01866212426046,58.20079087128915,179.7408501777552,2.197217995491783,0
67.58867202060662,7.663241002878658,95.12143447651515,80.43092908131405,3.732578468842961,22.42061501689137,25.589670325125525,59.84524312071861,74.21216033871875,87.8544433257181,168.28537240703213,4.264945054187588,1
28.51574793520118,44.2650546593909,15.376566270514003,106.26397000313534,2.100535015180481,3.2126751730113154,6.613053671582891,12.063099349628017,43.49736046077711,55.86533545952213,162.12930546265747,1.102175611930482,1
37.635672607531504,36.916606121484165,99.98444051465788,113.41984252968673,2.556312379773923,9.828544334606264,27.74302859815102,35.64169747530595,55.361606809486744,69.44881060256215,182.86865313224888,4.623838099691837,1
55.03570102161808,55.87283674732982,22.898993196406025,35.57581846512184,7.380748036289755,28.366561729619143,38.74107468201487,43.04659830920646,73.629300562722,94.39363029398528,129.96944875910714,6.4568457803358115,0
40.52631807715048,29.897581440586627,71.02032770757822,26.947561566682133,1.2417942376631987,23.019902211342536,30.68158842445723,38.17499554694807,53.60891215244943,58.589821278654384,85.53738284533651,5.113598070742872,0
10.219232253669386,54.92013708373562,30.510868608165296,107.8626193334143,2.43244177284436,2.8984022856069624,6.607911924934423,7.545912944095699,15.035879560728718,18.811886967386446,126.67450630080074,1.1013186541557372,0
47.709494147753155,12.665824839465222,8.218636869000273,105.3615277410988,5.204199293613424,11.522603224827082,31.298846040363276,37.148227035226576,63.40456366082966,76.6179699855316,181.9794977266304,5.216474340060546,0
47.906839142987124,13.825668561352408,2.4892188191329767,19.23456091574057,13.28144701430664,22.960181595208265,32.20993447748713,45.893234598417585,74.09085963455902,76.29480274020942,95.52936365595,5.368322412914522,0
44.738819910019195,57.0407512363085,14.728653009300663,38.98484324240452,4.297284277190488,20.087006973816838,27.07360449917429,27.07360449917429,60.34900175289505,61.68955774600307,100.6744009884076,4.512267416529048,0
35.25049025099552,7.7640999415827405,40.807518266822896,27.07737397772011,4.320970760246556,10.189217430759777,10.771762317407784,21.38496466775934,62.879121824435195,77.49164360723705,104.56901758495717,1.7952937195679641,0
30.566145263350407,15.719287373860158,58.02129192987583,72.66510587333634,8.493534764688777,16.893238417933457,16.893238417933457,27.846438379921512,44.11421197150033,54.420145648794595,127.08525152213093,2.815539736322243,0
41.30385955739601,10.198479832241794,47.851848563131085,64.97674430254344,2.7743650678088567,13.499826105569467,20.660842860186314,40.43686406166582,45.95601637223381,60.159813162133226,125.13655746467666,3.4434738100310525,0
20.47808964481401,43.164376746236165,63.04586590217253,10.412340674376486,5.258526230832386,11.630361835685994,12.580935276215223,16.39575474378833,36.33756825518899,47.456101819708095,57.86844249408458,2.0968225460358707,0
107.50126259411887,47.25395001509031,9.582540998647604,73.15449379898509,6.708789219350253,58.256732336594624,58.256732336594624,70.74065724185263,192.26396319928944,227.30806612583586,300.46255992482094,9.709455389432437,1
55.990782035677654,54.285573389522455,67.64266229632918,86.097397286867,8.887161491259407,32.150482217009,32.150482217009,32.150482217009,100.4688526989826,117.70461409949262,203.8020113863596,5.3584137028348335,0
51.52262186179567,10.514741984119492,78.51836116725254,89.53338619945615,13.638929977139526,7.955274077773012,37.728990778758416,39.384007966192755,64.11836723385515,74.08324543000677,163.61663162946292,6.288165129793069,1
88.86831700618457,20.660823679331696,23.06528571583828,27.210727666433176,5.752597872747772,20.753199633921486,24.493110155411436,79.4948050144536,113.27213186523872,155.9804571971618,183.19118486359497,4.082185025901906,0
18.010501425616916,20.397331817796516,79.19149672162962,66.70084460307153,0.5490446644639612,5.142768950303384,6.983874061554751,8.391600952066957,18.09951795282575,23.090260625661028,89.79110522873256,1.1639790102591252,1
26.581228241947624,58.461386899074874,25.00054985244097,170.52238252700678,2.313253150900953,12.538543043977734,21.053662117074325,21.053662117074325,45.459570652785445,51.80454369979864,222.32692622680543,3.508943686179054,0
24.676422992216963,35.80865620036969,44.40754048102774,39.46526799571268,2.304671877568926,6.091233122068457,9.80452145181212,11.376975224113757,38.688364592158806,49.57213418616255,89.03740218187522,1.6340869086353533,0
53.42287310016418,21.574891275634254,80.58078167682675,164.01001579186095,7.1579070879275974,10.872073668910563,11.606047545675912,32.23190378547095,65.45801418840243,79.59895922552654,243.60897501738748,1.934341257612652,0
17.373726936418453,19.326703009975496,68.72207222442822,46.7976370438178,3.9657302234732996,4.723445971404718,10.601171668455844,12.966433750322167,19.96805979152781,24.56722979605257,71.36486683987037,1.7668619447426408,0
71.794009447034,20.502867967689706,50.37319576407757,142.07074471085886,2.3994972524879237,18.3416296402491,56.687272996289146,56.687272996289146,122.90874641123408,167.88460760329582,309.95535231415465,9.447878832714858,0
52.234351703214124,43.30650613666355,36.96661177712968,104.49886336030481,9.40875069294329,26.49887925080752,26.49887925080752,35.734317836606074,67.06039994142425,83.32708100089762,187.82594436120243,4.416479875134587,0
23.367330429718987,33.85841008437835,56.36632529390302,70.5293146547399,5.212649535051521,13.90137917677278,13.90137917677278,13.90137917677278,33.89136489572771,46.17704796948695,116.70636262422686,2.31689652946213,0
11.573286401345854,38.169408970970416,51.977247415312775,92.41098738562306,2.847166878643171,2.9156691369283423,5.313637677609546,10.3519838644386,13.036630489291413,15.800708362019314,108.21169574764238,0.885606279601591,1
51.12852428341922,29.28929312156215,97.14419189528492,131.6197783128318,14.860052930889479,6.437756069258816,26.6657966406633,41.18100422085664,58.32805054539213,76.20382001841335,207.82359833124517,4.44429944011055,1
7.513662524242711,3.522846165338136,82.61518907320942,23.01629697492296,1.886693311062661,3.4627283635293065,5.175520039378202,5.931435222786552,9.844137221429127,11.923414804711124,34.93971177963408,0.8625866732297003,0
21.60240891937294,41.85225835369766,11.643069661621785,181.2758365042541,1.0562615867471559,7.350656107461084,17.19750572452602,19.629107058573222,25.933973067051433,31.800437402720295,213.0762739069744,2.86625095408767,0
36.79738503082747,43.99934985386474,41.23822039013565,94.58303988128618,2.5470168154577006,11.660587060365849,25.309770697139044,25.309770697139044,43.350586139959105,50.81049323321748,145.39353311450367,4.21829511618984,1
34.655982846778,12.454426018099753,58.73073037178701,27.422785464277787,7.685330112453014,9.551171827696981,12.980213868549498,33.984230332040106,45.952266364113754,58.03752229193406,85.46030775621185,2.163368978091583,0
23.966768784160802,39.66364548285097,70.53624146144676,131.7543941202253,1.9002641438601484,8.03342872800552,16.098524925315242,16.098524925315242,27.980493184019068,28.738190682528682,160.49258480275398,2.6830874875525406,0
68.6991574756677,52.89773486407514,17.736181125782092,75.01491334289645,6.125429737567957,11.546069539017996,39.74401600768966,45.84846125210387,120.59314050525742,153.55342931253554,228.568342655432,6.624002667948276,0
19.153457847260626,36.9605769673872,83.076243381486,110.65007963528802,4.937151912960068,7.777814795151961,9.472741925240069,9.472741925240069,28.099311206746442,33.966560822463485,144.61664045775152,1.5787903208733447,1
23.6832075343232,40.775373901303894,62.999476679920804,64.14449217927617,3.5347271908305267,13.378890334530494,13.755199460506203,22.55800711020726,24.510464925453327,31.617347490284462,95.76183966956063,2.2925332434177004,0
44.076136207971075,42.6413158300861,6.743700715202516,120.61133456420222,5.779245313212825,24.66459207868313,24.66459207868313,30.255165708037293,51.84226859333826,52.06114549136181,172.67248005556405,4.110765346447188,1
44.174571433718576,20.811439307417626,5.909794072656482,40.82343926240234,6.688483043486656,20.720500136031394,25.5914800814484,25.5914800814484,60.031882457822576,67.02928131845138,107.85272058085371,4.2652466802413995,1
13.601552547988522,10.949124977526958,68.61782486498885,52.041820612430115,1.2495930144297578,4.008484622329553,8.733491301582848,9.063551929791165,18.28289993648157,22.429616128849336,74.47143674127945,1.4555818835971415,0
42.4646815183741,29.41378153283491,75.55496490289524,103.78308823840743,1.8900345618513033,23.805966760810993,23.805966760810993,41.220794164725156,65.81403385463743,78.02793003281344,181.81101827122086,3.9676611268018322,1
26.108526981826213,15.44417383015441,31.0414827202126,183.01443970671272,7.66585616518698,11.223501568430471,14.875125404963354,14.875125404963354,42.24583552420656,44.09266593851091,227.10710564522364,2.4791875674938924,0
24.70480771042646,41.84561825218547,16.195523837963645,70.20471886987568,2.5135890303215116,8.692793182002452,8.692793182002452,14.999086143176138,35.976990865598815,36.75065399784799,106.95537286772367,1.4487988636670754,0
50.050927424427684,43.465583936645466,21.983583190767074,124.5480773675607,8.177061210105643,12.114276720911102,20.119756127672797,20.33266466742968,64.32156378691799,74.708212260173,199.25628962773368,3.353292687945466,0
17.14581775153038,2.474574137505521,39.22252455145507,117.01074185675857,0.6245163346218621,8.189258288194047,8.189258288194047,9.115604763581343,19.71922745143694,23.0026439720202,140.01338582877878,1.3648763813656746,0
33.06370454077921,57.343671237966,63.187530275814254,174.67799900108156,2.042550308119161,16.488152116836748,25.900276859919735,30.76825416575593,34.04454080031635,39.217417617886454,213.895416618968,4.3167128099866225,0
38.42744905191994,55.65009776551653,18.772020868150886,31.184661726747443,1.8676115892291363,14.58271231802247,15.191867196748456,26.423033424749477,40.27994236624853,55.412458562532244,86.59712028927969,2.5319778661247425,0
50.62621417569547,9.652456793440802,79.13176694536158,90.70522402646888,1.737337256847943,12.303867039421933,35.01254770110623,35.01254770110623,67.24981610578595,72.78391268130899,163.48913670777787,5.835424616851038,1
22.482716294109515,29.712083417519622,24.887341227364256,84.51866266021412,4.547681973728777,6.622410646029974,9.043350345796174,20.21012885913297,22.507308055474002,28.949525040077106,113.46818770029122,1.5072250576326958,0
58.66781911045946,14.12333286924649,80.95653759157652,90.73057017231261,1.451294794329242,24.153313210064862,24.153313210064862,53.26612395367772,74.55715581431834,79.97565791623013,170.70622808854273,4.025552201677477,1
70.51468222969325,57.907235822115965,92.40354238453338,45.763513050455174,10.430781380427996,14.913670229198292,32.46530419244849,69.59099150173267,70.9432442786755,72.21361494032436,117.97712799077954,5.410884032074748,0
69.38952712298001,34.82989455076323,16.41602151166567,71.72252883233548,14.307714024854914,23.278449057829647,23.278449057829647,30.30212729307504,117.19085146467084,146.31638239337298,218.03891122570846,3.8797415096382744,0
12.825422722832075,42.609246132407364,91.7731018682005,141.37651333554962,1.5604510793242417,1.553028169386687,8.869838416742498,8.869838416742498,14.991901995703367,20.049015231048944,161.42552856659856,1.4783064027904163,0
68.04862726801284,58.71735717907429,70.53692781308766,32.73484683167861,4.222583716280496,34.20209072905561,34.20209072905561,63.36016149122642,104.17505422270644,117.93349109064769,150.66833792232632,5.700348454842602,1
70.12979682953655,41.034068433811335,88.71900144905437,103.29119105891641,5.789046383658463,20.397909422657396,42.95606093058178,42.95606093058178,120.18030584752783,146.287745089372,249.57893614828842,7.159343488430296,0
122.58871738439035,52.50495355711217,34.68124072981909,60.03313917447166,7.724639993539573,39.54705927897394,83.19397607856672,83.19397607856672,209.82946450359975,262.7332119840197,322.7663511584914,13.86566267976112,1
14.510091095287528,15.952017634308188,86.36609757368124,86.81541014959328,1.4903242606890645,7.874143806697956,7.874143806697956,13.687548088987,24.06057615846924,30.4968835394069,117.31229368900017,1.3123573011163259,0
98.81513274421738,15.304702659276213,47.678150628350565,57.96053240133814,11.833352851009817,29.459794012843517,46.48545981939993,46.48545981939993,148.8841601332533,184.82788512010725,242.7884175214454,7.747576636566655,0
7.3104416380687,27.589401397141152,18.96654943400521,141.286223867668,0.9581226113673934,2.467870735645526,2.574296814229801,6.106665177410572,8.609872662593288,11.698638706386816,152.98486257405483,0.42904946903830016,0
71.85324697465289,53.12565720222664,99.65819177221616,27.91039296506228,5.925307342466562,17.79916960142815,45.16630210404565,69.6800764752833,96.25689537016459,103.30100275088564,131.21139571594793,7.527717017340941,0
81.84111613402256,4.268972477584919,94.80770240136309,87.47285659950883,7.003683225713857,41.209128520907214,57.23609636247662,62.29816319811714,108.63057388048941,140.84919712104454,228.32205372055336,9.539349393746104,0
69.71172220399717,27.600257552165257,12.481722335319102,149.5796248893467,13.874661565825226,22.17625159240381,37.95743726548144,64.65636008326393,102.62777577529623,141.49898364624383,291.07860853559055,6.326239544246906,1
9.891697761436925,49.844659360021936,45.61957155161831,91.63349825747235,0.2616819142032832,3.3726423957812717,3.3726423957812717,8.701529614280377,12.967506665797275,14.780818290390783,106.41431654786314,0.5621070659635453,1
94.5117816144071,12.292250405461674,98.61960445371555,37.801461769708474,13.57247255883313,32.718144532396224,59.25594061546345,83.53603644393505,101.53303980153726,133.14126494909232,170.9427267188008,9.875990102577243,1
176.64728407714813,37.712075547364925,54.84507601121552,36.64195224892838,49.49161886165912,77.41511914448813,106.01036777484018,137.38824306365996,182.77588000606343,227.66342930739663,264.305381556325,17.66839462914003,1
16.387496527174587,6.057800510875109,49.70881897644631,86.3159097509485,3.82159724003793,6.074896421612689,6.64590918606065,7.245161074406549,21.722515146281786,24.121781707661526,110.43769145861003,1.1076515310101083,0
31.365684305656842,2.6015522490569376,19.53586154283028,14.678231004245411,3.5510178703577298,9.954991974453302,13.97473177440439,20.065741751831187,53.213315063800984,61.82934757409595,76.50757857834137,2.3291219624007318,0
21.99572101026171,20.496331906802034,41.952251096234505,106.33147971586341,3.818049284104059,9.400982801782861,10.934381836486962,19.797166447722123,34.40597513980618,46.46899762201867,152.80047733788209,1.8223969727478269,0
61.789377883858066,48.72732028687378,49.81940548789606,19.916735215255713,18.224257818427585,25.87423143116732,41.675244412538824,41.675244412538824,76.90158464533253,91.6935072669418,111.6102424821975,6.945874068756471,0
27.757514168129454,4.397493636035463,71.40503238429065,28.382341894917644,6.122497044712941,12.636258097891522,16.886916074530657,16.886916074530657,48.51976708483578,54.209852888613966,82.59219478353161,2.814486012421776,0
64.4383298143766,23.158356259827205,45.003394830382845,204.83247943805583,11.927335663378223,21.574335105027,32.87884358930712,45.60516573569551,98.27208919829965,137.4432375882662,342.275717026322,5.47980726488452,1
35.20171723960138,44.260576784729615,63.49886815353756,180.37848220816596,6.216268955886305,20.779385788740903,24.05344752478569,24.05344752478569,58.82642883556145,65.9283713256359,246.30685353380187,4.008907920797615,1
44.41654899929462,23.409747383461067,10.151633248663694,52.647387118429194,12.009822072833943,17.221215437418127,31.779791873247348,39.55150442223335,73.7011495043234,74.9439652220334,127.59135234046259,5.296631978874558,0
39.82838157685266,29.770782667848973,76.37851452103396,156.78349436105157,2.9688371832196525,19.87397359127677,19.87397359127677,39.19349077636111,59.65177767320222,64.40707804264815,221.19057240369972,3.3123289318794615,1
7.572235514822443,31.02026103061136,0.3275467413638822,38.045100580717836,1.3783814555804725,2.5208472483872115,2.5208472483872115,3.513805997772571,13.264201270674935,18.391621054327295,56.43672163504513,0.42014120806453525,0
42.74511466786223,54.66199513699042,64.21551576952862,107.03494778052132,5.045927526902526,11.477087546981512,20.748554315264876,20.748554315264876,58.13042859876957,65.36025750072072,172.39520528124206,3.4580923858774795,1
10.210037552934821,52.80171684517977,82.6313651325286,164.8429723668772,1.5426431741599893,3.697922218426897,6.830209944872183,8.827765233675322,16.626069843448423,22.35168346716391,187.1946558340411,1.138368324145364,1
11.915950617761856,5.690266021767461,76.67929557041006,43.278085822706174,0.37149795004990815,4.63082340587363,4.63082340587363,5.299701818409539,13.858265664125241,18.69187026030019,61.969956083006366,0.7718039009789384,0
95.81411375788461,42.14820165433668,14.731743331904855,19.690764670307246,23.196649616845768,24.36933441816209,68.79772245373145,68.79772245373145,168.0385788477873,169.49071340789808,189.18147807820532,11.466287075621908,1
60.86294862081254,33.48932798930297,84.42474592792531,79.5792606109626,4.35786080956256,29.04058213195689,29.04058213195689,37.102891932885235,96.42052945369554,124.74336438713392,204.32262499809653,4.840097021992815,1
57.385430162445004,22.562161353614304,7.9195821165703,41.62066537035864,10.189191682126308,18.011380582697917,35.4232776075668,35.4232776075668,69.8386331875964,85.01876333366016,126.6394287040188,5.903879601261134,0
43.2707613755351,30.5677899048153,6.635707924046197,44.18125888692043,12.052214288971749,18.61878682515684,29.510172010603263,34.15084113284496,63.5999934175162,79.4929220605808,123.67418094750123,4.9183620017672105,0
155.9266566729561,53.02871536796534,82.26066226521026,28.224503514808617,14.359117444530431,38.05337825968926,38.05337825968926,88.2822224775586,158.68004992315198,186.42372683827384,214.64823035308245,6.34222970994821,1
42.44629471009513,46.83736670766777,18.252039699052258,3.5670362444668946,4.744008930784344,14.522442561078577,30.104844827550547,32.44482356861417,60.32902585410881,63.35640444967456,66.92344069414145,5.017474137925091,0
37.03760661665052,34.94821047950595,44.705896208037174,47.49431552774897,4.95237252946654,10.230998958267422,26.107441591898404,30.27782076389515,59.59554964008579,62.89887423411003,110.39318976185899,4.351240265316401,0
36.03510746857886,12.185016118774366,93.66332034060424,51.55893371385781,6.2093758029946455,11.15101325668769,11.15101325668769,14.883759376019997,46.553879769449495,47.03830962728339,98.5972433411412,1.8585022094479484,0
85.26366026773508,37.88208598820389,20.896370006654863,37.923789973117735,7.1989308751112695,37.342988196972144,37.342988196972144,52.89861678856291,135.70327173438318,149.8949095078939,187.81869948101166,6.223831366162024,0
40.911525155130455,30.88539727331758,78.05837451792138,27.321719998605666,9.277161281184037,7.291908557065573,29.30047988656345,29.30047988656345,64.80283074154472,81.78988706760504,109.1116070662107,4.883413314427242,1
50.15679087723151,27.919181877180698,58.44398165607646,133.21143673284158,9.84663556762538,11.170932338015549,39.091326893192424,43.10337806442366,87.65094039021822,97.5142362156987,230.72567294854028,6.515221148865404,0
89.8126192466402,56.742130855333265,40.56957599416824,92.06437898758318,4.140737361559385,25.137369831026657,44.06028863620529,44.06028863620529,158.8136587052418,182.92816644637293,274.99254543395614,7.3433814393675485,1
58.37488183215114,59.57256386250723,45.92307503277638,21.18715212016341,9.49723134759198,13.809638319211855,16.075530945866873,53.52147064114145,68.10043095223851,84.134886710964,105.3220388311274,2.6792551576444787,1
75.1811933930694,57.17884211171341,41.031057105477956,82.85035115669811,9.077729225965111,14.07705282360867,27.64665445893356,68.30381682930494,94.65440896284294,118.70009193411472,201.55044309081285,4.607775743155593,1
21.84874338764989,44.854771833335064,82.73030516802234,34.21114703102079,2.58197543920264,11.10974067425353,11.10974067425353,15.513568700208479,25.779344470181268,34.65565052506477,68.86679755608557,1.8516234457089216,1
14.665580648253487,36.73431536604165,81.39855371839396,125.49273311091181,4.330222763566707,2.657163051225158,8.487050117221791,14.162407413718672,19.231918337404657,22.00448413706068,147.4972172479725,1.4145083528702986,0
109.29597035772136,20.527132113547616,37.341975701226545,38.45786691814345,14.594683245343843,45.998751545265996,69.1883377147616,69.1883377147616,112.74406930460015,145.61917159327945,184.0770385114229,11.531389619126934,1
73.41217423823643,56.936483930141634,69.72486286165758,142.21482479594965,1.9611921455015504,23.905365781492254,41.40888655318287,42.69204214339977,101.67521350917539,115.7148990579701,257.92972385391977,6.901481092197145,1
62.85098399471964,28.425974972136128,53.18670662334928,135.54016373945146,7.503188679736653,11.421859368873584,46.144830538569366,46.144830538569366,107.40371490849402,137.92905085342105,273.4692145928725,7.690805089761561,1
52.670347383833125,13.694543679136695,74.82185812766163,99.54370458161767,9.895742198806683,13.075317867631824,13.075317867631824,44.060436900743284,83.24805767243348,114.26881377977386,213.81251836139154,2.179219644605304,1
40.383897331793776,8.422942891197991,5.0046402883377255,37.67378931557127,6.7755554207968345,6.248288376266903,17.524622743187425,26.458792391356695,58.64056231913093,66.52196991057531,104.19575922614658,2.920770457197904,0
22.575296811884314,50.4754979091309,33.603427992579384,57.8973033628705,0.9387636314190245,3.339439687732077,8.467564237140342,22.285744471603557,27.087095566595657,32.45324357885774,90.35054694172824,1.411260706190057,0
21.93053678782689,21.033552885170263,33.58063299650652,63.56439657152096,1.4713602712279876,6.128603293724114,14.277290184601911,20.22337470381587,26.260578806822057,28.870994540374788,92.43539111189574,2.3795483641003186,0
14.397698611906806,46.440876164547696,59.68122484044689,76.7295724829942,3.3895397545624695,6.8758683793727196,8.76134645113761,10.187755261234914,15.347256711520247,18.555565853159006,95.28513833615321,1.460224408522935,1
10.392008026788568,38.38871948565335,20.763634246204397,150.2147907217059,0.22890867988893637,3.105602186439589,7.633332805573098,7.633332805573098,11.079833018387209,13.373524784292869,163.58831550599876,1.2722221342621831,0
18.836996184221853,18.4443156694403,53.16938546625482,53.01801470503563,1.592651842693003,7.242087488695478,7.308434519504763,10.195698487291759,30.353609262956606,40.21363470021634,93.23164940525197,1.2180724199174604,0
30.011645713231882,51.33882241812967,97.98595260097508,123.73169276777992,8.841463732743168,4.923892952507951,21.408010782285924,21.408010782285924,52.62636266027482,69.07581310035553,192.80750586813545,3.568001797047654,0
108.72725384949695,51.00273782883045,4.350593134634839,25.03370967010934,22.134594047257046,58.78816236112511,58.78816236112511,59.265727638171164,182.3743596089006,212.6007278192955,237.63443748940486,9.798027060187518,0
9.945896730823787,11.965747962323405,50.3443818590761,41.11121563746498,0.8826769979009362,2.6376065061750698,2.904313413232457,7.26451759452157,17.40185495100693,18.597570535839694,59.708786173304674,0.4840522355387428,0
44.469859921480015,9.061292361498026,13.828834760971532,34.84222054184378,3.3051515508640312,8.656370185403386,31.015159888767887,31.015159888767887,47.426558171263004,52.2308839362581,87.07310447810188,5.169193314794648,0
115.94929930397643,36.82959721131882,58.240124540710305,125.09103513131697,15.8416684067536,32.09418065409698,39.43929582968569,107.88681532425407,148.94334997882066,178.85349450884365,303.9445296401606,6.573215971614282,1
84.80079216938037,15.537676019389473,24.086283339806116,169.17395367300938,17.024517985078468,49.59213312302179,55.643090952807356,83.15810937421449,100.91703828533778,140.07072204465015,309.24467571765956,9.27384849213456,1
41.07701792314374,21.26689523001411,90.25088218918077,46.092778616590195,2.7888091268264694,17.046928688607505,21.44777655321811,22.997442369972095,44.28399441698055,56.311060706160866,102.40383932275105,3.5746294255363513,0
23.214574035158083,56.32953591420175,31.79909782118463,36.60789309937253,5.325996064714988,3.726124924372047,11.814611172850075,18.262221452458554,27.60314334858538,30.557842805541707,67.16573590491424,1.9691018621416791,0
5.501956065930362,12.182172183129804,95.83127893897772,59.34924091261858,0.1746367090975805,0.9956761794059089,2.866263149238427,3.5550299622907127,8.324185244101255,11.628632568429918,70.9778734810485,0.47771052487307114,0
45.48594425318044,29.288584803256384,0.4134749826148587,32.913313512642446,3.380467182141433,21.894784152882064,35.71937997716507,35.71937997716507,63.07902092543798,84.16190692443618,117.07522043707863,5.953229996194178,0
66.8021955821358,19.104439140628873,83.21147219350966,47.37461965389653,12.376918828047966,34.916747979618634,36.79383794628634,57.599307682689265,115.38603124256294,135.82397898519272,183.19859863908925,6.132306324381056,1
23.688827338085623,22.17997784101161,26.16836691988178,59.43519406737857,5.157821958792901,3.345375358884191,5.365696544497236,18.133559976070337,26.201289461857744,33.37097403591393,92.80616810329249,0.8942827574162061,0
88.92260506967456,23.465339435379157,20.162247562638548,59.8840212755936,18.51545763442795,21.954352501745493,68.7850833721542,71.06642951996788,137.52344510092388,143.859097308001,203.7431185835946,11.464180562025701,1
37.43190650268946,17.079810759377274,88.41456404140156,16.349123734086504,3.492688128721652,4.627530123424957,13.812295550478293,18.233302952206387,55.033817640092536,76.67311146876872,93.02223520285523,2.302049258413049,0
51.15444893871091,46.2825081942004,30.43739546199713,45.527834904660025,6.544666154539211,8.294037193558488,24.662316257916803,27.808714913858253,81.46269792991512,86.71356693793874,132.24140184259875,4.110386042986134,0
41.12825658563616,49.088525089605945,58.38784203515217,197.21793228168468,1.2559150869084594,6.946704498389707,28.537667094898797,37.790077725429185,56.53686495915001,75.8186685504184,273.0366008321031,4.756277849149799,1
88.10385404670525,33.29200176799607,73.67795406195154,19.36499710885643,1.7736875700574026,28.069505122519686,28.069505122519686,86.49052359513968,90.58321180190062,107.85133936289164,127.21633647174806,4.678250853753281,1
90.04194362986571,54.15959944909343,41.92017227589662,75.99931995794736,12.301112678318976,9.57445408853019,30.573353643252908,66.00265106703038,118.27341838119344,153.68115864009246,229.68047859803983,5.095558940542151,1
59.974922847366585,9.925749483745491,10.133797265815891,70.72775358935921,10.32403070582746,27.386369192556312,43.549173246066744,43.549173246066744,70.11941404026534,79.35291414326153,150.08066773262073,7.258195541011124,0
32.55307448620972,31.382583523033713,92.2337042562152,235.60294383069578,8.135501907188711,9.81955535843094,9.81955535843094,23.00743345836142,40.58785467334802,48.8491856674503,284.45212949814606,1.6365925597384898,0
39.924700142142996,50.0489179210818,64.75008974960218,73.62555090133247,11.560056766344701,12.002994264739256,20.362298947954226,27.34834406549632,47.09485282033678,58.32147743015833,131.9470283314908,3.3937164913257045,1
160.57212318658156,38.012979966342755,89.23974271695855,186.5256023423695,30.14915741626843,93.28755723065461,93.28755723065461,128.12333676854252,242.02980928452192,281.9955630083151,468.5211653506846,15.547926205109102,1
120.54034692557656,59.130190190119215,76.77266889296031,72.11818326087956,29.970532313693653,32.01034203267329,49.71198292050507,71.91770025005567,209.53167723557,248.57093884257776,320.6891221034573,8.285330486750846,1
42.77385700632885,36.55315647855944,77.39817137139872,44.259421491835425,2.4181566859585177,5.159686530359334,28.840798105340042,39.70794466079801,47.8123174139673,66.47354993879979,110.73297143063522,4.80679968422334,0
15.25642258105634,57.68166265289498,58.9882484921011,75.12782397246481,3.7937543078541416,4.6139916829546035,11.830364804094032,15.05806140106465,19.997023283601155,23.624478952032852,98.75230292449766,1.9717274673490053,1
78.32080521720191,7.7249622022472595,0.6193902111183536,24.201640269054923,7.123268106864575,26.121887796023696,42.63351431084781,74.14443533157988,96.23744303616894,102.41836358471181,126.62000385376673,7.105585718474635,0
27.939336942094045,4.472241058412152,88.26583299434567,79.84308515193985,3.7643111581264908,9.367074227801245,11.655379984955896,27.74988491192458,30.516436103990696,36.45470052435465,116.2977856762945,1.9425633308259826,1
105.2196041537678,22.677814511230828,83.09242229699748,47.698050915996944,2.7326476932131443,34.918837669657165,34.918837669657165,50.78642706976109,138.83191675687925,189.0998777127584,236.79792862875536,5.819806278276194,1
23.457623065668205,50.79733503189255,72.70088993839715,44.48591595582651,3.543325887467833,6.266528010441367,10.342215358861116,12.926116132056165,38.39464712495866,42.2748294187758,86.76074537460232,1.723702559810186,0
28.224501301627765,4.929546225883303,87.81593929214063,132.15312278065872,5.711592166691062,10.530584650788217,19.427518018218688,24.24568518731045,34.434252885165144,38.639628549589425,170.79275133024814,3.2379196697031145,1
13.746765609359288,16.633157952759582,18.420806331777552,54.87745074115889,1.2451266825419711,7.359279554883027,8.990395707937356,9.34557424877178,16.606310935213113,18.395914179635902,73.27336492079479,1.498399284656226,0
135.3739547956425,59.131069299683304,28.185879785624678,11.44239142120734,33.35998793974294,37.78938023284488,56.0216173271791,132.18619971316465,235.8754252970447,270.96791580418403,282.41030722539136,9.336936221196517,0
18.128839424075306,39.17597657443553,15.712146379469182,94.83734048302217,5.064010135904473,6.6624329691567326,6.6624329691567326,8.870857941732483,27.504062726279273,32.70174635341056,127.53908683643274,1.1104054948594555,1
73.98743742471409,24.80035352204266,64.66188103402656,109.21049013570615,13.302214220362728,38.75265423998487,38.933287675502264,43.24658481629646,90.76024307479075,102.90989984340288,212.12038997910904,6.488881279250378,0
35.71762204418862,6.515978470480882,43.83919075826533,256.7837941167143,3.1551599194125473,10.690186519995876,24.97575477202875,28.130020122213963,36.62290045307885,39.35442457853514,296.13821869524946,4.162625795338125,0
28.578272682364346,45.804040970634105,10.264412607483198,79.53708564288803,6.215100431622909,4.805574262328729,15.357783286677657,18.457684209990628,51.234790045970854,58.196715678336936,137.73380132122497,2.5596305477796095,0
27.23458385988123,55.66775060056934,57.563702185609685,51.478475850544285,2.7912648432053904,8.612471228429479,14.298712252369477,16.80969138960279,48.49973060580691,56.55279070515238,108.03126655569667,2.383118708728246,0
103.736913690563,45.0095278597852,33.89857562821314,95.88248911834785,6.803247406076967,36.54582408123868,64.73450310997909,75.82430963559297,159.2511895910049,190.43350234189973,286.3159914602476,10.78908385166318,1
221.64840245367645,8.75185954482884,49.050787721291755,25.732129086318032,22.13236831604101,118.42516496391914,118.42516496391914,195.69249114872844,243.8107186273309,307.7271050461957,333.4592341325137,19.737527493986523,1
96.08097675891702,32.848011323350136,26.13818713610123,44.36646639668641,13.732168768888119,50.58626229418689,54.8797070583475,63.39404952633426,151.71142751715556,196.55427155502963,240.92073795171603,9.146617843057916,0
7.2283373185422715,25.36071987627329,16.11487372922057,102.8864856212005,0.6013423063869254,3.5002961500070517,3.5002961500070517,3.5002961500070517,9.847164973944894,13.100367691113492,115.986853312314,0.583382691667842,0
74.24557175087303,54.43454392460538,45.08144207669796,57.908832749796495,8.496224318326686,21.630374300281844,21.963175402554807,64.53188693257147,77.02797008565125,84.76049006459047,142.66932281438696,3.6605292337591346,0
35.9354766636943,46.21373726983315,22.614837016509725,14.357371434224305,4.699425686879242,8.569455250704602,8.569455250704602,29.935250072147838,39.71568841688605,49.4896205197546,63.84699195397891,1.4282425417841003,1
37.690134167549594,48.514341938626636,40.50135938595608,54.54811638308897,8.709433751213941,12.087998834485662,21.428725013742504,26.511009572645822,38.941446810197654,41.80596944813565,96.35408583122461,3.571454168957084,1
48.173555394814024,25.996832802836483,38.227531712154885,74.31245200110764,12.531894609911216,12.515208967230546,37.50396083509292,37.50396083509292,52.60469731069372,65.65078891311424,139.9632409142219,6.250660139182153,0
41.45667179301643,3.442731094347991,94.04251041755745,56.16764383226139,10.404473778682496,24.457786780768885,24.457786780768885,25.74473630231103,59.85111488071164,81.85336153392818,138.02100536618957,4.076297796794814,0
60.106314454209596,46.045117975884565,18.68445855700186,16.367414267242285,4.45398960574766,8.547481737900698,28.992093329424435,28.992093329424435,95.4870128871389,128.76139585193403,145.1288101191763,4.832015554904072,0
34.63647061434708,38.73254586516263,28.64423513849085,5.677380043251723,8.54590087395323,12.223250661514543,25.504506966458248,30.42329387163806,61.74539815709945,76.76415210427963,82.44153214753135,4.250751161076375,0
79.67376352016451,10.205990507064502,79.18643055298718,116.16133836848144,15.882954246094883,23.269829794903906,56.569605011944724,56.569605011944724,142.4117575587202,158.1685732002273,274.3299115687088,9.428267501990787,1
43.85654712226811,45.89292948164662,29.586238733753724,107.66776602534608,3.797250717941516,21.323257240330665,21.323257240330665,43.471652597296924,72.36423629565164,76.38560806402928,184.05337408937538,3.5538762067217777,0
44.55865515212189,10.659432138850441,48.02630232846224,40.588256704258995,5.582371584473833,17.742997268597577,28.821535418611823,43.95079344090034,46.30279929817133,54.56164165511943,95.14989835937843,4.803589236435304,0
40.86780807160175,44.90170769947225,76.1947122269947,39.249821751112314,4.770873238777121,5.31634633061868,9.233959903995679,24.179844905477395,55.65618099692035,64.53081539172167,103.780637142834,1.5389933173326131,0
74.06024361243631,43.3896155555038,0.4387640324011399,52.112619378385084,10.504788516542567,32.338185231327735,48.42974766019861,48.42974766019861,76.9686996719589,97.74249889868128,149.85511827706637,8.071624610033101,1
30.138256409815334,2.436006085242637,95.65590182841129,120.30512037442855,7.732160963713849,10.437284788478976,19.148553205296604,25.786294474986285,45.494288640196864,47.42950468581177,167.73462506024032,3.191425534216101,0
60.2506373392784,46.937030019162215,46.283304537965044,74.94479610574385,8.148898431968703,24.588442901443862,33.121443308992575,51.738588819614414,67.78916633288011,69.03876574143561,143.98356184717946,5.5202405514987625,0
45.56499595268737,25.64424268568468,75.9449758511329,160.0686169053876,1.6087084216421175,6.642026202447716,12.23797492351615,19.091467442471178,69.51276514723897,89.68879348664521,249.7574103920328,2.039662487252692,0
104.84722097493746,31.381821579581505,92.08072604531414,73.58440878493516,23.7429719711832,37.20853867966709,39.60356461602866,75.73344442547959,126.07407484804796,156.42149210815072,230.00590089308588,6.600594102671444,1
31.739528888817365,57.95213955564949,87.68041999055617,34.210091721846844,7.629136692939414,11.558854035314342,11.558854035314342,18.100102306587843,48.29710325181116,55.136951943642835,89.34704366548968,1.9264756725523904,0
80.84529023621096,55.351258053285434,22.03789747913073,41.88789359219178,14.571448854241455,13.996107359420554,19.0280648011601,34.76331899561226,128.12594979006175,166.2813906831301,208.16928427532187,3.171344133526683,1
52.70273561822245,24.194748778444392,55.51872612235709,97.3255684786376,8.065403171645611,21.467088663091644,38.97433281460875,38.97433281460875,64.86246189968178,76.36690902709591,173.6924775057335,6.495722135768125,0
99.46346329664215,43.15525128439625,41.06547990560999,186.07556948378559,23.492186334286078,55.148955571143404,55.148955571143404,55.148955571143404,178.3700047151142,234.8579075561249,420.9334770399105,9.191492595190567,0
44.419148013674885,31.7589724738592,53.23626142289959,77.5475478034158,1.1630024509381203,5.005964301297726,14.39171109397641,25.315122570120522,52.602544254746604,70.22574850150613,147.77329630492193,2.398618515662735,0
29.297841541663228,49.68756616418483,77.96307228985778,134.56685187515833,5.3783724041269005,6.634241396992676,18.17818452824859,21.675739578533772,31.58276926030902,41.01401418531558,175.5808660604739,3.029697421374765,1
29.068644055736176,20.540106587769536,35.44791423942615,89.83417670490886,8.329408823661407,7.689992883521696,11.430716091775944,15.952555869808478,42.64989462860363,58.569036334897625,148.40321303980647,1.9051193486293239,0
49.0325705548528,29.314377296557158,47.72097073523061,83.55733794227136,11.885621631644616,18.246123129843323,21.719371924652812,30.29431153113893,65.15760536688927,67.03436429683478,150.59170223910616,3.6198953207754685,0
41.67213156815705,8.519759838020708,60.79791886317779,200.00499779687527,4.048284606162383,19.58782237982071,19.58782237982071,34.39649744930996,69.35166806159909,72.86929135288156,272.8742891497568,3.264637063303452,0
30.806282589486383,55.74747760442822,27.05633920085322,28.658227385949093,8.531849445408097,13.262010152793467,23.29121053030741,27.23727416316508,43.522436341334924,57.298750815929004,85.9569782018781,3.881868421717902,0
49.84142539375689,54.241697070723774,60.660471960706005,52.77570018683363,3.822338270704921,16.49308697682136,39.766463082473834,39.766463082473834,60.01658092442109,77.52138924297311,130.29708942980676,6.627743847078972,1
2.6664109595141974,18.011618122926,14.891233243174574,45.776880145290306,0.461667857640426,1.5464809638308408,1.5464809638308408,2.0100400518204946,3.7848132055542725,4.42994914293134,50.20682928822165,0.25774682730514015,0
36.2789956061083,35.81245078175742,62.16463327228485,66.48599409857832,7.074346780121268,9.82885797577615,11.94934414846084,21.701896551694666,61.340425829765394,74.41088451745127,140.8968786160296,1.9915573580768067,0
42.71706175092185,23.94500694739774,14.323167181731755,18.86593802228974,1.2614490415138229,21.017655999766603,26.632517595020673,39.77149908045678,50.80975126515113,54.951864976608654,73.8178029988984,4.438752932503445,0
9.025547139641834,11.0361253995205,77.5659955839384,64.24617755658802,0.5020746170978084,4.630590018746241,5.908508621828434,5.908508621828434,9.899991111841018,11.249531328874301,75.49570888546232,0.9847514369714058,0
17.110213660614864,4.611335565695688,19.40211549483829,39.41941072514587,2.9500841460926686,2.5746404609149924,4.999165041266949,7.844343780873592,29.06078302447219,29.96364913952247,69.38305986466834,0.8331941735444914,0
18.147766753755633,49.72427020075239,64.6118330400841,41.62916451680604,1.2821898934673397,2.2123240945777063,8.931305917291343,8.931305917291343,30.65814559373539,31.078012543600135,72.70717706040618,1.488550986215224,0
39.93371109802795,18.770022497998365,58.11978267604686,142.90701261677472,5.485358716139893,23.687454168250948,23.687454168250948,23.687454168250948,67.10249824861266,84.78590817679695,227.69292079357166,3.9479090280418245,1
34.21091356932583,31.895627791009247,42.533143967543715,35.8085583947399,7.445128986509624,9.5528135683136,11.639900620398862,26.59018285308696,41.71314131750336,51.60297334228031,87.4115317370202,1.9399834367331437,0
34.59043497114346,54.3556105170716,64.54593244904878,236.99865796632741,6.748658818832564,15.018394181555967,17.166128176352174,34.55542138705626,56.62031483244275,72.48967259420121,309.48833056052865,2.8610213627253622,0
9.173300050827518,3.1533646036383765,84.6516026588506,75.36821589422448,2.428982279935439,1.0515029331602197,4.034241719612701,6.980227762477591,11.059326539931142,12.764122775941512,88.13233867016599,0.6723736199354501,0
85.92083861059174,33.74892666614468,12.016914536449052,7.881048754307828,23.87982022344266,41.4071503991838,41.67223706097151,47.506702815300045,128.5905478455183,170.0044058180292,177.88545457233704,6.945372843495252,0
101.81058452932837,57.41859780290021,67.64289823111291,134.7320718390361,28.45067564419235,28.107468672643307,43.83767068221414,90.70029441577539,111.68520751530244,128.51355244544942,263.24562428448553,7.30627844703569,1
11.958249793191044,48.938499604831826,41.01241045703268,5.447763616247285,1.5530104033528793,4.671527662884824,4.671527662884824,7.327275113346556,15.971215017467902,17.938806190178447,23.386569806425733,0.7785879438141373,0
32.75025919045995,14.720050095317164,67.39247328912914,23.5885207561549,1.7730430174349676,4.061367508560694,8.047400993198549,24.771809348463332,56.52441729650708,70.04930813925644,93.63782889541133,1.3412334988664247,0
33.97561472868866,13.650801538712468,87.50377760534785,87.7007795098412,7.026300749158482,5.230437679596588,12.135263577987182,22.566104746863953,34.51734998489663,42.05208078793226,129.75286029777345,2.0225439296645304,1
55.83552228453554,46.22421792651254,65.283756208366,55.988119044289476,15.484430776977268,28.56279093384169,28.685361997471126,39.4533449410466,62.70330079566328,80.82230599977098,136.81042504406045,4.780893666245188,1
29.003054717953276,6.624372682237843,15.982755992957177,107.17958644321376,6.827142313464755,10.93648804533501,10.93648804533501,13.438955251421913,43.83390748365801,51.86791477804474,159.0475012212585,1.8227480075558349,0
80.31114270328716,36.76301651089306,41.61341416079757,41.950678509731326,17.28027515080233,39.23134350976771,46.203962783412734,76.95772964256362,131.38561257569643,181.1877029323947,223.13838144212602,7.700660463902122,0
16.003842949755544,15.577942981464426,54.94486529492508,41.642750787010286,3.9165710424410833,2.891027319558823,10.515323383171642,10.515323383171642,21.599597860913903,25.831337955042397,67.47408874205269,1.7525538971952737,0
67.11302955305774,50.67691781949836,12.687693091434603,47.65043837436156,9.043357053191915,17.71040325158204,49.35102411882493,51.04523647659652,108.05117853814903,108.75548168245464,156.4059200568162,8.225170686470822,1
54.59893380374636,24.006135601351918,64.36111045008353,91.37127142203133,8.762767521010758,28.695650966405914,41.834863944326216,41.834863944326216,97.10999165540264,119.56035385578906,210.9316252778204,6.97247732405437,0
13.441476706586489,26.06840096420566,71.3241904664044,109.24222012526643,1.0211035354912081,5.282217985425622,5.630012975126179,9.086424170780084,20.920107171362034,27.296189157273314,136.53840928253973,0.9383354958543632,0
31.58985204827657,48.07609120200433,76.25153346215605,24.85014494041434,6.5717001438967815,13.72699519613919,24.19218393051942,27.169882835374942,42.78201905208175,51.33273476242127,76.1828797028356,4.03203065508657,0
14.94541774136146,7.1090854522697065,11.99021942009817,147.4118633753834,1.7551011709279611,3.0372786202871653,10.838371952620953,11.469662306624526,22.480008586307136,25.242558346609602,172.654421721993,1.8063953254368255,0
141.41764091305285,36.855756081567556,70.51439553864324,228.8185846144209,13.419048539123743,53.44283596166534,55.06956643932134,83.59074143989298,176.09594667342043,214.86547240749755,443.6840570219184,9.178261073220224,1
36.577974564346086,57.8319479726808,36.61838543647611,64.89133075213893,3.2989463207851593,17.08233543430966,17.08233543430966,28.90942596561311,39.376494846692985,50.01398300721522,114.90531375935414,2.8470559057182765,0
28.302934300943903,39.721793007543226,21.122812539838453,80.28413813399192,4.61335822549341,5.274959177578982,8.51209503221573,24.83021153013179,31.58897756992113,39.503595521271585,119.78773365526351,1.4186825053692882,0
7.56053525912914,6.743937204077317,52.43460763864293,39.48057715959511,1.2943091244401623,1.8877843379656747,5.454447952234885,5.454447952234885,10.207235553395643,11.870977349468408,51.35155450906352,0.9090746587058142,0
52.30769966840453,54.69489816499113,57.271894744954885,130.73507942751766,13.147409354267372,5.463446131092496,27.078873185215702,27.078873185215702,64.16170326849905,73.96099127260291,204.69607070012057,4.513145530869283,0
31.08004248710174,9.478926398208014,45.6764017293416,5.774739642689335,8.595896075302713,18.071754359125723,18.071754359125723,21.040421924614282,32.18971326956588,42.62598946505286,48.400729107742194,3.0119590598542874,1
66.54227651877952,23.393109707262763,84.08451199873934,177.58628271466958,7.090865287323243,36.458776554304826,45.62314530996216,45.62314530996216,86.66011845746469,95.72757880420843,273.313861518878,7.603857551660361,1
113.79647812831766,12.537358276784207,15.579683749161743,164.515503148609,12.848863010651915,16.625484146918318,80.82207499750955,80.82207499750955,191.3868490470014,220.8365196002125,385.3520227488215,13.470345832918257,1
73.22014616297572,43.867459669866165,40.71534956628386,23.0068731765679,7.229286658976109,37.791280664838474,42.746092587861575,59.156355297828334,77.98060440485327,98.6395452790285,121.6464184555964,7.124348764643596,0
17.274305899180106,17.3637190507029,26.7016278080341,35.03549371908703,1.8064678683706115,6.443511106844154,7.542520295735199,12.936047531035786,29.73997518671661,34.671911750132004,69.70740546921903,1.2570867159558665,0
28.578001973394734,17.14432693048666,4.88001659282159,57.73663275931389,6.400794397636803,16.63980819673173,16.63980819673173,16.793105679719183,32.2207842812887,37.33616375626993,95.07279651558383,2.7733013661219554,0
12.250194194546904,25.98644889720775,33.9064023447972,120.85032871574757,2.402845740532055,4.34563444194295,8.082932087711432,8.082932087711432,16.748187483241505,17.58440105198633,138.4347297677339,1.3471553479519054,1
23.156208218433136,18.59348774717483,71.80756703644846,16.959291543272087,0.9677817660903406,4.709540220402899,15.336235284126074,15.336235284126074,39.66478550270072,47.8183953384961,64.77768688176819,2.556039214021012,0
83.31712405826929,47.50433602295526,52.32490190797184,43.434957871169814,15.02291804312557,44.00183060918376,44.00183060918376,44.00183060918376,88.46639946574172,123.4662953620297,166.9012532331995,7.3336384348639605,1
24.658932087999506,32.5476273778897,41.87465372799506,99.0611967201749,6.346302651604973,14.03160228022011,15.920812895539596,23.599634287213707,36.19897919206603,48.592076104673275,147.6532728248482,2.653468815923266,0
67.0494972786912,34.243405777351825,47.47047798101931,21.105013343946915,2.4711430191043946,24.49559223618092,24.49559223618092,29.239394634395012,107.38464356460528,141.0611015630557,162.16611490700262,4.082598706030153,0
27.18046450850694,11.374319558571848,31.25019162365099,60.992835845798446,7.4347354514439,8.258803176823546,14.072466494558684,14.072466494558684,39.709819174243066,47.412467671404364,108.40530351720281,2.3454110824264474,0
72.18976387354374,54.982393677144735,12.216351800670688,70.1466796195428,6.634550355576589,35.196055555557756,35.196055555557756,62.76518135164141,74.55232679840144,99.08517939333997,169.23185901288275,5.866009259259626,0
16.90878861519569,22.235364062686074,59.04297660409314,27.917393610131032,1.8899508855252216,2.4024158574896233,13.442040144695302,13.442040144695302,24.29365810696345,33.16318164060665,61.08057525073768,2.2403400241158837,0
14.095213680043898,23.888042667493934,81.53925125136989,67.54847038639524,1.8585869428075723,7.348550313052722,7.348550313052722,12.498872271921988,15.760526205199154,17.13495406749126,84.6834244538865,1.224758385508787,0
140.57383828929386,16.05857696588606,78.9053245327357,72.04306578456288,8.411852318949073,74.56115999778595,74.56115999778595,99.21689892410568,186.10560054606785,223.0706794467054,295.1137452312683,12.426859999630992,1
18.412624989493516,57.690879862708115,23.334179347121086,39.04681406029321,0.8759160385776048,4.564701644333286,5.849262404293172,17.29439009021968,21.71462494272016,29.15580557962578,68.20261963991899,0.9748770673821953,0
84.77316129286596,37.20905887145351,43.428766570777164,14.900372668431398,7.407059530543482,8.955918684517139,67.59516578075096,67.59516578075096,136.0727846871975,180.8028169278149,195.7031895962463,11.265860963458493,1
59.31447257926258,5.53545944195313,55.21222795581709,13.487833893072148,1.2758146861247286,6.222464392014143,47.423903220350105,47.423903220350105,97.61683330187653,132.1123366683523,145.60017056142445,7.903983870058351,0
22.402652014263218,13.171489393833987,80.245218866329,94.19383754805318,4.069004741735559,13.19579943368258,15.229482194266243,15.229482194266243,26.10471030505934,36.10890388942435,130.30274143747752,2.5382470323777073,0
22.651284842007747,29.865891023632905,19.650733278337253,94.00023081308484,1.3059193749963,11.103920338888157,11.103920338888157,15.154185179830387,34.27077641945364,38.20732715340384,132.20755796648868,1.8506533898146929,0
32.54120511381597,12.895431816653867,13.223178936192303,49.718375034061104,1.5013796226042648,9.090609032154983,19.50788207298898,19.50788207298898,53.55626423045925,66.09470965241417,115.81308468647526,3.251313678831497,0
86.01761227694344,37.0920641253133,93.16235711824974,57.028083457471716,15.28575023775478,46.854430669486774,53.43029243445462,60.12844977802368,116.0109982168548,123.40335050821899,180.4314339656907,8.90504873907577,1
28.090362110049966,19.85803879941753,14.571982034498399,44.09509108952078,5.222971852225351,15.341107668179506,15.341107668179506,18.985773466385815,48.69998311688901,58.934577727117805,103.02966881663858,2.5568512780299177,0
66.74315346295106,22.277630391042553,98.910962732558,151.39914669929553,13.666942803727576,36.98301458938476,36.98301458938476,36.98301458938476,78.38313749714621,80.67977225328177,232.07891895257728,6.16383576489746,0
54.17078155541709,47.62609125273105,59.8973548842273,44.812806850027386,8.724590074258346,19.007285303907988,23.641150679203296,24.614507370616263,59.6488634406447,69.65967676706273,114.47248361709012,3.940191779867216,0
55.42487750841472,32.413618819798764,49.89983230788882,204.7673577469805,14.832275828928555,28.279095611657514,28.279095611657514,40.90655772584072,62.21424509733106,75.17186788725051,279.93922563423104,4.713182601942919,0
143.81453053562004,8.555646395763166,18.893971445938018,32.88930227215229,7.904171613602556,17.08779540737486,69.1537773617618,119.36716564580735,248.8345234397689,318.1320943638214,351.0213966359737,11.525629560293632,1
62.94132789693906,23.569891125651836,86.05065191962325,131.57258923455802,15.116070003880802,11.32916039033936,24.021351469882763,50.15837095083099,94.17129990366163,102.26227196140961,233.83486119596762,4.003558578313794,1
54.835193902361354,53.987834321792626,17.21650895430128,21.16442661715357,7.41022711274499,22.82419927304244,31.29941895742412,45.62522910414962,59.95477740069776,81.00064656805867,102.16507318521224,5.216569826237353,0
7.583315385316368,51.07721292399881,40.12679268244938,83.88121042252577,2.0700004368855116,1.152721360684227,4.951700356731835,5.21031271333068,9.943209779046239,10.052710099335687,93.93392052186145,0.8252833927886392,0
101.66255842385388,46.07084674750008,4.803447836994657,18.64233947531463,8.709278637686987,12.368958002441543,73.48315496441212,73.48315496441212,126.57821180423629,157.69960415308097,176.3419436283956,12.247192494068686,0
73.43498551612196,50.92457175079491,2.2547916451349903,39.4153143628184,20.956194214571486,11.322774009441504,32.724741679427986,59.64790747938106,124.9565326218155,170.5687143510601,209.9840287138785,5.454123613237997,0
53.31048399867372,7.307518529266252,72.95764231115976,129.58865669943805,14.010453567047119,17.443712556042914,20.00322374755759,29.982018487521024,68.43150610947374,92.12474196530788,221.7133986647459,3.3338706245929317,1
32.34412388284257,9.086100200036068,20.77427961275954,19.437298619814346,2.2151737588415905,11.131421177760284,11.131421177760284,25.14707889095328,34.55863543533221,41.805581855537724,61.24288047535207,1.8552368629600473,0
8.043987897263875,3.080943057078798,60.07909285563328,171.07208206828187,1.140454184931847,4.528792607210257,4.528792607210257,4.528792607210257,8.114617950688004,8.579116718418756,179.65119878670063,0.7547987678683762,0
61.88625955658985,9.251586548273291,72.34044590238507,114.77469976130874,5.449779042317778,19.240154624730945,19.240154624730945,44.72219752872558,90.16751799393752,93.6891806621565,208.46388042346524,3.2066924374551573,0
42.129055253430806,49.765753561374005,49.17866487832461,114.10445117389222,2.5181579211972003,15.04816112934912,30.10000183330191,35.02758988644204,47.218960099843,60.66333257414973,174.76778374804195,5.016666972216985,1
136.56804021966067,4.199874093671418,65.6431327617976,113.8768103241446,17.568817552560695,69.39139347973325,69.39139347973325,80.5589306836935,245.0251681808168,257.25265366170095,371.1294639858455,11.565232246622209,1
67.0157796873077,28.980384013364677,24.11485047247802,179.5273026542281,11.382315359028011,34.0008114761975,37.898054245670124,63.73504776849213,115.62846378415358,118.38924592023514,297.91654857446326,6.316342374278354,0
46.4293541659182,16.3327466517977,81.78620138801605,84.09937103576115,6.149206485860302,12.224333444605337,20.429969710424945,20.604154060552272,65.73525149446398,77.51859704852146,161.6179680842826,3.404994951737491,0
165.25953625604987,50.28493403959549,20.62339568199366,39.29700786530192,18.653575445201845,76.39717555791228,76.39717555791228,92.44278511776855,257.7294196385923,276.7983934508677,316.0954013161696,12.732862592985379,1
41.97028109167333,48.56619015823829,59.06136311024951,99.27594245742632,4.692569675674414,22.787011958914274,28.25876719020723,33.81993478934862,48.642814940138194,64.34584136780195,163.62178382522828,4.709794531701205,1
128.7492518528818,46.427694043329836,83.58632898056251,61.4843251705856,8.380136443468976,65.88057819327797,65.88057819327797,115.3137226069192,130.8362261554056,159.1986051038548,220.6829302744404,10.980096365546329,1
6.160504107388755,23.938870875186808,79.32005945643978,157.14806112656083,0.5074338941728912,1.6274552141668428,2.7349600319771823,2.8833599381271124,6.290477012586051,8.442126672282845,165.5901877988437,0.45582667199619703,0
187.08690433025666,55.68426533111357,5.126976665181648,64.5120437722896,31.475012869295238,87.92983086694107,122.61530154055167,122.61530154055167,271.92457962049025,314.28586346018005,378.79790723246964,20.435883590091944,1
85.66631845661156,53.95978912200023,36.71824674090837,119.47807054932287,5.528755974278628,40.167693029935855,40.167693029935855,58.182832643043156,97.3012451091752,133.18287222069813,252.660942770021,6.694615504989309,0
20.229059986602714,39.747264587064805,85.25786147775628,28.425822226412258,5.10290393098928,4.470876528602468,11.904728346799313,12.283548080518434,31.796324727195593,44.22555733974842,72.65137956616067,1.984121391133219,1
153.58139909498846,37.530358150027745,85.09402134732953,60.130073127878696,34.72882267617026,66.7880962522707,97.58722108229624,112.09382286592788,239.83924946340417,292.82430454585375,352.95437767373244,16.264536847049374,0
4.322351232134201,21.542847657272137,63.64093244477284,61.66386253632811,1.283215669575045,0.6222477614662174,3.4123929398507142,3.914322520700135,7.649830419396161,8.222259375337638,69.88612191166575,0.5687321566417857,0
14.50080219491048,44.68154048229739,10.853118941558549,157.71066938781306,1.5760554207952595,3.437764994695518,9.585505694145233,9.585505694145233,23.454500016542596,23.956132452753383,181.66680184056645,1.5975842823575388,0
60.4056243705166,56.43239109918053,40.4267280322007,112.9731587891685,4.293062888928029,6.896679617720892,12.93613332528126,24.53247449315995,87.64200373571813,119.83362399455523,232.80678278372372,2.15602222088021,0
102.14675735926353,20.340478847653344,96.11520300915176,28.721960884096536,4.202797697255444,16.90156986367749,58.73432197337124,81.97587387765769,130.3971946762718,156.95160720643875,185.6735680905353,9.78905366222854,1
53.84646050881333,18.583916419407746,10.653869821098027,66.53840557266872,6.353226315455211,8.250517896789837,30.67874096399522,39.71917466448363,95.10115438688783,102.77831108956848,169.31671666223718,5.113123493999203,1
8.697291071389909,17.28779826071232,80.14033724686887,49.362039061587815,2.4166682647076407,4.986907604725199,4.986907604725199,6.169629362236518,9.995610594116451,11.493863068882936,60.85590213047075,0.8311512674541999,0
22.14094343979662,59.02310826704471,41.78208178549567,114.70099564859254,4.10791589638479,4.027750451168818,14.394756573290417,19.274385831983633,25.678504024754453,35.23981015804736,149.9408058066399,2.399126095548403,1
27.614742571820866,33.33842304710258,74.47408779123617,123.54497075053246,7.963855818907857,3.762894934236312,11.733527759798605,25.129335161762327,41.54428236034054,57.5116005765326,181.05657132706506,1.955587959966434,1
58.41052120160024,58.11898783934563,5.431128018095954,147.33954379860347,16.1168841074799,27.752545321298726,33.54235941121507,33.54235941121507,104.52409595732627,113.14535197104752,260.48489576965096,5.590393235202511,1
38.35684542860037,37.8080082000794,1.0314472168123645,122.41455639957846,4.8455305046594255,16.273163561887785,16.273163561887785,34.49223532418491,40.90274738184224,49.17026899605208,171.58482539563053,2.7121939269812976,0
96.5958967208842,19.020748138557433,30.062842565870962,33.324450083992936,13.776311127447338,40.381415803287105,40.381415803287105,69.98645410717289,173.0915220557343,228.90653840294516,262.2309884869381,6.730235967214518,1
8.014973590780723,36.01096251457727,87.01797317337677,61.651708481418346,0.832111814567246,4.375929772010426,4.375929772010426,7.394922681866871,10.531473289362113,13.574347954048463,75.2260564354668,0.7293216286684044,0
67.30913084824488,11.01589158012395,67.97998414691463,130.73675673868968,15.32862766831797,29.160188497010605,29.160188497010605,49.85212309082784,101.71771152326036,128.3915155272524,259.1282722659421,4.860031416168434,0
14.62497394492691,27.989817812554694,61.18237623879137,164.51524614597957,2.624149243998545,6.349236502564667,11.58384116151917,13.697346419387635,22.632159314809826,30.133063081784133,194.64830922776372,1.9306401935865283,1
115.11908269482993,27.686785629551714,99.76794694408476,20.149704389793225,4.346685910325867,37.813939535909256,73.22988306484649,103.54295392766953,166.4195857662512,220.65734444051418,240.8070488303074,12.204980510807749,1
67.90036484999733,35.439248257156386,34.729583116106355,97.36518463236676,18.823968893103817,25.995071551196343,25.995071551196343,40.43557629175456,117.7692510322963,146.26297989249142,243.62816452485816,4.33251192519939,0
38.391165688959816,24.46002413251807,85.02522690744179,63.44521583852877,9.211438893639402,18.542019682373653,18.542019682373653,30.174232753322695,48.31510274520161,57.80606636200166,121.25128220053043,3.090336613728942,0
31.341529290774204,28.397917687608082,10.96654252685444,79.8748284039743,8.814170332621735,8.761746089924825,23.434899426416273,23.434899426416273,49.77967782696276,66.07918636761073,145.95401477158504,3.9058165710693786,1
56.43946411571817,52.81700129044396,17.072662850978936,113.01177744021504,5.070997919089866,6.661417521481721,31.461154239400845,40.695810415003514,80.97475142442744,105.71193976291745,218.72371720313248,5.243525706566808,1
94.53452160336954,12.462692874460032,47.80967023498527,68.2879515468512,21.82214186380502,29.61126181650028,46.40782580795552,46.40782580795552,152.53061136436847,164.49172742132035,232.77967896817154,7.734637634659253,1
54.394010110629885,55.51364529414898,95.9479347143122,74.6116578468704,10.741712174493562,15.689830375053111,28.403977703444045,28.403977703444045,92.03830617923168,110.6208813859134,185.2325392327838,4.733996283907341,1
38.19535166337495,33.23541147661601,70.34027991853846,26.578275428212393,2.0812958551702208,7.290885089001945,14.602946254066264,23.125394683765514,50.14596569736322,62.019353335575204,88.5976287637876,2.4338243756777107,1
18.421080364329207,38.47465015939856,11.253022415206148,61.63425565154994,1.7072614418958472,8.370323594651635,8.370323594651635,12.870846529345771,18.57662833595037,25.75157197665093,87.38582762820087,1.3950539324419393,0
36.83916051456054,8.047373264384687,95.49073131546027,58.79789833593199,2.7148056508369796,18.50236173680191,18.50236173680191,26.94764687773699,60.050341166316144,71.53071494364404,130.32861327957602,3.0837269561336513,0
94.99953855418471,10.424959261481895,76.57184340005546,56.53539149699331,5.979853124379726,17.031545363361392,59.498915606548046,67.5174622175305,105.13269260459307,116.63354966482873,173.16894116182203,9.916485934424674,0
75.57111097736403,44.48909923197294,73.66073487026202,55.53988252234254,15.252377936701366,25.74000304663161,25.835840164911456,36.83552631760481,92.55248099152996,99.64326198806195,155.18314451040447,4.305973360818576,1
104.05611162104644,54.23829964931393,55.148912406740536,194.1466494306056,27.314254175135627,27.37333440996384,47.33255001882994,92.65674370322081,151.9145986186646,208.53563611987573,402.6822855504813,7.888758336471657,1
17.498069875940587,32.09361527170142,39.35328686858174,111.75497689692153,5.189989644338219,6.7189903911821345,13.229474570876594,14.558008797224362,20.129264146114807,24.55388167087622,136.30885856779776,2.204912428479432,0
8.571404328095921,11.716523330000944,10.989763967621402,22.898559239430956,0.6874940722056718,1.2597602806455375,3.801586669102151,7.8686760222580805,14.435730457983595,15.887489294727171,38.78604853415813,0.6335977781836918,0
70.77489892855564,48.2210892852396,61.979289223962276,11.124842563443718,14.776659744169974,40.133721790334874,40.133721790334874,65.8141949198157,86.77662555458443,101.4101113736234,112.53495393706712,6.688953631722479,1
11.164207613863264,55.21681250431471,12.769050370148715,59.69137620346656,0.468076609252118,1.4717163792544465,5.064286857572836,10.040609251273569,14.109246682411477,14.276462707486425,73.96783891095299,0.8440478095954727,0
103.97626602716468,40.870311681895856,58.994552223957264,140.21614206120287,9.038646188928226,53.159167628341464,53.159167628341464,83.03243715882915,164.1295576034515,164.36701312624152,304.5831551874444,8.859861271390244,0
72.3935062106341,12.606077395706926,53.96487321979001,29.33266396048676,18.62436378794426,14.282389093744847,46.29729156285313,48.07317035786479,79.10446493503693,89.95042457281512,119.28308853330188,7.716215260475522,0
53.17749874918577,25.92326501037696,59.65243685947964,125.08001726842139,15.08249304353008,25.814883493001798,32.290226453297144,41.53669831945395,81.25271596644424,104.25049484344188,229.33051211186327,5.381704408882857,0
15.274842467224822,56.51048449463477,82.67843106310069,34.342266247111304,4.456960564811199,3.681883212330625,5.37067963235826,8.378660185227606,15.609320433950014,20.1854106627053,54.527676909816606,0.89511327205971,0
42.27439936772774,13.111662367231691,41.11777512353847,49.309454333571736,6.343321161264395,20.921164900061825,20.921164900061825,40.296437013321054,65.58588440614567,65.71411322011657,115.02356755368831,3.486860816676971,0
36.87850609505378,11.903691284752325,43.659796521783804,57.4697701738857,8.335544988109886,20.572410917394933,20.572410917394933,28.750091766986852,48.59396309923762,61.875819581896366,119.34558975578207,3.4287351528991556,0
54.93341530489045,42.703850007058776,5.997984469807793,68.25503832765699,6.776364850244424,31.19296950787222,39.57765257482859,41.708336800953894,88.5031992022829,115.36319325920543,183.6182315868624,6.596275429138099,0
126.31460458088523,33.500120741608086,28.77398115998386,17.88441937584418,27.31939573208221,67.17161271156135,67.17161271156135,94.52136620424153,131.51389887809515,143.69863824028369,161.58305761612786,11.195268785260225,1
17.801992150448335,13.874535331358931,8.1022137160483,22.278893167280366,1.1146450851366856,5.566191751901438,9.736606791219085,14.422840396840519,30.756529207955303,32.639694783614736,54.9185879508951,1.622767798536514,0
32.33614775669839,37.7581128928506,14.175823927863895,48.4039251276057,1.7523844693910726,10.165427230954338,24.70462235090305,26.235124838526918,41.32774202601578,53.00074137080228,101.40466649840798,4.117437058483842,0
39.05423575108064,56.32713330021562,42.67967179404807,13.940369755455322,11.539243769306186,22.50479667544633,22.50479667544633,22.50479667544633,51.21182755441201,62.83885375173106,76.77922350718637,3.7507994459077216,0
108.4519993095376,51.60140940056949,40.71938308756158,44.77183184202148,11.629043319089165,59.17487096283611,69.08285274445561,70.98195624562864,123.36230856865647,142.94028568281624,187.7121175248377,11.513808790742601,1
45.80456257082191,2.3788551145050936,93.58575357253441,80.39042647328677,12.422526190602456,15.68654260157405,27.167873090858148,45.128020266182396,50.52920758640533,62.22523448879605,142.6156609620828,4.527978848476358,0
67.52279439748582,52.8532453631076,11.93199933644421,27.490060382048284,1.7801976738388616,20.186900932905917,20.186900932905917,57.73198008334903,70.46377498193061,93.30234483575894,120.79240521780723,3.364483488817653,0
114.51966840506454,38.36031729903769,14.930263268932132,43.52157988663449,28.951980360575668,16.846387567061885,90.56610247874411,90.56610247874411,124.36714831689551,128.99915801700558,172.52073790364008,15.094350413124019,0
53.040441501497135,17.493291305960597,75.08663086265585,72.52726229406925,14.971839001803916,14.890539829657516,35.50556781714719,35.50556781714719,76.56574049244196,92.25937768638482,164.78663998045408,5.917594636191198,1
32.69071154084296,7.418346865286134,2.239860121277082,19.985773727967874,0.7961677808032027,10.96831520530673,14.945928204483833,22.133570481307096,51.74788166744853,57.473572577680116,77.45934630564798,2.490988034080639,0
99.08413285943796,58.32996968092212,65.09463762838361,80.943650790991,12.781192189530984,51.06073221952118,53.098637399145886,97.79382365818795,107.17656374860239,119.3786144579485,200.32226524893952,8.849772899857648,1
123.2700854786895,3.684185255310009,74.75611260911334,62.14984868575272,30.363381253871385,32.29955139154073,51.344051561077585,119.70107724387731,135.9953092175946,178.05901983194423,240.20886851769694,8.557341926846265,0
63.76817504286929,12.707924760836509,62.8986977907132,32.845170056729,1.3553369072006107,16.024716418328534,22.769295042606352,28.45563979037568,68.3987800410484,86.16948575688559,119.0146558136146,3.794882507101059,0
24.19624558153832,40.93235940896442,28.780496359110728,149.9664661976924,2.5493691554735225,2.7392206982973697,17.849121466026673,17.849121466026673,33.663662062146955,45.61599561745482,195.5824618151472,2.9748535776711122,0
30.074711920564013,45.961026274891495,10.358698050192338,25.97910302339342,2.775992214699215,3.6029240305884045,16.571503616847508,16.571503616847508,35.404526844843744,40.590721389836034,66.56982441322945,2.761917269474585,1
122.42305952241115,17.466482371804464,99.41742393213673,84.92210055423855,7.032240801127696,61.70430455349081,61.70430455349081,63.24266830334134,136.73053089282286,164.3588054412002,249.28090599543873,10.284050758915134,1
72.24026386466683,44.750088825249414,85.93542519123561,87.07060083174761,3.224219213235902,13.153330186057376,51.34820520608475,51.34820520608475,96.5518932312431,102.12112714486217,189.1917279766098,8.558034201014125,1
34.401050841843016,46.380038075017595,73.06364856950489,26.312473353287835,3.086189750495047,20.062719509152775,20.062719509152775,26.15393837900266,50.70187268331384,67.99650048885744,94.30897384214526,3.3437865848587958,1
7.243166779485484,48.55815991130785,18.704034079219355,34.20375678949983,0.5503706994860004,0.9422167357989705,2.251826113827963,6.426581574208828,8.273686295287856,10.320915185588914,44.524671975088744,0.37530435230466047,0
73.35787471217886,45.727468219878006,43.090999434254584,96.12290339865461,21.481600071888646,36.9093164444638,36.9093164444638,36.9093164444638,118.97421464207903,162.30536336717898,258.4282667658336,6.151552740743966,1
64.05011178987937,3.894428475620753,70.98197882615662,118.62182414454847,1.6773857331224036,10.091002428404648,48.96641845771108,48.96641845771108,94.59243409962608,118.51111252763654,237.132936672185,8.161069742951847,1
72.37817829415928,53.753849338809815,10.143231972502488,81.81846147050246,4.072319059767961,30.214143171127624,31.081870354550514,55.43804121923663,116.38837295211704,122.6307941208994,204.44925559140185,5.180311725758419,0
21.115988551602378,34.64121394029444,95.73279739452215,95.79807518077178,5.194543895618901,10.10167652555501,10.10167652555501,14.268219165477921,26.684107376860513,32.69686675140116,128.49494193217294,1.6836127542591683,1
32.82283907993724,27.000772383164737,95.52328903622438,44.80580738961001,7.6640633877091835,6.993245049828837,17.152646907811242,19.198966157219765,43.13821780828998,59.521998754081224,104.32780614369123,2.858774484635207,1
90.36366653495807,3.417146048604698,15.049517476978869,136.30921572606513,13.654926294377459,34.38174171504695,49.322377446444456,49.322377446444456,161.25502754732815,172.07716212298067,308.3863778490458,8.220396241074075,1
2.551893935793899,36.26643364138072,19.705680460013543,14.81499937811221,0.32632936771802623,1.2513576689200852,1.2513576689200852,2.105562972459247,3.7866960697411156,4.283790187736228,19.09878956584844,0.20855961148668087,0
32.51099286035814,11.440057442540708,36.40763852959657,76.44266085538698,3.803058047726821,6.027176479118029,24.756727442929837,24.756727442929837,36.454823469985655,45.87081279529939,122.31347365068638,4.126121240488306,0
10.19767631456332,33.76511712585449,45.068433728103344,133.17773695221365,2.983585064270992,3.683756607343944,4.064965834020538,8.267292326554246,16.024838130663856,19.67572107198875,152.8534580242024,0.6774943056700896,0
18.818921893437828,12.97444338226016,44.07356867642932,122.55480972836644,4.944917692083425,6.893727905397632,6.893727905397632,17.87845215004105,30.016082920339844,32.21406657615875,154.76887630452518,1.1489546508996054,0
81.11262580514877,41.89911023255897,68.82041586077422,3.7157859229449737,7.567252359414758,39.24679568508078,64.66621294742617,64.66621294742617,143.71396666182855,152.96663780046714,156.68242372341211,10.777702157904363,1
37.77920265192679,7.153048651396889,47.02122310737372,113.95375415490798,5.633535726015754,10.60564160943687,12.53686186981525,31.474242119410874,54.323968756293056,57.517515517766284,171.47126967267428,2.0894769783025415,0
15.659182601092372,36.82215208394339,18.425374679346962,44.05978268172354,3.583864882372704,6.618349429669553,12.00752851987483,13.788044241423682,23.0441389843776,27.981859378132416,72.04164205985596,2.001254753312472,0
60.305296885834146,39.34047783075898,26.102233742810544,43.15250933814187,15.133538644527505,34.67644513190112,42.66158864129019,47.02690272477184,75.0301367541806,102.40604313141651,145.55855246955838,7.110264773548365,0
25.98949756956102,24.92422134169849,41.11953713111678,78.73152818830226,1.4074657236352617,11.811258933403574,17.322903446625183,17.322903446625183,37.562043489888886,45.100085116396244,123.83161330469851,2.8871505744375305,1
36.57882200820911,55.19501068749682,51.92982622515972,25.355737548650165,10.521082187031983,3.9858342820612314,10.231775543866084,19.896714804976067,37.715513976311634,43.89790758139604,69.25364513004621,1.7052959239776806,0
48.735563536864724,32.53987602986417,92.30165694523235,87.19966396197775,12.155647623155689,8.549980214875832,10.764453018225277,42.511346377366195,80.83943496768809,87.60886420939092,174.80852817136866,1.7940755030375461,1
104.47403394113744,45.530048233541876,9.621295528865526,128.6568926242888,16.81966878366279,31.24493658168681,31.60363657415561,62.21921014379447,162.5418672756961,220.14398908712178,348.80088171141057,5.267272762359268,1
48.73607037970445,27.781876451331588,80.43375132868977,164.56119555939054,7.806181431520915,14.727553562493075,21.49296237462487,43.063579285693706,75.3521647611708,105.09065171378506,269.6518472731756,3.5821603957708117,0
30.7064633149822,47.91943190863741,31.085663597689106,214.7649817297958,4.9740219733556525,8.146448352136938,20.7337661347886,27.77142950847762,47.429935258169834,60.90477812612586,275.66975985592165,3.455627689131433,0
57.86904138144946,54.04920376861451,72.70279431670504,80.58566001617453,14.375827266288251,18.60843073646515,25.209687277206235,53.35963615526098,67.93337423954496,81.94382346144455,162.52948347761907,4.201614546201039,1
60.722933113613855,25.953349450422273,25.825748992314747,39.20989285487834,10.505411442401648,34.71455582546687,34.71455582546687,54.04621060152091,62.868102958059545,85.83506738740259,125.04496024228092,5.785759304244478,0
28.361719592643535,58.10694227581068,38.51443748192476,30.15173202035262,7.019913808181892,14.244679709027658,14.244679709027658,26.665778058125344,40.33819231501585,48.81073611975856,78.96246814011118,2.374113284837943,1
37.76397978652355,10.881466703461117,44.32567997992767,240.96311661477355,9.886246025128587,6.398680244764185,17.988045839459446,36.1749918142468,54.082524494855484,61.554447098279624,302.51756371305316,2.9980076399099076,1
41.17824155550078,51.07779633801134,75.0774598940792,51.12589343746183,8.923067516588665,13.264973329863482,13.264973329863482,28.66807013998055,69.28357260894009,74.46533607366555,125.59122951112738,2.2108288883105804,0
92.61130650989988,32.49841808957284,16.6254548671424,5.901903354595248,3.0677665890125625,40.82254305789658,60.51515782641594,60.51515782641594,142.8730853626598,150.7402070058999,156.64211036049514,10.08585963773599,1
2.883278755067573,10.027911017992775,34.65523205277835,32.99801438811511,0.4192190565160519,0.5244232070979232,1.000515261790242,1.4804587024708908,3.6410021160216193,4.294934427499386,37.292948815614494,0.166752543631707,0
55.536524095505804,38.26927585294894,52.85513447962473,41.36341872831841,5.08604027791482,6.961325795031323,27.343314972713156,35.24654667356054,78.55804019764233,90.79395832808007,132.15737705639847,4.55721916211886,1
76.92917814370452,9.61628829161409,65.759262219824,115.22618770850445,2.475081493122201,44.530860830944526,51.958831327194474,51.958831327194474,109.66391928609693,118.74791660163922,233.97410431014367,8.659805221199079,1
90.64371313590183,53.47413943860248,7.606938254902307,171.80397210577567,18.274314798237974,44.62635907999636,48.17453080546746,82.0566168153211,141.42780592176825,170.1907227808865,341.99469488666216,8.02908846757791,1
9.366756315894186,49.32727497719445,9.47262440141663,123.86211669155726,1.5323382926061295,5.082488342245814,6.835368171774985,8.475053153667847,15.012934069904272,19.389020280767355,143.25113697232462,1.1392280286291643,0
9.03332745748768,39.95025996145773,71.84802720480687,99.05459239213037,0.3352337238968312,4.432550012152593,6.397439086511925,6.397439086511925,13.491961113653975,16.81545935010936,115.87005174223974,1.0662398477519874,1
24.91886295024494,15.513151357923416,36.61488505423376,174.79715410272098,4.836847353120053,10.9520346247344,10.9520346247344,22.058701710629833,41.94958336112574,54.92349338977146,229.72064749249245,1.8253391041224,0
68.53359059396807,57.842579805755065,16.56155477365463,121.1835657405873,5.017710049007343,33.07038354187299,33.07038354187299,53.76975705901121,86.03599609211071,113.88376636555718,235.06733210614448,5.511730590312165,1
83.21212225986517,51.48349666040056,26.32012963634717,149.45645502858963,23.501737712061235,30.176834602341067,59.792329118984775,61.96741630953355,137.78079998694818,145.27025686071877,294.7267118893084,9.965388186497462,1
7.636776472401732,43.482241199071765,59.82146338790935,41.23740649666725,1.6434049450932884,1.7454914203077225,4.5321269277633425,6.77067794935094,7.852551638595355,10.968235160982386,52.205641657649636,0.755354487960557,0
49.67745236471742,23.191362758650673,95.32964562404395,23.099961984150845,1.0457328117305458,7.313836881499064,37.3259161411834,43.87005362867001,82.87666967774491,88.30026070748315,111.40022269163399,6.220986023530567,0
80.05017676032266,30.081696312622757,73.19115412566677,29.46945572412824,21.132775172239395,31.920353619245738,31.920353619245738,70.42510869634435,99.86583059738577,129.3719591979019,158.84141492203014,5.320058936540956,0
29.526714797643656,21.607657415068733,79.70569124749613,58.79060358841048,1.128486674645985,6.191440560686383,23.389923143968247,23.389923143968247,45.93381950873501,56.3911085519938,115.18171214040427,3.8983205239947076,0
52.72130342740334,51.264409163590926,60.84485631271255,218.56714953520697,1.2257015611121418,26.968383187070078,41.68521872568468,41.68521872568468,82.72420629904742,99.87677575373051,318.44392528893746,6.94753645428078,1
13.368351155515226,19.915208954188756,37.11814900251274,43.58863395445412,1.7467511354281875,4.913422185773157,4.913422185773157,8.5811390748264,17.389811445562277,23.66284115053015,67.25147510498427,0.8189036976288594,0
63.62546092267587,15.822050475453803,96.22081138390182,30.285178508146732,4.046347172864305,38.02789859703234,38.02789859703234,51.44779889314655,75.29528112165295,99.07493367405506,129.3601121822018,6.33798309950539,0
36.05522577261307,14.432077433725143,8.127376733040226,291.78305386830345,8.978023563100214,10.552954838008205,15.259631190918812,34.113479586511744,57.79992788284201,59.11717979065376,350.90023365895723,2.543271865153135,1
33.07380898028999,25.267431684841327,80.86205774171155,83.54859912288839,9.409859241194765,10.242308482519856,15.232860678363958,27.57040271769838,41.20412034977148,51.54531061181035,135.09390973469874,2.5388101130606597,1
51.01139086420636,38.13215905482978,25.827104536795066,47.67384800028977,12.20990105770559,11.974843797060966,18.431649226559834,44.616749640830406,64.20919399996835,76.91492035353366,124.58876835382344,3.0719415377599724,0
6.315169844096823,50.23563270108811,60.78583448585386,20.2176588260087,0.777380363490286,1.5345394885173107,1.5345394885173107,3.6323704609704395,9.573158644516129,11.156551016096095,31.374209842104797,0.25575658141955177,0
25.684818350006367,55.63303972219199,98.23863824717806,18.266833298988022,2.6146448881732582,8.69984974281066,18.495504807327183,18.495504807327183,39.8869572196696,40.4254787487487,58.69231204773672,3.0825841345545304,0
80.09430517678375,6.645064649536816,84.22916611584458,131.74427692514166,9.285997910674098,10.593968712765147,26.17507730001641,67.92987031204483,80.42622688425614,108.67493850681119,240.41921543195286,4.362512883336069,1
7.538836281371964,4.736950496698731,85.01406182696114,9.41862442303323,0.33353096442163144,3.8953572272870125,5.457483611640156,6.9545350019699805,10.565904042633079,11.94840910168711,21.36703352472034,0.909580601940026,0
8.623763113780635,23.038630441299386,82.30679319806259,64.43451591211863,2.354356199961071,1.2877067042910832,3.063093089237616,6.099859202355782,14.303646037751243,20.02030410531691,84.45482001743554,0.510515514872936,0
28.137580999438548,48.98599333734653,45.37937412285065,168.41068492325132,2.48548538058428,15.567988798200359,19.97591477792779,19.97591477792779,37.21528105219024,49.3478684893588,217.75855341261013,3.329319129654632,1
40.867967327920475,54.62937096132384,39.30522319672234,42.939880160506505,3.680190107055791,12.240942085744022,15.107656523747709,38.06522025328962,52.34585578452585,69.15616280208167,112.09604296258817,2.5179427539579513,0
48.8014559538282,11.770150897638635,51.85495202296008,83.51607420446273,10.758065979905227,16.100879201051654,16.100879201051654,22.367103312242538,73.01862557165607,90.3219089615871,173.8379831660498,2.6834798668419424,0
135.83232700630273,18.574063792997634,28.51127432989057,36.39344765920445,26.210704812176655,79.06575460575137,94.2172370374044,97.50215275655303,156.69850273966293,208.69864724113415,245.0920949003386,15.7028728395674,1
50.16458312024038,54.31378272047704,47.814427148560746,224.04109641563537,14.471366494183117,23.552605266450154,23.552605266450154,34.49089194452795,87.30510051599536,96.07172650349239,320.1128229191278,3.9254342110750255,1
55.20864317641245,35.39734860612427,12.67960881466782,91.05846360842044,16.27310510584937,13.218082159588798,21.2719990500008,53.95320376851925,65.51238499994564,81.04128114088869,172.09974474930914,3.5453331750001333,0
90.90132530461953,25.646386333658015,89.25343094786797,165.02964654822574,12.438847928848764,22.9795259141134,40.42532484414618,43.165297422655776,141.42597458623962,174.4300690356674,339.45971558389317,6.737554140691031,0
19.93835514797041,16.12502188270923,73.56707064882389,69.8386526899942,5.540054945107236,3.4873662843137825,11.234948885082432,15.920775174893206,30.729511347680894,36.025898867516965,105.86455155751116,1.8724914808470718,0
56.731119687053,8.54791931534999,6.203060747865241,82.4925956632085,16.306665779951196,23.79326526541283,32.99964093753567,33.27861138248577,89.08976635658975,109.290596651975,191.7831923151835,5.499940156255946,0
67.95714305149198,8.290063755318403,65.99489874684392,99.82617620574803,17.649432667108204,29.251011889644204,29.251011889644204,44.88022495250961,113.58833653088418,147.93014370807404,247.75631991382207,4.875168648274034,0
61.28152133790811,41.096306927083084,75.86979057832453,57.9894026080333,17.22660879606007,33.376442102520365,47.301088785732084,47.301088785732084,86.90866880640573,93.41201382780487,151.40141643583817,7.883514797622014,1
48.88304430354437,43.78402952757665,86.16119177563131,121.1633788020805,9.1899138228767,11.833102396239235,11.833102396239235,29.775462106426414,84.20387334125161,117.08654733469551,238.24992613677603,1.9721837327065392,1
46.25346701080818,23.20970192396442,32.912505401946305,65.36671017466752,2.405694330176046,6.181878317602433,32.44798862875483,42.92688928098196,68.86758190138444,81.78588168669658,147.1525918613641,5.407998104792472,0
15.705860275080818,37.148015347983076,63.073496080190814,107.74921022255117,4.094217081316165,3.2981533497393105,9.883119375185773,13.080465131479757,27.80810538709227,35.514817593746365,143.26402781629753,1.647186562530962,1
30.86404565189429,11.050007124016675,27.608648831560444,169.995975328802,3.275092196900051,17.94919902154697,17.94919902154697,28.992645229455885,33.1195527542537,45.129838405305364,215.12581373410734,2.9915331702578283,0
114.44692803718502,3.2153075567797953,84.88806798341524,76.82217040269984,31.935137924439054,67.99349028632238,67.99349028632238,101.33749842842575,191.67378154535612,265.9314553203187,342.75362572301856,11.33224838105373,0
25.144747788888054,7.789898856076352,87.51599230352265,41.18745822271296,4.158621520728021,6.957542628669909,13.3209057527881,16.344978758143203,37.76931129267543,46.632192474286974,87.81965069699993,2.220150958798017,0
42.937153016266116,8.139905561450192,7.655295804884155,161.0438863972432,6.746265510610287,14.811286943634816,25.76924566769898,25.76924566769898,73.4317071420807,101.61472435404599,262.6586107512892,4.2948742779498295,0
40.757181958105654,59.11669522050876,28.5071764834789,99.7217781603071,10.302086544933061,21.32177868449451,26.19124941515634,26.19124941515634,52.192157715246225,64.21270695406338,163.9344851143705,4.36520823585939,0
56.77893939449417,15.6887911998146,10.281078650659026,49.922135070408515,7.308275753757434,19.24100992579642,28.895439560953488,34.48875599800386,86.4453509696629,95.26519924767649,145.187334318085,4.815906593492248,0
40.488288277320095,9.779227491746205,39.87608843451692,35.622859248609004,2.0139605881337364,23.4623542362423,25.49646377860926,25.49646377860926,57.114317450282385,69.71530025768072,105.33815950628973,4.24941062976821,0
35.386448684207735,48.132440984090465,0.5149123900252572,1.43146241741657,8.473171863533425,18.35906035163942,18.35906035163942,18.35906035163942,56.919582062269555,59.61022013714299,61.04168255455956,3.0598433919399035,0
78.24917884089776,23.266287025534798,78.28229089809406,70.24795291905822,7.932117475386097,36.8337014482044,48.16554752598602,48.16554752598602,119.46722104190202,154.1526217797606,224.40057469881884,8.027591254331004,1
50.09442220780118,13.963131042868337,43.145179448202654,66.89550486196416,12.866972874917453,20.752550002233793,22.87554111494425,33.22148685372639,85.87889961240253,93.93281551091059,160.82832037287474,3.812590185824042,0
46.31523521074468,14.781654181601349,53.42918764676163,32.22243401878123,12.802824411208329,9.411134843460964,35.41384424580805,35.41384424580805,62.234853415144265,72.5714726087064,104.79390662748763,5.9023073743013414,1
26.665496315576902,10.064221067562439,74.26179719041822,32.86722215699309,3.459463170135934,5.104653368796713,19.021009446758757,19.021009446758757,39.084560585823304,44.9708362717891,77.83805842878219,3.1701682411264596,0
31.58201456618875,6.634511587944331,71.23238678121002,35.29149913833561,6.560079032224313,16.842264744083703,16.842264744083703,21.741847060824036,53.063087049098634,58.072424031871314,93.36392317020693,2.8070441240139505,0
51.6294770247412,41.44789391852172,31.46622201771908,63.781471134362135,1.2870988337145084,11.380793541776267,33.88614297461063,33.88614297461063,74.64708908049899,96.14573310629719,159.9272042406593,5.647690495768438,0
83.69400507069751,27.519033265812045,78.2767360109896,133.57282968063333,20.281178004656958,18.561576749456652,46.99382880391414,46.99382880391414,112.29991127853071,126.62829323969326,260.2011229203266,7.832304800652357,1
103.74637021982372,10.609500524992844,64.07575414780872,57.53759034755612,15.419045278171401,54.26248941280247,65.20975902815148,89.16717776858532,142.53833664061844,196.2355912543146,253.77318160187073,10.86829317135858,0
54.81503599580333,47.961831579658444,21.817119912208206,47.54900684282207,5.153747188468972,6.751306064181636,19.458501665148646,51.045440855099045,88.68987408614409,88.92584561280168,136.47485245562376,3.2430836108581076,0
152.31004602072827,3.1092551981099796,2.925199427578551,24.6104266275784,40.374133456546346,69.89353560419336,103.45469887563294,103.45469887563294,266.81939082010285,315.2150220556604,339.82544868323885,17.24244981260549,0
33.82035320648023,26.976996241623517,75.61632244608928,9.218397795800561,4.552293832551216,13.796775041235108,13.796775041235108,22.914792179955164,39.3377714865444,46.64362611080609,55.86202390660665,2.299462506872518,0
33.63604141907559,9.383720405629806,16.564743743974276,25.2748250206418,8.427700539677744,4.001620963499438,24.867313107052876,24.867313107052876,40.36009766156467,49.79664537553456,75.07147039617635,4.144552184508813,0
95.25581919967904,3.610731156025258,11.261465415233662,43.54965453852827,13.122248560947705,18.155981607514825,43.880602412829134,64.50509987462705,109.96151904510265,115.23854288612753,158.7881974246558,7.313433735471523,1
47.90139783214376,33.9384132208133,42.04105254217043,38.460339118426255,13.693168307910957,11.973541428186321,12.636496648389981,21.717391867335856,55.12808507162605,74.11013987317033,112.57047899159659,2.1060827747316635,0
27.398903754171126,11.015114953049272,92.17179383948644,79.56949977657666,5.691092918638295,5.851078880508685,16.998646233132114,18.513315144967763,28.761183021499406,31.3159687774432,110.88546855401987,2.833107705522019,0
41.91241262290421,5.974010529315953,71.81552715797513,72.14244034448127,8.66810597122752,7.73747544400615,18.109291579503555,28.367585142412228,68.65735858448808,79.17172981007032,151.3141701545516,3.0182152632505925,1
17.745090706362138,29.768778373144226,79.80616294067185,25.98689661763271,0.9698645194096625,9.349779498972032,9.349779498972032,10.367309067147028,22.563093570380595,27.658377937737626,53.645274555370335,1.5582965831620053,0
37.10558218890316,50.9308947926989,26.98925179663093,79.9593401590972,8.50845735983017,20.870324265606094,22.3161026825314,34.1671786751245,49.71118106922657,49.80520358668126,129.76454374577844,3.719350447088567,0
15.882223660142966,30.16647328711077,83.50519285221407,33.439338854353295,2.631158171835222,2.9786346549955547,6.354294838027274,10.356268922639535,26.879271981572487,33.57326642969807,67.01260528405138,1.0590491396712123,0
17.719554019747044,6.619947936028091,41.5380507331998,59.48165393952123,3.918496984134407,6.895553002513493,6.895553002513493,8.664904547440628,30.70276715101702,33.20090320075578,92.68255714027701,1.149258833752249,0
51.21327482555847,19.652692888079955,97.93979830460667,24.525115397236604,13.463435385394309,16.214156311333713,28.76684918362247,43.548320590002376,73.55523365503886,95.9296946116191,120.4548100088557,4.7944748639370784,0
4.236795143054229,27.873365275432583,56.97541928471931,79.67110220963369,0.9189093413807776,1.2209516480990834,1.7380932143767696,2.066806422777596,4.56691211393576,5.092244924644501,84.76334713427819,0.28968220239612824,0
16.063528107104087,18.30703381957382,60.623410476661874,36.971661642588515,2.5662803699512335,9.261383587632345,9.261383587632345,9.261383587632345,21.92741445028094,27.203100050231306,64.17476169281983,1.5435639312720575,0
22.271963454775715,21.577113911061957,91.5132688816665,161.0389174895059,5.758996477399678,2.7371488022950428,7.486656922485511,13.837899689109022,38.547512026683066,46.254517468808025,207.29343495831392,1.247776153747585,0
30.579684312771153,31.009759698519098,94.84019252124999,39.19317593582652,6.931974175277428,17.960877920894795,17.960877920894795,26.860708935208017,52.63993486115201,71.19261319490151,110.38578913072803,2.9934796534824657,0
63.97822786006048,56.66325984548131,1.764631327721622,22.647495741507097,14.979311289169567,16.55863248290897,34.84668256854398,62.1096155431365,80.61752225148176,92.09739940572919,114.74489514723629,5.8077804280906635,0
29.70085676337083,48.68129503073185,23.245769328443266,38.4604171966548,8.174419443791926,11.427628770297993,14.610457776050337,23.606081653418094,52.77240472811188,63.377627219440136,101.83804441609493,2.4350762960083894,0
111.67515087576017,13.853832884585728,61.42450356682508,30.75333683873728,6.552277548445639,63.17025221022993,83.89750289595203,104.64294485686634,140.6513772261704,170.7576723392746,201.51100917801188,13.982917149325338,0
24.88134492569404,47.54498277953633,0.3614407803161357,7.4278638769252945,3.974248061849195,10.514143226859266,10.514143226859266,18.44188723272806,41.08879749085043,42.90916187265124,50.33702574957653,1.7523572044765443,0
4.732002073827679,24.88358345275783,31.75302672592071,172.14685210153135,0.2588238079235891,2.288134463986125,3.408814449845814,3.408814449845814,8.27624989006366,10.074107927544281,182.22096002907563,0.568135741640969,0
17.016852610330048,49.31153929740728,19.631391843976388,92.33026024571863,3.9121015253274756,2.5254461623316247,8.290660774114336,12.576295727241869,18.78590885150596,22.46136699547073,114.79162724118936,1.3817767956857228,0
50.6651103342775,37.79221364820708,52.34770992621208,72.30083098233516,7.141657433136001,19.501535856763443,30.84485146334908,42.6515099777554,62.5089361574178,66.78408973614542,139.0849207184806,5.140808577224846,1
17.662311686888252,41.38109018484028,59.73131087892772,52.189884214570476,3.9156314367769998,4.509416383476367,9.256925306450585,9.256925306450585,25.58818741715345,31.95170747370426,84.14159168827473,1.5428208844084308,0
24.30867886250082,23.00192841732543,18.901445360972215,24.65802743061531,1.3148990649702637,7.529006946784855,7.529006946784855,15.845951250623918,31.48072956579462,37.9208787686997,62.578906199315014,1.2548344911308091,0
94.72277764646047,43.36511319322746,53.63867238948418,12.118169478386678,18.343576007068172,20.717579841002316,42.95568134743124,42.95568134743124,168.92743012556528,178.4662042940217,190.58437377240838,7.159280224571873,1
114.85726189749792,34.81004059229369,39.67257686868716,58.88590596855722,5.925805690802166,46.84266038714154,69.50258403940256,73.27983181654072,151.90379054384564,190.0746149317449,248.9605209003021,11.583764006567094,1
11.36925149502059,37.87717202483779,99.09618421759711,64.27268652547498,1.351616936061348,4.183351994912893,4.183351994912893,8.386136790332959,18.991081630283023,22.55887653652955,86.83156306200453,0.6972253324854821,1
35.10189219960918,33.728614493773264,6.510276349606747,49.29596677913237,5.967033214715894,5.761553494851218,13.97556703518718,29.155492783414974,40.65780230873816,55.38333386360209,104.67930064273446,2.3292611725311967,0
49.77507271557242,5.235859596705436,84.06852061535814,230.78703808380197,10.63441343183907,23.129698261852923,30.894558756053573,30.894558756053573,88.92337002308385,108.08155703862262,338.8685951224246,5.149093126008929,1
80.75431752370554,29.50636560649548,99.94809782760012,7.160387183522463,12.945148601628583,19.558252752983623,51.69897203783246,51.69897203783246,127.91917528309085,140.3860791213139,147.54646630483637,8.616495339638744,0
29.427932294592978,4.972828376424424,54.159171926733094,54.99105308317919,6.609721383587535,11.574361957611764,15.354324691514785,20.51200749393686,29.756314627149884,38.57455549493042,93.56560857810962,2.559054115252464,0
49.47317014590663,11.773075921537771,68.05725679052573,7.611894315538164,3.397971952341632,26.427364499952123,31.751918243342608,31.751918243342608,56.29527244024289,65.8395569152281,73.45145123076627,5.291986373890435,0
90.8217046638726,29.58435384479447,12.79472657559203,47.1864567676206,18.14124922383729,27.14049553507686,64.04522196428391,64.04522196428391,98.25039713648768,131.05255573469734,178.23901250231793,10.674203660713985,1
42.913342597212015,25.558115059846507,35.082212020563794,43.31778034828835,5.493556914628443,18.016110689515035,21.68454514224681,36.02425079098121,63.22153836221417,74.61397196401717,117.93175231230552,3.6140908570411354,0
2.0637189271219563,4.780341957693427,18.148967162322883,15.126981363478516,0.13039032603491515,1.0960621230576113,1.2739794609528847,1.5791334274117055,3.4403637825443236,3.730475314411875,18.85745667789039,0.2123299101588141,0
34.82232663243946,9.959040711976101,58.332079955653896,28.020998072814173,9.017267613892573,14.317534458738143,14.317534458738143,25.01587024690404,56.69657863034234,68.00111858284092,96.02211665565508,2.386255743123024,0
20.79035236028792,28.987042180807446,94.20892571805831,49.21759564887712,6.096784750665233,12.29773900375845,12.29773900375845,12.29773900375845,30.407365675355404,31.664065311554936,80.88166096043206,2.049623167293075,0
22.103246595481224,58.12425392315791,2.9593611945688436,52.03690441661174,1.9248846054955315,3.109059562736592,12.41372579544612,21.047055519858638,33.01573007482146,38.22418531856067,90.26108973517242,2.06895429924102,0
23.69124035365075,30.21096050714267,49.44461480550538,35.47327662884929,1.518867018059181,6.666098341238199,13.77486349421174,21.706887523787135,41.56749094519964,50.971506353919224,86.44478298276852,2.2958105823686235,0
4.095641466201187,46.808103555793345,72.35572329553919,145.8804705330653,0.9585913564155184,1.8483431862702864,1.8483431862702864,3.709366262377082,5.578000915772734,6.95532735178845,152.83579788485375,0.3080571977117144,0
109.60363982880385,27.697374646094616,43.06201659937027,118.35990126314634,32.593399015769535,37.721709249255404,62.54004064968747,62.54004064968747,175.40724063882465,201.80750415727016,320.1674054204165,10.423340108281245,1
84.37531624095172,13.120039243460326,53.886970964386215,21.202868540854674,11.57641684796398,19.341747352321914,22.02508176884667,37.40798018984736,90.93316223534687,96.62313657816092,117.8260051190156,3.6708469614744446,0
121.02070600353399,3.2285625177905226,45.29739638618672,20.56799220746163,29.221276651237943,32.354091532970756,80.06944136453637,82.63279658780493,129.2026527990726,145.7479746380148,166.31596684547642,13.344906894089396,0
160.09824189033475,23.778596461163914,59.749007161229365,30.878322792848245,9.798401906993108,73.98328063300863,73.98328063300863,91.7330850713313,182.09991849946158,219.1689791383836,250.04730193123186,12.330546772168105,1
48.15244478696362,55.33048971386649,6.857778280790871,74.20910057106936,4.037906481473716,23.74934948542964,26.139624956311632,28.971764696995177,85.05297702270889,103.63446197279656,177.84356254386591,4.356604159385272,0
27.06735299841558,20.83982721019094,54.67947571866901,43.95457102002294,1.6093015224449163,11.296873005773204,21.31658245133134,22.35187523724042,43.516899344223944,58.157941025035385,102.11251204505832,3.5527637418885565,0
58.678146893964524,23.374588059628376,51.17802216227227,67.20031435319129,12.117992213739193,31.942679035429606,31.942679035429606,56.40314641576534,101.46918349499242,103.62637227914372,170.826686632335,5.323779839238267,1
60.552433268874154,42.17773320749705,18.18550254419231,121.16305323011838,11.171942894475443,21.848953564222153,31.24510784296644,46.13699386432539,77.01867110391467,93.54025040654587,214.70330363666426,5.20751797382774,1
26.979468865154395,44.74094458490338,53.47506639268737,27.552434439017087,5.539699614810538,13.8091856211643,13.8091856211643,13.8091856211643,30.593975510971003,32.861195836460965,60.413630275478056,2.3015309368607166,1
26.337017095145253,37.286302160150875,46.31492648902389,10.094497075650574,1.7722186855734903,4.046356163024026,5.968239821394436,11.16911222198502,27.59958075643678,37.35210792498376,47.446605000634335,0.9947066368990726,1
39.074573131481024,21.61719005180037,59.31767163377466,84.24403549100461,1.6702892275855932,23.165125712625834,29.44602327254212,29.44602327254212,52.76329550937501,67.23340920134126,151.47744469234587,4.907670545423687,1
24.706415836889526,56.824841081112474,56.38253582507112,27.22771845481692,4.188008026763705,13.274525063395753,17.785567681462027,17.785567681462027,43.915453375003814,48.669180385371156,75.89689884018807,2.964261280243671,0
61.01365307495048,22.445602707877192,40.45884299476249,80.27548572021475,10.27134190701903,33.35790001652453,41.871068657285875,41.871068657285875,63.06406596486993,77.72303199021543,157.99851771043018,6.978511442880979,1
13.73117819979514,18.936568907510704,78.1134631364527,71.53476810068571,1.8955248957045217,7.416922417071048,10.937371184763963,10.937371184763963,23.915921019124102,32.19805611578759,103.73282421647329,1.8228951974606604,1
70.99906670391235,50.90325992222505,35.74559692462673,130.36799546106886,14.997071995322024,37.00033055958499,37.00033055958499,40.22380686397564,86.67624389883717,91.7235374527486,222.09153291381745,6.166721759930831,0
101.86143741901057,56.24288480993297,47.45372486124906,76.32897196889328,13.981029776577788,14.52354549621054,67.1717198074219,67.1717198074219,106.5357027882876,120.06329958699855,196.39227155589185,11.195286634570316,0
116.20136652062504,57.48066944993703,42.641014917707075,61.81623477127819,30.190828626657627,64.51247306426771,64.51247306426771,110.01814946292167,132.268661491054,157.55992440477075,219.37615917604893,10.752078844044618,1
176.53811225083382,32.926657571843435,48.58721853271458,58.99830794569851,41.97295712902215,32.55452874995392,102.54442219399738,126.02840496378292,190.5174408208153,209.4838807254858,268.4821886711843,17.090737032332896,1
61.722707722098114,52.430500673973526,80.01829114076783,191.99143745706772,7.037375822861047,32.95417600302775,38.93251391466588,56.60425715444024,95.29781738662366,100.38380209003792,292.37523954710565,6.48875231911098,1
11.445174943057772,12.655190415904109,70.96615097555942,67.72869367554185,3.0945504026872097,4.3406578922572105,7.051534356080543,9.237525709429093,20.196041411386528,21.738808018678927,89.46750169422077,1.1752557260134238,0
45.51262973957784,53.56194747712864,4.223791096965601,47.668830874546224,7.180624406179585,10.988906481792808,16.335851029313144,30.777045495934708,81.50458612780047,92.32174496249188,139.9905758370381,2.7226418382188573,0
151.50072446626615,45.97512495205883,49.457835880679355,38.67747091975784,22.730097837559747,38.99878561904181,110.59431338604404,110.59431338604404,160.09124807919858,208.7428510964161,247.42032201617394,18.432385564340674,1
113.76492696340446,25.152859301233153,12.475378285908722,84.09666539933815,25.241909909969507,26.72029293880193,61.39063810331632,94.6936505916241,163.5627470012481,227.86815936973727,311.96482476907545,10.231773017219387,1
33.28051754651184,16.220698192754373,72.93428867594982,173.111297811637,9.576831803260612,15.397818849924748,24.897029010796892,24.897029010796892,44.855644177392016,48.72031257205105,221.83161038368806,4.149504835132816,0
5.577083251521189,46.059687977949885,98.66943047156445,95.85782668257582,0.16354342473981776,2.6090525992275024,2.6090525992275024,4.007747599318901,6.824184667656221,9.044254116624233,104.90208079920005,0.4348420998712504,0
59.424890843780595,26.97392969311945,61.88020311545858,153.7245332201096,4.1042159523165065,18.64785376993046,24.113376415172652,27.956585130686907,85.02179026804897,100.18169299091444,253.90622621102403,4.018896069195442,0
10.710122111085669,58.759696624113374,37.98614569489024,100.81808654868968,2.6291265662024417,3.3596849190135702,7.9165139775389095,9.32773056025881,12.812871138486173,13.414853956695389,114.23294050538507,1.3194189962564848,0
58.21057880932558,51.56681597522651,7.231427177993832,16.493941892324887,8.364580834496898,12.029859887797008,40.132339576819774,40.132339576819774,69.38339262751545,85.98192827332113,102.47587016564601,6.688723262803296,0
63.40746707655579,47.84499814711605,33.25692527081119,242.57443647405412,16.5131947982371,18.963808125869775,18.963808125869775,32.159576919159726,111.86116417446131,129.3642566996185,371.9386931736726,3.1606346876449627,1
110.00760465216426,21.3599457268274,52.52915768344263,72.70631569405828,13.026010794198871,47.45121180411556,50.9566832833578,92.9011639889532,175.8899603377393,197.51020392878485,270.2165196228431,8.4927805472263,1
6.346189916407087,43.2758003577636,88.08584727744649,193.76692444911902,1.860362514705026,2.6185966758934716,2.6185966758934716,2.8934691970530086,10.233444183085862,11.753834791917448,205.52075924103647,0.4364327793155786,0
81.32603340053834,45.843641660224456,51.299349386118735,153.12245255290162,6.544227957859328,13.411783251580612,58.72660827070379,78.98310967469142,114.5748569188401,138.02513446326086,291.14758701616245,9.787768045117298,1
39.364582628535956,25.7479919047469,98.44315162759247,14.072434344858243,11.246266307191755,18.333011949701586,19.170983336850465,32.03003642928651,52.7492264720391,63.2750837302607,77.34751807511894,3.1951638894750776,1
130.06405279827766,7.4858710034135205,36.916648582670994,60.28069059114438,31.361641864405033,77.37290258461111,77.37290258461111,109.80736170666988,169.90638545704596,196.829472582436,257.1101631735804,12.895483764101852,1
77.55906318681734,44.64645773843765,0.04913922774196777,34.165530892958984,22.705351867539452,39.20262295814805,39.20262295814805,39.20262295814805,86.03747468588736,89.7527624561349,123.91829334909389,6.533770493024675,0
48.44027898781441,19.079023120631685,62.86252790820226,29.842242855316755,3.1629050083609336,5.035957544274182,18.205113961617005,35.75975630411281,86.14288559780576,103.96286955463557,133.80511240995233,3.0341856602695008,0
20.180944484372038,9.700195194587025,21.913909919854657,79.54519015974897,2.399839501457478,10.313647871241075,10.313647871241075,10.313647871241075,31.086844824891777,42.26037331863436,121.80556347838333,1.7189413118735126,0
42.5502408222125,4.475607111616089,24.378463761572743,113.33777752725894,3.205236559077099,4.893142598953463,33.28462831590093,33.28462831590093,59.83366962539239,69.30703078966872,182.64480831692765,5.547438052650155,0
95.45171323295902,20.98096176557671,1.7422697280147226,20.454450363604924,24.085574399039263,15.95312120186977,75.79523319907152,79.65119086790111,143.55520285669047,174.6657078679449,195.12015823154982,12.63253886651192,1
42.7697127550668,31.57670466938605,53.14722656990835,17.939944599624145,4.068597017900851,9.463200178373244,20.432074029444593,22.642812262053145,76.88944950480602,96.40047871178615,114.34042331141029,3.4053456715740986,0
41.67382917672332,4.22698392151995,24.75077742742401,65.54420558483235,6.968864856366148,14.420523133459152,31.18369526522842,34.10129962778768,50.01626016816026,58.59059814594361,124.13480373077596,5.197282544204737,0
43.39727160999035,34.67728393577278,99.42902420480947,101.1724261682008,3.2162654020876453,22.666783326129192,29.47740101993582,31.691901818569068,73.90533827824272,97.40750561914996,198.57993178735074,4.912900169989303,0
27.106932089748465,53.93243676789885,83.56570523555833,127.19400582802912,5.911325535814968,13.743795596864418,17.936411578831763,25.652479432522867,29.284204564026485,29.68041741373041,156.87442324175953,2.9894019298052936,0
18.23336251229414,36.67957807315073,72.11900643187025,186.06619485141582,4.1580263335185235,5.218689721128622,6.587484598399419,12.728911640211498,18.314928273675033,19.175936302051173,205.242131153467,1.0979140997332364,1
20.955117179863535,32.42605537431055,35.38915587209345,170.91668670354687,1.0945948525636342,7.06140091281756,13.526786308120924,13.526786308120924,36.246444913839646,36.64136459468027,207.55805129822716,2.2544643846868206,0
46.487280165994015,15.471392446246643,7.159713619856467,88.28924170392504,9.85750605494527,8.608981421738424,36.94115877792903,42.998320868142606,49.70761056681273,68.36547621685611,156.65471792078114,6.1568597963215055,0
84.06698993881497,27.476437700472285,66.89428513091572,100.03172044952458,5.576601575613185,48.4181782003841,59.179428068094275,59.179428068094275,130.21717115814118,135.2732287620641,235.30494921158868,9.863238011349045,0
51.475040005657604,36.83283673756391,2.2301500124081386,122.15674954357542,14.782613770404273,12.178103385475067,27.039089621785532,29.4871543180077,71.19137965982611,94.26489689024825,216.42164643382367,4.506514936964256,0
96.75245864933632,52.175835078870826,44.160091673585775,18.872518570609664,25.772791300239447,19.590569495419587,19.590569495419587,62.82925215282321,128.55299506491423,133.45490469822587,152.32742326883553,3.2650949159032643,1
115.14022559064168,53.1466488505968,5.277033505786011,56.974040303184125,8.80113708662529,68.36487880928178,68.36487880928178,76.65528604719003,206.31392768084743,242.47964321242102,299.4536835156051,11.394146468213629,1
158.1003098591868,28.211856867419794,55.97077838699588,153.2273360075502,18.21529976628767,32.54295365397536,93.66819366428737,93.66819366428737,198.97255989470875,242.24732451624348,395.47466052379366,15.611365610714563,1
148.79831907068015,12.6525265627396,55.95418639403994,29.52775733434528,27.798135617389644,28.39543270186296,42.12782730944338,130.71463497437378,159.91323654923562,210.34939040665344,239.87714774099874,7.021304551573897,1
12.253447739407065,43.02763741855628,53.06156146588372,14.120595936434306,3.013261372227072,7.24711539890202,7.24711539890202,10.933504332609388,14.648401993379387,15.563309373957717,29.68390531039202,1.20785256648367,1
66.82094747730088,57.13305041823317,71.45870932276999,30.37246877198384,18.985176883291384,9.240303734397326,41.842484673652834,44.57291530525807,118.33448812277496,149.09765532925306,179.4701241012369,6.973747445608805,1
31.08138800388912,57.558381011394424,22.815530122786885,38.309746475268255,4.268313729399205,3.6234181227292592,22.839066993595054,22.839066993595054,54.34218094057478,73.22008167454226,111.52982814981051,3.8065111655991757,0
21.84016292042056,59.74785492691062,24.216839641482323,65.87802169216036,3.426177963458015,7.162424832366005,13.559777562322916,13.559777562322916,26.942135219218848,37.16537570614738,103.04339739830775,2.2599629270538193,0
37.004532721108035,16.6295758491615,41.616329594374726,98.99935294485955,2.362244070687002,9.18932372189121,20.958126710046084,26.10451389427223,53.168253374359836,74.08188010974555,173.0812330546051,3.493021118341014,0
123.7243787093941,50.54157178312194,70.27706012783023,124.82802151494556,14.580656313306404,66.19454755901434,66.19454755901434,68.85465033916931,182.2390857963234,249.830461773872,374.6584832888176,11.032424593169056,1
95.77885673177072,4.998836799149293,11.675247606492068,90.25224875738503,28.518100063297812,44.775083889541094,57.71591419760085,57.71591419760085,170.83368436132707,194.60046027366067,284.8527090310457,9.619319032933475,0
46.86665158795187,2.872196832644165,88.58878189262039,161.08162095873152,13.239131379936318,17.355718613769128,32.951157001164866,33.6658517028593,70.2320380841976,75.7594358117917,236.8410567705232,5.491859500194145,1
74.81274708181441,41.07847473013599,25.221209052480898,36.9149161492208,10.164285116239748,7.857541279841232,34.617672958338176,59.67625693789126,125.66254692256628,146.88299271504957,183.79790886427037,5.769612159723029,1
60.360304627711635,8.953137697378581,12.788692664877743,35.97271006802282,4.981391356824261,14.050169216709417,44.270578682289276,44.270578682289276,67.35416059042673,73.10114704949531,109.07385711751813,7.378429780381546,1
37.07229903355508,24.52487144956494,59.8974217053364,22.941708659772317,6.68880421664495,20.213697916588067,20.213697916588067,30.11111575922925,51.70956594506851,70.90553162558936,93.84724028536168,3.368949652764678,0
24.58481517182323,2.722242498988213,27.558209117429854,61.21118462796894,3.4054647777976603,5.510933163224018,14.248979836388793,14.248979836388793,39.611978399446976,46.89732113582217,108.1085057637911,2.3748299727314657,0
42.513381675326684,7.033898415780664,40.8762806986198,33.17117791723106,9.808879758591436,4.839980583536887,29.960439583857305,31.411610586349067,43.93850380606453,49.384236594509964,82.55541451174102,4.9934065973095505,0
78.35424156859142,14.102066068866678,6.111457336034009,132.44323043430938,15.386743601804284,16.886469090592378,57.407210627456244,62.8393719637248,105.42267499266089,144.21984015012237,276.66307058443175,9.567868437909373,1
133.48958684226875,34.15908975403752,46.49640692249272,17.997057113142997,27.367495264765147,63.84816747461344,64.21180336022059,76.78616585361624,234.4092914885416,262.4285572027536,280.4256143158966,10.701967226703431,0
67.3489214234145,21.252564908698233,30.369530636542464,154.40315352419,8.405749123375012,35.68558772414153,35.68558772414153,60.73665742346822,109.38823498979725,131.1225476327599,285.52570115694994,5.947597954023588,1
28.708771649784907,34.70369490575781,16.982212781900863,28.928327165542896,5.535043645102365,6.965641969683567,22.026474838284734,25.060133936506144,31.90184700225759,37.75358483205629,66.68191199759919,3.6710791397141223,0
19.251099491540995,39.64044338512113,38.631481264943645,140.79824543802627,4.102184461087386,4.1604328869449265,9.237742661449065,17.886128997453536,26.786184347253887,35.76983364542953,176.5680790834558,1.5396237769081775,0
58.78811770314597,2.195200158787327,77.00671783123528,38.239177598797035,11.842328340885583,30.49505265663225,30.49505265663225,35.57053455799867,80.41058329209417,96.00396987851715,134.24314747731418,5.082508776105375,0
6.599103058093042,51.166545743743534,76.36501570531273,110.89086570831478,1.4170995225519163,1.3073767092079822,3.2390321630491177,6.334745635700017,7.23509845417619,8.25409659955316,119.14496230786794,0.5398386938415196,0
219.24458730394355,5.349242785223247,36.048598424227116,66.48467304850891,59.032522510703224,61.75167945339031,123.33353336986598,151.38873082250637,273.42311443242204,287.0241598921602,353.5088329406691,20.555588894977664,1
66.39601411455224,52.63716732283337,97.42359037524223,107.23136167099143,6.313659529461918,19.27519929902313,42.90732196666145,42.90732196666145,75.9930328460898,92.39081541395626,199.62217708494768,7.151220327776908,1
109.37649699419573,58.61147964199365,12.588616109245566,9.667925127193515,6.973237088012932,32.594672861905714,32.594672861905714,84.63842309886272,195.86146376480693,248.00892525151818,257.6768503787117,5.432445476984285,1
91.6411000804646,54.40417582986927,85.47508306440133,50.965236919233654,2.7220428965906107,12.601492207151543,49.9618446864066,85.24370188827815,128.63677013877452,141.94048360175728,192.90572052099094,8.3269741144011,1
65.5607306982116,33.44610582098424,97.89520356113573,146.88184598781555,14.162264675346057,34.21639388582329,37.14998325714727,61.196214191764206,73.63256449407777,93.1956723604913,240.07751834830685,6.191663876191211,1
62.54057857068168,46.64059897457227,57.29598082113346,59.18497467405662,7.124313122460907,12.978238984120882,38.01310380707996,38.01310380707996,85.92569133120485,101.80486462935446,160.9898393034111,6.335517301179993,1
81.43151727237323,12.0155639745823,6.013375234396367,35.884369456343215,13.163487347399286,23.082834554449054,29.591907894776522,40.02392316248554,87.30503242741662,88.82771194489327,124.71208140123647,4.93198464912942,0
34.424296074109606,56.351363290320464,92.10391405317615,16.918414171381734,1.395321316814862,14.412014549528246,22.719100349966595,23.018685871542345,57.60206619299463,58.61591047276926,75.53432464415098,3.7865167249944327,1
47.50004114855262,3.3530855090388965,43.69609836435283,31.334125117298278,13.278197895864823,23.835982143828538,31.999825448391345,45.749458911772436,71.79572135503928,73.50093828208439,104.83506339938268,5.333304241398557,0
84.78644677858712,33.985791857923616,17.188853685967132,162.66005583869065,15.666663613177825,33.366652672517084,33.366652672517084,83.01330848796367,120.11450757760598,140.0679598274151,302.72801566610576,5.561108778752847,1
12.21952310941771,28.74895957757921,89.14229985988523,93.80364695743094,0.6710133906045881,3.4315713238718066,8.104988112764616,8.104988112764616,19.3547652109447,25.7025831503551,119.50623010778604,1.350831352127436,0
46.25825954670682,48.219942591333755,42.68794175175454,113.2307954827157,6.188108539335007,4.7482173150580484,26.35821553042829,26.35821553042829,57.69787816177024,65.13588839561879,178.3666838783345,4.393035921738048,0
42.01311927048976,45.211922940727405,49.93871680176053,48.40063896524556,4.520800429401073,14.601416237006832,19.407785245431743,34.686756275166694,55.6930474471844,69.70320043780717,118.10383940305273,3.234630874238624,1
6.106733568603221,21.150380139727016,57.10205486401232,45.18919609368623,1.6040574365100742,2.327405638327279,4.076142013537769,4.076142013537769,6.54860322575117,8.761648895712943,53.95084498939917,0.6793570022562948,0
70.4086638264705,11.484655584557393,90.66008772175476,112.61655934404251,18.682082557426696,19.69663334648943,19.69663334648943,37.08063855439638,84.01152846885897,102.82595575163292,215.44251509567545,3.2827722244149053,0
54.68005147098695,48.06786067634712,50.37495627596872,134.9747439834246,13.196047916468698,22.67862698280807,22.67862698280807,46.00733364809568,56.10506077672416,76.83125295454131,211.80599693796592,3.7797711638013447,0
46.191593049628416,58.693696585931896,88.82045707811027,41.36862322902467,5.944008889741064,22.81489497868118,33.983771266093505,33.983771266093505,50.04724903388394,56.178674776535,97.54729800555967,5.663961877682251,0
96.42192273224886,7.676453309955725,17.022999222835622,95.56000730700336,27.39237910433936,11.356202968665983,27.57021683573447,83.90207852592411,146.89649682926307,176.79941072287167,272.35941802987503,4.595036139289078,0
85.7404403541473,44.50745080567517,61.67049964670286,82.63183054814942,8.323715113492955,43.36049188051323,64.8825761351775,81.93741433626653,101.2253353764845,123.293146728204,205.92497727635342,10.81376268919625,1
90.45865047006657,31.909848859861253,52.55038017451873,15.547532986741325,18.564416350701734,35.75290131110102,52.24211396927475,52.24211396927475,90.94669060713262,97.31777189935865,112.86530488609998,8.707018994879125,1
42.46169331628775,20.09519870329884,32.503832896425344,79.11200032807398,7.072861668233482,11.15774553144874,11.15774553144874,30.92531740796662,49.11098370537632,58.922502774123735,138.0345031021977,1.8596242552414566,0
33.59192106561099,2.8379393128257,21.252906733360344,63.36001429393215,4.788519637116618,15.013449488080553,15.013449488080553,27.547815344689493,41.85706207871845,52.781804463442214,116.14181875737437,2.502241581346759,0
53.72885798064014,43.995892519093736,6.993996344866471,18.77138329379232,3.910042325878005,24.28156275863903,24.28156275863903,38.740960223360766,59.804748394562196,62.187541847837856,80.95892514163017,4.046927126439838,0
65.11766893990017,9.657756815351256,26.17348896353675,105.67808078241,5.676790938363169,31.188930330401842,43.1908665456047,61.591131022500264,76.21530184887304,95.77792954337355,201.45601032578355,7.1984777576007835,0
76.9845747196375,51.34731235689904,68.05887234369787,25.045902357301053,19.25341266710572,23.5831843332574,27.14064607234809,33.92403560962603,137.08288466799937,165.88598587907552,190.93188823637658,4.523441012058015,1
21.794910404783163,17.346261203217402,27.820881628345116,36.927250742984995,4.51677765030685,8.461368829889274,11.809064514031888,21.725358325442762,22.21395776473619,25.511889353185087,62.43914009617008,1.9681774190053147,0
61.99916951378499,36.355958420648776,72.81084156753312,357.59614005575133,17.4051888081512,20.967785760776906,44.04443760271089,45.6540913508411,90.01741399042186,103.75026424156476,461.3464042973161,7.3407396004518155,1
104.27557713625578,18.485996668340157,87.51525470400037,34.76376305213312,21.977139928960586,29.402325448643257,77.29794886254739,77.29794886254739,169.66332325639482,227.74420079000012,262.5079638421332,12.882991477091231,1
24.423183814269304,42.73106362654951,69.43053017614538,49.66241988202326,0.9040752211510946,4.020659472815308,17.207823956994343,19.04355893426702,43.599908584533175,60.400481430947195,110.06290131297045,2.8679706594990573,1
5.716795261813952,8.79472652362015,80.50691804194776,14.874452020872669,0.3004844875797772,3.1986385025616038,3.1986385025616038,4.5661306519476526,7.3565387350758344,8.39723589907079,23.27168791994346,0.5331064170936006,0
2.5480826337328066,21.895073516568015,57.320618670357426,232.65886632779132,0.5671584510050044,0.4171204135617516,0.7276388468353286,1.0270274541811584,3.169106712583165,3.7505427171842096,236.40940904497552,0.12127314113922144,0
33.28678533921901,31.519637269962285,94.66051291373735,170.7693553963639,3.0044240314375306,14.124975646628476,14.124975646628476,30.03062894158838,44.56143853209234,53.15622603176816,223.92558142813206,2.354162607771413,1
18.252138588896905,35.9565098122882,76.29416326804225,6.379373634958324,1.6358866559645837,5.475034593139921,7.317840681775711,8.080162837445167,27.42028429943318,34.588838647683126,40.96821228264145,1.2196401136292851,0
68.25671346064244,35.615514462550415,32.26758968116841,324.0996768405489,9.13076623235657,34.85935680742992,54.22174373735331,54.22174373735331,92.29445959378472,101.18492936615732,425.28460620670626,9.036957289558885,1
60.21141382036901,6.604962887964609,72.33494012174879,206.91640074155185,13.768486348165535,20.211843296356356,41.19141101134075,45.616392572081885,76.09114639357801,86.94357220485014,293.85997294640197,6.865235168556791,1
7.553740962928137,3.9590262546383057,67.18583366868096,73.04837358283176,1.502197508131983,1.4596262654420775,2.972704011727469,6.531895786821042,13.065405019286635,13.794767835153133,86.8431414179849,0.4954506686212448,0
100.97271024296252,15.757112038320098,75.14191000156187,30.117415684369643,7.511787705195503,17.70431822038007,45.1919696296674,79.10570838475383,134.17693556410663,134.6116622575229,164.72907794189254,7.5319949382779,0
26.334230563725257,4.186967064220044,31.936235285838144,160.63527064056933,7.135433485725409,7.788853646148549,9.559352825796632,20.34062303640617,30.25337005755266,32.51872130755202,193.15399194812136,1.5932254709661053,0
20.609051238426378,14.794992915405349,50.95817216403938,112.61485146792616,6.022578329959661,7.572768733301839,9.110339021603139,14.338780588832188,37.03331385435846,37.70136591768351,150.31621738560966,1.5183898369338564,0
57.94566187991759,5.437009247520075,88.03853294487477,253.62434736070793,14.008322522259782,24.030584190168177,24.030584190168177,41.03193954652737,84.19157372976653,92.35221007667587,345.9765574373838,4.005097365028029,1
31.234940205870632,32.5860639332119,97.57142553595097,236.42466777783892,2.313206953667448,16.380222257080398,21.896043614676348,21.896043614676348,52.4917088400525,60.056224325008486,296.4808921028474,3.649340602446058,1
54.12549554038747,8.063851473018353,35.99375321544521,64.369232349512,13.111256545975667,15.542590537205651,28.1155627072489,30.670344903792305,68.02002708792882,69.76250792392759,134.1317402734396,4.685927117874816,0
40.88296113761052,26.084062249250238,48.670371465419414,74.27244171843827,6.788655307426567,20.057318439943394,23.018687385188148,25.25225488760706,48.45224124074899,67.06341188279832,141.33585360123658,3.836447897531358,0
109.06131802310004,46.63459065712057,33.08247493132445,27.848999800373583,3.053244473389066,23.165023967106887,34.69003973245083,101.08800148625468,125.63919951053919,132.41572940168967,160.26472920206325,5.781673288741804,1
55.049343793509045,46.79886784561184,71.79391717781058,30.91144341938316,11.39015935380076,29.678678602019588,29.678678602019588,34.66754172208053,88.31031137803171,118.55665477441583,149.468098193799,4.946446433669931,0
37.119177763948386,34.60678132647442,3.878873350536649,57.40331377997808,10.896147670199364,5.518097264153346,17.72018331245233,31.79405283519522,65.82457164423404,84.63687218272639,142.04018596270447,2.953363885408722,0
44.98966567946383,3.7853010621006686,95.3812582280984,104.94254572150597,6.336572704515307,22.58028598709536,22.58028598709536,34.53032801307522,78.87275787679005,103.13775169463392,208.0802974161399,3.7633809978492265,1
93.60320800220391,33.128427398384616,54.93679861367298,251.03055490656556,3.5312594765616945,21.906531126634224,21.906531126634224,50.02183652428902,146.55740983773373,159.5786964349754,410.6092513415409,3.651088521105704,1
22.02244991867965,16.654283596207435,27.094833127946195,31.81984428478032,1.8624333673443165,9.433587062243893,12.569787360399546,12.569787360399546,34.760054895734946,47.81646472566023,79.63630901044056,2.094964560066591,0
70.96665092838053,34.96757684938824,3.729041870770966,59.976479030625256,12.51643748649374,26.3970520016282,38.53505832111554,38.53505832111554,86.0090860472448,93.92817057870319,153.90464960932843,6.422509720185924,1
46.9905983842637,54.68784679221087,56.074274948648174,123.27407254709853,11.348538216847327,18.28218713532033,27.609537569460702,32.76473015919306,61.098673582347416,61.63580685555961,184.90987940265813,4.601589594910117,0
48.1539882634959,36.73436822398249,58.617676821826336,73.08750464588866,3.4644480986958364,28.42128675241028,35.51925817497538,35.51925817497538,50.706702934882564,53.83526079333859,126.92276543922725,5.919876362495896,1
18.356357703102873,56.55391480576253,69.524510180087,98.59854416038448,1.4946923482767607,7.328577552151783,14.666906507556245,14.666906507556245,26.62234221787641,30.353037498353732,128.9515816587382,2.444484417926041,1
33.464580249298855,14.099507356275446,52.53952725659546,68.87043588901591,9.31167964082502,6.94669170715024,23.543458768955237,30.206770769261887,59.12706942123214,61.03171354620419,129.9021494352201,3.9239097948258728,1
28.127352758148184,17.56272224637967,51.57046007704,20.814870336717682,7.506536938425106,8.586308355990962,8.586308355990962,19.49723914438163,43.07401544351595,57.05808299844979,77.87295333516747,1.4310513926651602,0
46.79972307934794,10.62692596722445,30.412948344690804,156.70576467653615,12.934919888461335,6.942496182966489,17.979680038037117,28.062164989916518,62.97679582373573,77.09744368788637,233.80320836442252,2.996613339672853,0
12.780680493828969,6.543279013447399,19.403749202803134,100.36978511415714,0.8846586978066592,3.4215923786755815,8.519068985263848,8.519068985263848,15.907996106585136,21.804526037969612,122.17431115212675,1.419844830877308,0
5.078686012426896,2.609052063540844,25.10033118128906,40.375431300608,1.4278972082903103,1.251784416425136,3.7618483428593015,3.7618483428593015,7.085244163296159,8.750152518011769,49.125583818619766,0.6269747238098836,0
31.05139719647474,55.8201871792673,37.47568165743617,54.59386400315946,3.5765908593417373,13.09865455429428,23.199810966066064,23.199810966066064,39.63869753668113,40.64668437608753,95.24054837924699,3.866635161011011,0
94.91878307546206,28.200496342422063,77.33459323685014,36.74781900876728,15.635057625419554,52.86290110137916,57.19905039125083,57.19905039125083,165.14773220549583,200.57766645467746,237.32548546344475,9.533175065208471,0
66.4090543444984,56.45370139713519,11.825444410559072,109.91816059837561,9.814834360760907,15.984752708893854,47.02900897889465,61.125179317849664,104.11072009943288,107.384692489778,217.3028530881536,7.838168163149109,1
43.15029345482566,52.11211547548958,64.36836296464699,12.656628110644784,12.677409524980668,22.60169863224416,22.60169863224416,31.98222983987984,52.14820106267474,71.73081353452241,84.3874416451672,3.7669497720406935,0
19.582030691644334,45.146864486487566,3.7961271229313587,35.34774519821719,1.831848260545193,10.535827616092138,10.535827616092138,17.593192891912086,26.407935931606666,33.34298411539369,68.69072931361089,1.7559712693486897,0
2.215940613555685,55.23494255222299,4.308720918729481,48.781673859864,0.6385864590368283,0.9225379440832732,0.9225379440832732,1.8713239630457936,2.238592393965186,2.5501496848833005,51.3318235447473,0.15375632401387887,1
26.164845456295488,17.31257363490718,27.364847772436306,49.42859813249925,7.550197088226574,11.75913029303888,11.75913029303888,11.75913029303888,26.621432725831994,33.108255996893384,82.53685412939264,1.9598550488398132,1
38.584511012358504,51.66984588215408,35.71915344561053,26.005294807607505,10.683481410881846,19.25813073751529,25.688157979888143,30.560974432110356,52.32892081015139,68.06797527376656,94.07327008137406,4.28135966331469,0
16.10735225343992,41.438831698409956,18.98881752485343,67.68171341846559,1.9332398233525385,4.608101983331971,5.021874188681596,7.798882759550689,21.735083235196154,29.905631185637738,97.58734460410332,0.8369790314469326,0
62.832989436681764,36.773393349730036,88.6236363202509,12.872995574991872,7.85471560688034,37.27470436111813,40.555393597859776,40.555393597859776,63.42700179924342,79.32239291891831,92.19538849391019,6.759232266309962,0
61.68261141142216,37.882591111842764,30.47165866068283,111.50057780715896,4.7581128481884125,17.943288384057574,40.773024623352676,40.773024623352676,79.79214739783095,101.33192182103579,212.83249962819474,6.795504103892113,0
30.61297399552712,54.557150323211566,46.835860012964694,196.27702209757143,4.688043707944699,4.360204984919298,22.28297924587002,27.75894245273933,37.26992711357577,43.24964984628048,239.5266719438519,3.71382987431167,1
40.46666931805801,55.877190053775145,99.411640954508,84.06722686412985,3.6264930467116545,18.874701683477777,31.577801353403736,31.577801353403736,49.51979905653198,53.97401195718778,138.04123882131762,5.262966892233956,1
39.7955351205569,12.263883761789963,25.389899735858656,26.285822657582052,7.783800916917993,10.645011979071997,25.798431009918783,34.36892166721245,50.51657141733838,57.63435127815567,83.92017393573772,4.29973850165313,0
58.628242027340185,6.684382287357146,61.87931819518704,103.91548166083408,15.416494316431875,6.675880245197714,35.48695669589028,45.90709908316628,86.67383222489968,109.6166443092904,213.53212597012447,5.91449278264838,1
21.422273032647006,17.813260512645954,74.65250119756806,50.07264795577994,6.124771895286784,4.060255130845921,14.357622079755897,14.357622079755897,33.83756835467987,45.639715013555026,95.71236296933498,2.3929370132926495,0
207.7127529903019,48.99050229915441,27.104239061644186,83.98150591737179,29.605399952373755,59.12957924728433,65.1259040126954,158.85698132390698,272.7978306981722,345.4122857093467,429.3937916267185,10.854317335449233,1
12.695894577317842,7.629587478524172,5.748203452219391,69.95041247003884,1.7879736924056064,2.620207140598662,8.167142063010003,8.167142063010003,22.66589323089427,31.337325058917546,101.28773752895638,1.3611903438350004,0
21.700531579281083,40.38212717106636,79.13641814758431,121.11181557525592,3.560663020207109,3.6500051036086503,16.180850968263353,16.180850968263353,31.803712846177156,40.35437961746312,161.46619519271903,2.696808494710559,1
52.40855211243078,25.15432109209915,28.902169549799915,82.95103313345125,14.426101308115385,9.500891961682935,24.733537762306728,31.665802212828837,81.47661443351731,101.97733625205395,184.9283693855052,4.122256293717788,0
134.8823961494476,54.91496492236801,32.126183138975186,46.562484052839885,5.670300535257107,55.73997195719535,55.73997195719535,62.035141974637234,183.7025168918066,184.62138027155873,231.18386432439863,9.289995326199225,0
28.620906721265477,49.56112931159471,41.47437152293554,33.686040122211566,3.0268135586679983,4.699230570916143,11.507223733756735,23.564961760585625,50.13385862181401,62.36499905790332,96.05103918011488,1.9178706222927893,0
18.946163898855968,31.452075509783914,3.9049638929984587,52.62838751254664,1.4246229438719402,9.31504845190677,9.31504845190677,14.460939339694537,27.112072705358592,27.900267906303412,80.52865541885005,1.552508075317795,0
35.813780336859665,24.07868221098039,85.1416491051142,133.0274222401525,8.489833032328196,18.654419012833255,20.622434086154634,28.99575970260596,57.15611855932076,69.09444564838547,202.12186788853796,3.437072347692439,0
72.43716536488853,50.40744434248971,86.33326822824289,51.29933630657895,9.120899145912158,33.44726241207439,50.76909776556606,68.4166010326327,102.61496990341062,126.67931569769551,177.97865200427447,8.46151629426101,0
75.09225515939643,16.172083642821867,87.1362975090268,96.89828250321753,21.777246286289614,16.71296137101408,19.135582302311175,46.40325592312371,127.19430353311421,160.07220147988951,256.97048398310704,3.1892637170518623,1
66.16557703064545,33.5145462563673,18.262083890240298,101.78564062242351,19.464314196570548,25.686359583494827,30.202144165757815,48.643184965803556,106.64888618355901,143.81316983443944,245.59881045686296,5.033690694292969,1
144.79253931106825,56.036509243340944,97.62119913500035,56.843190728621224,38.60739109689254,18.899063881761702,87.39378666402209,90.41434643983528,240.36469220637505,285.8394280368599,342.6826187654811,14.565631110670347,1
75.36973773229182,37.014535510151525,66.14858292733857,53.29052291573977,12.24836437575482,43.0623740040148,56.11056547685786,56.11056547685786,79.17256117342102,94.39909997907405,147.68962289481382,9.351760912809644,1
86.26744901716259,55.94499839292208,59.29499760698216,62.34653521030861,24.211903858265398,8.944662240768531,28.661866068079146,78.05967989957244,125.76773003721375,153.3710938916231,215.71762910193172,4.776977678013191,1
92.31379416737407,27.636539176001037,72.22657005817116,14.555121276347343,11.588837515500664,19.455539251348338,47.70956271292294,68.6305433587776,130.926105076149,148.44537149718585,163.00049277353318,7.951593785487156,0
16.931514762536594,38.49922756269407,75.59556876124358,90.79014479619835,2.200901707998877,2.395740240074653,3.5611464078959543,13.104720414785945,22.20957050710927,24.62206684990937,115.41221164610772,0.5935244013159924,0
39.30039320064043,56.54295848297557,41.6127392643736,42.91496611388709,5.990159712481569,23.476445828577557,23.476445828577557,23.476445828577557,48.03280077320687,50.087703495692146,93.00266960957924,3.9127409714295927,0
22.055392446897336,44.762096410199604,58.392253521504756,76.35563778361914,4.746375204378702,2.6543898291497783,8.977796828188458,19.78019359575237,36.48057601238363,48.734273310122845,125.08991109374199,1.496299471364743,0
23.893830090459033,54.524622686085905,58.51439921931673,39.54373962713482,0.9025746500102305,2.4099511544458823,7.319499796874699,16.86112125814991,29.426837123831525,29.918283151566794,69.46202277870161,1.2199166328124498,0
33.04184261983101,50.25842280272459,0.7809849664620505,168.44302127929652,5.618535807123142,4.966878296059122,9.448575239899052,14.593075142762247,48.03814278187805,66.8917842872485,235.33480556654501,1.5747625399831753,0
57.583528146583774,6.512548686568826,0.9767309235793165,170.8817249065029,16.72435743392404,31.131121511081766,31.131121511081766,34.109710082725826,80.47738752938946,89.7848576352948,260.6665825417977,5.188520251846961,0
130.4876175153472,16.99111668963142,47.07045260421157,101.66496935681515,5.06928780573614,39.19424625976192,39.19424625976192,87.76353255568431,183.7291671330359,235.32296706841237,336.98793642522753,6.532374376626986,1
70.28109132911125,45.005995596095865,55.84707622109691,5.155435317654734,3.103893321878855,40.22623125432289,52.27678188820396,52.27678188820396,122.78397189335107,158.69984921474497,163.8552845323997,8.712796981367328,1
61.45907642649182,53.62234647542805,70.72211447561958,58.693705160958004,17.470588768498416,35.630653635415364,47.46152605175511,47.46152605175511,105.38046039326039,122.12420330892984,180.81790846988784,7.910254341959185,1
33.66139008887942,48.53395332875153,75.2714916610162,121.82062297015403,8.507481974526948,15.586970511133837,24.16248207974928,24.16248207974928,49.524612187883804,57.65703894870677,179.4776619188608,4.027080346624881,0
139.54325842841578,20.163214847551675,58.57807636255947,275.10310178431655,2.815850762121556,25.73661155934398,28.217657351039342,56.06160541469771,162.191869436642,200.97765775480386,476.08075953912044,4.70294289183989,1
11.768646427048179,38.02058686543049,28.439380366328294,19.91017775616191,1.7226876940404305,6.891015380734115,6.891015380734115,6.891015380734115,13.50940376767376,13.884394011142597,33.794571767304504,1.1485025634556858,0
76.77798086476353,40.36063170794047,61.930980337976536,5.590556935368721,8.189476343875445,24.499585142483934,35.4672077870446,60.13997721587461,83.48260357013105,84.21524260336159,89.80579953873031,5.911201297840766,0
5.691727072653713,27.36415540446999,25.980078114740124,42.992755995643996,0.38087541498978456,1.8911159546397187,2.262305731887692,4.120573203233581,7.795107029523865,10.047892382194652,53.04064837783865,0.3770509553146153,0
49.53606600311214,36.0865008865776,81.7575165011894,38.63511672255839,1.715695694935679,20.726549925315208,33.68560511130892,33.68560511130892,57.051048782977915,68.90551044062143,107.5406271631798,5.614267518551486,0
92.97620548703486,59.18778669785603,42.33160077000502,101.03076680469218,8.365492408162261,42.588195432189494,56.26675767645886,90.73636377889372,126.06378952244017,176.40374634091555,277.43451314560775,9.377792946076477,1
45.38225062521539,33.591752041789654,89.4955950354201,25.277043907754933,9.201959846181758,26.378238128031576,26.378238128031576,26.378238128031576,58.061159778317055,65.00125772099076,90.2783016287457,4.396373021338596,1
110.76244055475364,13.272844409624552,12.793665649601705,40.453760060634025,11.64019682798404,64.84694119159916,64.84694119159916,86.84691781750803,113.56130742972125,130.5010371121555,170.95479717278954,10.807823531933193,0
19.526648219066956,31.238094245999537,70.54739505465614,44.136086012333465,2.072500482107554,5.9908649556097915,10.933827174791913,15.090135760494478,31.852436807734644,39.94066054362645,84.07674655595991,1.8223045291319855,1
2.0274733867688024,12.19356901825247,42.9320274580376,78.03333816554562,0.18957462696663907,0.3468220948660126,1.431553696878635,1.4445195866983143,3.5690001034233325,4.550422582628502,82.58376074817411,0.23859228281310585,0
12.747338390356411,41.9160700539898,12.737888085501648,97.13746053014647,0.6015614636884922,7.110417170928343,7.399218155499854,7.399218155499854,16.889477478038447,19.499650669274324,116.63711119942079,1.2332030259166424,0
34.371553424299925,54.310324333223036,55.90156257220828,34.871509661099836,6.394519732342535,5.481630180898519,11.931531677017835,24.14499468088774,42.99435325891992,45.091834083913795,79.96334374501363,1.988588612836306,0
57.79472894233866,41.20028714850714,21.185380543282484,78.44072146495695,12.991122697866066,21.750057947840865,30.887598897718597,39.42535976298127,60.070943652136364,61.70314052584982,140.14386199080678,5.1479331496197664,0
25.775961514627998,52.90265464425176,29.23566438360925,6.288149601880269,7.5885906345956275,4.719470236965712,13.364776783711495,13.364776783711495,26.144920029754736,26.16324643858074,32.451396040461006,2.227462797285249,0
49.75514178776101,44.2060280552696,45.622123503154356,178.782924168883,4.151945264985149,13.888243949325469,33.44447084759048,33.44447084759048,75.007454450102,86.12008801631626,264.90301218519926,5.574078474598413,1
66.69813324014325,27.372491917466366,36.43602644341235,28.92957856021227,4.3767550570115805,24.33595436825203,30.379899546235823,44.181536903493644,95.48942493869889,106.13433478817709,135.06391334838935,5.063316591039304,0
20.7613898666181,33.2153616646584,38.87153217434547,141.23648955529305,4.526742109784014,9.39450646472241,13.134808536809722,13.134808536809722,33.794067872002984,34.08471979846763,175.32120935376068,2.1891347561349535,0
21.333868524246583,32.888472619547514,39.702837517893606,38.412587169109024,2.357189645196329,12.535935933439832,12.535935933439832,12.535935933439832,30.627713332171826,38.70677143745416,77.11935860656318,2.0893226555733055,0
10.159586730482921,24.764643009518085,1.697304675276179,100.11002551523119,1.6499012100534223,5.68224006983558,5.68224006983558,5.68224006983558,11.73104473237285,13.396198572998566,113.50622408822976,0.9470400116392633,0
110.7846948468209,7.389464587506184,36.731441321576405,50.32315442594344,24.19391730038556,39.9071808803944,73.32436562618558,83.6508852994956,187.26508053833697,228.0883623431863,278.4115167691298,12.220727604364264,0
112.61660530004211,42.70530804650666,39.35046132032423,115.96224217028727,15.482166416137199,28.8535879513477,89.17400415156331,92.60621581363016,192.57759305114854,259.13687912203187,375.0991212923191,14.862334025260552,0
49.36690799495584,4.735376696261556,59.27355357603405,134.81097277320222,6.120630745231976,18.19052673891311,39.09112911507461,42.00707757040628,80.19301382576785,91.85680157158268,226.6677743447849,6.515188185845768,0
13.944003033081234,13.834766889545438,48.09177935263257,166.708646773434,1.9952681353817627,3.9508112387822365,9.072687322187255,10.092131124385201,24.558670627605977,26.684368064986213,193.3930148384202,1.5121145536978757,0
126.20397478781993,28.3248027034074,17.254236110269584,88.75719818962862,18.67138583291517,41.615060345752276,75.81124719663103,75.81124719663103,214.62966705131677,238.50503916731876,327.26223735694737,12.635207866105171,0
21.367733554365554,59.25094106630712,58.79126665895108,9.688617487013861,0.4318696964455188,11.905634663147366,11.905634663147366,11.905634663147366,29.373841479985344,29.840240972500677,39.52885845951454,1.9842724438578943,0
10.72228115071954,19.79816331509702,3.5083022738345515,26.20682367310942,0.7806924016522425,3.8291963864164953,8.092811094610656,8.973173058154332,17.942348341930604,19.55894920938045,45.76577288248987,1.3488018491017761,0
20.842221358398692,48.09288004133155,33.32728598685944,171.8919015303288,3.9727799758837086,2.5182827487201647,10.179238722008876,11.944153111603264,33.034078181658174,44.956056505299685,216.8479580356285,1.6965397870014793,1
18.513255780418543,26.329286608836753,62.01144073753859,56.062351084591626,0.4606971190012871,8.183337451493713,11.780091218334126,14.84950711864349,25.81298693301435,27.112139405452677,83.1744904900443,1.963348536389021,0
14.63804926683197,14.850220719821634,62.398263930218135,52.79690200054964,1.4257995175507514,3.5202769438565804,7.9071209685350246,11.542651341390595,19.44535844885419,22.015819249230454,74.8127212497801,1.3178534947558374,0
25.458688048573002,3.5417494500067264,18.04107446217933,103.98571759847634,3.648738286471301,5.268076392064046,18.79249409058189,18.79249409058189,39.65099718388894,41.68951323630023,145.67523083477658,3.132082348430315,0
46.411618774188504,7.12996642385104,33.91893701479552,92.6727199463403,6.6699013877222,22.428531294062708,28.48085172929099,28.48085172929099,49.0498089027414,50.20363491038439,142.87635485672467,4.746808621548499,0
76.11279809446347,26.17059980093599,45.76973875537487,236.68909459788466,2.54085225949728,13.911569082682423,29.233323615801922,34.09115280365847,117.35782390816418,135.14032403324234,371.829418631127,4.872220602633654,1
36.33168643123418,25.210704750077902,41.14287058362941,62.02699483599627,9.631535840432102,14.701205223730751,27.23190648558449,30.43307041924284,48.53222788282187,64.50115659602574,126.52815143202201,4.538651080930748,0
36.54300115051969,38.32868349863213,68.54115790153404,55.09757929759334,1.6566418262157412,18.585000759254324,18.585000759254324,20.038790266956628,47.707884039951075,48.435601893161824,103.53318119075516,3.0975001265423874,1
35.60420924325851,5.608692778361352,74.01881609961447,131.21280017924184,9.442392062120144,8.910868409275654,11.6662520801213,20.288754962700413,48.9966504189786,62.43716127774329,193.64996145698512,1.9443753466868834,1
10.724939187527568,18.468119168805014,4.0860872531849,107.53411551674992,3.1898922406477412,3.60484915804192,4.455971984072224,5.078163795427299,18.745680569174212,19.119104402831116,126.65321991958103,0.7426619973453706,0
74.69017746345061,3.3585959739791145,74.52674406406025,19.995216327252663,5.229680146005285,29.04103286229645,31.416678638990327,62.49093277341839,133.1457166243454,171.80405451772575,191.79927084497842,5.2361131064983875,1
93.47160372614916,52.57089841873078,87.85052639393307,56.00615481375725,3.716536525271052,39.309720445289074,64.87177630598212,91.21018064676714,166.4455983822816,230.72003634615027,286.7261911599075,10.811962717663688,1
122.11202412376396,25.057566621989476,91.39058913589236,248.04871022628944,6.58313849630263,71.55333294494524,71.55333294494524,84.15770012480758,185.2239160895349,205.6923495434517,453.7410597697411,11.925555490824207,1
31.96796490502562,35.88857651344317,5.598177048352582,32.153522086282585,8.270449709828128,17.4037188537874,23.140161447524687,23.140161447524687,52.63743727955417,62.27210346978551,94.4256255560681,3.8566935745874478,0
117.14370519540552,43.21233247066248,88.37155479095014,54.06794338271969,34.236422546531884,23.957348014721028,46.75020385005124,83.15560439819582,132.76170368960288,161.85416154465224,215.92210492737195,7.791700641675207,1
81.60706676534541,17.54221469889469,16.370573118325527,207.9787085027273,15.147126075221713,30.430290575135157,35.26910581414897,51.805350790735346,116.1360315008914,126.70607117734916,334.6847796800765,5.878184302358162,1
15.500414863443323,9.827039974947501,33.83460430889883,205.00309623044788,4.421227320835597,2.773350205751439,10.194803558002532,10.194803558002532,19.36293053086486,19.720258830295457,224.72335506074333,1.6991339263337553,0
21.420619384136046,35.65572852209636,38.166207613411196,156.34910669410135,5.0448137882116635,2.7847973447742866,7.460184871492346,21.055288262684275,24.35783106740073,25.019832636400952,181.36893933050231,1.2433641452487243,0
47.18310475075044,54.394759647651235,29.898619483391908,48.4103930073038,8.456966249230021,13.402516120263174,13.402516120263174,45.342967030876075,73.75371708713467,84.67222594119491,133.08261894849872,2.233752686710529,0
36.52801167678273,53.76961885843742,29.47141547130404,36.676005238146054,10.081862725396089,9.493699841190773,10.344582809221064,28.323475560514158,36.793448362219046,39.83221964205488,76.50822488020094,1.7240971348701775,1
12.876940986328004,19.877899254551025,16.941322451344643,128.45540083979995,1.9458429470824135,4.960620860124747,4.960620860124747,5.301378223939062,21.792478536621235,26.268608369906133,154.72400920970608,0.8267701433541245,0
46.90100922420903,17.43728964100042,65.9015799514345,177.73238918317332,6.343818956519982,19.72777287979644,26.280137977147685,29.2103851336661,84.1270690182467,86.29067318957007,264.0230623727434,4.380022996191281,1
47.820019486100065,22.50631417335453,58.04511504393336,61.13549304259216,10.595656498657005,14.00159188459671,14.00159188459671,24.835915243040375,60.077713390956596,76.58831264667462,137.72380568926678,2.333598647432785,1
80.90114584024033,16.224323818294447,61.35212326845036,87.27403465704542,18.577057773112127,43.170647528881545,48.38899307304941,60.672476968894486,89.47978237709654,94.95626573010425,182.23030038714967,8.064832178841568,1
27.65267805622187,57.94178517604602,52.135599455449,34.190873188092034,3.2979327488929986,14.403571486504921,18.223645784257357,18.223645784257357,45.13341877356997,45.740740747385914,79.93161393547794,3.0372742973762263,0
22.008401984268275,4.010691245872355,22.083563564868292,15.744254346554786,3.3709964145345888,10.136542216985243,14.271143982020892,14.304233344194339,36.1079200043778,39.74670072905121,55.490955075605996,2.378523997003482,0
9.973345459018253,13.096907000334102,58.63086954133499,17.137021167062194,0.8021668403348794,2.7463792010963095,5.778105754637777,9.512412903091189,16.211083420951212,20.655509822519353,37.79253098958155,0.9630176257729629,0
53.783728797281796,3.641332724981363,65.37268807687457,61.77976419665117,2.879744064702577,11.891189047605977,24.94496544171284,50.685675794198794,84.14565505025935,88.00122330332009,149.78098749997127,4.157494240285473,0
49.08276940481737,51.53087447375508,5.192335429684025,31.10750078745268,5.816687354935463,7.756600374917551,38.74142011448573,38.74142011448573,80.06938218254817,104.86605906848945,135.97355985594214,6.456903352414288,0
133.42948708639597,29.347415995668296,98.77395340532777,82.49809054175225,21.079414388687166,30.052360669775208,33.92421921221855,103.28096172120131,225.5396544370746,282.0456480707793,364.54373861253157,5.654036535369759,1
77.01949777339216,15.227018803615518,57.9785102079209,36.47082554911103,4.932362423043019,44.63694368801645,50.39489552159125,70.827245754846,79.13938912537846,88.87944516483736,125.35027071394839,8.399149253598543,0
27.820824424569153,24.932848746626323,63.83324177874814,150.68944227290524,1.8262617181299658,8.591938168234586,11.937761263698018,27.152194894293167,49.89008355601823,51.694312025342114,202.38375429824737,1.989626877283003,0
44.52504916945793,8.152874022083246,56.96817647176516,45.82442853238965,2.4361014775415373,13.707161090034276,30.968242845436066,37.68543576900704,71.76544305636828,97.8769944875103,143.70142301989995,5.161373807572677,0
12.584960016808978,8.244830762836013,69.0719789392185,51.68435281964106,3.3376824652974464,4.2203518920846355,7.267960909133244,7.267960909133244,18.071817730529826,19.756109487718945,71.44046230736001,1.2113268181888739,0
31.75363346237752,56.91935017941282,65.68444677796201,172.18764151725583,6.806325981414046,13.463505274178145,13.463505274178145,25.65861710025573,41.894797239829494,52.49445982351225,224.68210134076807,2.2439175456963576,0
50.73578714487219,42.372417666843695,79.91528274007564,76.8568902500577,3.0820764694168123,28.412048412797212,35.70945162323857,35.70945162323857,90.84207825613687,115.9555617990345,192.8124520490922,5.951575270539762,1
137.7753546154072,39.044149142877735,16.154659893712132,83.55255253116935,28.26552466996934,21.639969368847368,33.86620814007729,78.98906735296967,148.00963412451188,179.49757619154676,263.0501287227161,5.644368023346215,1
18.366523552418563,29.419906281254413,16.37231978420086,52.82367797949682,2.8657521559917134,9.369543588871172,12.607550189958367,17.17146305619419,29.653102884808202,36.58230856125793,89.40598654075475,2.101258364993061,0
108.33870757400257,30.40950480474813,21.9579387999577,70.71992843110988,19.322064412705814,35.15243391631939,58.53590679605779,84.84492140498598,120.0981096414152,134.32900854548862,205.0489369765985,9.75598446600963,0
53.302824916201175,46.77859046314306,96.34531873929069,23.361670441163426,13.432878872950987,12.651965012536678,15.47180861870633,50.52149519127238,77.14785470679689,95.27666119232948,118.63833163349291,2.5786347697843883,1
75.76759659533316,5.038689408131827,35.70355525421813,131.15870940360938,11.613962588355779,28.18009462913315,42.1938252978069,42.1938252978069,103.99757968210962,138.2646522101579,269.42336161376727,7.03230421630115,0
43.25223761843763,40.711614626853645,31.617453516965067,39.420084689226854,4.354153599718645,16.011697886091902,23.04916398228919,37.64752202601988,46.97310764316348,61.56755783168249,100.98764252090935,3.8415273303815316,0
23.82732921616286,33.929154018035064,22.930923331271348,19.180782531866623,5.681388669876577,3.971785529420722,9.290738407035146,17.9153678879428,27.22973238359617,29.659401013704546,48.840183545571165,1.5484564011725244,0
104.34867809645243,19.78858728939278,48.14054479568392,93.30086229112123,6.744683398764786,15.49578296732948,71.73654698756458,71.73654698756458,134.52605092649793,176.64585170466017,269.9467139957814,11.956091164594097,0
29.838233307976775,14.508952723985226,90.53162651188083,103.06408279251531,8.322622708974377,12.33627792723271,12.33627792723271,27.63058391535163,37.59678773366568,47.82221161126231,150.8862944037776,2.0560463212054514,0
72.70453337478261,51.98180772869678,67.41789820041639,65.1325038023033,20.620880041183952,34.00322171955944,34.00322171955944,63.85501644197462,86.3662003933632,101.43713407818153,166.56963788048483,5.667203619926574,1
13.702960026552383,56.0303296960417,18.77610351413932,183.0002751071487,1.5974612074072767,5.582764399275622,5.582764399275622,10.154209660574157,19.035816687592654,22.73812515156436,205.73840025871306,0.9304607332126037,0
17.31458184377471,7.557649633588159,83.73523399507704,37.63101512165744,4.0902399244864025,4.786726837499983,12.455309445456916,17.02219176050514,25.555465583485148,30.83348255663215,68.46449767828959,2.0758849075761527,0
5.794930455330565,11.850102897776361,94.55047093981729,60.425255238223336,1.6119222362083658,2.1900648564957863,2.1900648564957863,5.093068457331032,9.111527539896482,11.950332562827514,72.37558780105086,0.36501080941596437,0
39.501062164008665,40.69234529269335,71.30540874836038,8.116919850587294,10.956926771707527,21.85118694701883,27.015113169497567,27.015113169497567,49.71179442868142,61.87898573555203,69.99590558613932,4.502518861582928,0
53.357694316623615,46.89277920607911,59.36236131682223,2.522592330937263,2.7759463172180543,29.98390877449549,35.4387545705843,35.4387545705843,81.06888364373724,108.55630809465978,111.07890042559704,5.906459095097383,1
44.462317444138584,30.497706159234482,67.1771475129559,77.43854293772895,2.9779407200137062,9.610286034463638,25.14982016482109,34.02498896608699,66.09257632978928,87.7844251267716,165.22296806450055,4.191636694136848,0
9.82127587677179,55.75976364559042,73.59768452749842,94.48448936785755,1.545022911887088,1.4490196417953711,4.73153316974788,6.482625899322128,15.348670868934741,20.9593453602273,115.44383472808485,0.7885888616246467,0
17.62449991660202,52.635838307157904,85.94018471836121,73.42576151257664,3.0769418315671393,7.519109259196515,7.519109259196515,13.175536163601729,31.106793896706296,41.99261307899441,115.41837459157105,1.2531848765327525,1
74.88283827808365,9.322733524039759,65.86706750999328,94.84292149393126,8.71250461592183,14.018014930112946,24.675906592927024,32.07431460620081,128.85339341205102,129.93049428674098,224.77341578067222,4.11265109882117,0
27.23321324624322,10.261897691174614,53.14756476285288,128.34045387201172,1.1289408880500234,13.631073965942413,16.803213548570064,24.351218653354188,45.478272216114505,52.07832006938165,180.41877394139337,2.800535591428344,1
46.17302061238951,6.981969417705149,18.244983435620178,60.21641445566074,6.475908740081146,11.100618963421658,22.025632835887922,40.774995849360344,72.42633727229648,83.25092845226374,143.4673429079245,3.6709388059813204,0
25.550888085668284,52.774416884275794,37.422537403908606,50.10250355019325,2.5222600942875504,4.477506603042268,9.30746828702911,21.79329772277531,31.302332811734345,39.90306903318962,90.00557258338287,1.5512447145048516,0
68.75090997296208,34.3425561918513,8.45938161773091,27.34797157432294,9.992547925557027,34.928539440446144,34.928539440446144,59.67866248215885,76.82611601737392,94.24303318094994,121.59100475527288,5.821423240074357,1
25.793044385616714,56.60076171686943,72.85271597150654,82.51040160669243,2.489683798210857,5.268337908230874,7.318879906691247,13.127023605101988,40.131885351716846,56.0322021954186,138.54260380211102,1.2198133177818746,0
36.89637861571729,44.29556676674631,99.22927285532613,140.31259729529063,5.241384779949764,3.8526969112534153,8.365221007946925,26.090568985586717,54.286254090086494,67.71355741424058,208.02615470953123,1.3942035013244876,1
89.11154414980543,44.45601164841781,9.596536586544369,108.57917440456517,16.45614971771412,45.52542205794909,45.52542205794909,76.15614981101653,129.53473909512257,158.9145401568828,267.493714561448,7.587570342991516,1
45.19157509934918,9.25869359270299,44.01958314342447,235.6422716022143,5.463727196945475,6.639011635130598,35.507996916690075,35.507996916690075,70.77737692672612,94.84786733490986,330.49013893712413,5.917999486115012,0
19.608329887244338,8.352219652164514,70.00761304147973,69.22098556506472,1.5487227650174913,6.076003010846817,15.02324163312876,15.02324163312876,29.469843473022973,38.78259472827862,108.00358029334333,2.50387360552146,1
60.94990447528138,55.99549974335029,2.9921906840307377,45.755655422847866,7.987086975082295,18.15730713959262,18.15730713959262,37.36432387755472,72.192248448758,76.82533395798072,122.58098938082858,3.02621785659877,0
9.801492884642224,29.990873068555228,43.9571489886614,57.76139919154843,0.9109419480563131,1.6809033141584073,5.203301823171976,7.815905085080612,16.963578885286502,20.247422468173994,78.00882165972243,0.8672169705286626,0
18.85937321735422,59.647777225667035,79.47769231476926,116.06558852005799,0.7162390900098649,2.2176796781094614,7.709823415669389,7.987885036440977,32.14734845614089,44.90024259066373,160.96583111072172,1.2849705692782314,0
10.757776232607034,20.73600130351974,29.320806935821274,94.36150313877947,2.1243318977715893,1.5313140775260028,6.345700373469999,6.345700373469999,11.842269711131491,15.195446835195147,109.55694997397461,1.0576167289116665,0
70.0502749826457,38.04214844500737,65.97021199284009,39.40208610395554,13.833600818605438,21.978764601625915,21.978764601625915,46.34885903793369,103.43779082426427,104.41047867269438,143.81256477664994,3.6631274336043194,1
57.73771794001912,35.22287148801216,60.73407872446832,79.43639757332389,6.296186244940027,33.40386531199086,33.40386531199086,42.09241012658553,99.76054862301112,102.21584544458153,181.65224301790542,5.5673108853318105,0
64.71819098627924,5.948520169842209,70.00308627301764,35.60004396803707,18.676872527211113,29.93031372750879,30.850104650477306,38.479370257419376,99.275982383636,128.32270546728796,163.92274943532504,5.141684108412885,0
51.40950789487941,32.0936174259948,24.01577107163442,94.90328734233418,12.3860097745499,23.514509891779895,27.594447043349096,41.60675209888258,72.93123447569882,95.49080757877286,190.39409492110704,4.59907450722485,1
102.91466922996841,55.614175779721826,16.833424027764032,10.822714213948917,28.062165586146335,44.753071452224845,44.753071452224845,98.54337568813865,178.09317141889852,236.46978689424327,247.2925011081922,7.458845242037474,0
50.48745924381019,28.324457693973944,1.6911055673181408,15.210171429601296,7.64568608074567,24.464151705331805,28.84004235276448,28.84004235276448,81.63008165606387,91.18578283958531,106.3959542691866,4.806673725460747,0
26.909466815437817,29.412490850795848,48.03493557020568,19.440195243303926,4.4846991790528445,9.814424522885554,10.16635524129762,18.422863318980095,41.060588843371924,54.29965955515612,73.73985479846004,1.6943925402162698,0
20.364969425783396,42.649157432392485,18.683817087259424,28.259843727607212,4.349847830813693,12.072382174013867,12.072382174013867,19.664380708541476,27.409089452611948,38.28659631714513,66.54644004475234,2.012063695668978,0
49.93244043437377,47.28111341306111,65.12071821901907,88.27698051933196,9.220772078159166,20.16594414861969,36.02096009966561,48.58487430676567,80.93535033977656,99.58704908824086,187.86402960757283,6.003493349944268,1
97.07957788386068,50.021724806375445,54.91779957176526,113.94497767837366,20.105534153388266,40.33032148122448,40.33032148122448,67.41329453182223,164.7138904620601,204.10869700088222,318.0536746792559,6.721720246870746,1
13.27376586492614,28.21409236515969,83.37144579911761,63.43733260311754,1.8726899360199263,1.467883222397674,5.82110937446738,11.445862986700131,15.018922366236984,16.4860250097174,79.92335761283493,0.9701848957445632,0
63.51630597525786,27.75280352321495,80.19372293361275,19.244191071179944,3.6329063774687884,30.317968568434416,33.600619332896365,33.600619332896365,98.92585556786192,107.46203900341393,126.70623007459388,5.600103222149394,0
36.88565001717731,29.454663037709338,36.12116732024761,132.19883751644724,9.124475908410092,10.251930123498294,16.506321243402986,32.56617691242931,57.48406653926512,57.665085556850954,189.8639230732982,2.7510535405671646,0
87.08877471780589,58.201307302293515,29.626790055962328,59.190019008592046,11.187115644672563,42.40244128627141,42.47952989049638,85.81127419666839,97.30929072522609,105.68016099286001,164.87018000145207,7.079921648416064,1
8.44019864892053,55.89260418454659,8.217240095119415,151.8664523244369,1.606548425794163,4.420412481407905,5.3369987454715435,5.3369987454715435,14.165281440912816,15.025391027203412,166.89184335164032,0.8894997909119239,1
133.7882328083656,38.119435376160844,75.63720829415871,69.04734290823228,16.49945542012336,14.869910097406184,80.5348384337551,80.5348384337551,226.42616000348056,286.4534973705551,355.5008402787874,13.422473072292517,1
36.49957141683198,18.491110630838772,49.62046150031008,13.194631754391894,5.65779395914392,10.67163102026456,17.751844056029334,17.751844056029334,40.44804244743433,41.11311219267242,54.30774394706431,2.958640676004889,0
6.721964373921694,54.2241230958734,33.62971172605916,32.61774602801108,1.3370660422822678,3.713698730315556,3.713698730315556,4.4927604303440285,10.658085727040373,14.786885410414795,47.404631438425874,0.618949788385926,0
12.991416370252637,11.913918219979877,70.35604539118597,11.035330849952828,2.364213311805404,2.1302388591971853,4.609787505778479,7.740942487387838,15.438736502689508,21.11991633210141,32.15524718205424,0.7682979176297465,0
146.63894627335358,8.191532040821567,27.410488580395786,4.732580425529051,8.719100192696493,69.23600149339484,96.55788318652445,102.54812431091882,173.7567252379614,195.67857289626423,200.41115332179328,16.09298053108741,0
63.30795294058181,26.044786654034073,47.80331282853248,46.646285567119925,5.4391079413798495,16.561999559824418,29.76808076262933,44.996922840794305,69.70495187134206,95.12911182546087,141.7753973925808,4.961346793771555,0
33.24526384305667,41.74760556711588,43.59618952190571,69.85167278629986,2.2834553602215824,11.79139635305627,13.21677581678065,30.512439898561666,51.52229457937517,61.383864889339335,131.2355376756392,2.2027959694634416,0
169.32130446097992,5.0501945900709675,27.023055795738493,89.00651883428344,30.68948394369946,93.4335153783958,103.45783973607348,157.39280608162366,292.2603594019512,392.7405247312484,481.74704356553184,17.24297328934558,1
48.894076999873135,20.147587095731804,79.04402134412494,118.88618664687932,6.379744737558691,20.363242432774488,24.52850455338276,32.40427822069663,71.35936722942759,91.00660044541821,209.89278709229754,4.08808409223046,0
83.40464065208542,47.48056499672195,70.73361674021021,41.20090859627116,7.422957312078595,26.42639713099152,38.76431842082414,71.33832353440229,100.64671594098851,104.38720200467156,145.58811060094274,6.460719736804023,1
17.38697180030193,40.23472342473447,51.95329049491272,19.82436179241073,0.5623438588147347,7.798827132409497,7.798827132409497,12.77993124012786,20.019211025438075,25.731541658635507,45.555903451046234,1.2998045220682495,0
32.16293371272417,6.8990898630508255,69.12454831289106,68.85770986557964,7.555386159865292,6.800716140764907,23.81247489582531,26.87921666908033,36.469744605636016,45.803987181316806,114.66169704689645,3.9687458159708853,0
48.275380180294896,13.705068720097803,8.93987829623175,41.49987257238759,1.6960067641402174,5.1241504840579815,33.714396539130206,39.599569504366244,56.19032802238893,74.3041895419138,115.80406211430139,5.619066089855035,0
28.975787487471262,44.05988453315139,42.982927318236804,110.15208631173444,3.668689144079176,11.859930845784726,20.34941725699226,25.98251266244747,41.8031859477247,54.60744584372229,164.75953215545672,3.3915695428320434,1
102.05871122958567,8.765394968240336,60.0151600744548,43.05951717666588,15.065723765486439,54.14848075040983,54.14848075040983,54.14848075040983,183.2951569794593,236.99353602620542,280.0530532028713,9.024746791734971,1
61.939882263281476,2.5628555135715123,39.38176638584786,89.24470113562897,9.096144603080011,27.859807182515905,31.12925278334993,54.3540949568515,108.25713723633548,136.2171704055215,225.46187154115046,5.188208797224989,0
12.913737335992682,59.575495148698025,71.41238194439009,204.36185932910053,0.7590625475670892,4.645166747885133,9.925587818677341,9.925587818677341,13.884011624668277,18.65032102323799,223.0121803523385,1.6542646364462235,0
35.006824523253314,37.608161631603934,52.221738200182955,106.67006797671885,7.654184032298731,6.009371867240333,26.48813612080472,28.44778007730078,40.656888148581196,53.32675351277884,159.9968214894977,4.414689353467454,0
20.839315360749815,26.87928331580332,38.2882362844895,163.76545772311505,1.7422788388982173,2.9688468691051613,4.653466720231558,20.33550074910541,32.1991562377114,41.67630802573526,205.44176574885032,0.7755777867052597,0
63.05325618150911,36.63052832089635,41.53496687698643,13.843334304594917,12.367162295840146,15.128914212012752,15.128914212012752,47.34221879261112,97.84289417704446,102.64102158743486,116.48435589202978,2.5214857020021255,0
28.83482556115854,40.87064334455958,71.62435142578889,17.91647855279711,3.6288431552787617,16.770759057974324,16.770759057974324,26.854913884437984,33.684351058536336,46.782868608629705,64.69934716142681,2.795126509662387,1
6.725295133413776,30.739082897045922,6.5808171457770515,71.95482887320532,1.1159074365937722,2.225772673621615,2.225772673621615,5.961723266231386,11.870873738228191,16.030433833146688,87.985262706352,0.37096211227026915,0
55.54059444471521,40.167946329143774,83.81523387221816,106.04535170185824,8.143484023278504,27.90028526862129,27.90028526862129,45.58313937876321,81.62045748222637,99.1032527719956,205.14860447385382,4.6500475447702145,0
27.489766410882847,43.097056199527636,5.735775594444359,87.33160789646905,7.902563306384624,2.9266417697546614,13.16689364712606,13.16689364712606,39.12169254386057,53.20552706180042,140.53713495826946,2.1944822745210097,0
112.46616310242803,12.408491006998315,13.26741268157231,30.84128468790545,13.159881706488722,37.81982157235498,37.81982157235498,46.61446080375642,186.49823552689895,226.64032026908217,257.4816049569876,6.303303595392497,0
15.013005299144291,26.57513604555911,81.02108238926962,100.51263756034459,0.9434138205250558,3.35441693179286,9.033247128788704,14.17076753230035,19.520086331838574,23.81660503947544,124.32924259982002,1.5055411881314507,0
22.074508365870578,19.66734099814747,37.4459959392823,76.33289400875815,2.6717277927057683,12.723107445192118,12.723107445192118,18.065042562422956,34.6920082839207,46.38237793678108,122.71527194553923,2.1205179075320197,0
33.68079274019,48.246232451652546,45.94253554221106,42.810793750233756,5.379920182897195,6.713818279073737,8.211003234876465,24.535153274189977,58.425171199464955,67.46835723372112,110.27915098395488,1.3685005391460774,1
57.89395351946119,46.65457460072065,37.275804440029724,156.5295255239339,2.231647597319937,7.228513004999059,41.080284008194894,41.080284008194894,101.85737893099764,131.1725426181484,287.70206814208234,6.846714001365815,1
88.95492472882266,49.0151301744537,9.304637900675527,105.4292842953439,24.655251610832185,16.101460122249804,45.782710127299076,45.782710127299076,91.78585381718628,121.27900999960933,226.70829429495325,7.63045168788318,0
32.164654879427296,27.373798103351007,60.85578318098812,141.1693227470618,2.4330398444284187,4.230758334110514,24.092196919345803,26.178295168781133,34.03844637499185,46.2818103953567,187.4511331424185,4.0153661532243,0
49.417289553925464,35.36914424531853,68.90707498843554,72.2822347840538,13.865011493830524,12.734521174459836,12.734521174459836,26.72459947653548,77.4190161180553,96.8157137600493,169.0979485441031,2.122420195743306,0
9.150050089268252,42.92532762290011,18.993375549729684,95.89272557438731,1.2185130834762654,5.470415862885288,5.470415862885288,5.617265092261198,9.18257705593108,10.24213247681423,106.13485805120155,0.911735977147548,0
22.329148648100546,20.682498518850423,75.21003791883783,86.42991698986737,3.919143595236957,12.622029227397332,12.622029227397332,20.0420591070501,34.17684803381081,44.869205254193886,131.29912224406127,2.1036715378995554,0
29.50311354741636,58.705793053501644,9.980237607362131,12.001588613247392,6.232413885542767,11.387484778854763,22.494703468169124,22.494703468169124,48.910536904567,50.71736713691419,62.718955750161584,3.749117244694854,0
33.597364690289275,23.960180663813798,77.48190512506294,64.38694744289742,1.2829358756297278,17.3198861817549,17.3198861817549,23.873403670342814,36.014224813662096,45.37027897725545,109.75722642015288,2.88664769695915,0
68.36410636774237,33.14688621657646,70.13360859390623,82.60565022453319,9.290619506130142,20.506337427341954,36.05851080987195,36.05851080987195,69.64658093619519,89.36014378195611,171.96579400648932,6.009751801645325,0
152.40834002843903,49.954001782043115,91.21165660968518,124.75621076209774,15.066056353895728,83.13992815928503,83.13992815928503,106.30561379587446,214.41002692948166,289.5071115722535,414.26332233435124,13.856654693214173,1
23.5029898790758,45.33105867865845,81.34975768904621,31.11727043703384,1.5791314140457495,4.81952535635339,16.814944010584355,19.505725766946213,42.066977317417866,48.716360357622456,79.8336307946563,2.802490668430726,0
62.83247088074416,31.091468763022792,84.44955202207716,67.99859538246079,13.026365035985625,18.94931960230943,25.194717400300807,33.76461516978407,89.72354328089006,116.79901362646477,184.79760900892558,4.199119566716801,1
101.68999905838585,25.682947613977724,95.7706903638399,150.09024485882605,6.7494969562974925,16.301507023644703,47.806031512487024,76.04390177757621,181.02411824805176,221.90902311488207,371.99926797370813,7.967671918747837,0
98.17445104635489,38.95037738349669,84.43338260902922,52.71382643608166,17.98627994159981,55.79244923219707,60.140174774884855,73.89217753544163,153.28381283099012,191.80888689516763,244.5227133312493,10.02336246248081,0
18.338526664260055,27.271335047339967,79.64069315506718,14.805628793398915,2.371571261244572,4.934698930051422,6.647241840274008,16.309680719261852,22.775628989352096,29.015939215833264,43.82156800923218,1.107873640045668,0
94.23266722199337,36.33648677391552,19.612621675643993,104.61434911933252,27.642724333656464,21.013351051698496,25.672929764787114,58.1129025510169,112.44776190618825,119.51110191367688,224.1254510330094,4.278821627464519,1
13.513164066548326,48.39884003763193,75.50742456826592,72.44094989619136,3.700486154729314,2.850161629730032,6.32164010289257,12.657776816373529,20.062521148218362,25.999989671245483,98.44093956743684,1.0536066838154283,0
13.206968395334492,9.063350828731469,63.270646049864055,10.74081375502203,0.2921204184643032,4.450372538746499,5.561519712094875,9.009256652781783,16.720507038132936,17.35698220570097,28.097795960722998,0.9269199520158126,0
44.21666365791895,42.446243452681394,96.15633302697077,56.66584541823031,10.923187673655322,15.565840350274396,18.25078917188395,18.550911234017597,52.660641610245044,73.1797076994178,129.8455531176481,3.041798195313992,0
29.314996476230398,5.12234448017262,72.00339600305334,66.04248801310449,1.9706704981198535,12.792664958577827,12.792664958577827,13.081924860239662,38.56591079608169,40.761190441083045,106.80367845418753,2.132110826429638,0
118.72898013505963,44.572597299925256,25.957684962880645,52.946433883705495,18.015659381319132,59.90800689508635,79.26104052268053,112.38687008340497,169.32795906478853,236.1258263240502,289.0722602077557,13.210173420446756,1
6.436331329060756,14.130956701433988,16.41267750113249,69.44167242459527,1.5921036578560768,2.904985099131849,4.144241834044728,4.144241834044728,11.191206699397485,12.313234930109678,81.75490735470494,0.6907069723407879,1
44.69680806318686,30.615744021703982,28.13578268203203,75.02706666376768,4.491623470485462,15.477910100599354,27.82067825410142,39.1663080822383,78.86915237546319,91.72767994632433,166.754746610092,4.636779709016904,0
84.47761237880613,17.485551325172953,48.01405083187387,78.97678407986452,19.047850651200438,31.074466204497995,37.73694339074962,83.7915598998466,133.8363076295496,164.378000431263,243.3547845111275,6.289490565124937,0
5.774887100827588,20.670709004615127,65.2508189403592,59.62364004641269,0.5050683946170458,3.3938224452610606,3.3938224452610606,5.208946580616997,6.89188927463339,8.213760227358549,67.83740027377124,0.5656370742101767,0
30.933390442459867,38.46600144790295,21.509219393873337,112.23580780420065,8.179735353009788,10.00826863403803,18.506004625241204,19.90187725334148,42.33598349811671,54.30587239390888,166.54168019810953,3.0843341042068673,1
82.84690056724062,27.00810166793203,23.28204657708639,109.33218519725182,11.841000857975143,21.602046941237717,64.06123188308463,64.06123188308463,89.34962743864244,113.52574004832644,222.85792524557826,10.676871980514106,1
41.32670733236417,30.2790495424266,30.186474836936217,39.04372233925105,3.132594904141212,17.473744451807026,17.473744451807026,20.52151757260287,60.186071209702604,69.01846469947252,108.06218703872356,2.9122907419678374,0
41.30358577724518,59.93857365586468,80.7282902987119,174.1941120025636,1.4434098224848784,18.024607789274704,26.78617597059612,26.78617597059612,62.47283252488216,81.63614165325596,255.83025365581955,4.46436266176602,0
89.15120315417724,9.053581111545551,36.54202970759097,36.23402111054276,16.92324683675262,50.70004627368474,50.72445114996762,61.89098007577749,117.50402062845909,140.4736437466638,176.70766485720657,8.45407519166127,1
59.40710235671586,24.287668364227446,7.838078442125063,78.80117761493747,12.547272637457782,16.40204430247899,34.50786951294574,40.692709744182544,69.80103716191115,87.07268738313319,165.87386499807064,5.7513115854909564,1
22.62099704562372,32.75216257916915,54.50352399425766,83.47405979121739,4.762813351434448,8.026854890944215,8.026854890944215,17.448231972799626,40.486828642029565,51.90990675453782,135.38396654575521,1.3378091484907024,0
133.19858764121767,49.19496452825884,0.5948897151285326,22.380218342202713,21.219113978749565,54.89908601703313,87.68777587764207,116.5552064575727,137.42094460984444,171.25633257707446,193.63655091927717,14.614629312940345,0
36.45983323725659,18.37875912624853,67.37040281143469,17.554218477397875,4.840879486056989,16.56683985030837,16.56683985030837,18.21790662582919,57.79502097523658,59.60205314935358,77.15627162675145,2.7611399750513947,0
12.647395395213392,24.843122571566848,84.20754545768206,42.07787958832965,2.4450565779366813,1.5180330281218382,5.030028816426217,7.57343382899335,19.603571628379754,25.53092588771366,67.60880547604332,0.8383381360710361,0
43.04716786466228,49.633182862416334,16.638202826244385,101.50415150751311,1.2626703216023278,23.6831095652318,23.6831095652318,36.40601150902165,62.3572849231816,74.2141314003979,175.71828290791103,3.947184927538633,0
39.127976150545166,32.76151952589524,84.45998692862877,3.716827746654572,3.4059076165966298,7.387517890907165,28.29550436733448,36.582702206039926,44.98430323332923,47.34488945899261,51.061717205647184,4.715917394555746,0
57.838826741942306,51.651812346626734,67.90236602764979,48.55709007885202,5.294895536840898,12.296692298922894,34.232791525895614,52.253255033562525,97.3606457214709,104.79274236869236,153.34983244754437,5.705465254315936,0
65.38881584699021,5.732180522989828,9.855279880778733,20.88949873932164,15.5598254824614,29.240859557400924,29.240859557400924,64.17180544061476,97.31814226452644,105.99214637804441,126.88164511736605,4.873476592900154,0
9.751451814503305,18.650620795435966,22.78942947915622,121.4153329159548,1.400049183177106,1.944723982147839,3.322363008484787,8.568977965706862,15.041392637397559,20.377791156924985,141.79312407287978,0.5537271680807978,1
33.977004456594464,34.34968909156071,22.73390435663104,47.29139350482073,1.115357877327211,5.666541475275364,20.957681693603295,33.409515747588806,53.247149910337114,66.09215813497786,113.3835516397986,3.4929469489338825,0
59.72531189652956,9.075196958046055,20.573303960102997,84.5559039202749,16.16267582694467,34.32245345987952,43.32207673141909,57.42002241306266,65.4730719619752,66.92577321592759,151.4816771362025,7.220346121903181,0
41.868842177457175,29.94365367495979,33.45505505639862,60.78907744842147,5.355255363311713,17.649133488551485,21.890984478079872,33.20296681294641,57.48824184604133,75.93470488034804,136.72378232876952,3.648497413013312,1
27.206731299503517,3.022885439145856,90.76733655109315,110.66321671048657,1.130519605401179,15.60798038286928,15.60798038286928,22.403437338823657,44.389023837534424,56.76996074482766,167.43317745531422,2.6013300638115466,0
73.56843851046938,31.27039250504306,22.41407705748024,45.302949038418504,10.091307359545803,9.67800369866176,27.12104652410188,43.04671920575571,96.9843784119178,116.94981634871797,162.2527653871365,4.520174420683647,0
73.15554533269844,55.378305633880565,92.67015862808871,36.90576478353401,20.9129587337774,8.612271153801675,20.780026446441173,68.70559165591844,115.9610906969913,154.26780965879735,191.17357444233136,3.463337741073529,0
0.08813550533702236,57.00245018504905,54.96583606199451,20.589291053137664,0.021541172037411013,0.021125485375518012,0.040766207297180425,0.07223753684789185,0.1146318429554986,0.149852635663838,20.7391436888015,0.006794367882863404,0
49.682975074444194,20.508518939830928,51.70362825855608,76.02202017049558,9.24995664324716,5.922503608459098,25.981884839531634,46.59234574797272,81.62284642014187,98.0497467666376,174.0717669371332,4.330314139921939,0
57.592230310599405,2.2004691304200525,67.37807920637306,101.8530622253013,13.393156184540477,18.387522024459376,31.02859956445855,31.02859956445855,96.55263861321957,125.01883044879003,226.87189267409133,5.1714332607430915,0
34.14943022984512,54.90463035404137,80.56768430534392,25.9365735322926,5.6210292635330585,19.83281822116287,19.83281822116287,21.216589358243343,56.92508370601598,57.450910784984835,83.38748431727743,3.305469703527145,0
46.44476572970824,34.8970146738222,95.76360566437833,58.591787421424534,11.384320429299416,12.93215511152128,12.93215511152128,20.93441937219889,70.71180144804511,84.94200125434311,143.53378867576765,2.1553591852535465,1
36.40369194569046,35.67605901777282,0.268961778556176,172.14329290734292,9.29214018554098,16.96859384012056,16.96859384012056,34.92605536327561,51.092505197038406,58.649626748622055,230.79291965596497,2.8280989733534265,0
56.13727630157985,49.27394628101402,39.81313780818056,48.886409679556095,6.425901675798696,23.758266866688317,38.2694480120425,49.76333547468898,94.51760948230663,103.25191065948454,152.13832033904063,6.378241335340417,0
27.80989665846265,24.81440691788589,17.903074310426035,23.5890491285559,4.02436618801748,3.229301450494526,10.11424367128033,23.849149009181904,36.24862181354556,42.928965502138624,66.51801463069452,1.6857072785467215,1
28.722030488420575,26.366779358338885,15.175001371629326,47.38524330624401,2.3957741516760156,6.204931378325021,17.526823772317975,19.028014003208906,50.833213424758156,58.812499253891225,106.19774256013523,2.921137295386329,0
36.52552641212809,51.386244088120684,14.702559674260662,45.25622448772112,7.736430973055251,15.159052750313787,15.159052750313787,15.159052750313787,60.80967574995491,65.30634560575405,110.56257009347516,2.5265087917189644,1
57.179670580890075,30.509247704520188,70.97768289116962,108.37023559860305,3.337578848626451,8.349285172883782,19.495256822184768,56.140486422722915,69.47814258244854,97.26436801150706,205.6346036101101,3.249209470364128,0
62.53951756704065,44.6768777505448,5.114090060085175,69.93982826549606,9.516765521494646,20.555227952596177,20.555227952596177,39.430109599574024,81.34041264590255,83.03206956748805,152.9718978329841,3.4258713254326962,1
107.88449067327612,54.492022522039,83.67247192920212,10.804818094183961,31.35481390415831,47.33944738922625,49.3206619470989,59.193224532646134,185.21096281614513,247.26616991170695,258.0709880058909,8.220110324516483,0
14.240058778330205,24.828331575835897,75.25670676542198,129.46292116711246,2.142675230826952,3.8434693203592984,5.143845692126158,12.99284949585757,17.1177275190963,22.281003901693303,151.74392506880577,0.8573076153543596,0
4.685735841437257,53.558093052152046,40.92703594222131,31.440178248750556,0.18331512605461617,1.1998614901527005,1.956168281276773,2.452852688066017,4.993623803758369,5.142171139797637,36.582349388548195,0.32602804687946213,0
73.21596765235054,20.98913054250901,42.54596980515161,21.89889372273242,1.8402748114431888,33.798212205839754,39.974863763599345,39.974863763599345,77.80351759526455,88.41959874002562,110.31849246275804,6.662477293933224,0
43.78802945502655,55.915465517415164,67.83624121230719,60.71780248268976,12.52508113950653,13.548924403825225,30.611586696056772,30.611586696056772,74.14162491392368,92.36348026386759,153.08128274655735,5.101931116009462,1
5.983358619434423,19.71147265088393,1.077121641084522,36.93056132509994,1.3044016869893102,2.189848590256266,3.9470229166635034,4.039502790261571,7.759730929231448,8.240941680456606,45.171503005556545,0.6578371527772505,0
36.023549359742766,15.585053602123622,38.713390494591756,115.33820115122575,7.878014428243586,7.200384113918612,16.65671716385698,33.54009788383171,42.10947348654603,54.624984181706886,169.96318533293262,2.776119527309497,0
88.58353431602316,43.80764193196401,18.013610710914353,73.39931851400856,10.946732828800446,43.83045322487244,43.83045322487244,88.38039972509108,107.51731328837862,122.62400614135933,196.0233246553679,7.30507553747874,0
27.794151601019646,55.47591551234848,18.077832634070713,47.54375030682762,4.455920793499083,11.114010688729904,16.510307241191473,16.510307241191473,40.97385060649223,43.29521601313887,90.83896631996649,2.7517178735319123,0
49.32637002944083,46.55257481745892,55.059015078451644,31.675588868952246,8.698800705973586,28.927955330510574,28.927955330510574,28.927955330510574,65.85410251030528,84.05546955744781,115.73105842640005,4.821325888418429,0
22.848470392173827,44.92706926697607,24.592863569085587,177.32378425067367,5.364108563803849,10.921760588843105,14.951357599311766,15.556519891228493,25.453658030680007,28.009424639690746,205.3332088903644,2.4918929332186277,0
15.9522640020373,58.435472533509454,37.51837807558752,148.07712501211594,2.5943033670894713,6.375933118732123,11.415486220680199,11.415486220680199,22.228669893173063,25.35465168850346,173.4317767006194,1.902581036780033,0
79.31814929815107,34.33169671371463,71.73157707372152,58.94958085237053,8.39841923905016,32.29916460340655,32.29916460340655,70.88822723895797,120.79370920807432,141.81136615242377,200.7609470047943,5.383194100567759,1
25.168868078740726,53.48191606325766,62.067210215507615,9.597889089050627,4.256591617569378,6.707325779611249,10.847779485616911,11.52983556957145,33.117490706780714,38.84373879476385,48.441627883814476,1.8079632476028185,0
33.00931568514902,4.15148507474869,33.00227668923007,47.03930438181796,6.956442087262343,10.652682191253659,10.652682191253659,16.38204418869097,49.29845432141189,64.88641140976951,111.92571579158746,1.7754470318756097,0
43.02130252872656,9.665090080558072,4.960269133202422,106.52923803298222,1.5580117694355284,18.78484920822867,19.68884639297179,22.482598038143724,67.18669378584997,84.57493132889726,191.10416936187949,3.2814743988286317,0
22.47762012451322,17.74651798744689,2.666626628194857,27.46528638245087,3.4304174587481056,8.036113154409135,10.406429223117337,10.406429223117337,34.17578271755919,45.834390877845806,73.29967726029668,1.7344048705195563,0
195.00188678149664,56.87524628871507,48.75461042680852,187.20792547279868,22.71467099093503,112.54236102431204,146.25225650607217,146.25225650607217,217.22004092084597,284.2308834024797,471.43880887527837,24.375376084345362,1
72.18277893194414,13.421916059928112,42.15310419177602,170.440567652027,19.555647945816773,27.191254300573995,32.02028087463191,51.179130214950305,97.38031823879196,133.85649782015923,304.2970654721862,5.336713479105318,0
11.347534597420625,24.218801167571403,79.64459684912461,38.15259713299326,1.4609399212038439,1.2068756906326257,5.167340261766163,10.59853544811444,19.600703042590553,22.337756984733385,60.49035411772664,0.8612233769610271,0
84.137271178607,4.060645441323253,8.202508869239278,30.0876959861192,16.49930818857099,13.72486738995594,33.43850171569789,75.1772020124174,94.81636160128463,116.77532442283264,146.86302040895185,5.573083619282982,0
50.44693098508627,6.534944362872983,84.99284678133147,119.20402608349328,7.442919421234621,6.208681076387678,13.218564498566339,26.015602228316546,85.75986400558865,114.6413050139709,233.84533109746417,2.2030940830943897,1
54.99271253056561,35.79359593021766,21.25323209942881,89.70376870772017,13.622399451978287,30.331990457310663,30.910717144457823,30.910717144457823,74.63407161242674,99.02754431252248,188.73131302024265,5.15178619074297,0
37.038257572807304,7.668795581948293,35.073122102017564,50.587906373900054,10.383081991928972,9.540305954024475,12.102601961303218,28.41659883579447,54.912861178470834,72.69779392865283,123.28570030255288,2.01710032688387,0
32.45631241967921,54.15380393826647,85.99283744193322,125.40315521037199,1.4089162567724456,16.81463791461506,16.81463791461506,19.396244067921074,40.630935798573404,47.62698088993133,173.0301361003033,2.8024396524358433,1
84.20600329227983,53.37643910497012,83.76545900801673,20.02892407448876,2.147830038034682,27.180733872864305,55.67712676922886,59.2241414146568,133.18651482046153,159.08318758886196,179.11211166335073,9.279521128204811,1
15.617997850534376,38.08845348802224,51.49047450804945,56.19113989161738,3.39373961420016,8.74985160324575,9.99916582972916,12.964210485162598,17.855597184012264,18.42306120313498,74.61420109475236,1.6665276382881933,0
97.59417318615856,24.98464832327732,8.166543969619733,149.45155361731133,19.20818404419213,33.29006241579657,33.29006241579657,91.66377297290609,157.14712988472317,168.10809355410348,317.5596471714148,5.548343735966095,1
45.67418371942057,53.49366887404069,59.047757883155626,101.58611838955579,8.004037727271774,24.21019975360756,24.21019975360756,24.21019975360756,50.89249290701687,59.873626716595744,161.45974510615153,4.035033292267927,1
10.428707197584943,30.2934063800223,76.17437824301386,118.40830283716701,1.4664296990800068,4.5453633320167155,7.089824722602093,7.089824722602093,11.866505416179367,13.34287797003188,131.7511808071989,1.1816374537670156,1
7.828591897581119,13.05564942018361,26.231179361553448,297.7413977701187,1.800102286349065,1.824884441654007,1.824884441654007,4.200457570422314,7.882268090540068,8.642532077882302,306.383929848001,0.3041474069423345,0
23.150749739048777,22.04820344948537,18.306177233626077,82.58338020402775,5.024250593315599,8.988869315038222,8.988869315038222,16.95401220335304,39.13755851630572,41.48273406364637,124.06611426767412,1.4981448858397037,0
26.54355382975678,23.06230796537321,49.704203913093835,83.98709303030913,3.6273108784363113,6.211502565528942,11.959058022092075,12.049279538407044,44.46933904299422,57.87154969556504,141.85864272587418,1.9931763370153457,0
8.255028238029997,35.628923854510305,74.93058252949685,21.469644680827646,0.9162704141718951,1.6505733414353583,4.158366072483871,4.9248989210977845,10.836762457960027,14.351248048347736,35.820892729175384,0.6930610120806452,0
59.652654618472056,25.269969030653833,50.48889791279934,46.968747989194824,17.259065517563332,15.485965503841715,30.62231617851042,34.789227670149636,59.802484929818604,71.54795352030975,118.51670150950457,5.10371936308507,0
66.59233778827213,49.460212660704045,23.94653039129927,97.40480921790676,8.897617983211713,16.537756028436917,48.92648170367485,48.92648170367485,116.30071650418907,154.68289473078596,252.0877039486927,8.154413617279141,1
64.0080630213271,38.33764582233538,86.89164099413837,93.27728982257979,5.026040281694204,22.292774821873984,41.57182727664596,63.23594169285606,72.78345339274222,99.40775966842733,192.68504949100713,6.928637879440994,1
78.36281683432709,16.623218203575416,87.20067885886007,122.90314395221385,22.634183881916666,32.797317554009595,60.39375521928139,71.51750502758297,87.70836318654278,93.05432961446425,215.95747356667812,10.06562586988023,1
28.468209865072087,25.320692210912693,65.83316955277266,66.47712066358315,6.198845505076629,16.617268386953256,22.187578272548024,22.187578272548024,33.277713621127546,44.33603142017916,110.8131520837623,3.6979297120913373,1
53.33178850743012,43.948325844582996,7.428977721696095,65.63162906092205,9.404727869643382,17.844023633717796,17.844023633717796,49.629081283187354,64.30782413673339,65.02228783893554,130.6539168998576,2.974003938952966,1
77.80769398694012,16.050282419042652,23.21248509775662,56.52599159915246,18.282065618179693,37.385401698018455,37.385401698018455,44.446106810702545,135.77807801830102,141.91998581755374,198.4459774167062,6.230900283003076,0
60.20010379943964,7.314762712859022,61.866419262203195,10.703845087577195,4.945330489592551,20.800387033097824,41.15166175696933,54.59043017872048,90.44696806059892,105.32429321930644,116.02813830688363,6.858610292828222,0
49.652893437047844,43.24642301600022,78.13032711151666,22.838191299517668,8.750818384003122,15.735143594492135,37.78065444488031,40.07927052335063,63.20376567825056,80.16730319150992,103.00549449102758,6.296775740813385,0
100.15707694345973,25.58614127918066,47.42606709676185,54.919289861920916,9.674693992582258,30.664471329904693,61.05580144031571,61.05580144031571,161.36563026548765,192.9440860839196,247.86337594584052,10.175966906719285,0
30.91553174855393,9.208162874010135,30.404410790023274,136.26931505899103,8.088393413161196,16.627855281631636,16.627855281631636,24.870729038782457,50.03234653131486,54.21896695156144,190.48828201055247,2.7713092136052726,0
30.739362188227204,29.8092273430972,88.45217691959533,69.0935050657913,1.7915813577296191,5.321024417055633,7.906299342866685,21.729779622219347,36.79822492370961,46.08854309004767,115.18204815583897,1.3177165571444476,0
45.64737684431237,34.49820612644249,38.133199023200504,57.701821487601535,3.6929426823502003,11.187926780166523,35.60028300933634,35.60028300933634,52.014348200265275,70.08957236916193,127.79139385676346,5.933380501556056,1
45.49146626740738,3.4939258298390072,91.62403000196208,61.52867334151203,4.0150454295966576,20.946306395355926,20.946306395355926,43.57247083658874,51.04379023036041,67.27747013305871,128.80614347457075,3.491051065892654,0
44.12448640468323,47.88496681837643,53.23409705542862,52.94879602736715,6.289308576500567,10.938107054579298,32.673247474539764,32.673247474539764,56.70661311372964,63.436663610878284,116.38545963824544,5.445541245756627,1
8.99014071520427,30.507639404703465,61.42789816389379,52.3303321592854,0.5146453216965553,0.9089643432246659,3.815655057741382,8.548240515110377,9.19308637486377,12.510238569100297,64.8405707283857,0.6359425096235637,0
85.2490316779518,3.481867071660293,12.495712820321646,33.892105426274014,14.70056744797201,17.762485248190604,64.64289807675442,76.47387900148007,115.32418489138625,133.15674005510527,167.0488454813793,10.773816346125736,0
53.21731247671686,51.98360283085572,26.758475949522875,75.4192967638482,11.983742819715255,6.103677502461465,16.958408095877978,34.77996523242346,61.781052438962064,83.9916037896074,159.41090055345558,2.8264013493129965,0
2.116707655680824,35.94489048850539,97.46850140334251,137.30365677918388,0.04714238340457422,0.5211058106167744,1.6582148529786715,1.8315681896789633,3.41614389654668,3.557504261894273,140.86116104107816,0.2763691421631119,0
5.530564632151454,57.86864064195908,71.86675489272899,65.16054640431807,1.4845318002936014,1.4565259008713378,2.8347989686806647,2.8347989686806647,6.989601695255918,9.604835986432398,74.76538239075046,0.47246649478011077,1
99.52733275635558,18.310657926198346,47.707460745893314,81.05139895870842,25.740332193598366,57.38890905520982,65.74687416947673,69.73656505460477,151.36085457396234,172.4361156195961,253.4875145783045,10.957812361579455,0
26.11094450805679,25.93133595748583,52.14271137103466,69.17855208479365,0.8937971278653322,13.159832213402312,13.159832213402312,13.159832213402312,40.36527501983159,47.45524941401277,116.63380149880642,2.1933053689003854,0
43.111275979916506,40.450396503776815,8.779521529904322,93.29977572085636,1.687340083277362,6.947591073212741,12.063332307274086,22.32499143754743,70.54633493512398,94.19269595771036,187.49247167856672,2.010555384545681,0
16.670421120252925,55.010928813759776,78.33300561421972,56.003459447930325,3.0122298601774666,2.690974016107636,5.666412789170635,10.243752730019084,23.008446831507317,29.355792186720763,85.35925163465109,0.9444021315284391,1
203.8961939259428,47.88760769503844,7.136604954768577,10.037999856771087,21.979859554493636,122.03123592107987,132.20454545107373,132.20454545107373,269.1223164176245,328.8753038518373,338.9133037086084,22.034090908512287,1
38.197904441202,39.295114018634415,38.69923789307469,30.807433762205694,6.0093911360006,16.64536486355886,16.64536486355886,35.71090544056269,46.05741236216882,58.561141157046144,89.36857491925184,2.77422747725981,0
27.19232754663236,48.140007742436815,41.065229476436485,59.02709069493213,4.864398210011416,11.223620601414975,16.692437298138305,25.163007488454067,27.40171207203957,33.11427074246262,92.14136143739475,2.782072883023051,1
80.87247521946131,7.50084465999796,60.30850002893502,196.17279142257203,16.059115716525085,31.88358203494805,31.88358203494805,32.55785915905149,91.06005516990047,92.01648209864422,288.18927352121625,5.313930339158008,1
14.1712690561491,44.00239586446226,41.55329281722364,33.483965587964946,3.186476071807263,2.477914976868387,8.47006643152056,8.47006643152056,16.6886382415903,19.82840218429994,53.312367772264885,1.41167773858676,1
88.80029343764761,35.56043130381598,96.0712968314866,40.84863380563827,23.085758807657733,20.618344262817107,33.8581677270903,85.59531829328974,135.56659112117308,168.35068531869396,209.19931912433225,5.643027954515049,1
35.20554134164485,17.90665182581374,79.79028519565819,38.95971554093287,6.68431714910627,11.131559512785856,26.071162677981835,26.071162677981835,57.484011568927,60.50553307814672,99.46524861907959,4.3451937796636395,0
69.6929907867177,15.835851795919917,95.93256160605745,12.534801999073695,3.4438028327119836,22.523213271490402,27.076204511549964,67.87249239061674,95.27334904934516,103.87895323659453,116.41375523566822,4.512700751924994,0
50.4222515246383,18.719662417653154,51.87347345023371,60.179564612953826,2.931545235683344,29.51643630733806,37.635742086656506,37.635742086656506,83.57072705373061,91.23539468753246,151.4149593004863,6.272623681109418,0
33.330741304923706,9.126618728635666,30.223489811202942,8.295977611519843,6.3942251135776,4.062452767574606,18.02262525958844,24.41992009516852,43.29847758890483,52.668190041944804,60.96416765346465,3.0037708765980735,0
8.914049257919226,17.848784096856168,98.13102698661747,76.42339600748451,1.947371940607886,0.9569317936334044,2.9487582162345127,3.7532685566937833,13.580057863064338,14.804915997845178,91.22831200532968,0.4914597027057521,0
45.25717609959541,6.132669840438038,8.122382081555358,94.86218502076761,10.46085506634009,25.228357299503717,32.16137281837218,32.16137281837218,65.43016354555972,71.37990442550344,166.24208944627105,5.3602288030620295,0
20.231605610187522,41.01885756929028,92.70796393588608,6.995571356512058,3.342772469768684,10.900356095435912,10.900356095435912,18.24824251656226,22.662695569436767,26.519497418268354,33.51506877478041,1.8167260159059853,0
44.25664684682123,31.713111064430848,9.578189678884819,297.66042557259163,8.32507070840056,10.833776014486844,25.076401606161447,26.29275696031635,60.618085281644014,79.73293103224577,377.39335660483744,4.179400267693574,0
75.64585540270907,9.40549849055429,80.69063373720022,16.254571289506913,22.154714213056643,19.718041033380462,39.82715166462261,71.35294396154481,134.20609340736877,149.208002480692,165.4625737701989,6.637858610770436,0
60.164613989717886,42.437333924247625,77.99316297115251,25.887606522698054,7.069693387546854,23.826219721320815,40.409191580269656,42.655643087254376,67.38395891323673,74.16441010386713,100.05201662656518,6.734865263378276,0
1.4347198201149793,12.324676418295562,65.96984981902035,232.41959985610535,0.11473113159077343,0.28841056360045875,0.5071628967382643,1.2955784296626573,1.9004412073086607,2.2825371270425334,234.70213698314788,0.08452714945637739,0
30.699496056321436,30.70337259241953,78.25532164658156,14.950573933551404,8.943290927000321,16.508215992597215,16.508215992597215,26.700783951550275,38.86378840602653,44.345444373003446,59.29601830655485,2.751369332099536,1
23.759241051513772,55.36613819859265,8.805742978242536,66.70872937198678,6.587335554160072,5.578165373344052,17.76445049477038,17.76445049477038,37.942960739145015,52.82984054886193,119.53856992084872,2.9607417491283967,0
26.398032363155295,46.133307357751605,37.35103040196736,84.18515004024881,0.5803356223229444,3.430696703908313,10.225317968094513,23.78214301890898,27.21158572837443,35.98971389835977,120.17486393860858,1.7042196613490856,0
47.6142560198625,35.88003170379385,33.64937856251318,49.48690023708714,6.310152745518562,17.444528582701768,27.28999302354694,43.69740302494013,64.87302619636682,75.03777699287316,124.5246772299603,4.548332170591157,0
27.611899376752458,35.92531729971756,98.1530805780717,49.42763335526,6.233552348722331,12.887021078497687,19.951410752215423,26.976516778104948,33.45463586972166,35.05700403390141,84.4846373891614,3.3252351253692374,0
19.947983270206542,5.723166831472336,47.253493731028584,83.19446636065634,1.390177589664007,11.53232638157026,11.53232638157026,11.53232638157026,24.69994866585466,26.852658361173177,110.0471247218295,1.9220543969283765,0
12.018601126969704,26.766602940349177,4.965016793643051,143.89905670348531,0.34772096734254127,4.95693646034703,4.95693646034703,10.639238118182341,15.934431228758717,20.92739417428624,164.82645087777155,0.826156076724505,0
29.440328375664258,19.81306216625471,25.931337635958897,66.60905955040383,0.8890856288294653,4.4433705662226215,7.364061645462429,23.542406000102385,36.30951418811136,42.946260970840065,109.55532052124389,1.2273436075770714,0
71.63970311339212,29.528873076485365,84.40835525392332,205.38770024154496,12.762061117885153,30.888845575183222,53.94119796315829,58.76012016433721,104.17805756222529,112.31874539863786,317.70644564018284,8.99019966052638,1
74.2347187859378,57.18260150345085,89.16463870510191,15.045796008931113,6.271207886167676,10.857671074867213,56.74234435355453,70.97929458848925,91.29009378831681,114.1089053507017,129.1547013596328,9.457057392259088,1
51.140911432505874,47.617976867987984,92.73573919253634,201.1799787247362,4.715637661059147,10.07967090741976,38.00205514700493,38.00205514700493,88.67188389102478,111.35213890255238,312.5321176272886,6.333675857834155,1
4.232814848343256,37.378650924542434,14.411845231008968,45.34502634601506,0.10261257413732658,1.0510413833378371,1.7728561598627286,3.6112503694374696,5.747900770761214,6.504902404439266,51.849928750454325,0.2954760266437881,0
47.42581200911649,42.87200162782489,68.80869642249876,199.76287527420058,10.587947224300635,6.05799633761282,23.132113610051924,29.649049411056858,53.30981296528064,56.382633237920366,256.14550851212095,3.855352268341987,0
107.75239997072141,44.374778400790056,40.233430261903436,99.10790616505449,27.607875197364045,30.487477760498912,80.63387797654872,82.10604236621745,132.67589205293703,162.59760360803992,261.7055097730944,13.43897966275812,1
13.133130667702911,28.469640944272292,73.54744595012815,26.994238890766347,2.960037042070452,6.350005960757585,9.6009580937266,9.6009580937266,21.509863778604398,26.360733833636072,53.354972724402415,1.6001596822877666,0
28.412256878022617,52.24872280751449,82.43817832372073,76.96730873182477,1.6524407774661976,3.604503603643309,5.877718469367077,16.327067959798107,30.88820137862209,36.53398403487756,113.50129276670233,0.9796197448945129,0
72.14199458316398,37.803744934823655,26.12549048595708,9.636952716180732,20.77859503196022,25.100044691741306,25.100044691741306,55.5411111414406,94.05710452494873,130.54671909765545,140.18367181383618,4.183340781956884,0
5.027251039073467,44.805964063850645,50.03381142108508,34.91203621360637,1.4548729890579828,1.071563495533959,2.237084119538424,3.12241818771198,8.843014799417492,9.976731535472016,44.88876774907838,0.372847353256404,0
28.939307321851786,2.6408264095075795,32.72862640010832,49.79120243921554,2.6785246591141423,11.089234667735562,18.822114760067603,18.822114760067603,28.96654070611855,34.79233224099992,84.58353468021545,3.137019126677934,0
124.5635839899759,33.19921381820539,45.591854986336386,60.586940288814645,36.778573301244485,43.12129745737847,53.55572317937373,53.55572317937373,221.34922560646177,277.60533782046167,338.19227810927634,8.925953863228955,1
115.1715780710018,23.122702194575144,29.06158086128573,147.07413938349023,16.62775441063311,21.07849744085608,37.28121642628108,56.63774349266798,148.25650962843747,189.20749937104225,336.2816387545325,6.213536071046846,1
115.76476094440373,5.21339183562257,33.96358270394215,40.303464110733096,3.666311299395455,60.92847686662152,80.7085802188024,88.58163465608177,135.31193573111065,181.06588857372412,221.36935268445723,13.451430036467066,0
29.321241193722926,39.475736883825604,27.22750925904367,30.347555607455554,5.310459064330062,10.269327877823738,11.8626927496641,18.869546485831567,48.68505029570849,52.98580114277179,83.33335675022735,1.97711545827735,0
98.8375311664532,55.868095079175326,29.84423602044498,28.77242298126019,16.55307487256171,58.59444481414115,58.59444481414115,58.59444481414115,135.94227783141721,182.83407829774413,211.6065012790043,9.765740802356857,0
48.79172150414866,44.49983234947692,57.79648678491951,73.49283120989192,12.701583390048569,28.901510565102736,28.901510565102736,29.78202221605771,52.91524375880924,55.05874907452923,128.55158028442116,4.816918427517122,0
19.234691155969607,6.6336905134629305,60.02835393166873,110.163995583511,2.3002472681259745,4.338006669171344,13.826068414955117,13.826068414955117,29.495015535189363,30.260404671204462,140.42440025471547,2.3043447358258526,0
24.503596581869704,5.288061074721879,92.07368751510813,36.25931497633474,5.749951978014484,13.269312810957684,13.380089486384687,13.380089486384687,39.75547537241458,53.60769843317856,89.8670134095133,2.2300149143974477,0
56.69220781965447,22.01186467712294,39.058015712612736,73.90480252232462,13.622176223772863,26.0656732789069,45.23013035291059,45.23013035291059,77.14426242882543,87.17593216057885,161.08073468290348,7.538355058818432,0
4.421867765138543,15.835771728829059,65.74694252028591,42.35995705959293,0.13171026580099918,1.3977978762026169,3.2033662268596714,3.2033662268596714,6.9493361152419055,9.163084338321486,51.52304139791441,0.5338943711432785,0
36.19522302506428,3.5991825777307773,96.54687185512402,11.402212774278535,7.545979300220947,18.371337824535402,18.371337824535402,28.14283450706175,39.29765563847007,51.46493283439114,62.867145608669674,3.061889637422567,0
44.80790192387404,4.324177907472923,46.63615582312961,187.09250213098142,6.911717247460747,13.899484185835181,17.813624518784795,38.56288326830588,45.949896630971686,58.36500545923332,245.45750759021473,2.968937419797466,1
64.66244869967427,22.018495755473715,77.91524306677125,191.69028042631976,4.958302386494929,22.386401808831387,22.386401808831387,34.87721832374018,75.9890891275865,82.20665429098247,273.8969347173022,3.7310669681385646,0
6.476691615720037,9.745250389103715,96.9752462075435,72.33443873983413,0.8855611383334349,1.8517168198379987,3.4625073853176564,3.8543708913310586,11.558785163511821,13.522214871943017,85.85665361177715,0.5770845642196094,0
36.568200355079036,13.290648580294128,78.97762217435138,13.84459129037436,9.508501993345003,19.080923766733015,21.61980968978223,34.36785412845527,41.7004215158124,55.20068632032692,69.04527761070128,3.603301614963705,0
78.79868351824904,52.43208398264373,8.0503391074642,17.861722495328365,16.794862820862342,43.60347475999336,51.20219573058499,77.20908590981142,136.7759764542122,142.14556329095052,160.00728578627889,8.533699288430832,0
147.2322385871107,59.63331893766004,19.3112670710902,68.92613423434712,28.800833245978183,25.858852391868854,76.2365517966112,108.94960170561963,182.22582147505798,219.1068004483172,288.0329346826643,12.706091966101866,1
19.24864321466448,48.66559542502688,29.488369804560712,67.17628618936747,0.8243010101372883,7.601443534213315,7.601443534213315,12.310327940133918,26.81930571369167,28.467527363122077,95.64381355248955,1.2669072557022192,0
98.41084245780907,15.50047716694841,68.6215775554009,9.903389263000955,20.33837235200829,15.593955233948277,34.46584907202991,97.61167208024528,153.85195249926772,160.1432489443808,170.04663820738173,5.744308178671652,0
75.67751622474333,12.198828155834056,67.14382573512967,39.17187504344748,17.586472276837565,41.07036067796247,41.07036067796247,41.07036067796247,85.96332070340858,101.14321370816732,140.3150887516148,6.845060112993745,0
109.70800883459755,35.55158871732207,13.715201448291204,56.66928177446302,31.37602159693052,23.05067256088732,39.67245967033621,63.3335042154625,127.23134262690954,142.98419526563558,199.6534770400986,6.612076611722702,0
4.8151351716711215,47.46691168145571,44.93477312676806,149.95723662433534,1.1722541279981509,0.5683679061078397,1.109497424054159,3.4438602391894078,5.790021571653456,7.690978956644396,157.64821558097972,0.18491623734235985,0
67.64194689343132,40.13169402134478,42.18190494613646,87.58532815702335,2.8669349707359344,31.982135672976064,49.6301775107113,49.6301775107113,93.4577024392638,111.6992905058636,199.28461866288694,8.271696251785217,1
96.80580311313967,48.61760269892434,68.98683201206009,42.059808627701294,27.51105533841811,41.92801968187259,49.64161532208301,92.34603320312306,123.60600293637206,160.2461265287899,202.3059351564912,8.273602553680503,1
40.46963300555387,30.245834198582198,26.09476212460168,158.98186024765434,9.783099656600916,12.364515291589385,22.548382299590582,28.956328659758064,43.25230331142011,54.69395024592644,213.67581049358077,3.7580637165984303,0
31.69294926319828,59.29054448778408,23.777545785647693,180.74920571818424,0.66348498138246,12.980560592955316,12.980560592955316,29.60450328868685,38.4689486492515,53.107215707202144,233.85642142538637,2.1634267654925528,1
45.20508417239248,47.63834932400218,59.67244195813488,107.5097513654584,9.92485768319189,21.951884891145177,33.737975589691985,33.737975589691985,75.12888115934189,82.94293004229685,190.45268140775525,5.622995931615331,1
91.45022304041859,4.954600883982675,8.282958082941716,13.659903275718616,9.612488935964313,16.923509562927382,65.61280449451392,65.61280449451392,129.2412690206374,169.6057300678153,183.26563334353392,10.93546741575232,0
20.20316590335333,23.115181232423943,66.88543992832298,51.733035208952415,3.8266593706214262,5.096679460822825,8.7752134742516,19.184943876052635,35.515956740208836,38.18140757625684,89.91444278520925,1.4625355790419334,0
18.831482334626003,34.45801314450297,43.94286795954031,39.53926171546685,1.8677134999458986,6.455079433968509,6.455079433968509,12.938175434472054,23.010247863575984,30.94678375099556,70.48604546646241,1.0758465723280848,0
2.872376814858515,15.003466497993905,53.634479612658545,34.82480307392151,0.6445968973456048,1.196563941564316,1.9436271246138273,2.5157634044654698,3.474479235758142,4.688480585997837,39.513283659919345,0.3239378541023045,0
37.25299966234804,25.39435305964409,80.19884959346236,163.43009515694138,2.692780811235841,15.155960189302764,20.285197971882894,21.9514561905751,49.93971301946427,66.26859973569731,229.69869489263868,3.380866328647149,1
10.578421886506227,38.517420613605466,18.09716326752614,175.30548519201258,2.6834217952543624,3.669023559722031,7.393606611384407,7.393606611384407,11.250484719611894,12.695137692697413,188.00062288471,1.232267768564068,0
37.86403448233107,34.0257419563805,20.99463328993546,41.17204709734372,1.5301750110899153,16.309048003319347,18.52102734742831,29.53895061076936,47.443907461158425,50.22826563707009,91.4003127344138,3.0868378912380514,0
16.672288741732554,51.96409211994186,90.10804243095988,49.11598646231031,0.44591847579510385,1.8423481049715946,12.2502261171725,12.2502261171725,21.48015493174892,28.725391014181795,77.84137747649211,2.0417043528620833,1
25.46678907357976,17.225655345254985,74.09781308672716,17.238039668582417,1.4500654031646099,6.666459880119419,16.0364690106788,24.19405512474781,38.131856081713025,47.12454844533102,64.36258811391343,2.6727448351131335,1
29.194065730490294,55.4263092198688,26.269657637574827,150.52970644597602,3.72728212809663,11.275393882941046,12.009372677388752,16.826544767908107,32.510050018925966,38.33598174205747,188.8656881880335,2.0015621128981254,0
46.76120402579448,20.684372185940507,72.0728738710751,125.77965414239073,9.533257677768878,11.835705473635354,30.530971437966862,30.530971437966862,80.00488207955576,93.20934099016787,218.9889951325586,5.088495239661143,0
49.71209912417426,55.38295360965697,45.71886807284265,32.28973234068107,7.683874376195248,28.374807003567597,28.374807003567597,42.37250853433226,84.55918983705878,87.98665222046522,120.27638456114629,4.7291345005946,0
33.46917982089553,16.400655695000864,61.72841862299968,35.89362405520555,5.127437222878007,19.47293061450621,19.47293061450621,20.965670686115175,47.65369335507152,59.98562581049012,95.87924986569567,3.245488435751035,0
27.806866660229794,31.437497320677906,78.66457477156801,83.4854432877153,7.295474202426742,7.943987788491209,12.22876919503241,13.507666886699912,37.16877315514394,44.91185968576369,128.397302973479,2.038128199172068,1
25.16960172439571,56.06992148755825,4.475537984609057,82.33288748191495,4.444828364804978,5.430712795030796,11.351653391759324,13.67982238760574,39.23524100246501,54.32163965966627,136.6545271415812,1.8919422319598873,0
7.698501505167626,18.094920524033842,61.118132991243016,61.633585858520746,1.2481578012292274,1.633015387028818,4.891555181868375,6.1431436206467,8.954285932573388,11.372172432006286,73.00575829052703,0.8152591969780625,0
91.54515689341099,51.227634278679325,33.846486980319845,118.81116641742352,12.582015472972605,29.47614375476391,31.80286386315814,43.41005904379992,132.84942333807584,184.16285094075727,302.9740173581808,5.3004773105263565,1
19.27769053612455,31.071392330951408,51.614853108341144,92.77836468631628,5.666791016410354,11.157304133758073,11.157304133758073,15.765872412871058,23.70586071142995,25.03188008858015,117.81024477489643,1.859550688959679,0
41.58467796675364,26.34812532411428,36.375445855022015,74.63572390270629,3.658896001175083,9.075435488193083,21.09787061890049,40.28501838894009,72.28521538272598,92.01891019131054,166.65463409401684,3.5163117698167485,1
12.514735269610078,40.49396269350952,94.10495725973776,39.61711116977199,0.7954186202968728,3.3231539891068,4.581549979636496,6.031679838057462,17.324968871153235,22.967949828357437,62.58506099812942,0.7635916632727494,0
66.49224425972781,13.51596439411452,59.7156740213168,94.76700493285064,10.496667470479338,25.239356903234878,25.239356903234878,37.69760746763875,93.41086877295254,116.2460041720902,211.01300910494083,4.206559483872479,0
42.52826062472645,40.21213998207939,84.65990984742484,74.37730590133778,8.921323321278301,16.371031283832558,26.450003224651212,26.450003224651212,68.47187813184144,85.31190374090815,159.68920964224594,4.408333870775202,1
52.66573417837238,12.2443289470649,25.672523871736853,42.40341192150478,1.3728377796587528,22.713743666562955,29.41072679299868,39.61367238096889,85.71094470236585,91.05105047727929,133.45446239878407,4.901787798833113,0
12.029672012376793,43.23025422371441,36.461051854132876,45.44523268454625,3.1272074543367747,5.581557075137252,9.236199513319859,9.486765652987199,14.294202655074123,16.13081207021733,61.57604475476358,1.5393665855533099,0
54.64736954165805,37.41768354238827,78.70671728254878,32.224996468639866,5.424982360133503,27.08639908956533,35.277537870028866,53.474495415185906,81.29946785491288,101.86988563793133,134.0948821065712,5.879589645004811,1
5.016738900068552,10.11186069419729,23.444112116088988,69.36513017018457,1.006897474701747,1.7339045142037512,2.7254359646000723,4.967303034775299,8.492109776147123,10.098846371720935,79.46397654190551,0.4542393274333454,0
22.762949143134644,7.839675887897053,99.99937332940073,108.22177046288945,1.5597208289947289,3.0860751207978563,8.19430612625083,13.476111410821776,30.285774994062994,40.740842208574456,148.96261267146392,1.3657176877084716,0
13.72875020640944,37.22648775200313,66.00794831964345,21.97831558105616,3.626277502171173,6.014975740655685,6.014975740655685,7.195210331959642,14.949102353307975,19.597015827093884,41.57533140815005,1.0024959567759475,0
42.0108420887883,9.046178225972426,89.68190039352551,43.75880378955364,5.061874858983282,16.64773053694409,21.594991580052387,23.09082848231891,71.19947919447316,86.43441044560183,130.19321423515547,3.5991652633420643,0
95.98770260705585,38.25544643316165,10.451478485482745,112.81175594478854,6.94462613798868,19.87347990884326,45.7308850088052,73.5464007683398,164.7816565281027,205.11219250509586,317.9239484498844,7.6218141681342,0
61.52199809657599,59.94325728250554,41.382955341765246,49.9771707154391,1.570562899866544,32.41803298691648,32.41803298691648,34.51805607688448,69.05600465327313,87.18636059751995,137.16353131295904,5.4030054978194135,0
110.22175221874741,9.132601582745485,33.592123982114295,62.95248750988735,11.734199102359362,51.88730289394451,51.88730289394451,98.02008945807275,129.1705874013968,163.02446493896238,225.97695244884972,8.647883815657417,0
43.449836615919196,29.481031219285285,97.09637265590972,27.391455172101786,5.482435749023011,13.510916943997787,14.221208793980297,29.444693011612646,51.762553942217295,66.17487574634995,93.56633091845174,2.3702014656633827,0
67.49276160837121,55.61539885328556,14.474913634097597,25.070940246076002,2.0135077868356697,39.44206446689303,39.44206446689303,39.44206446689303,112.5764126474604,134.96460545570744,160.03554570178343,6.5736774111488385,0
83.08173432009636,56.35192871845172,74.81632224797941,42.28355426322267,14.580916878165146,36.42296604078866,36.42296604078866,72.44437243252013,146.60776511381584,153.86841080446183,196.1519650676845,6.070494340131443,1
82.40823532128424,3.7348420138190117,63.08466027978843,52.81903964484872,12.14017686997306,46.55862566611811,46.55862566611811,53.85749532940555,108.44415531728619,149.87604044329763,202.69508008814634,7.7597709443530185,1
11.418247882020928,48.8644498679415,85.13576773894906,81.49214797157757,1.8047395891687943,5.302054257635206,6.098977063861914,11.369333299570357,19.953140467549517,20.084476416323827,101.57662438790139,1.016496177310319,1
18.87588545418968,15.835657274103115,97.72872436443579,162.7504822613109,1.0829549957643925,8.593427310072306,11.327986965947415,16.1842661689696,19.187601532147674,19.31486837825209,182.065350639563,1.8879978276579026,1
76.38187033035292,45.30096690306204,80.58907487926315,24.78122658083094,9.720466013105296,15.960195500037445,47.98860827205685,56.20407905153182,100.60957190041981,138.3747147285191,163.15594130935006,7.998101378676142,1
111.09862336359673,22.590182288933153,25.215272627913965,14.973485738157049,32.32923115678172,34.393574813116885,67.14488895018074,67.14488895018074,121.41800685355476,145.42879966396532,160.40228540212237,11.190814825030124,1
17.675293401072835,15.04356028263667,83.42454800502716,13.334778785619621,2.1223855591992584,7.387760929536688,12.059403432551724,12.598295629804413,31.60978678833393,41.9468686458902,55.28164743150982,2.009900572091954,0
20.13599861166345,29.301860669810285,52.675910557144455,68.3463932339317,4.873498619706551,10.35247823498025,10.35247823498025,15.468979585718458,23.300304122518046,26.895211978516656,95.24160521244836,1.725413039163375,1
61.015599553768766,12.203283696958488,65.33096159810769,82.12196822666634,3.3416120003506458,33.90055063222238,44.64488762909764,55.706369639281945,106.61930552086042,124.99804756175375,207.1200157884201,7.440814604849606,0
27.799699031676774,26.603335683060997,28.044206854150232,34.55277745996883,1.512026135673654,3.9168815012567264,12.038831543947932,24.652696901379816,45.0706740795497,57.78737374045492,92.34015120042375,2.006471923991322,0
79.80923950395795,24.89950606992063,81.60159279377653,64.9753283409581,23.918765693871304,36.50519121881629,47.88792888155819,76.7489180395006,136.68298854986637,164.5035481803541,229.4788765213122,7.981321480259698,1
64.96854938395494,57.84600186329288,44.446223164570775,120.45699218272739,13.093867379559132,15.138628640517496,17.693338208668433,53.64427009717137,91.37767596696034,124.2962109549868,244.7532031377142,2.9488897014447386,1
87.74414676655424,33.4431614814841,80.8367293683538,49.49318710001592,18.08877551950419,39.92116601953149,39.92116601953149,60.351895045009414,123.67370527593285,157.88149880670957,207.3746859067255,6.653527669921915,1
31.421507772017556,42.430068133273835,42.725417547660506,46.06974848169236,4.375717931792107,8.128901044134489,23.83289724545426,23.83289724545426,35.13066373029869,42.53997283454757,88.60972131623993,3.9721495409090433,1
26.49199542587163,12.146465536630885,61.654188506165276,21.094751682023922,6.175839417910837,10.21170327484599,10.21170327484599,18.171323512922022,29.137190944044836,38.80764952920084,59.902401211224756,1.701950545807665,1
20.468291930628375,59.84352474143718,10.299449312001308,78.83496316113882,5.728863391964024,7.437767288980596,9.807420303156063,11.900040897428925,31.28947153838428,38.109306149834474,116.94426931097328,1.6345700505260103,0
109.23022434487608,30.865478667331015,9.246595907682053,31.90304874384658,4.692629586965749,58.55044716521027,58.55044716521027,58.55044716521027,133.22062177025435,149.1869115047632,181.08996024860977,9.75840786086838,1
12.01340455838772,6.363387858715854,95.29691957907326,93.37389275831221,0.8201842552121578,5.128802470152847,5.128802470152847,6.6522429044011115,16.576029150522466,17.374214575421693,110.7481073337339,0.8548004116921412,0
10.551691170661451,37.338578055669856,72.60654529747276,48.45576830813644,2.7698210511661894,2.3370484658494712,8.402970891369929,8.607691729048964,11.587021089468555,13.21175586778249,61.66752417591893,1.4004951485616548,1
44.46566781735034,20.45248563903762,17.269530695018364,52.65150561776851,1.8746572092542706,18.429620016580493,25.930208608795244,25.930208608795244,65.43251343681415,82.04090772498851,134.69241334275702,4.321701434799207,0
26.08351918925715,19.048080639144274,59.77353709313709,10.220610770732835,3.1445679998283653,10.965535130628814,15.17163824173856,16.555868149408948,27.706850576678793,38.586636953231746,48.80724772396458,2.5286063736230933,0
83.56256978372164,20.387076872773935,78.11955748481591,122.8921456728682,3.6180749127461462,23.577943167130957,30.28586770728966,42.263232663538325,95.20745791549379,123.59982773564289,246.4919734085111,5.04764461788161,0
9.65551069885568,28.124168543013457,59.87094458704069,104.67463915232962,1.296076784137418,2.2342456039552268,2.8122565638135453,7.851798011759821,10.790631754920504,13.462243050311882,118.1368822026415,0.46870942730225756,0
34.224898685195434,18.653274341573955,44.84471911941682,31.101339910560853,4.969623346149449,18.988703431616806,19.450552851131125,20.564228794649495,37.99308963902612,41.06881278532818,72.17015269588903,3.2417588085218543,0
6.081387935287692,47.16330330378656,83.52456173706888,94.44170758698299,0.4283550016595293,1.076232526707412,2.125750481876818,4.344543790960517,9.123106485913368,11.703120368369612,106.1448279553526,0.3542917469794697,1
29.839608580053735,12.379635467697362,5.077492993429655,24.188406615067258,1.2789419333894214,5.09818683372169,10.820769130106774,26.902174380737392,30.711886495000297,37.13627360954793,61.324680224615186,1.8034615216844623,0
43.67132894523279,10.232478056372573,63.33356911759831,95.58847218734996,5.977227453377993,17.231387568335993,19.749437480291856,31.307972628010685,67.19437855837232,87.05616433460801,182.64463652195798,3.291572913381976,0
38.33872077273669,8.059384960611538,47.30077741104702,83.10475310278447,6.289743062562403,9.74531116906241,12.844405078893972,22.20298004481108,59.00500744879966,67.63107878107208,150.73583188385655,2.140734179815662,1
36.27070384981303,25.800919737271823,64.8166386278351,155.0675274011551,8.210555809251519,12.771447925158265,27.699266111709512,27.699266111709512,42.05755347206761,50.10115286598456,205.16868026713968,4.616544351951585,1
65.42182782296415,8.546770967266573,29.04496254925203,81.48636243737505,14.607312925562917,15.301364708538422,35.77361478156815,64.43055656359778,90.18021293155707,109.1550840551066,190.64144649248163,5.962269130261358,1
16.747296580197542,3.4533939615020843,16.247539068374962,28.80859309374474,0.6628054115806787,4.757001621817648,4.757001621817648,12.414551006438098,19.106000499549413,21.873292704181093,50.68188579792583,0.7928336036362746,0
53.5121741694917,19.075512818501643,97.41937185906473,65.27873936500038,7.63244255708962,16.27325014733757,26.196218701427508,32.4722825389556,66.27579977632466,81.61775115093585,146.89649051593622,4.366036450237918,0
35.18068530331194,58.84172845649299,86.42296796316205,47.55271726644878,9.015236262827306,13.40419713831336,18.879726981367668,30.329681661873284,57.077601183608834,63.387413998297845,110.94013126474663,3.146621163561278,0
30.257298598247345,2.6331923057263396,90.89425393476475,149.12480813882192,5.662865822860708,4.217603020616708,12.562148694630498,23.34954620486884,42.51754206740112,43.81590044266977,192.9407085814917,2.093691449105083,1
57.971768996226004,5.704378903524674,76.87589976870491,16.00608668995519,15.035562746758316,18.324660140163175,41.99461425708992,56.83245311313573,102.71215134177662,110.0409217651263,126.04700845508148,6.9991023761816535,0
46.36615312571597,35.82184434730371,6.492007882052997,63.36658049509577,13.271873021816003,20.57056146920475,23.763423310266923,23.763423310266923,81.16694403626207,97.21099815432174,160.57757864941752,3.960570551711154,0
56.049639143466,30.876977344481787,62.79126769761232,27.689102031160164,6.367075362951017,25.479241646861684,25.479241646861684,55.64503314519422,65.76799595248697,67.53359857496103,95.2227006061212,4.246540274476947,0
141.7536735313768,8.050079431542056,38.14195192496877,175.14669230285364,8.11224427188735,33.37753006205085,74.38023676117454,116.10231881266235,233.9577891905112,270.14415660380905,445.2908489066627,12.396706126862425,1
34.88698149116079,53.89404143208846,33.42882967652903,68.46157663915572,1.517529677524026,12.968705147407228,22.110718452665342,26.803200638734786,44.43589449672911,56.44583428913688,124.9074109282926,3.6851197421108903,0
10.964885924624452,41.11703378813027,24.92207514815038,87.04532593954099,0.6074269594483795,3.202871653314597,4.22403052491636,9.391342125681884,14.32840088241332,17.26361710595006,104.30894304549105,0.70400508748606,0
17.213321416765854,30.691710462760906,18.065945463820988,48.022880422673246,3.633659364955742,2.038225787569787,12.454524159923064,12.454524159923064,25.414610772204636,31.04212151913299,79.06500194180623,2.075754026653844,0
108.57604709054122,33.5364522905452,13.944936452437528,96.78097985604322,5.806453822536604,34.30170010899044,34.30170010899044,60.12383725041025,152.37671380336224,196.5319077350153,293.3128875910585,5.716950018165073,1
29.27960878707164,48.17800025825083,12.120918595555564,28.874951807816004,8.39370567820889,12.789488197129165,12.789488197129165,13.800349016576028,51.19041882905344,53.665958455790474,82.54091026360648,2.131581366188194,0
65.11853830345167,7.688649377219976,71.15637459871643,30.5167345225887,13.317732540804553,37.294206622029854,49.26584496088868,49.26584496088868,112.2975704465247,124.14761738502233,154.66435190761104,8.210974160148114,1
38.23989231629117,56.123682430387774,93.04159457013846,147.83888172490455,10.995811784980143,5.96814844341164,13.78458597853186,27.064688804138154,51.93945704826101,60.7177616870237,208.55664341192826,2.297430996421977,0
14.459680879756508,8.532805417399562,38.0317128352743,258.0704318928508,2.570666252408619,4.536284712927636,4.536284712927636,13.611695539159683,24.023462380951525,26.600140129898328,284.6705720227491,0.756047452154606,0
45.944391923582316,28.595783571756332,10.601820262376139,11.488714375360264,3.521604567247846,26.2148596890161,26.2148596890161,30.57428882376416,79.53485111456452,93.49484455720199,104.98355893256225,4.369143281502684,0
21.55344031394915,16.359763367075782,22.115824484265335,37.73284134637548,1.446009303504839,7.214617698777623,14.056706026316157,17.921153154059006,34.034036073257205,46.199839009404215,83.9326803557797,2.3427843377193596,0
24.080045953533947,40.58232026038343,74.69925189094472,119.50868883233179,5.659025684246039,13.168335611655893,13.168335611655893,15.46828394155085,37.5248125907433,39.242639382580286,158.75132821491206,2.1947226019426487,1
38.430534601041785,50.71013960987173,34.85278354488196,82.94646274607197,0.7697709300429716,16.950918883938332,25.319143198604312,33.76973369127216,55.776594190385374,62.3495332370138,145.2959959830858,4.219857199767385,1
7.43356061099785,37.766951713638164,66.28235414123287,32.30014527468458,1.9704853009433976,3.962074918974299,4.392189566341316,4.392189566341316,11.550327769928327,15.557347978779722,47.857493253464305,0.7320315943902194,0
64.01784332105846,14.990714995942497,20.56237736504164,45.92658756709725,1.8092436403990328,30.673799593147475,41.638238664054064,41.638238664054064,71.6107091672236,87.79461774775089,133.72120531484813,6.939706444009011,0
26.58271980469013,47.203975259177014,75.67775062920774,34.47811182699858,5.030559649088351,3.6180082012569383,19.948405158240142,19.948405158240142,30.96538217876672,42.9798261911635,77.45793801816208,3.324734193040024,0
70.51696365557235,56.674381857282675,65.51740784535654,91.46604636951955,9.0884003926945,33.936563642738705,48.56779294990489,70.33092609717558,91.26141818214025,97.55716648417635,189.0232128536959,8.094632158317483,0
68.61045053869262,11.33729450560351,22.223677345471128,32.19431590458296,13.121004880110247,11.247111163873603,19.952401932910476,49.42879879276775,120.39216921941697,156.78541016340827,188.97972606799124,3.325400322151746,1
33.803677265405646,16.703619371287218,93.19734459779353,46.498517799361004,8.079287468851415,16.032982995295715,25.157203360762157,26.73453928365206,41.88119849771902,55.93804537710806,102.43656317646906,4.192867226793693,0
43.695253932529184,32.71668132816408,52.26598284116154,103.19419194736186,2.243628257672943,13.524771816530551,17.539923806348746,20.0502883554521,48.19363848649088,66.67173603589355,169.8659279832554,2.9233206343914575,1
53.93783870560382,44.90680210599924,21.98631534072213,73.98069904933,15.370278106355471,23.861077087203267,36.823715687172026,36.823715687172026,73.912676587257,78.57768242134935,152.55838147067936,6.137285947862004,0
29.137358421766784,9.365208572828902,56.66789643131137,130.3186962426127,5.443387016292526,3.7955570929299047,14.94109466324629,27.931487726233573,37.046010703173344,44.984986202720606,175.30368244533332,2.4901824438743816,0
5.594331086388567,4.93774805496367,41.53248805438622,31.30677302281441,0.7101947119188193,0.8783421064098667,1.707303031608714,4.150276686193086,10.027229552452145,11.643717899236346,42.95049092205076,0.28455050526811904,0
45.66350910915434,34.883609476145715,91.71434214658989,45.09150762249056,13.43158790414906,6.999814096605976,28.03302218146399,28.03302218146399,59.804987393869496,74.30097330068604,119.3924809231766,4.672170363577332,0
82.77631708829969,48.239134978931894,30.9856134341548,28.306117357157753,20.466845625530247,23.819557725179276,49.78140009044913,75.33222792939597,120.06634718571898,123.8840163145415,152.19013367169924,8.296900015074856,1
20.86067952612068,19.262482378321184,88.63103212732892,39.923116326762184,1.3638502649105138,3.8556335335467384,15.535362533239313,15.535362533239313,36.973305588767026,43.980591373522124,83.90370770028431,2.5892270888732187,0
73.34014660973283,35.813109996922044,74.23847482082613,18.1707140062213,3.2851473618765596,7.623921250449878,32.72780089346723,56.556913291700155,125.61932670904378,127.07539964433275,145.24611365055404,5.454633482244539,0
12.681145097963196,48.600194741335855,67.98921316954356,4.990890502819073,3.5305304785378855,6.842349173609013,8.122896917488548,8.122896917488548,21.838798853963887,24.542209200719817,29.53309970353889,1.353816152914758,0
31.928844893388607,3.6716845468972954,18.3832637163425,15.576818135328166,5.867335886828791,15.192531133473782,16.30891246773605,29.482348477410365,52.16331778338102,69.30410837411945,84.88092650944762,2.718152077956008,0
36.04038001421647,21.49751493811951,8.613543796100753,106.35687100213808,5.397546585758198,13.848083787174886,19.10778502916636,35.46147788142857,46.48769538029044,55.1734467663864,161.53031776852447,3.1846308381943937,0
39.09613703965287,19.585435233144068,86.44370734224684,16.900988676006794,1.6281604348959668,18.066809864572168,18.066809864572168,21.71156611094907,63.301435517260444,84.85717721189565,101.75816588790244,3.0111349774286946,0
18.092789303743906,43.93735008646133,57.05419202598819,80.42715186711061,3.1064800446862737,4.544677978720477,7.540560687366825,16.4399789155526,26.756286764120308,27.37868954523943,107.80584141235003,1.2567601145611376,0
12.857291850558806,40.64070268511931,96.52919610773012,41.65108828561345,1.2345124698064178,5.821826581962767,8.763199946517052,12.13322666506357,16.590889486912832,21.23656769642382,62.887655982037266,1.4605333244195087,0
32.9575725883067,49.954823447006454,51.63936618983877,47.550314574738934,2.441056924691531,11.864807443364434,19.139187469758024,28.19786450519497,46.960512785036684,48.08685977971934,95.63717435445827,3.189864578293004,0
59.20499752710283,33.821365235745176,59.13837306317256,18.851422564481776,7.666871172022588,8.550362975695485,36.22187975027499,51.25990532972735,100.15315956977875,106.37785579618115,125.22927836066293,6.036979958379164,0
20.57585871441951,15.217620515475483,99.71087423033583,35.71225737825712,0.6171296365624364,8.895115049095866,15.609709768632808,16.8894237816505,21.655752109215225,28.616848028247617,64.32910540650474,2.6016182947721345,0
35.257665042517054,27.120016964627617,71.58916971328144,69.2242549842929,6.6073558104646954,21.040224544945687,21.641422938040318,21.641422938040318,60.6067026760956,61.08435428159766,130.30860926589057,3.6069038230067196,0
141.82485246302318,24.9709234611821,36.00300028979727,17.207919633129126,27.50109189861203,32.339236498203206,90.86140442316791,90.86140442316791,222.39440690017753,256.24920196340514,273.45712159653425,15.143567403861319,0
48.51126409844408,40.72939057623094,82.77952986023494,33.73794080406692,10.410507572601489,4.961497943055551,32.19914472616258,32.19914472616258,61.19738182844564,84.11701888509668,117.8549596891636,5.366524121027097,0
32.83777658688713,57.32753816920463,29.549360630463696,61.34598404259836,0.8668017543381691,15.609812911371922,15.609812911371922,17.247116441693684,43.41037405897423,46.10546332766314,107.45144737026149,2.6016354852286536,1
37.92222653809381,28.54677987042279,52.507570959932984,81.85843416731717,2.622815819361437,9.079173606485432,18.054888518805548,25.634838884744138,51.03113892410352,70.3791986317014,152.23763279901857,3.0091480864675915,1
123.73808130264585,39.05293501378355,23.794785989624813,48.908229145958074,29.2341904452078,37.444231499009746,97.42546707431349,97.42546707431349,166.6105977555219,179.65346101388906,228.56169015984713,16.237577845718913,1
60.67218000670208,12.306305442900564,99.46828749722579,179.0330304540325,10.976209699383611,6.302973404925275,32.50960594557484,43.4126516187333,61.6724689924085,68.33182678028311,247.36485723431562,5.418267657595806,1
21.610861943764586,35.314896743315984,93.45230008626334,59.26951603280051,0.4870072496805785,2.8578715690379313,9.195715970442608,14.876448521924942,24.740163712321486,31.054849032474863,90.32436506527537,1.5326193284071012,0
64.64794971370353,44.24796064428323,87.38632066697227,94.79019105460463,14.519717499873556,29.38026956847853,29.38026956847853,29.38026956847853,87.18768798707178,87.4153365062735,182.20552756087812,4.896711594746422,1
15.550548136007256,46.29723769469202,40.114200451415314,69.542647120945,2.1249598746736016,9.051185752814265,9.051185752814265,9.051185752814265,16.679886806162425,21.41076324937128,90.95341037031628,1.5085309588023774,0
42.59565073206438,58.47027811499401,72.85270308173865,42.43519467496935,3.989529598721669,16.836467832985637,28.40295183104257,32.03940173539594,47.379472965444805,64.5029568665397,106.93815154150906,4.733825305173762,0
92.84209231676668,59.278673282262275,26.07828012979889,9.097651349709952,21.464239267290427,48.386562386758605,70.19151966247775,91.68413665958268,161.81064686214145,184.84135391983045,193.93900526954042,11.698586610412958,0
42.93462358288269,31.896777302750014,38.999976216969124,103.52285237186123,5.19088787749131,8.711513374487284,28.796331372815665,32.01254846198512,62.37763850249941,77.48212341694449,181.00497578880572,4.7993885621359444,0
14.447334857033045,51.914647724812106,80.45332612618176,102.70419601614307,2.1239283590104234,1.933168712901097,9.788515994006575,13.840739471384115,24.89797400221198,28.456341690467177,131.16053770661026,1.6314193323344293,1
39.86240531877869,44.75338814967903,5.640802896907382,174.57274230004242,10.404791051497329,10.903243407826285,28.927016422624405,39.672107861825815,60.57948960920209,77.34575548021778,251.9184977802602,4.821169403770734,1
92.35728768964808,32.42673601058539,4.950027723744077,42.78880532817663,5.718155799320627,18.849403711438093,43.12107284773896,74.87083660600265,118.66136851247664,143.67130132620207,186.4601066543787,7.186845474623159,1
20.250824230775034,3.7439693175957194,66.1077489037496,219.93110536842954,3.61242589032542,8.268945280923422,8.268945280923422,15.264071185453377,33.39467214340239,40.10911432073684,260.0402196891664,1.3781575468205702,1
63.948681084391666,58.666969404757076,77.45982059860728,98.6755409819731,3.1402484665480217,36.972389759374565,36.972389759374565,47.821025675492685,93.51783851140044,95.4737816001931,194.1493225821662,6.162064959895761,1
95.86243140134775,57.98313714696791,38.354272269590254,131.0317194043284,28.16435952638768,20.668880650653577,71.46882926930887,71.46882926930887,136.22620161999635,172.27960382857088,303.3113232328993,11.911471544884812,1
53.07923299685806,32.05226814604388,67.46763415063263,20.1131073906598,5.696438680896665,29.241164878994134,29.241164878994134,29.241164878994134,56.9804273224503,68.51327409638702,88.62638148704681,4.873527479832355,1
41.121342474927495,21.977320966540045,90.29797502095644,63.6054010480376,11.302769232487988,15.15674581177316,28.375420595828253,28.375420595828253,47.87865000953003,54.02407622156493,117.62947726960253,4.729236765971375,0
21.805996313048816,8.483515140726198,9.998525332539632,156.50190842603052,2.6769574078236578,3.2932612011220472,15.81699017469354,15.81699017469354,22.51319826617282,26.83321250514721,183.33512093117773,2.63616502911559,1
24.26768154287406,5.19770967773396,83.05161635403792,19.726565203535586,6.2350527613574345,8.930446179605546,8.930446179605546,13.750056304417061,25.92686873991337,29.354329280062167,49.08089448359775,1.4884076966009243,0
32.590177965952336,48.597543498806225,58.174022562930304,1.4952094997451713,7.629021783916195,10.869842700921586,14.869468319497363,16.79683420172314,55.822284990694484,61.87540268877758,63.37061218852275,2.478244719916227,0
65.08819138784281,25.747504420154183,42.23555777675939,40.0119329339484,5.539908919917909,30.88483551673914,30.88483551673914,55.475519154700095,106.28525412005263,111.43839669902874,151.45032963297714,5.1474725861231905,0
164.92887679163155,34.64418920939144,5.1711977225829315,180.49569883105377,33.17345276639771,78.23277722674725,78.23277722674725,102.87699205185585,194.1854748086574,211.26184492564897,391.7575437567027,13.038796204457874,1
20.454234515953473,19.485655085769732,38.40751644718967,140.2342154331495,1.7454762101595058,8.60123005297919,8.60123005297919,15.322168066720712,24.41576037605399,25.68230883257259,165.9165242657221,1.4335383421631984,0
59.100450472455925,37.61174332958401,79.38897615193095,58.658306294943905,1.4960304991965452,25.644920541124794,29.159276955852274,37.74683042864864,82.27845672815414,82.61127037704262,141.26957667198653,4.859879492642046,1
80.8244094819729,46.0086105338271,54.196431878206994,34.264780517991284,8.416566450148522,32.62472600263017,51.23533214208247,53.638540407833666,102.18557960273633,132.34088512014273,166.605665638134,8.539222023680411,1
40.61142905565706,53.78776829318758,17.630796247899905,87.93433941632465,8.892125239433113,8.868952816375694,24.682799338781724,26.622688060886137,58.636893422438774,60.85199330196212,148.78633271828676,4.113799889796954,0
39.305062107631734,30.77289087364981,23.22214986376496,140.50245045955688,2.751043567178848,22.11969609412415,29.7916947290677,29.7916947290677,46.12298004350918,53.407845414753254,193.91029587431012,4.965282454844616,0
9.568927456241234,19.41072498552522,84.76205726843432,98.65796966236127,1.8734477764706863,1.9701923127681955,6.135232258113927,6.135232258113927,12.687618524261909,15.973692903396714,114.63166256575798,1.0225387096856544,0
45.659827106550914,6.4547434616945445,43.29075942546841,154.66989557500224,10.692076503624676,18.153267929264263,29.80334884161458,45.20063834367171,79.12153690965873,101.51943449321705,256.1893300682193,4.967224806935763,1
37.91167045595169,51.5327698027178,9.548693417962472,155.2363566353942,4.052567925779802,18.45864826809913,18.45864826809913,28.83705513834371,51.84345709539966,53.43277073816343,208.66912737355761,3.0764413780165216,0
29.931845631467024,51.506927913570706,97.33320909199446,82.26921717127085,1.4541334628953464,4.245532223707577,6.548148999045716,24.452065600511038,50.89143304718959,68.83543255373397,151.10464972500483,1.0913581665076193,1
51.38543812504955,22.49626898599544,25.346241009942993,102.44904276271087,9.61142566713039,16.704732314467844,26.097106335141945,31.216559431808783,73.23280216190614,75.85422380495412,178.303266567665,4.349517722523657,0
16.805193458726905,14.021101635924486,79.64870912901121,69.50173484744967,0.9541931857723694,1.9315959297152159,11.213851956461827,15.397005416585024,22.544001181849485,27.17230097348104,96.67403582093071,1.8689753260769713,0
19.9440348106661,41.05663338021395,1.280224562659693,10.406817425202615,0.41338922724626354,4.25026010198083,8.755807914264192,12.370109401032236,28.08828928235901,37.326438297745845,47.733255722948456,1.459301319044032,0
46.401742728395476,45.88625274649045,25.650078121553843,71.26450540334363,2.6265959974673017,19.399565423774966,31.952702686249012,41.769902257372266,73.91005408772357,87.44437367930465,158.70887908264828,5.325450447708168,0
108.44708905182128,43.86567449792259,33.7122861251427,20.194189559750185,10.265750122509417,60.370635498879494,62.054982789831435,62.054982789831435,195.07291544986361,273.0748833393717,293.26907289912185,10.342497131638572,1
34.68818856908348,6.134387004863718,85.94252667336238,17.436882069811258,7.272940252046707,8.745581632029657,13.847643049082391,31.28015897067524,35.50862930586815,45.53376302662343,62.970645096434694,2.3079405081803985,0
40.7124556119803,59.085270218329974,74.79481555215067,119.43813090743164,4.605657172947784,21.0666175699134,21.0666175699134,39.5150994798324,57.549355264862015,65.3488556765216,184.78698658395325,3.5111029283189,1
39.67304110982203,33.582176730499825,30.802123358442856,37.97826304155659,10.997335261540298,14.378687069422105,24.18649295420148,24.18649295420148,61.002878761595504,62.86245160921292,100.84071465076951,4.03108215903358,0
16.145647879401658,37.28404994185785,78.74829121674031,50.455649331818194,3.6785205821321543,7.756737864854625,8.810850712079604,8.810850712079604,21.37274070842675,28.42672960164671,78.8823789334649,1.468475118679934,1
31.337461127811572,4.628798698154304,81.00601155929414,25.83347005724083,9.291303316372163,15.827195989036804,15.827195989036804,28.021327287795682,45.66769789007506,61.569033590102556,87.4025036473434,2.6378659981728005,0
44.7734171061612,2.684596866925295,51.20208288333931,29.98198351915367,9.235982326687452,18.713585482951963,23.793773658115494,33.58798898198826,46.69180066940763,58.47018860335043,88.4521721225041,3.965628943019249,0
44.041290127421625,9.327338160333511,50.78874476930185,56.54216091421336,1.1445878055563785,13.712850009431476,13.712850009431476,24.08035252846582,53.92076365987111,61.05322050537557,117.59538141958893,2.2854750015719127,0
54.40466171482748,24.676789757805082,50.95229319461302,74.87578693609495,3.3560440160678175,21.328985220608974,28.739208616922227,39.24261801423839,70.82183119651283,86.8518604887511,161.72764742484605,4.789868102820371,0
15.49340986942872,56.79690487992447,16.73968763750938,53.938655386426376,1.479405737235209,6.903640624914486,11.721685262357884,15.344636126764685,20.52882420225837,20.551303853162977,74.48995923958935,1.9536142103929806,0
23.4202735877094,44.22525273910335,81.27315716288958,86.20865648154718,5.080624211613469,12.426011719194044,12.426011719194044,22.603337468532906,36.190721571788515,42.232746718636804,128.44140320018397,2.071001953199007,0
7.43338563951723,59.9552645908669,71.46056701613371,106.80961708099444,1.4916832635174224,2.781375063246126,3.6448039785127992,4.344786720388319,12.799515339248659,17.84930612661734,124.65892320761178,0.6074673297521332,0
97.80740140087545,41.43272255124568,84.938442578762,12.913009167858124,7.576421514964102,52.50427277570881,65.02678624776571,79.54695186301936,102.58596269580627,111.33217229754759,124.24518146540571,10.837797707960952,0
27.93877253137394,7.78603766617942,81.56743305573904,89.97917880304861,6.019605627123028,8.223443069772886,12.776168393554869,19.73462640267314,37.979963116680054,48.35486638784083,138.33404519088944,2.1293613989258113,0
48.17372375868484,42.280787298263704,78.54371726960919,71.17933764334217,4.727473050809989,23.108317076242695,23.108317076242695,27.551097336270704,63.50438057629124,66.17030801269279,137.34964565603497,3.8513861793737827,0
38.93186359919826,39.19714564838954,78.03766607514682,70.1457040984418,8.065454118885805,15.760152557775807,21.27590706431114,21.27590706431114,68.98043762452089,89.11995130756752,159.26565540600933,3.5459845107185237,0
2.89600372748882,53.40592198218655,94.44506774616116,21.604356145257377,0.3099323048008699,0.4018458206174758,2.0636467255330038,2.0636467255330038,4.531625572566844,5.329186369138472,26.93354251439585,0.3439411209221673,0
12.857376861768586,33.56615772606279,60.541098771700106,44.26160576259968,1.0143149165723868,4.513615928545511,9.257620383934508,9.257620383934508,22.679224711164014,25.77061658099062,70.03222234359029,1.5429367306557513,0
37.64123101335406,16.243259770698344,82.79364678820565,95.17816798691425,5.968228047730309,18.137257454038526,18.137257454038526,29.47879706736169,52.79590157254324,63.47306838429126,158.6512363712055,3.022876242339754,1
58.531467573425786,44.49759122148746,80.13408753502779,18.63226366100904,17.24394679388409,25.528433862612022,45.66925982771852,45.66925982771852,87.9249161020516,116.71715613648968,135.3494197974987,7.611543304619754,0
55.248102523049184,45.69742231750283,27.023370511312116,248.17400156539196,11.107364142134013,21.091199144854297,21.091199144854297,41.50603929115746,93.01203882013174,124.20325644011143,372.3772580055034,3.515199857475716,0
11.14254710718517,31.82393923189659,56.57276541814505,119.71367544242028,1.31994154588036,5.5310303404584396,5.5310303404584396,9.512370737164398,11.469179726236632,13.088121097182503,132.80179653960278,0.9218383900764066,0
16.06727324104579,7.499930800710559,72.96916614287392,27.553529325054726,2.6537433735009546,8.862621074468226,9.96337731747705,9.96337731747705,27.960919390848556,35.03905062711082,62.59257995216554,1.660562886246175,1
51.76568318807877,25.998980060467378,10.346682292502274,47.14488298333873,7.392667174638704,8.888674488524499,37.27949060251343,37.27949060251343,71.4861401011306,80.72209351180055,127.86697649513928,6.213248433752238,0
54.89940076624149,50.71553220454361,53.05810455022885,16.39509208430461,1.5797991147964479,12.499189420652645,17.088511082198064,30.911212979642624,97.12293445086321,114.67491211467987,131.0700041989845,2.848085180366344,0
10.482786112697806,19.61056156106268,0.2840009686920886,122.9239596759961,2.1888127256936873,6.231096815511351,6.231096815511351,8.052902675483422,10.56123215705486,13.333625285006523,136.25758496100264,1.0385161359185584,0
51.559089922352285,44.43588762297847,24.03020445619022,54.58162977448619,3.9978576500617207,11.385496891357697,12.70333730324351,25.0599873204539,55.43534214812048,61.105224128003876,115.68685390249007,2.1172228838739184,0
37.433401686147725,16.703548819640005,48.637089794442055,73.07642983480065,6.348096253256425,19.228181326755312,19.228181326755312,27.785948066648253,39.67491917647839,44.83045237662383,117.90688221142449,3.204696887792552,1
32.17910792865938,21.06509885749576,30.693001584129597,62.11489424306063,1.2824951221911285,11.779353133960248,16.41303338284058,24.187537318771984,33.62070642631282,35.85199484047716,97.9668890835378,2.7355055638067634,0
110.67245923667468,21.548716696599623,77.10899250610036,99.86853374412058,26.703409350270604,32.36596586725892,61.34735930932066,86.73308638455447,122.51110719504351,151.98853729622766,251.85707104034825,10.224559884886776,1
34.73305518418303,9.861021758896918,63.74040800814198,26.980764780532457,0.864163597725426,16.104634098862068,16.104634098862068,16.104634098862068,43.99111777044694,58.870216256509835,85.85098103704229,2.684105683143678,0
25.131773271377167,22.36753941587984,26.754000349008244,292.7049036843009,2.764737712243374,11.97927761081721,11.97927761081721,24.81847405623791,27.828030012541223,38.0476704689592,330.7525741532601,1.996546268469535,1
68.02958247121052,43.96974118330265,1.7077849970872694,99.92610025232914,8.662123448734839,16.059033099192277,44.42752391196632,45.027763080506695,75.92814156952522,104.55799323633461,204.48409348866375,7.404587318661053,0
66.04578814740914,25.275995295799326,25.471300779470816,109.02220087556414,15.60428046416126,6.968823333316873,17.56031532706911,44.60146545428512,89.82217243133894,117.82997410720178,226.85217498276592,2.926719221178185,1
94.22520107268112,19.38468461595931,51.907413214265375,77.50275172279802,27.57070934616688,46.093685556917954,46.093685556917954,78.28463583612718,141.4619444034573,168.22887306945657,245.7316247922546,7.682280926152992,0
62.99616672600406,42.641167592412245,76.22301434297725,26.43766063678443,4.634808682372585,28.016444662877813,28.016444662877813,60.136209759602664,65.26166653838325,86.47156909919605,112.90922973598047,4.669407443812969,0
61.24625850243536,31.897769553268844,60.33678092987276,47.542596550070364,3.6096297024829442,9.810509101832265,33.536580843633644,49.643867281970664,89.39413192497166,98.53799143689471,146.08058798696507,5.589430140605607,0
39.816537207017376,27.280180672997368,5.58177223721551,42.532446468540925,7.72745692142265,4.715951424120974,29.260661050775106,31.854148937250223,58.35244376197993,70.2778949172444,112.81034138578532,4.876776841795851,0
155.3479448723804,48.177045496912754,46.65206035373297,137.98812701128855,12.558844865428354,66.84640199878463,66.84640199878463,126.88914737566134,195.22926824717598,266.9563063845602,404.94443339584876,11.141066999797438,1
16.87870839450141,24.152803799658628,95.95145538645404,29.360298985781093,0.45203160864114844,6.761471470071598,6.761471470071598,13.626196026026042,19.424148467854863,23.91575748660311,53.2760564723842,1.1269119116785997,0
56.03217032330431,33.572172879422766,90.4046017164961,65.02720515743918,4.757523137470202,26.98357874493274,40.002722377352946,40.58034876689465,84.38594380219338,105.01188025550582,170.03908541294498,6.667120396225491,1
15.227737954553994,3.84294093799787,74.23951397110834,19.654568655416348,1.3045114706486496,8.171298869557548,9.559361268048876,10.798566451467519,24.74574072024715,30.89563067478615,50.5501993302025,1.593226878008146,1
39.75686156915098,21.68613731449638,28.381486526262677,98.13962663045749,6.93473788818576,17.175424290774068,23.052446156868147,27.26430318888362,48.7918063422392,64.4787225893122,162.6183492197697,3.8420743594780244,0
38.87592170022318,15.740393406004465,2.2166904441408897,35.23247238643737,5.6762061592213575,16.242756569549037,16.242756569549037,33.33880820565594,54.73246824340577,56.57416055253446,91.80663293897183,2.7071260949248397,0
39.68453659756834,53.37348583707048,45.636684777667035,105.26582286940277,4.498831020703925,14.299299970119892,19.00335691751276,27.00335646844923,42.82421314211797,49.226172784031135,154.4919956534339,3.1672261529187935,1
6.747952111669216,3.2210544812183386,37.44387905189822,128.16870709111052,0.6811766262870272,2.5853584339476017,5.309843783254599,5.309843783254599,10.968747319769601,15.077714119757266,143.2464212108678,0.8849739638757664,0
27.843726430524335,42.60263268249175,67.58479508036179,210.75273851467702,2.645258312087589,16.344506882763756,16.766238035758082,19.30179538610695,42.60555940466631,59.05304745225084,269.80578596692783,2.7943730059596805,1
174.32729665157288,45.85953474568254,7.058925769758028,55.73372335197095,45.55031869433917,21.49128518624053,120.14820052418403,136.32717137262108,234.06840042199983,286.3939319496836,342.1276553016545,20.024700087364007,1
43.15397860947961,21.285073027933883,92.33785314189463,76.75700889341377,6.4311010492694,16.045381803626658,21.92768528151223,31.889519062056763,64.04914007001587,71.73569840135876,148.49270729477252,3.6546142135853716,1
78.20583389342019,16.911691095952648,73.58595100766769,61.491177250950926,20.284947932203252,17.49928179097742,32.6046827867011,60.266226022746544,137.95961543656685,184.9510059064426,246.44218315739352,5.4341137977835166,0
51.48916472028837,11.560412126873016,97.09983166971176,46.48993479157285,15.385500942173465,23.823631326497157,23.823631326497157,32.39331768669184,74.63524819758518,101.23149597595001,147.72143076752286,3.9706052210828595,0
143.79996985254215,18.072038559559566,86.5313750906641,117.28243908701657,22.830975832524082,68.20852152346043,97.49836909756371,97.49836909756371,192.94180612549255,215.88492637924963,333.16736546626623,16.249728182927285,1
51.90721580874516,55.008531949417204,43.0228394295541,44.403605653833516,14.532897749316845,12.076816027413471,24.74862069093608,43.21069396809172,70.7065824761197,91.46999707938585,135.87360273321937,4.124770115156013,0
43.33809775507904,4.5135458422450006,66.24968565277206,100.62423243135228,2.9853021409268226,20.767452050425348,20.767452050425348,20.767452050425348,49.645052131833,68.53350571874422,169.15773815009652,3.461242008404225,0
12.113942492718145,28.489490807464133,84.56294250545423,3.353957484158989,1.293040867628487,5.111923190307233,7.188423394543372,7.188423394543372,20.932707460170977,24.55140059667425,27.90535808083324,1.1980705657572288,0
12.656701114684891,17.334104229627634,20.387507524418947,35.04544128175249,2.5882208302333756,7.256200224281177,10.11348055668799,12.142836424225894,18.235038725915327,18.82961609608134,53.875057377833826,1.6855800927813318,0
24.15604272951151,42.360514506807284,0.963003375798821,119.5356300058779,2.0929821851794657,12.26614906332491,12.26614906332491,14.999006107708398,31.789117264900085,42.38786395497029,161.9234939608482,2.0443581772208184,0
33.9007444734998,21.366347392201963,30.758337149410863,64.07363787614317,6.29517211036403,16.47430869806708,16.47430869806708,20.354735368282512,59.29329585569828,75.26981304783047,139.34345092397365,2.7457181163445132,0
13.935440968576032,22.065755476554237,43.74548744295479,131.70085390015242,3.7863488353854162,2.3723103445729063,8.155204977713659,8.155204977713659,20.078026941829,26.167440655878455,157.8682945560309,1.359200829618943,1
43.00740121365591,5.38108574531442,62.45705499368085,65.48144986507279,12.584482715365855,25.519478632242304,25.519478632242304,25.519478632242304,48.03783607690279,60.720153357266135,126.20160322233892,4.253246438707051,0
41.81418736751564,54.808798544526304,26.34243453950068,113.39502436991208,7.098595278050881,20.82854891274287,23.157852743324856,25.2447235023198,65.00886018434971,75.92304013769818,189.31806450761025,3.859642123887476,1
120.14078376673977,32.25206466583872,44.20597011823089,34.41343533072501,27.18558199268385,62.62846344102403,95.89933711546736,95.89933711546736,213.08434469393274,295.2949618616609,329.7083971923859,15.983222852577894,1
131.8704288340832,6.001230118917558,64.86793958680332,101.8740595969968,24.91103674099377,62.748294064512685,62.748294064512685,72.45170993445069,219.09765317333324,273.64509371100087,375.51915330799767,10.458049010752115,1
68.11718498573765,45.5999782264913,82.44236941063188,88.97291344420914,9.37114674919676,35.918242426111306,35.918242426111306,65.26085416117856,88.8468424331245,107.51489396785784,196.48780741206699,5.986373737685217,1
69.48076514377817,47.24195085075668,22.693531292751214,58.947403050996414,8.325160030416246,28.099008935290914,54.781404449326494,54.781404449326494,114.43026571016262,139.90245956405653,198.84986261505293,9.130234074887749,0
87.30836480721854,28.746111564571816,79.99036008785811,114.65813378340015,16.759883273625753,9.303754695658625,52.41868284608099,52.41868284608099,120.92313670110829,157.85907557745276,272.5172093608529,8.736447141013498,1
52.18178936855221,58.78943931422572,93.92002872207163,127.36000818808576,6.09356660867388,17.3097990411809,20.00196846466986,50.024884392203624,69.07491136191231,85.90362110649585,213.26362929458162,3.3336614107783102,1
90.57427643427938,15.108004769174208,40.95622479519856,107.33573241834668,20.80678061562367,20.304453105772385,35.34727844306491,80.198336324855,130.82925808872594,134.67857173466055,242.01430415300723,5.891213073844152,0
11.030276836329975,50.964411723178266,55.19878484203154,117.5642346211065,0.6102832586850576,2.8195870640794785,6.208659257526146,6.208659257526146,11.707902275115195,13.007516587786176,130.57175120889266,1.0347765429210243,0
74.8407821434651,51.09301265802591,0.9983914660969817,89.20865719638627,16.555203168952268,17.795724628244994,31.275228942955252,40.500352264713406,90.66196057407413,109.27402941170331,198.48268660808958,5.212538157159209,1
14.684181164764842,32.23113657241197,71.02095707168056,23.814206889615555,2.394953547723682,6.103265759020986,9.7466985546238,9.7466985546238,21.488779447312826,22.908108195916505,46.72231508553206,1.6244497591039666,0
16.671546963841983,33.32625718163861,87.20133407119394,70.29272581621483,0.7151802574714203,8.235420741255421,8.235420741255421,13.575085287406706,18.235703246482032,24.47805263254926,94.77077844876409,1.3725701235425702,0
86.57201908813627,8.512173209785004,1.9987203029287581,59.63392814428005,22.082621534594754,46.2934258827657,46.2934258827657,65.86781879685024,114.98481263325068,150.70393782368825,210.3378659679683,7.71557098046095,0
22.077373821681288,9.726344947724483,84.36675815345512,82.63785213065793,3.8405815658492712,11.856042241136384,11.856042241136384,18.97935174296506,36.69272885948366,47.79670129273951,130.43455342339746,1.9760070401893974,1
17.206172336661965,26.52148424906975,14.902232772649315,128.629294873513,3.8844829236348866,1.8944492849601888,12.462753437267772,12.462753437267772,29.509844093162734,35.02999636973535,163.65929124324836,2.077125572877962,0
54.87386622958725,55.24993268571916,84.2098787517755,109.86416397533384,2.998355615556017,26.18001167308636,26.18001167308636,31.900533148721777,62.88977480546048,70.1845685267109,180.04873250204474,4.363335278847726,1
20.14311235615222,14.44245638202652,54.190477822469354,105.66170405179257,1.2779801848017467,11.380880994976811,11.380880994976811,11.380880994976811,35.365258601699786,47.218592987912814,152.8802970397054,1.8968134991628018,0
17.227731399391033,29.550186248643083,37.015937211514135,6.305426632825394,4.582877653317411,8.387011582804071,12.373053811624713,13.752118889895574,23.66449259564717,27.003875841129428,33.30930247395482,2.0621756352707856,0
9.7463071798016,5.726152387048689,94.12629067243915,60.73839087429555,1.468874991981499,1.5422949895279758,2.983910483596622,6.084674237286545,10.931959377527658,13.374176721308064,74.11256759560361,0.4973184139327704,1
26.999559315208028,19.355546250379184,61.23579990487378,46.529518689881215,2.776893349223199,15.624916790314714,20.28664215858059,20.28664215858059,43.21140778984349,48.2742164181672,94.80373510804841,3.3811070264300986,0
67.62382356696759,23.57630310083853,3.865573107149567,96.45773280017235,11.177258869153391,23.74012925005746,42.38086930113778,42.38086930113778,72.23785958578131,100.62986724177769,197.08760004195005,7.063478216856296,0
74.85028782909407,57.84706280067589,76.6000389780063,150.20093096348145,9.283064887717952,28.973477098861174,28.973477098861174,65.2650296937562,118.6604186476633,152.24358910881256,302.44452007229404,4.828912849810195,1
32.54829351557699,13.196284509071734,18.239879519519565,79.09836673126863,9.525893747431056,7.859661812138925,25.656769324314006,25.656769324314006,50.73382679012977,70.31200373149397,149.41037046276261,4.276128220719001,0
118.46874257867985,7.841659063498296,92.32748778459727,19.037592419915516,8.903720247919942,61.997114119552506,82.8574242871834,82.8574242871834,178.88658872313516,247.6271289412422,266.6647213611577,13.809570714530567,1
57.154180030216025,5.117663978703088,16.645598176200103,65.34954847710428,9.625883051604763,30.77913300063876,30.77913300063876,37.15827458296087,95.00540275387065,102.95738730635998,168.30693578346427,5.129855500106459,0
87.73275208756198,32.27852244141026,48.765798229767576,1.016672329567241,9.920359574578757,44.563929614998926,60.989778650178266,72.23235435001625,145.49511275806535,188.0309588395398,189.04763116910704,10.164963108363045,1
24.453853578449213,32.12822015718629,52.257787242761665,119.90937586302094,1.619620484005105,4.977740205881775,13.352690090300012,19.921737815917542,33.076973806628324,39.238741150744076,159.14811701376502,2.225448348383335,1
30.42982998443935,13.359285577760229,56.37797784461041,45.32916919796526,6.415131441534023,4.9781679187367915,22.3302326879316,22.3302326879316,42.996313526188985,53.834641523534174,99.16381072149943,3.7217054479885996,0
34.144256625167394,16.356044632375312,53.32945478191349,137.62928964546268,1.9924434582033685,20.084158800687725,20.084158800687725,27.073609694202126,45.555232614052684,54.04385984802899,191.67314949349168,3.3473598001146208,0
30.103079974605567,20.493343637422203,43.904589259757685,140.59515342727042,2.91600456004346,16.140161942366877,20.397560050368803,23.277904196796136,44.877283471139634,45.902413337895325,186.49756676516574,3.3995933417281337,0
3.4096581059018174,2.5480983219167648,71.28319436550818,160.43636609161976,0.5334769135500925,1.8011054260407064,2.3854791432074545,2.3854791432074545,4.835051200863337,6.151998724816755,166.58836481643652,0.3975798572012424,0
41.32737121497782,49.389233762804736,15.555975326537652,44.659326258868894,5.730319977996278,20.2481978137919,28.01531826478906,30.9941903751439,51.127332953709264,61.096314980654746,105.75564123952364,4.669219710798177,1
51.57314654375117,46.82077664922527,78.7270603139239,228.72100476011644,14.180328904671574,7.904206984311194,12.132328975699174,22.150413776123724,69.0291245998629,72.71897014586223,301.43997490597866,2.0220548292831957,0
49.14345551814562,20.57472905770376,3.745079723368594,137.1808462470605,9.94033659357414,17.561656821119076,29.45269306677644,43.21624579445941,71.34877074729232,90.04683994773156,227.22768619479206,4.908782177796073,0
127.4430439063525,35.3092965781235,84.20954155563498,47.59346219110115,5.025932259789599,20.098797298379083,94.0632148369679,114.21780876326848,209.02029695940095,222.34418751321041,269.9376497043116,15.677202472827984,0
134.23145265019596,21.034433965534927,74.98288903639,148.3513374799755,8.067165085250496,41.78750516901046,102.24022509722404,102.24022509722404,148.71738405085804,200.86170373760555,349.21304121758106,17.040037516204006,1
6.852184385463183,3.5539219644579947,79.53997171252068,45.87049444805217,1.2617800681617521,1.2387836722530756,4.524158717087059,4.524158717087059,9.934496247588815,10.018401233402678,55.88889568145485,0.7540264528478432,0
103.44475541464485,36.20775773314778,29.692931729235227,84.59843155684919,8.59997779071936,35.14404598886967,39.937451472506844,89.93789956520152,181.104337698921,211.59700992002178,296.195441476871,6.656241912084474,1
122.55790477683037,43.85395743959818,84.97078040318772,102.27799197116875,9.16715135002576,53.41320668828558,87.63748519982524,97.79669095974553,162.62833769735815,184.93063621588846,287.20862818705723,14.606247533304206,1
4.469303703893319,21.363285857404197,69.11577454816734,97.15945485840047,1.3252189401263468,2.3263288929330184,2.3263288929330184,2.8226014025883104,4.714245464946655,6.379798754577223,103.53925361297769,0.38772148215550306,0
65.72585695308874,15.999568419212931,96.85412333413986,36.14691605812817,14.371273538070687,9.221927889284046,43.54642299736072,43.54642299736072,110.39777764170111,143.23796141467164,179.38487747279981,7.257737166226787,0
42.20005000123264,17.325278871820068,2.0011131435277774,156.9511323326103,4.417969693030723,23.042866700722243,23.042866700722243,24.35222381498985,49.36511250221456,54.587442222821736,211.53857455543204,3.840477783453707,1
118.32600858501262,22.247575542784347,79.05223819930589,123.98991975599492,3.2883349347606816,23.054420852055575,86.14015948789353,86.14015948789353,184.34630908813511,209.33579612172124,333.32571587771616,14.356693247982255,1
113.1072209041183,29.118447930951472,62.330255639006225,188.85953263302181,27.443118968154188,64.66789639233528,64.66789639233528,112.95885359661133,154.88981503529448,194.32044866622837,383.1799812992502,10.77798273205588,1
220.08324839190942,45.785296761222426,98.90376467579452,154.66522186893062,39.972967930524774,75.02625998102181,99.84567299367625,177.4276865965025,385.73021857629726,535.0696879294456,689.7349097983763,16.640945498946042,1
67.4851219207137,13.542514282275022,44.304134242069615,135.85141725782418,7.232593500261253,8.66460746971972,47.695940066995995,49.23749263674563,109.2636801956338,127.02649583237852,262.8779130902027,7.949323344499333,1
58.944514520229696,42.968156454003726,27.96554323331857,137.11740401952915,9.882127787517627,29.20365289911977,29.20365289911977,58.41258888229819,96.7618768243649,129.0672760354256,266.18468005495475,4.867275483186629,1
20.053550990140426,57.94376233690701,87.97454382334267,102.00120865751882,5.434923048768351,2.4787001152370367,9.879552161091562,12.4838479763219,29.694429754917415,38.22084510657894,140.22205376409775,1.6465920268485936,0
26.430795251134594,12.45588956580409,32.56940104713581,62.07062279711857,0.9981698393342656,10.934696630602682,18.665548506958974,24.379233352476668,29.378712202956457,37.6787622597624,99.74938505688097,3.110924751159829,0
61.04706910351503,31.440754298866054,70.27881565145792,105.32706024096191,13.73299413116836,30.429169182204728,30.429169182204728,57.06154544417502,69.3241980277285,75.9461916409084,181.2732518818703,5.071528197034121,1
25.366319759481154,22.954026010268706,33.1847993108056,33.52904326382833,6.635083724863149,8.407596802913055,10.399332635707577,11.990052949654737,26.26491075833244,26.577696360014556,60.106739623842884,1.7332221059512627,0
41.97433113496393,36.826394166233854,94.57223369470638,147.59273138229415,6.956827740123861,18.493202266414425,29.368176999270208,41.74520312936899,63.112512634568525,74.96608878695812,222.55882016925227,4.894696166545034,0
8.03794114514327,53.08909762262683,52.6100358939448,272.9687851612134,2.323383546929516,3.1047418375369444,5.849443102812674,6.829522631478382,12.476720751622693,15.515855295480987,288.4846404566944,0.9749071838021123,0
44.319382391138106,53.40787551328147,31.979105434531817,108.28903821493243,3.761343491628587,5.990093804931127,13.120832929996615,26.889220795443748,51.62047266331896,61.48234137483735,169.77137958976977,2.186805488332769,1
5.283956989798716,27.69690957886116,82.24190713510067,50.4870923507076,1.1727285901365647,2.360391203730312,2.4663120705395563,3.3918098370045935,8.915239126195097,10.285695000165974,60.77278735087357,0.41105201175659273,0
85.62132379632537,45.92630433583712,6.247405239939008,30.44969797169244,11.898045457899817,49.34613311846148,49.34613311846148,49.34613311846148,109.83454602326748,122.50954143526425,152.9592394069567,8.22435551974358,0
46.15408293500716,31.65567185853581,9.375796662136782,60.36333454740182,5.821802350442975,12.526859698226781,36.25550016806749,40.176727612197645,54.24659973373943,72.8941770528724,133.2575116002742,6.042583361344582,0
23.63510974643332,46.7764095488733,83.67161964763959,137.99078880789816,4.683638425025111,3.854358118191226,12.729230342893155,13.776837164330493,37.831972105784104,40.40081737594356,178.3916061838417,2.1215383904821925,0
35.73656604786393,53.29294907742545,32.34139394049975,97.53247607413044,6.812983243562075,8.153937532894929,15.71050296624219,21.62696909805926,53.649869956273854,53.76503282985336,151.2975089039838,2.618417161040365,0
25.628971028652618,43.28480682046634,17.655495826962564,84.76386966462941,3.1474850547760522,10.707107797776684,18.5380899762673,18.5380899762673,29.7228301450688,31.008886491255208,115.77275615588462,3.0896816627112167,0
18.947169667307733,5.523888206156355,58.71545025491073,65.46294882194347,2.3710331329404113,11.211335426159552,11.84126409493451,13.32804482652066,31.56819454893474,37.15953574774989,102.62248456969337,1.9735440158224185,0
28.698380966636254,16.227070089187425,25.457720946693296,92.72712499530108,4.430158110597507,14.517518006700488,18.011672184016074,18.011672184016074,31.10689296721266,38.076483965086894,130.80360896038798,3.001945364002679,0
28.878439918669002,47.57518271692631,98.71832580465097,18.357909526098823,8.605639150150417,14.165715901080388,16.37738665915738,16.37738665915738,33.269838430753495,42.552505483909734,60.910415010008556,2.729564443192897,0
32.86598084210235,3.1393786521738987,82.06009078829459,54.168298672904704,8.005518738318058,9.208146804052111,14.796152226348799,27.220078089461616,53.04518401676781,64.9460123099363,119.114310982841,2.4660253710581332,0
3.018268811767628,32.04046183250853,88.91752210177853,51.62210055413848,0.3699292147350754,1.2224329264808866,1.2224329264808866,1.9995164690997398,4.323726039832933,5.421484619051192,57.04358517318967,0.20373882108014776,0
90.3158315800607,37.40433643387002,83.35864430607583,53.49753247299793,10.990364985445314,27.283225004458373,52.42259063120049,75.06409961040396,121.5959526045592,127.28016164815706,180.77769412115498,8.737098438533415,1
91.58575802238687,49.559773542942764,88.58606379534584,122.40803363866138,24.82814777680342,11.847999014448913,41.10329395911168,57.94518355843912,102.72217756388434,120.76344959881125,243.17148323747261,6.8505489931852805,1
39.27182786839655,48.78376740234773,33.797913065775084,16.666800839979064,9.354253642079424,13.575494467060189,18.51776616673785,24.474037329975836,42.08513215371931,54.030817444646225,70.69761828462529,3.086294361122975,0
138.61167005619177,6.244455141525318,67.34121669612713,53.50306492026721,28.137295362827476,51.83288797330023,104.56592356209,130.83823775671868,186.84534893703776,211.0783877281136,264.58145264838083,17.427653927015,0
30.503493954570477,41.422327116929374,90.69826642727394,74.77089975246274,6.7094125525615524,15.977567786775213,19.297464412489592,19.297464412489592,54.51293739939303,60.12493977419072,134.89583952665345,3.2162440687482654,1
43.454542588790055,47.83742780156311,68.59505730031977,64.48370906953492,1.562561529240211,20.92645891905891,29.0720071703054,29.0720071703054,65.08899222628963,72.27086007774574,136.75456914728068,4.8453345283842335,1
58.329587718789064,8.115509253989572,99.71549178166687,66.44407349324445,2.6794217922089367,19.07833855671665,38.27107795612837,38.27107795612837,73.16394598429157,84.2611434184836,150.70521691172803,6.378512992688062,1
42.507752341805514,30.15398156537018,86.55336110314063,15.777395900067336,4.6080373982864575,14.825779370132286,19.532969541394035,21.976797434983673,76.48443978184368,76.59947775666853,92.37687365673587,3.2554949235656725,0
23.74486760539801,39.662778915246065,7.093800635472725,91.08250139789979,3.6169569149219623,11.784649789680476,12.712084451905989,12.712084451905989,42.697433698566165,58.139912545398666,149.22241394329845,2.1186807419843317,0
41.01645027075382,21.859128474536167,50.16653190232986,21.017598546758233,8.9857708053555,10.030038536951162,21.580586929272652,39.69200531881526,52.10025029550869,56.391659368286135,77.40925791504436,3.596764488212109,0
10.950960571244446,23.4908729882846,27.554039849268797,29.07329417393541,2.6172397545298995,3.0658338122262325,3.772470051962742,5.0105380022061565,12.856725302932663,17.26244351019023,46.33573768412564,0.628745008660457,0
19.030179601463722,7.966881596874319,87.50554252589309,121.58733878246738,5.095162417291823,10.501023145574768,11.03034996491695,15.728570012125964,21.985591631241,22.478922874286948,144.06626165675434,1.8383916608194915,0
78.22492702073266,46.913202342418984,93.72474997252897,74.36151130959105,7.498888003394041,37.55705771386363,37.55705771386363,37.55705771386363,115.01152939273754,127.85457829979444,202.2160896093855,6.259509618977272,0
194.2872447322179,15.75290131108299,56.66173306677462,45.644871817152826,44.577380733811495,111.06476173343592,111.06476173343592,111.06476173343592,243.11573939840687,295.9549848205901,341.5998566377429,18.51079362223932,1
23.003222185147717,27.225456416129923,5.814051915920593,230.6852858580786,6.866737303017249,12.408572131564954,17.990524962677398,19.313657762913536,37.35307204039523,39.51146824499471,270.1967541030733,2.9984208271129,1
34.47036356018535,31.950132040903043,34.66796687005829,54.38893971308444,2.6987545957744543,16.58826884449573,16.58826884449573,26.8097234539539,44.24220041328816,61.712998092908286,116.10193780599272,2.7647114740826217,1
32.81970139063974,7.060491566593775,18.857580391239935,28.214110276851166,1.2970151471590325,7.571602710747483,13.453981687047925,20.09048547517853,48.810080992363304,59.7733546984992,87.98746497535036,2.242330281174654,0
48.40477874239399,27.00562766440956,52.927364025012594,12.009806983758695,13.118880365872144,17.44971642665322,27.901091732359777,27.901091732359777,58.04128718138956,76.77646383672965,88.78627082048834,4.650181955393296,0
85.14605720795883,10.837113609764412,98.48395221658937,137.21988689971252,4.91900168445581,26.25428214594095,40.20142277043003,55.413967262590354,117.9067059755985,131.00450222954504,268.2243891292576,6.700237128405004,1
44.89370697762902,15.486339454083815,34.3261024725511,114.71012235317372,9.9456352421727,13.249652483604184,35.30477687973041,41.46667643399387,68.52863121643392,73.73908776295863,188.44921011613235,5.884129479955068,0
11.536963299292905,22.664629230965147,73.39738743303492,70.22532004246868,1.4819356302641082,5.648223488316791,5.648223488316791,9.637547568551843,20.679938430714813,27.689604637809417,97.91492468027809,0.9413705813861318,0
24.694256162549706,30.40436745754884,83.10543120981914,37.99507611271528,2.9520732426693304,7.254385971823651,17.03837870168532,23.176756370334857,30.703374538515916,33.414784819172326,71.40986093188761,2.8397297836142203,0
53.52971420352575,27.1838871998977,83.01737975632403,101.44303478980842,15.168442822341838,9.306386263536677,11.38517420202499,30.652256423117752,85.86091362934984,99.01750461990729,200.4605394097157,1.8975290336708317,0
29.809423915842114,6.151610192692801,14.952675137382244,110.98848543211103,3.527043682689892,8.176213179354466,9.232808885549652,20.248318816528084,44.24791777636128,57.35452993675632,168.34301536886736,1.538801480924942,0
30.794369072809047,22.32142745181781,23.744480675298085,3.4792152630388813,4.130800340365191,15.508002121300374,15.508002121300374,24.647716313468788,49.39383438829695,54.00785394693218,57.48706920997106,2.584667020216729,0
31.50520782956224,4.274800769576483,22.327716213042514,27.78999391706146,0.7685615944743847,11.149220482670184,12.740297356429268,29.063230737983282,46.94653694978549,59.243635837249386,87.03362975431085,2.1233828927382112,0
38.550085049214665,16.545643082987112,29.727920753371905,122.95501609935548,2.7522617832050273,4.098714804177663,27.963747096043114,29.509376789250958,41.88442208788513,57.901803155584865,180.85681925494035,4.660624516007186,1
17.725885901009246,6.936376358617533,4.6805999222341965,21.251033413845526,2.1486720106316866,7.295234121547517,7.295234121547517,7.609527575942668,21.09919968523843,25.64131429673684,46.89234771058237,1.2158723535912528,0
77.20139966549677,11.70847833875781,53.938018064803686,52.334390003298765,15.939154283661614,14.469533241116752,39.297083944595634,51.543471157968845,121.21849094046847,134.32208440601184,186.6564744093106,6.549513990765939,1
11.446152530105175,31.144449188036454,74.09300375194667,65.63095361393789,0.4338247708474685,1.7611241952514263,5.5752131297224325,10.487688442251828,18.24239895054226,25.101777719656656,90.73273133359454,0.9292021882870721,0
52.66026883684805,55.78400282302657,26.081810636947857,36.20537693505594,6.206654698805315,13.280336381752203,18.00107969895107,45.97942235759481,79.18202520763181,108.20782909468139,144.41320602973732,3.000179949825178,0
26.006335696595954,13.296353838732257,63.9829914753827,76.69347852481255,3.179941490759288,12.61587657137967,12.61587657137967,25.323582780859454,30.120612024349757,37.644382819899846,114.3378613447124,2.1026460952299453,1
42.32015921268786,44.386776844809354,54.55864156531004,36.505399970692174,10.219618358141139,5.291277150708292,29.89284419218461,35.90866762682345,45.96149951004541,59.770024581746036,96.27542455243821,4.982140698697435,1
100.9798644608767,4.534705328166907,9.916979573444673,27.956290621348288,9.794618675659102,20.560204072684783,62.50938615269435,62.50938615269435,160.45785950385468,208.72287173106568,236.67916235241398,10.418231025449058,1
99.42594122085465,21.479253442697008,23.97785270438366,19.8689789462938,26.81882280496501,20.02046544797641,43.22526993225463,51.792172625004014,150.12498903006372,176.85356086854438,196.72253981483817,7.204211655375772,1
83.66633928461687,25.280328568563192,24.148441126179463,19.586506571300962,23.787285560696,42.785742234241496,42.785742234241496,50.81574554472475,121.04455377436506,133.8835507934716,153.47005736477257,7.13095703904025,1
113.34400311098169,8.284402617873837,48.86791300039904,135.93473724895455,9.299124878255673,25.51138089169557,57.73108137221206,57.73108137221206,115.06115112163454,118.12915705526183,254.06389430421638,9.621846895368677,1
174.04947600024565,38.93284977614432,62.78513436865539,106.46426240714948,21.89071876780947,67.8227137468663,67.8227137468663,142.02421706946078,260.28736312242773,265.2286613944301,371.6929238015796,11.303785624477717,1
77.38299818980381,10.449052389452843,30.137419761036423,73.55058131670808,17.43970926277868,12.623596353874577,22.705270501629986,47.592486354442414,125.60430706855146,128.2740810947698,201.82466241147787,3.7842117502716643,0
58.31756802493342,48.439311462946705,12.712469787001856,64.71970181091889,5.552968779191118,28.89666647848679,28.89666647848679,30.19456897741485,79.98195474870191,87.63045420719864,152.35015601811753,4.816111079747798,0
17.94928020952615,36.3084695719121,26.921872550303405,228.24643721718832,4.510366639777597,4.135235159286773,4.135235159286773,9.71989783789718,18.681653460265625,19.523312839718493,247.76975005690682,0.6892058598811288,0
65.73220572301219,44.99499527835104,4.0186743125920295,124.81519127666809,19.23901022176214,21.73017956015248,51.51262406613758,63.39814793152394,80.97606129187524,82.51845664300735,207.33364791967546,8.585437344356263,0
44.1121721440573,11.525521428807725,74.86653497189889,162.9918893286836,8.68045585010311,11.732095627779724,18.385266719244903,38.013043778438124,50.25762589793432,61.98299970224526,224.97488903092886,3.0642111198741504,1
129.17624964137485,20.391799854961445,69.93106079050585,67.98479175169103,8.417604621570531,55.381705709864654,55.381705709864654,76.57211157582974,193.08812852524562,219.3365730099889,287.32136476167994,9.230284284977442,1
72.66020061709987,42.917550367741,67.0660985176772,35.31361763129644,1.492570248276058,16.655336772388438,39.8730072967267,63.173404138325225,79.7407582415537,111.61580332599056,146.929420957287,6.645501216121116,0
14.400297817645056,28.294019650959125,61.77802182103099,26.847514779148895,1.9406893957193692,1.443044531077432,6.941117320035243,13.711163448544363,14.872071156328152,18.843456639427426,45.690971418576325,1.1568528866725405,0
51.298214243363994,38.675807738067036,29.769445877597654,30.774492314060996,4.284872617961994,18.608457232280323,27.94112428429584,44.200034976703066,84.87598085785025,116.75492988263389,147.5294221966949,4.65685404738264,0
79.33548190671307,25.98058849481245,11.548327401615865,39.316252678852656,18.778495417053517,46.605538519374434,46.605538519374434,50.303014142796385,137.84747985641482,141.41831484251543,180.7345675213681,7.767589753229072,0
43.46636738524742,40.98827955692688,59.90153445039056,66.05435768168947,6.5871196969022145,22.403915256653537,22.403915256653537,22.403915256653537,72.81303699073314,80.44020760078168,146.49456528247114,3.733985876108923,0
170.81154287162363,39.20860794634653,73.25754005014524,74.77032617281228,33.65401498971182,101.88390735377598,110.87527234041542,149.09099488506018,250.5691692671818,328.87457642240344,403.64490259521574,18.479212056735904,1
70.63073058863685,19.37132944067571,81.08437017651637,52.72474283471554,13.402398820410404,22.769441935238984,30.072410636735857,30.600950707199008,90.78061682520858,113.23182321413677,165.95656604885232,5.012068439455976,0
18.499326846121367,53.13745387973277,72.65311178516951,47.1061327329336,0.5579699613270478,7.101869489574382,14.756504456807104,14.756504456807104,19.688126592339923,22.54040230956785,69.64653504250145,2.4594174094678505,0
17.250367000917365,44.47853145031093,65.86641716323048,22.356598668044153,3.7646976177325464,8.60501003195877,9.566349380889532,9.566349380889532,22.637857543971254,30.250801569102574,52.60740023714673,1.5943915634815886,0
21.118805774590548,5.9568161495168255,82.43946234411558,233.35998484758719,5.305019589401342,5.673486077683758,10.436633382706685,11.571057735946955,24.219993835490595,29.06847549340763,262.42846034099483,1.7394388971177808,0
27.256263750384335,4.186831028690282,76.17756837438735,17.36134066831434,4.1414097203219455,4.264190750164119,11.361465472337695,16.0496688091491,44.87693506217766,61.327742146137275,78.68908281445161,1.8935775787229492,1
41.864740941509645,43.53512899787049,94.49016022175425,188.34425159437586,7.6601672036226285,7.720459310033717,21.905433002073558,25.896707932191294,69.78561013964655,85.06368784866875,273.4079394430446,3.650905500345593,1
54.07664660613768,38.65783834902731,0.6047534688582434,53.43938442175255,3.258602042783958,31.43279665102641,31.43279665102641,31.43279665102641,74.39594826584494,91.88737890167455,145.3267633234271,5.2387994418377355,1
101.05800895078497,55.61844996003514,14.666926460105689,51.58257901331286,20.660399511958012,50.03736412239522,52.08912318502351,77.62171015983637,125.9089414098614,141.50753952576258,193.09011853907543,8.681520530837252,1
77.68767700700027,41.17719890360463,57.975143219019884,36.65775849235768,21.99306300277003,18.990647534064657,60.766604483770635,75.93888447374775,121.1451783482083,125.021534487253,161.6792929796107,10.127767413961772,1
31.538105128748917,14.075157827837916,40.10591941172662,102.66630038634295,6.917806041850649,15.466355057999206,15.466355057999206,15.466355057999206,47.369931162485564,47.62281618413148,150.28911657047445,2.5777258429998677,0
31.770589293604857,4.4383907395226725,34.050540821988385,29.10266441253996,0.7641532909902129,14.37539511408181,14.37539511408181,26.26141120460549,46.535301090127845,51.909203768817825,81.01186818135778,2.395899185680302,0
74.76075310232086,32.87959498490318,74.59081157385062,68.29948229431983,7.97235487076955,25.018572793651593,34.03044809611296,38.00503587749885,130.11520127570634,174.36610239504702,242.66558468936685,5.6717413493521605,1
27.036800117614195,30.785209447582215,53.56367118173342,94.20837933098164,7.762271939887879,3.0112710943358403,6.252989550496363,21.244838288934655,33.08849170235376,37.56150305171268,131.76988238269433,1.0421649250827272,0
61.51765017260475,56.36799655313803,52.64872994150666,7.86446834368906,12.740778313159204,28.54370103733193,29.14471755795106,30.665019796675818,77.80737944405209,103.75401082486226,111.61847916855132,4.857452926325177,0
9.960465476599648,43.08552205071483,4.983510307658124,41.36749764307534,1.1047551956706734,2.442430696627514,7.494728185653703,9.29038621003117,10.395114086245602,14.515842237470261,55.8833398805456,1.2491213642756172,0
55.85079468680581,54.202982803207014,46.129646752784694,242.0516573446045,10.507012139084223,13.168116829205067,17.90739899094549,23.13342660763107,65.66915550456841,76.99304845904697,319.0447058036515,2.9845664984909153,1
50.37793888407448,45.88086643689985,60.802126310850134,38.6030911104948,3.3109446295465195,18.288832419206308,18.288832419206308,26.732217446476565,69.30253987611941,81.37666196981802,119.97975308031282,3.048138736534385,0
27.3615370761614,40.31600688929219,28.008422230274366,32.0449832767669,7.631117436393655,6.374318340328962,6.374318340328962,21.696272706546427,45.32225790629345,60.75811517593076,92.80309845269767,1.062386390054827,1
12.916889395058739,34.6616604823387,23.898234485626713,45.47947500924452,1.66877592529524,5.918604494809373,7.575968739002337,10.392431457951371,14.870571426539813,18.202711572478613,63.68218658172313,1.2626614565003895,0
10.995585771117405,35.6420579490287,55.06126279519115,278.6700546690697,0.8113179176944827,2.704751806868003,7.246697526227839,7.417761040079995,15.596607591758227,20.78778030008397,299.4578349691537,1.2077829210379731,0
47.68723048115281,31.432501071688762,91.19587084959507,190.39822464819653,1.954059320119011,24.004520183608033,28.74583634850959,28.74583634850959,59.47205635241643,76.17681061775781,266.57503526595434,4.790972724751598,1
53.70040658316329,50.66023512745086,11.63728046755973,61.76394286446592,1.5999511693593602,17.111037650384056,31.38605310707752,41.52011503643986,87.4449402151003,100.54483447852076,162.30877734298667,5.2310088511795865,1
5.754685506153802,15.60865319800945,30.91128920804166,133.74664910153484,1.154494787588845,2.0617143076959756,3.971298926027697,5.7256406305177645,8.692089460961602,10.936541702725421,144.68319080426028,0.6618831543379495,0
5.513563832187654,55.08106617191377,5.813862901616396,61.058274604198715,1.1622689370024375,0.6479348559301463,3.9260021257900455,4.321431103370216,5.755595531617549,5.8200487560553995,66.87832336025411,0.6543336876316742,0
15.60392554511765,34.45059037367514,32.53832792366396,68.66353534518049,3.189326324091633,1.7194620360080837,6.268291990885299,7.909848718609847,17.635741474556152,21.172300728978183,89.83583607415868,1.0447153318142164,1
17.69191137858057,27.371069423740025,69.4840985806566,87.20139422483075,1.909944890678983,3.642728342767119,9.690987434573314,16.803636366555853,28.50225064451095,29.522657892295168,116.72405211712592,1.6151645724288857,0
22.12769390009249,14.239542776643399,31.867221435545268,112.72380443968527,5.352838311457665,6.061872677901282,13.162196941667302,18.33208821067587,34.137302715601855,41.66957827492935,154.39338271461463,2.1936994902778837,0
47.89090570207557,18.011659487417038,39.85020857434325,45.27552014329289,12.220410492602115,9.00890455276665,19.38932038822078,36.38696714731888,52.34512383843009,69.3502267234554,114.6257468667483,3.2315533980367968,0
83.99317667839846,35.880965229130695,93.54960968168396,30.644169088030555,15.863010794567765,29.49823949741117,48.865329580456674,48.865329580456674,104.2789140569942,110.95824208641847,141.60241117444903,8.14422159674278,0
84.92966198281475,10.800010423437003,34.70812760897453,91.5495784348551,16.335280913804706,34.024028329166704,50.58877065933549,50.58877065933549,103.41071584511428,119.7642318889726,211.3138103238277,8.431461776555915,0
66.3101394886652,2.1919992645255006,53.9552216651757,22.525998659761118,4.899296795534555,33.263289480169796,33.263289480169796,45.523589233102825,91.31730806437356,111.26757173261272,133.79357039237385,5.543881580028299,1
82.29038834161106,17.03509597270086,93.36262186893603,59.78349732008019,21.41740754157814,29.37221022353372,29.37221022353372,62.32833219934609,83.99818800585487,90.78540910691149,150.56890642699167,4.895368370588954,1
18.404747356770475,19.638049148419462,50.85125820418687,55.925871353047825,0.8040932347495293,5.220138746127437,11.795714312516797,11.795714312516797,26.211743385421645,26.557002614185503,82.48287396723333,1.965952385419466,0
65.0627497287504,56.59626386865072,17.01541030455307,11.085670929080285,15.917814578949093,36.558736026658266,36.558736026658266,51.32392591496339,73.72336174929802,73.76585428944087,84.85152521852115,6.093122671109711,0
71.3412067337816,35.74580364483836,14.308297873343644,30.994608421946918,9.789619335207854,22.676985272897767,36.00071610367654,36.00071610367654,113.26018103645913,124.83253514244275,155.82714356438967,6.000119350612756,0
8.73857688266273,25.534376447949835,89.88952444840717,61.19540716632852,0.41490890358119653,2.101299020611597,2.101299020611597,7.796335797784614,12.56987242834922,14.112411525519033,75.30781869184756,0.35021650343526617,0
101.89632528677568,59.01400093557733,88.56353101583593,1.495280396825813,3.7897471357039905,14.059829361703235,71.0177530376066,71.0177530376066,166.0713884614388,196.9432755541137,198.43855595093953,11.836292172934433,1
73.709919884687,23.30945761989612,25.102830992794377,123.01379847707756,21.87532180085234,14.17314508247962,39.26682829314365,71.76772346433866,110.8555553423433,148.47545982743836,271.48925830451594,6.544471382190608,1
24.65361179870288,57.572058833707025,62.32086636497501,28.225225101352322,4.421136197739979,10.984595146344551,10.984595146344551,20.580217442592826,42.58964858642521,49.68319809281653,77.90842319416885,1.830765857724092,0
7.006513731939752,56.60501138074281,16.652839922959515,100.37520117285229,1.0119531237184167,1.3959482395944773,5.027755907355693,6.040053013145178,12.35862924817523,12.771309711348696,113.14651088420098,0.8379593178926155,0
46.97526999106728,42.01399881683863,23.149435677392848,39.889761294576296,13.11170464075412,13.268557480084596,13.268557480084596,28.04531044799069,70.37230189347243,79.56338328070832,119.45314457528463,2.211426246680766,0
31.44940575100324,32.463609104433985,92.06623065800149,64.20436140440317,4.706376329059563,3.5770944656118795,23.414310805959758,23.414310805959758,47.23429334066488,53.01588477676155,117.22024618116473,3.9023851343266265,0
12.452353895075426,49.661206434259775,40.17659600347145,113.05939613062878,3.2022258109746686,3.5992551116635805,9.753239246066839,11.065177883860986,15.992655199807945,19.63830588575569,132.69770201638448,1.6255398743444731,0
41.225940758110234,20.7867960415374,20.851864952600828,40.14682924841324,10.678864826491575,17.480063554871812,24.517428288555614,37.12626162643121,72.02724149795792,90.71360100481301,130.86043025322624,4.086238048092603,0
27.48681671877529,23.33579477409711,52.41225716213683,174.61735601950292,6.322461236576741,5.7635014425289866,19.322930313921965,20.650705063237332,45.402503417794854,45.411656860925724,220.02901288042864,3.220488385653661,0
74.11952252904209,13.999302234766285,85.1005413328958,315.8230749695024,3.4563571993970448,7.554567838645088,51.45755475756151,51.45755475756151,88.90233266957698,108.10029656436988,423.9233715338723,8.576259126260252,1
5.2907731478530575,16.813272668438398,83.29513206355549,29.586642708316397,1.5200478550642125,2.7337161198930087,2.7337161198930087,3.8918850197711414,6.406935340497141,7.038053472883427,36.62469618119982,0.45561935331550146,0
79.55675987264225,9.914536030876576,66.20182058473775,36.319627171315894,15.565039039586592,36.63711714845236,36.63711714845236,65.42753973342984,126.77012295708353,165.38457369864142,201.7042008699573,6.106186191408727,1
38.87552277293053,51.33949696951936,81.34479786397179,50.93393086822003,5.224107979811108,23.183512899792255,23.183512899792255,33.94370613355699,49.79444834560463,56.515613991423656,107.44954485964368,3.8639188166320424,1
65.56592177710198,2.0723918951941758,77.95520030115748,157.05573964826579,15.382003905140259,10.999386610266015,17.196594408003214,43.954878900070845,108.71267850264981,148.53436273680842,305.5901023850742,2.8660990680005356,1
107.86243311118272,26.61959776829936,96.36524036173465,21.17363915174328,4.390085264937812,47.32435743171981,54.77546654612687,94.52963528801232,186.9633634950853,216.67940120019767,237.85304035194096,9.129244424354479,1
54.75842942988599,23.12461656679974,65.5840221890642,22.087715473147504,3.8317526313069705,12.522117092405606,12.522117092405606,43.01332468286575,59.8161268505647,68.20101875498982,90.28873422813732,2.0870195154009346,1
78.64342400622323,24.485116232099827,59.7900116940768,19.392766350924028,16.494155212911203,27.61491678886228,38.38292823692617,71.26841901720054,111.41173848860058,117.4031312210867,136.79589757201072,6.397154706154361,0
9.808817834089986,50.938183291237834,90.56663050448313,16.32989077209703,1.925238549796091,4.643045499744046,4.643045499744046,8.643763271451581,16.77602667621372,17.949109400262966,34.27900017236,0.7738409166240077,0
11.088170006455272,49.62159392054112,36.15472196155579,30.015367161713694,1.849849987374556,2.0420374501482645,8.018073526987688,8.018073526987688,15.980954233622601,20.290018737072945,50.30538589878664,1.3363455878312813,0
31.037438399527744,40.477026515729754,49.28852185678466,68.43224299158521,6.483370475625493,10.327280234156131,10.327280234156131,26.73554125590609,34.650306970764355,42.57131118121926,111.00355417280447,1.7212133723593552,0
23.434867294593133,41.968344235697494,85.91337532796803,332.07684560242035,6.701702966820447,5.496710675009187,14.249535336782996,17.879469664373087,38.270665817658916,46.69314954335995,378.7699951457803,2.374922556130499,1
58.11892672746036,48.60491994244094,97.89669559373921,18.887729471514906,3.2828259516158047,10.314280243068598,14.455339084228335,46.37893788057913,67.66550570787923,71.26603011864451,90.15375959015941,2.4092231807047226,1
58.06649654830586,24.332608470658457,42.126794144308924,66.43067281034399,6.7354360570444225,26.792426265170224,30.00110855410822,31.154971858025835,81.07930062688375,84.5125143050359,150.94318711537989,5.000184759018037,0
91.99109950617122,28.131038830970905,58.97941404418964,88.94073152421444,9.398337345909749,21.08504381173378,36.84177790655097,79.4974866584642,163.21101354292026,191.81609058948152,280.756822113696,6.140296317758495,1
38.64846798128262,16.194449917286693,83.77217532071852,52.533322645229184,10.893534669332713,14.096454811626085,20.468639730011922,20.468639730011922,66.1539130704731,91.38038802845206,143.91371067368124,3.411439955001987,0
9.822914558423552,15.807079144087032,51.87533474515209,73.25218327940546,0.7113648594522337,4.384009831945026,4.384009831945026,5.076834230431095,14.612853520458264,17.070660184640193,90.32284346404565,0.7306683053241709,0
92.68621309379826,56.20783436259951,40.45360629396754,43.17567500327578,11.398701584331016,29.80073879620348,46.3508367303039,56.56972257137448,104.32302591418068,142.03715451588948,185.21282951916527,7.725139455050649,0
89.62373935887202,46.11764055824984,6.486519311129257,34.258504689425806,24.524517370211996,14.938780409409253,45.28153546845707,76.78510674943165,117.30961832941091,162.71125427784435,196.96975896727014,7.546922578076178,0
31.37838488073939,28.273332023250383,21.205611465831385,47.55861769657223,6.51450201980497,3.329361896771326,22.158319013492644,22.158319013492644,37.330313480355414,38.988918040693356,86.54753573726558,3.6930531689154407,0
91.44930376378382,4.261643486616979,33.14290939121499,135.9212596328438,2.62688244871003,26.616673433800955,26.616673433800955,70.50264577614553,140.91215143070735,193.0188441849094,328.9401038177532,4.4361122389668255,1
8.674682324143394,45.082452383231775,40.16450948964864,105.55771718271545,2.505766905353112,5.163652802029952,5.163652802029952,8.245369937724425,13.957145955292091,17.984956709387724,123.54267389210318,0.8606088003383253,0
33.32164877334397,57.0139170900138,77.62084615036356,58.222988432164684,1.2275479211835278,19.539286520129824,26.261340375705633,27.56937410487726,49.96027873908941,51.86111867969271,110.08410711185739,4.376890062617606,1
15.096702662497478,55.75084893139526,16.6811499440617,19.00410483622541,2.5080316754265297,4.893666898440636,7.432966021178119,13.572800776640118,22.44185959166155,28.97511021115029,47.9792150473757,1.2388276701963532,0
77.25943547570853,43.4214243618994,7.239342507992507,12.996579023766506,6.7831231968046195,23.79406456891356,48.38320877165184,48.38320877165184,96.60495072793468,115.66552617384119,128.6621051976077,8.06386812860864,0
23.82372683290623,39.56881417363041,58.7777984837241,46.72028816129044,4.691433650406935,10.079476081385364,10.079476081385364,10.398167591736243,32.44853959230367,34.262454384398026,80.98274254568847,1.679912680230894,0
84.16690209755666,9.008720774744269,0.8102873125010457,98.16164388326996,8.367411387730336,43.45453338755948,48.65407371894203,48.65407371894203,150.31813569922005,164.6346220566164,262.7962659398863,8.109012286490339,0
13.882377865860413,6.968457052260835,93.08643151472533,90.39252100336063,3.4556184259276197,5.401847518372465,6.302137156421482,13.026016545265263,23.978291485422893,30.77255978134099,121.16508078470162,1.0503561927369136,0
151.73983524781534,17.38177247168069,25.60174475584339,82.71760350922725,27.048046455363803,70.11224604629858,106.07530269087533,127.1507735420077,238.27374742131363,268.6921194763725,351.4097229855997,17.67921711514589,1
30.835916790874695,34.69709445704731,83.36481558697844,16.64953295283073,3.318348327215938,3.4534168176899893,14.199584008630904,19.381215661945472,52.233310977487825,72.1230709314732,88.77260388430392,2.3665973347718174,0
28.196206098632114,54.96640662532553,37.95299026733156,117.70078709751394,7.397921424376941,15.205009314011805,17.087186283902394,26.683998875593616,44.167311074548294,58.65806373174039,176.35885082925432,2.847864380650399,0
73.27910199043505,52.52360905840857,99.88505882305392,75.63233194904866,17.413016568222503,27.07245394238022,29.26455344963532,58.1273183400546,110.73893958531811,135.2778691343436,210.91020108339228,4.8774255749392195,1
54.66419729029035,19.75163678565299,50.126994119380505,27.885121549215803,8.641247670865718,18.925235660645296,18.925235660645296,48.107293517238304,87.76882155263255,109.73854023537643,137.62366178459223,3.1542059434408825,0
31.10829470081879,23.24204048537341,96.28620221709878,125.29107595780732,4.900871609830788,6.471664346871378,10.286112280157376,14.083716531202258,37.256482134668765,50.951230818196834,176.24230677600417,1.7143520466928959,1
27.411960964015847,19.999952225910956,46.88782070432919,24.650665637138292,4.139373350842798,4.603415393880227,14.789373020942906,24.643838096421348,48.55403257787219,54.77982926288701,79.43049490002531,2.4648955034904843,0
121.73138344716826,32.749934462321264,71.42500097075498,82.46340118977346,20.842850614166373,34.57974614885961,60.20082699074292,84.46029778857623,164.01531457283633,217.09392121645985,299.5573224062333,10.033471165123819,0
36.89736074840017,48.91765686907693,6.363733930282523,35.8337239315741,9.60388454370252,20.663520988986217,22.929189832497606,22.929189832497606,38.19843777471114,45.05558758174472,80.88931151331882,3.821531638749601,0
38.07778039545592,47.42082831708919,44.49677461118473,50.89769831756232,1.5480800404919681,14.454037879608896,26.99504295941357,26.99504295941357,43.78965589021813,59.05184985748736,109.94954817504969,4.499173826568929,0
13.928674710604442,53.40577786681033,27.078678974035608,89.19191312103771,1.7934568754279159,4.261976469808855,4.261976469808855,10.305304574888128,21.307031183668343,21.862773336927322,111.05468645796503,0.7103294116348091,1
104.27826185852086,32.259757052567515,79.31762827821811,68.16075552445183,23.98771411327939,17.684608703086884,70.85485947029362,78.43676610529651,159.7336901714419,205.6042034519866,273.76495897643844,11.809143245048936,1
18.269279337498475,40.17299622687457,53.243568157013556,59.81782303015989,5.2969244000821005,2.3922575245401014,13.081492370645487,13.081492370645487,26.19125900124784,34.66151433124627,94.47933736140617,2.1802487284409144,0
16.551887957570173,57.326506240659114,64.00078071145936,29.754600611524626,1.0408360006138928,6.67296995382352,10.370683253855038,10.370683253855038,23.200538947021396,28.89206830987494,58.646668921399566,1.7284472089758396,1
79.99248234240817,41.18206053704224,25.38189420537096,33.681928739204025,2.573507857033121,46.32333415514604,48.61750586512558,50.92514373043852,120.55357647372497,134.7073646483715,168.38929338757555,8.102917644187597,0
0.8595278899731955,11.689502113358055,11.683185890219471,35.45927984871532,0.21095208307799332,0.27845222435221856,0.655995976604651,0.655995976604651,1.3556306935011806,1.4358731804694203,36.89515302918474,0.10933266276744184,0
46.24026347912424,20.95751401673887,68.05638507542979,133.65365833212826,13.488986845275434,10.10337799188034,33.932416755763555,45.41574293874142,53.707499341088905,69.58530859161984,203.23896692374808,5.655402792627259,1
28.08165914295648,6.39027952569033,44.22711261178998,237.89150547305044,6.181136635560053,8.098219659228466,11.804268631091128,25.211002736838243,32.69988552258128,34.37580542372988,272.2673108967803,1.9673781051818546,0
34.185613496001714,8.408792067378903,41.7030519128444,30.164957817286854,5.9870580317504976,12.139585009738665,20.03519477364961,20.03519477364961,35.17596314495191,47.056029374534184,77.22098719182104,3.3391991289416016,0
18.82914788102076,30.526424246147595,96.39393990286163,182.42999725490617,1.6069999054620254,8.978220050690647,9.812710261524101,17.07155738113401,27.92671305735982,33.52461779660279,215.95461505150897,1.635451710254017,0
23.47136634686083,44.83704880568764,11.826096531068908,26.555066796208244,6.7677597963091225,7.669256487491847,7.669256487491847,17.969815976262765,30.478975478863664,35.136996614621886,61.69206341083013,1.2782094145819745,0
5.790333552833582,12.958671160045272,64.38358573436977,82.71098023350605,1.2868213366891101,3.26167423753654,3.26167423753654,3.26167423753654,10.128635607383119,11.087491819593708,93.79847205309976,0.5436123729227567,0
73.32690789145316,20.56089285228349,6.025125329639025,25.480009344155885,15.717631484601084,30.82561139082136,36.87834792321177,64.07604154319795,92.99368589926462,93.60327409416162,119.08328343831751,6.146391320535295,0
31.267622147592782,21.51997055642696,68.49178465459914,143.3278006343464,8.346842912109954,5.012016102438216,14.736338984028546,14.736338984028546,45.39804051155092,61.8371902741169,205.1649909084633,2.456056497338091,0
84.27506605755335,50.72711494037247,55.96430063087361,117.7524529524353,22.34840269751137,13.243119992523734,45.85968092060056,55.14348299549257,107.60007739989032,133.61294680928725,251.36539976172256,7.643280153433427,0
165.21438855009754,12.674066982402062,72.69085391100589,137.4496160343978,7.036594229459545,62.07923589520014,112.06434896100043,140.86964397259956,212.29680774715564,271.8158496479001,409.2654656822979,18.67739149350007,0
14.366560021898655,3.9742040322890655,75.08232352388178,43.12118396753212,0.3676283719727045,7.20341254218455,9.80007255035915,13.482562773743334,18.53705844231465,25.756869163891565,68.87805313142368,1.6333454250598585,0
63.03125662621548,38.182802463012116,13.204425152055709,30.91956871490406,5.191030920023631,23.11038130151489,23.11038130151489,36.072363167898956,93.80405276818057,102.00945112842071,132.92901984332477,3.8517302169191487,0
16.15480079674349,32.55739022635362,27.46949709785116,133.4527514719597,4.440658024281138,8.108919498684642,8.108919498684642,12.310069818249833,20.891938746919237,21.416058022419993,154.8688094943797,1.351486583114107,0
20.95827068574203,2.157154517125438,25.239475050663685,57.563723208628474,3.5507896540068877,2.937761840192809,11.931943335398445,18.97222593409813,23.437417197989326,27.981621248740858,85.54534445736934,1.9886572225664076,1
36.66524646048872,46.3521452331452,60.80271778464874,58.13259077103301,7.380978865969967,9.696248026792059,15.667444851779766,33.70880976907851,41.50559939747446,48.49616547841271,106.62875624944573,2.611240808629961,0
147.69974201679148,26.584061641988658,25.835931381639345,42.53577174473014,17.262650645213856,18.320418891449915,114.61235006459314,114.61235006459314,209.99564378326568,215.3503097173309,257.88608146206104,19.102058344098857,1
29.276535191169266,33.773658452014544,51.5880012775981,54.18212615687033,4.068186997910974,8.140122391505749,16.999322070888066,16.999322070888066,39.44120796782445,46.8925656524068,101.07469180927714,2.833220345148011,0
35.80577676206994,40.90716963204862,44.213094548497466,133.99030506732694,3.7240332993082688,13.763373695584592,13.763373695584592,18.385383635261917,60.810480588182905,73.97914203699735,207.96944710432427,2.2938956159307655,1
46.33828199789189,4.978030777447573,58.56531052206698,38.999674590346885,13.127602095078467,26.078524522615183,26.078524522615183,26.078524522615183,47.89565175275759,50.13325336961217,89.13292795995906,4.3464207537691975,0
35.21535050720891,12.00754992392936,35.13594116151017,38.23476664232923,4.767290094460532,11.62374005198702,22.3365587866183,32.97433805663841,42.67649098170047,54.54478185700334,92.77954849933258,3.722759797769717,0
14.311351604111632,28.862230342747644,92.4949553343995,31.637017853880938,3.6358162732131425,4.117830931547396,5.615869204687494,6.294789032844501,22.23460035372845,25.309409448838686,56.94642730271963,0.9359782007812489,0
89.27095413021041,11.970230563810563,96.50089389928883,53.643769533824894,5.670017727548614,39.25787525054987,39.25787525054987,84.73073894413598,138.14022182653054,169.32363106920047,222.96740060302537,6.5429792084249785,1
26.719651571194508,8.761791659737524,35.087747621576405,141.71372578962,2.907825290343136,12.266421220428581,12.266421220428581,15.59257617444647,28.35658218120433,35.58289051367672,177.29661630329673,2.044403536738097,0
9.601920522831684,20.84792465227592,91.42585726014651,31.19411117919757,0.6798800719361187,1.7817702897441838,5.92189801150874,5.92189801150874,11.498105323793213,13.145587020638883,44.339698199836455,0.9869830019181234,0
49.568632791790826,26.74636229369788,79.30336024356131,36.24956981487665,5.063874054530835,22.320168738222492,29.48631632325783,31.06744363251615,58.607800734520204,75.84995137087218,112.09952118574883,4.914386053876306,0
93.23790305219653,51.292516786900435,22.61151265484722,182.93763449215223,19.29370559650354,34.481986036540995,34.481986036540995,78.0288896561005,164.80236818481654,207.99953228509713,390.93716677724933,5.746997672756833,1
18.628169870424923,36.50639558564613,56.28096507497321,35.54362436134192,1.1103737291810836,6.605256897563032,11.156346565539994,11.156346565539994,32.35127781745299,33.09655996058136,68.64018432192327,1.8593910942566658,0
31.620617794793993,55.90502398132748,37.76222994793178,64.17303595961948,5.3778190104936705,18.677439675452945,18.677439675452945,30.749270186099913,56.4602823489293,59.489741324029445,123.66277728364892,3.112906612575491,1
37.83589759811618,28.51740034897789,80.09363022675711,207.74496299401036,0.7898204205082643,18.37258489522731,25.734302754285185,25.734302754285185,42.26739024340712,43.02551606757626,250.77047906158663,4.289050459047531,1
24.91603680176254,29.400231669158774,89.39146350533434,54.77441083437692,7.356936503705518,12.643138334250708,12.643138334250708,23.40016440263142,38.777309553279984,52.26712457516692,107.04153540954384,2.107189722375118,0
38.939717568420015,20.064058964416194,62.241239830267624,252.2775167247673,1.1668062076321544,19.885033360754896,19.885033360754896,19.885033360754896,55.22176342418341,62.93521737375161,315.2127340985189,3.3141722267924827,1
118.87201230182592,6.730551060618019,63.01321641072764,29.56749694876127,27.486805658187308,50.37742450592785,81.08587624469615,100.05397751213326,190.3254111480928,230.73310472600832,260.3006016747696,13.514312707449358,1
39.59166098999,11.976464652602758,72.12523981003085,243.08394908792363,10.428110755219013,4.467017158688798,18.36280376830751,27.386663093566966,46.29130891767219,56.07383325648052,299.15778234440415,3.0604672947179186,1
57.77175682779381,5.92706326941051,49.507189206112955,52.98494989669156,17.270545249093924,16.42080542231358,43.06044805727316,49.715918659939014,59.14708158588442,70.3378273666665,123.32277726335806,7.17674134287886,0
28.2519656166803,42.80004992280121,47.06590005747224,6.665907204443471,5.707874468267738,13.657980884366438,17.381673291095172,22.437727942252998,30.811561398142853,35.73700395907361,42.40291116351708,2.896945548515862,1
48.59672532285415,22.242041450835018,56.32037757407284,9.85266557123108,9.22567195160889,9.22786694481367,11.300484232174723,25.13599037258134,68.25006282488818,77.67953667932571,87.5322022505568,1.8834140386957872,0
53.37304318940976,3.8279954230572537,81.83619268864938,43.530019899892125,9.40014996386558,30.886996315357944,30.886996315357944,30.886996315357944,95.19953758608813,105.06833057106192,148.59835047095405,5.147832719226324,1
70.11360703306225,45.62755240970507,64.74322435558466,76.35799391529928,16.412976075012946,7.260178925507181,26.514944473479588,45.05572221031609,72.07790148989092,78.89641896492104,155.25441288022031,4.419157412246598,0
25.908848214888835,16.780816185847982,14.39828290637707,57.16953988580465,6.8348772345217395,9.824836921328508,17.010501619118575,19.370127229450507,38.08154643211681,47.92075356504448,105.09029345084913,2.8350836031864293,0
32.76546465544436,53.824241111220346,14.040773645986903,155.67132227606766,5.496656367786231,4.6609519510043445,9.5000221812917,29.814409725020028,37.94344833591976,48.60676433673057,204.27808661279823,1.5833370302152832,0
75.36821549766734,49.73884259866718,41.58980945185525,89.54129911652728,16.704999302234054,36.192954520350426,54.98625137322876,54.98625137322876,79.73072572676223,87.49939207837676,177.04069119490404,9.16437522887146,0
28.001711747432665,19.618043809042447,65.90922430810963,50.55845429620513,8.105737559550256,11.436346748657785,17.86010851455204,17.86010851455204,41.97900861763381,44.27525017507872,94.83370447128385,2.97668475242534,0
14.259082416811417,15.67156344290889,39.11083614181469,71.42309195103921,0.7317627706161288,4.3125784484987735,7.864189193697601,8.612156424765436,18.53529728720033,24.258472197557516,95.68156414859672,1.3106981989496,0
25.014221434741852,59.59864553551607,38.17446125305598,45.794425749010244,4.630720366711811,3.769305757102967,13.4259086408913,20.87500748525494,39.88686941040138,41.06471408719903,86.85913983620927,2.23765144014855,0
73.61587779648599,49.539476994186,89.54491545826374,92.7055797328096,2.8609019054654894,23.988886443602045,56.76787733760888,56.76787733760888,95.3271102137407,116.36235807020587,209.06793780301547,9.46131288960148,1
81.67821647432194,55.74423345318651,86.82235443299997,32.562829947439134,11.596740654516136,22.4469286945596,58.66225228959143,58.66225228959143,88.21791159690794,105.35781969344434,137.92064964088348,9.777042048265239,1
64.35924994023927,2.9881521100484374,47.56620041690739,93.84123406402794,14.372808609414449,12.482966793555489,48.47381338215739,48.543889362833085,102.08609852325868,130.5217376118622,224.36297167589015,8.07896889702623,0
91.2822881869809,36.70315083369182,71.82839672076078,55.5420899281829,11.545864000181188,17.512320115841447,63.289515347213424,65.0836443483311,138.97457708921436,183.23689817977086,238.77898810795375,10.548252557868905,0
112.56368658029568,17.465245623673766,45.20953545309357,44.55693093840111,5.406366633367402,58.953974778516354,58.953974778516354,81.79016871455208,193.90505573723786,265.4205386829759,309.97746962137705,9.82566246308606,1
66.87954319600297,23.734355678320494,60.31388080236136,152.67325981054415,16.878540034814637,17.680525268701714,20.187893454967732,44.165569084829045,104.14658387012712,115.55270715299726,268.2259669635414,3.364648909161289,0
35.156016642793695,7.2823738783176495,27.451130143695167,206.24862606508404,3.104921290980926,5.262655944599993,13.319366595584023,34.86311838606656,35.51672954530846,36.062890619276686,242.31151668436073,2.219894432597337,0
10.309945173642294,45.40520515681394,49.753520304353586,73.83478952828561,1.6563460157698784,1.8462588147643817,8.01067716587223,8.01067716587223,17.147245360215464,21.05223698939919,94.8870265176848,1.335112860978705,0
13.278229938711226,32.48735477956238,64.25390205560805,48.26815943901467,0.8225380252379839,5.716688831762736,10.332651595361387,11.97863484175821,19.153368991031233,22.087633894183178,70.35579333319785,1.7221085992268979,1
19.781791493559144,47.937334500600485,44.1778274796079,49.25146874357041,5.875441763086524,5.634222815046375,6.3745247859554635,14.49201600265729,19.963024303233475,23.50916081552748,72.7606295590979,1.062420797659244,0
83.88937599190244,8.75620134183999,75.93862454102333,48.87707517153882,10.667208572340224,10.752438753219124,28.168503866537794,64.32607313849853,137.73644006956886,184.05802458680756,232.93509975834638,4.694750644422966,1
21.08915701501425,59.84184164168596,26.732197064989837,2.514849534650156,5.273746344118959,2.6875060620498803,12.543006065985503,18.718311300904755,34.089292370628904,39.01186570365834,41.52671523830849,2.090501010997584,0
20.91496696989384,22.21625895572295,1.2876718662196862,100.92181010698836,2.6703124935961844,2.7132985499811695,11.12883273799694,20.68546374398959,37.64103223335768,45.76150054518228,146.68331065217063,1.8548054563328231,0
22.939168771862125,57.18372100630377,91.4251125048696,82.65166361438732,2.7045877207696134,10.750389309701845,12.355982847899146,12.355982847899146,31.79763694656815,33.52276105948533,116.17442467387265,2.0593304746498577,1
38.80468083468031,41.234460157659335,36.103367139195996,68.40629375095452,3.3891456688806785,20.37247426419264,28.879418369529258,29.05434525899083,62.980548172847215,82.94828137284841,151.35457512380293,4.813236394921543,0
49.59058781526866,8.31237013398142,25.209024163195792,120.96181316971075,6.608965495457622,25.916063771034274,26.49266416781747,26.49266416781747,77.88570794178885,93.14701913293136,214.1088323026421,4.415444027969579,1
49.47231587123332,47.355368085783496,47.60576379997994,24.186371474873617,13.11368977650599,18.443792575171134,27.120449648863204,27.120449648863204,69.06615660523606,78.07380989124542,102.26018136611904,4.5200749414772,1
23.580746780902007,34.51847884159063,24.93700263234553,7.051876926828894,4.840270727491473,6.982580733083087,14.072900630154956,22.141986754531047,26.861458953687453,31.558508409129857,38.61038533595875,2.3454834383591594,0
80.12229798182099,12.944779471560814,73.3243677348819,47.257317146073454,2.793465557829228,20.72330048214711,40.56730433451726,79.81611530081112,108.58839126273172,119.00813183314642,166.26544897921988,6.76121738908621,0
36.548934663497285,12.859730793842779,30.67965045338972,106.56932929396321,6.268270504808593,17.276201182476377,20.063856911517593,29.755896217504617,41.12049724497181,50.37160925804902,156.94093855201223,3.3439761519195987,0
72.38555837412268,57.28297482189175,99.16909276151193,72.62543833249642,11.536446985117864,36.478359651333996,46.91010935269403,46.91010935269403,90.0260676578531,98.14780376881285,170.77324210130928,7.8183515587823385,1
40.7696579338609,59.91665280869615,27.622825672103378,57.77741547909174,8.657268987305496,23.21682159244873,30.543353221881812,34.806091514664885,69.23020047942848,79.16150816619933,136.93892364529106,5.090558870313635,1
22.848911887759144,35.414711791694266,36.18745196089084,212.1181571824907,5.2892777420435735,13.535953093147477,17.348166652851983,22.67443641327966,27.48240263298091,28.43490359846835,240.55306078095904,2.8913611088086637,1
28.94922210557165,12.854895616315195,53.83813004193353,164.28180182428986,5.164696734031132,13.099102093006394,17.39087517995775,27.464085694150082,48.09035580921903,53.86548784129697,218.1472896655868,2.898479196659625,0
18.80495148262585,21.735008832272857,0.3333294986660795,114.8347805809683,4.988049767701305,3.689111430973072,6.7927620285912065,17.256127320237116,19.29165028914573,22.237067632812217,137.07184821378053,1.132127004765201,0
9.179711853586477,14.293576090042885,0.41370063573578086,55.040812197594846,1.8338113915089531,5.334201130481501,6.611671396491984,6.611671396491984,12.767236203404755,16.741273061440953,71.7820852590358,1.101945232748664,0
44.58761169065844,37.23448249909985,23.377506035393424,350.83358899841505,5.111738915106891,7.193775193314523,27.483471496322217,27.483471496322217,71.01128520957761,89.43312252438656,440.26671152280164,4.58057858272037,0
16.258011638929446,25.216118748579547,8.166520355632478,26.19514510972754,2.038289861846967,3.895792113037732,6.838170357238788,7.807071427654974,27.515219433392016,28.814658392978956,55.0098035027065,1.1396950595397979,0
11.755936104810951,23.927949130267,76.0067478507766,140.04826339008608,3.0611289876048087,6.067942759823886,6.776745064253309,6.776745064253309,11.992502063064268,14.880234648528791,154.92849803861486,1.129457510708885,0
69.844779187731,48.482247434748686,87.18174124531811,147.30436937469005,6.478157170141044,24.977957468880618,31.68168139191476,42.23057669976683,114.34072387586436,134.58468185777076,281.8890512324608,5.2802802319857935,1
95.373115411752,57.886961186927834,41.32439138377475,44.61040798747728,5.713983765884837,21.186866091316958,66.76814895567338,66.76814895567338,163.37778622214282,190.5442132450377,235.15462123251498,11.128024825945564,1
20.99806354525129,13.42749704804713,51.65183155262627,169.932184455906,4.843181003312257,7.599678010639907,8.44095227397586,16.91324998594885,23.57656651430784,24.558053389135264,194.49023784504126,1.4068253789959766,0
263.66982569356156,26.03657956498319,61.27435598300014,24.25080324506062,36.83378660958696,127.94030292791562,127.94030292791562,236.01724825321045,274.7094703592411,338.9503708383142,363.20117408337484,21.323383821319272,1
68.36441822925461,33.118734920075525,9.488095271763886,90.04209047988896,5.706214219943692,16.19287634365255,46.19852562232003,60.03565603344018,79.53542829077945,85.09188556686703,175.133976046756,7.699754270386671,1
44.262702070540335,16.26061041415045,46.9816519179092,134.55636831214233,11.166851557743335,15.513695055673002,15.513695055673002,19.960432200819408,52.64979685310856,58.52925442515582,193.08562273729814,2.585615842612167,0
5.760843738223671,25.310203422829794,95.93741342167357,86.85810169682965,0.41356990209607025,1.4032915340766914,3.1016411285288163,3.1016411285288163,6.637857152447449,8.813790096435012,95.67189179326466,0.516940188088136,0
57.071730768976096,5.236211500737,20.7882934382685,16.34780036634093,12.845819800495963,17.060400737289076,26.784546416109816,55.99129873509018,84.04171145163102,85.96969648046871,102.31749684680965,4.464091069351636,0
14.390151770518395,4.390843042963429,8.405898119857259,132.6343880803008,1.658486085610678,2.9644062200830006,6.049881165876442,14.367348218396614,17.303204292754952,22.699374802557212,155.333762882858,1.0083135276460737,0
16.674836228237865,47.608912428924384,28.057108319582667,164.42298607281452,3.6594587145413433,7.5665597063031,7.5665597063031,16.394156573054826,26.296833624195767,30.395827627801687,194.8188137006162,1.26109328438385,0
61.495033846189884,21.66742891670907,54.79248374042617,77.59808012184416,14.537945377113113,15.808752575893138,15.808752575893138,58.6643767214569,86.83440385614644,96.71804056155939,174.31612068340354,2.6347920959821898,0
139.01792037108288,43.03062903241653,86.84902302824193,11.657683734946298,8.90225900353493,49.12691454421322,78.99144914786532,78.99144914786532,189.77849830789177,228.07054763243968,239.72823136738597,13.165241524644221,1
45.8053261093677,6.809010736026211,35.48056779208427,74.08916496966287,11.494803559796527,23.006815014637453,24.555542325127952,40.02349931230254,77.61248156818529,85.86072791627628,159.94989288593916,4.092590387521326,0
79.49119429727729,40.89867875893786,34.48078602601344,41.292653218158904,15.355030095835081,13.576856493400904,60.54762369322691,60.54762369322691,117.3785393645377,156.96132091392732,198.25397413208623,10.091270615537818,0
137.2651917071702,39.89546263476706,34.306578824815126,70.90195507116123,35.7632804367194,59.13478034715969,59.13478034715969,76.10141938962066,166.30322979892338,169.2824658766337,240.18442094779493,9.855796724526614,1
9.042237530545068,49.64438432503595,84.09194016473283,113.13130174772765,0.26045636773925124,2.398757612334193,2.398757612334193,6.280838635410775,9.68883277645937,12.288257286381377,125.41955903410903,0.39979293538903216,0
62.19913671307483,13.867233926060518,46.930840245286085,22.364291672761464,14.424869752457713,21.397063617683177,29.73062872909242,54.84629566637616,89.00731265799149,117.69532857420675,140.05962024696822,4.95510478818207,0
97.62421285546043,33.96480136843168,33.137756092781736,188.21338594785664,28.902379743589652,44.714840993075235,44.714840993075235,65.00761560645738,155.99271094228072,169.38416058287228,357.5975465307289,7.4524734988458725,1
87.24777666964411,54.26861066492525,17.694999758819698,53.002094429007265,18.91610185351336,49.01323234921383,49.01323234921383,49.01323234921383,134.3043923827707,175.72458941167437,228.72668384068163,8.168872058202306,1
92.70057623198113,14.753221466430146,12.560130467613284,78.79368569288,25.676572037960913,49.15985224395676,55.70830291307269,87.66964994503925,152.38985623310703,179.88463987124248,258.6783255641225,9.284717152178782,0
25.96726075728075,9.242152278411863,97.41367657411448,45.31476994730025,3.534964098697425,14.283223752513093,14.283223752513093,14.840986475592166,42.141671533965464,58.8132457560507,104.12801570335094,2.3805372920855157,1
50.91815058775493,21.996376001448194,48.64240798965553,113.10907648197718,11.02118776992698,6.355026184411549,20.178575663247383,43.982837965264515,72.08079771895649,82.94520918480073,196.0542856667779,3.363095943874564,0
98.38965168770733,57.99007192588951,7.220385851082911,188.14961595629194,17.593920986247273,30.54902891068833,66.8669523923191,84.52728731015243,119.22997591210725,134.58496328582746,322.73457924211937,11.144492065386517,0
60.55964458158204,11.128659629764204,90.6361202082314,34.326447255145396,6.895341650235454,30.31932214385883,30.31932214385883,30.31932214385883,100.5114763640081,136.41226805576298,170.7387153109084,5.053220357309805,0
12.659954559982722,8.921403981014171,95.40815912498091,102.32471149872285,2.4623286281485757,6.402687124326066,6.402687124326066,8.448295352722454,17.113175621631417,21.628647126778823,123.95335862550166,1.067114520721011,0
15.268163342893473,59.86933738632142,23.717672115803946,38.77628921978695,1.8480038950673299,4.73101975401958,5.612618364197684,7.314286423569989,16.96624874728019,22.204569656865917,60.980858876652874,0.9354363940329473,0
89.10442130807586,24.803068940759537,31.607007915317542,111.14273145626186,25.46807739502135,21.626210682788397,68.73716279208674,74.32846137179786,152.7629545491215,178.1720275783627,289.31475903462456,11.456193798681122,0
1.8337160805585129,10.656430476555439,96.04884550277268,69.55714093989042,0.4462161633437962,0.68651213922691,0.68651213922691,1.5503633942175798,2.1352784641103475,2.5557437066875317,72.11288464657795,0.11441868987115167,0
63.37579477192935,34.399932183477425,1.5761278754274355,129.09598773899558,16.721350825417588,29.994633574681515,29.994633574681515,36.81609566963944,71.82150932618083,100.0410739739757,229.13706171297127,4.999105595780253,1
72.43062158944993,2.803733155899942,32.43133722779237,83.89288461321429,14.34120928982433,32.28865314070452,32.28865314070452,58.593763304348414,83.49726769581352,101.5418262892313,185.4347109024456,5.381442190117419,0
55.240715520484414,26.683347852814492,43.0102089776204,262.6610357074026,14.10448869395688,12.446451559256026,32.51538046761796,35.87466067939996,64.42709003886442,83.66899015706052,346.33002586446315,5.4192300779363265,1
72.71362397206619,4.100686687943728,77.0388120922468,45.643145070926714,8.922967815808805,7.281486987552626,26.62245861965734,53.55448237624174,88.81671479361634,123.61314654663298,169.2562916175597,4.437076436609557,0
72.2417825165794,34.78963716220929,36.77518966695644,20.322437037857984,14.824048009586177,39.23602636483504,39.23602636483504,58.610060902080015,104.96218529428945,135.4658647327787,155.78830177063668,6.539337727472507,0
2.939321954211205,38.23666352401809,33.84106999837058,42.49809770288323,0.33348781877300987,0.9484692907021057,1.6231146393998537,2.655726598457045,3.4398956247596852,4.423245935423694,46.92134363830692,0.2705191065666423,0
6.330560665453774,2.204606082826305,72.93997888892942,43.115964771829745,1.1803436742204743,3.2680630647895015,4.170132171684441,4.405363343367066,10.710067451074318,11.20540828375111,54.32137305558086,0.6950220286140735,0
21.251274366006502,31.736901688592706,84.93060624870023,62.70625155437809,0.8500718123444124,11.383816191055343,11.793357042940416,17.452572598598774,28.557913152542888,30.976719341473004,93.6829708958511,1.965559507156736,0
55.07815775219984,56.80732996837276,9.326600063807323,49.8833520007587,13.316360545562974,31.361410317679677,31.361410317679677,31.361410317679677,75.90825732818608,99.65180986505706,149.53516186581575,5.22690171961328,1
50.782012635684815,25.089172130772685,14.24713147939627,78.8366282971352,7.012043643983549,14.036299528177167,39.8155724840461,39.8155724840461,78.81796201428784,109.80115404075546,188.63778233789066,6.6359287473410165,0
15.651536523684504,57.3611646530318,65.97705157927987,12.633399990007423,4.625190806642665,6.728105874069205,6.728105874069205,7.080637728578134,16.356765118018068,19.194705229128356,31.82810521913578,1.1213509790115341,0
102.02559558553988,57.88132450375533,31.434112901892085,49.66357506831501,26.55808254973979,40.62202757983891,49.348606855576065,70.33904059508667,127.7753333497642,166.6957502223722,216.3593252906872,8.224767809262678,0
162.95122651710753,15.934491829196004,66.84357836610087,49.21268977352095,31.289701626463604,29.668337132079234,51.280182867032096,101.55197335668623,252.41360228606024,253.5349190845835,302.74760885810446,8.54669714450535,0
72.22473725210399,35.48797371408268,17.393796805128524,117.74884805702017,6.820961413305872,23.00194052437419,36.241401929881114,68.80668612668737,94.36904573863838,99.05454254113202,216.8033905981522,6.040233654980185,1
50.05140564929338,50.15812077163007,80.40229182761473,30.24268581012668,9.828538827608368,15.780981388783584,24.592697210874448,27.89645785986476,53.76414583297483,55.45663176214944,85.69931757227613,4.098782868479074,0
55.752102967648696,43.131123494290264,32.1418226606483,28.899733444843612,12.927765224883478,10.895338124923457,36.9627035842122,55.57606529723659,77.64327294380705,80.93803017370529,109.8377636185489,6.1604505973687,1
23.13772621847334,46.087489261425574,33.515418460512194,68.40024349616942,3.5220625249253223,6.6513045810989455,10.972354496624975,12.17761452005882,27.162117828613358,27.78913178652428,96.1893752826937,1.8287257494374958,1
12.011512085547292,17.133871676856987,17.886996867283866,123.04603235719007,2.2328847155511857,3.8212812589210112,3.8212812589210112,9.12005701299309,20.48456803014231,20.687524646818883,143.73355700400896,0.6368802098201686,0
81.00618458262842,55.256384998405,21.13639560852568,2.092525923637107,21.495952724630676,40.49339849949164,62.35864078016511,62.35864078016511,88.72692919251156,112.52918728798538,114.62171321162249,10.393106796694186,1
71.72637039181336,15.667360316793717,59.839577540538016,113.78393668886031,4.189877946088713,37.95224033229717,37.95224033229717,67.4340285150356,76.08578083464462,89.47230041913002,203.25623710799033,6.325373388716195,0
81.64369453450007,39.39884190089015,58.16055779626679,101.42990809103927,13.051060024745409,37.438222010510124,37.438222010510124,56.29504792921184,118.22173994448565,143.8600985621369,245.29000665317616,6.239703668418354,0
53.614335656486254,53.31327839402885,82.44016959271961,63.35338068153048,14.070445396717629,26.94428062936142,39.73084499141704,39.73084499141704,62.21780664423497,70.69815087585043,134.0515315573809,6.621807498569506,0
11.118307171329732,22.850662192913497,63.02799960457182,76.63151945274089,1.4400838305303143,1.6592534368164906,6.643457209567871,6.643457209567871,18.76456596283318,21.77478549090163,98.40630494364251,1.1072428682613118,1
10.320996149222449,34.02373310731757,42.78463846001325,140.49225869131877,2.761335314591709,3.9065769468723883,7.55019056927817,8.755323962317773,11.790045488538855,12.543384072640817,153.03564276395957,1.258365094879695,1
16.121470876416875,42.04973004934265,80.34266141490323,42.83282627994901,2.8421739322400112,3.698389272060393,6.007880946800076,15.085030836288247,22.232700913043086,27.944461950044424,70.77728822999343,1.001313491133346,0
112.01569563019417,55.852286084713874,1.6591649660711694,18.53379585929981,14.828504471775961,34.64887760681224,34.64887760681224,96.34006700618396,179.38114748351347,188.95218405257958,207.48597991187938,5.774812934468707,0
9.386781523198374,27.986124625316464,70.17931745071276,101.86290219571842,2.793853891012869,4.238356228223665,4.317585266976005,6.676248474188569,9.768618337006732,13.21179776649237,115.07469996221079,0.7195975444960009,0
35.86060955129495,36.985820150416,54.318779183825384,95.64485473070759,2.342618406994774,20.564631832207297,20.564631832207297,34.153562591777245,64.5391532901955,71.83104398138519,167.47589871209277,3.4274386387012163,0
25.411365501363935,10.224057997913569,22.089315435072187,7.659621500741779,2.9792547864904515,7.07498831566336,16.213600489555578,17.967139447879823,41.0066211823592,45.28824819261896,52.94786969336074,2.702266748259263,0
10.717594252282018,5.782921795967802,63.74918907542851,193.7333749722038,0.8739341731206683,4.166371613921994,4.166371613921994,5.710511065012745,13.597888977562848,14.66932738010048,208.40270235230426,0.694395268986999,0
58.622819929336664,3.2432032375208664,98.66572080136794,91.08063744951052,17.308660467030638,9.001447778497644,14.471931406539799,31.656561161593807,80.72001360708158,84.18744656570566,175.26808401521617,2.4119885677566333,0
114.52421182485001,29.64186714408376,34.65084023608791,32.01438963481666,7.108146111517856,50.536304846274184,55.39972307402108,89.87416717201897,128.78684003958494,141.71137664453428,173.72576627935095,9.233287179003513,0
38.51038608337895,33.651708252731524,63.850474804122605,96.76902825806287,2.0571482009659494,8.434983629455271,14.218931836884895,34.22054539748322,50.63913343004567,70.84739706813154,167.61642532619442,2.369821972814149,0
7.645524788841901,7.008721535807872,43.937333002394574,87.2768330016535,0.7178811389260314,2.557540680670054,2.6970514484878514,6.263011753552982,9.569670465701906,9.662160666127335,96.93899366778084,0.44950857474797523,0
30.94530846512344,12.503606655034135,39.24379000211391,48.041490509362006,5.892130230154815,8.13565568363535,12.029494857500165,14.661166568476201,38.55711142215076,46.160801079287616,94.20229158864962,2.004915809583361,0
24.083977440888386,17.445455473033523,30.716159983667612,75.98247128073166,2.2672264998549223,3.0183847240745925,9.241323764583612,16.31048619768572,38.93284666525833,44.452141183863226,120.43461246459489,1.540220627430602,0
31.12176608825545,53.69393313177253,22.895033560980583,76.46191660609,3.4728684753977372,14.638866160230869,14.638866160230869,14.638866160230869,51.07499661640995,66.97512093108446,143.43703753717446,2.439811026705145,0
34.07521721923284,7.757097894525282,23.55855303580704,69.86506967204598,5.777414279329331,13.96021953304818,18.61027072647356,32.44661911323815,44.05486195757887,54.89737085145769,124.76244052350367,3.101711787745593,0
127.73281111914068,30.40205294118315,77.42507676007635,65.24134547173962,25.304888190512635,64.99115739376555,66.82007344022134,66.82007344022134,139.59036370658362,141.2608043380756,206.5021498098152,11.136678906703557,1
56.063929293347336,47.765904926470355,32.37869339145355,88.01227997786236,10.222971712679799,32.133447105276915,32.133447105276915,53.09770273113545,58.007455525034814,59.87032269463813,147.8826026725005,5.355574517546152,0
55.55821891124493,52.47005199137496,52.95758321734796,78.29498734631852,10.67778712060107,16.96919661436907,16.96919661436907,34.15177127304483,97.85456006666128,123.61137592504488,201.9063632713634,2.8281994357281786,1
23.65021726534785,42.201855369624084,21.35129450302623,43.062081790033055,4.9157835181751155,11.308213309318223,11.308213309318223,17.757481079425958,25.602181041749834,32.66947773546896,75.731559525502,1.8847022182197037,0
79.0684373595484,17.402012067463215,21.246769732451842,26.38507520694923,21.003198985808755,20.156707727088556,60.01757988453612,65.06532237166321,120.40350377829178,151.10667199074018,177.49174719768942,10.00292998075602,0
86.27990278404346,9.04226996753729,58.70790764308386,75.6754545929625,18.03449790036547,27.30136336330399,28.799036575663532,77.6755372025883,92.5225354030617,116.77219462518867,192.44764921815118,4.799839429277255,1
64.49870634111625,11.158095800329782,58.27633313522743,113.16617118869773,14.309994252060655,33.40744485850653,45.03412794387015,53.40651799669814,105.45585536994177,140.6970830148076,253.86325420350533,7.505687990645026,0
60.17870308723571,46.67596054267963,50.52634449807275,73.43962169528314,7.884906574097776,33.05333674255691,33.05333674255691,42.27397197269932,77.5422211302629,89.41077318614154,162.85039488142468,5.508889457092818,0
10.23913978089887,19.1989263683695,69.31859844026248,42.40989903828337,2.913075583448273,2.9486113747642695,6.200144717045038,6.200144717045038,12.937045196561629,14.58560913346484,56.99550817174821,1.0333574528408398,0
54.18418874247415,21.596576651522902,63.702569099243235,11.850059690061558,13.346177517407083,27.167326842838765,30.44592722959247,30.44592722959247,55.255447907191325,73.3957630770668,85.24582276712836,5.074321204932079,0
107.35691768132692,12.180382712062803,20.010087577044334,197.98752693838523,19.66505718934333,51.84749120502269,51.84749120502269,86.79172983185437,190.19527418340127,215.5661186293735,413.55364556775874,8.64124853417045,0
56.19551257518074,27.209421577872597,5.549550840571138,92.79419377003337,8.179797364257345,10.85944420459085,23.841051044225935,35.95823239409198,77.96125845500006,107.86216433492807,200.65635810496144,3.973508507370989,0
71.52202960438359,21.403436422001484,26.967319601293116,87.8599246274422,1.809262789569161,29.524536630787463,51.39779608351152,59.61773391750543,80.0811571509121,103.16391898552536,191.02384361296754,8.56629934725192,0
31.232000013376016,22.706977972580408,43.12469531677957,48.3484573704374,9.25154317193508,10.870510758493108,19.421884032532493,27.11499165418965,34.4107198436463,44.07501567980572,92.42347305024313,3.2369806720887486,0
21.991006506898316,3.9598337026412844,20.82982991027268,12.42351003469697,1.3111136640490868,2.8899317511184703,12.932583362304383,12.932583362304383,33.97843494119477,46.31031804657433,58.7338280812713,2.155430560384064,0
14.373447890531377,28.829023365377786,48.240145880868226,40.039287150548226,2.3363059318474937,5.369717245339625,10.874066493457486,10.874066493457486,16.76042450091604,21.900005197989397,61.93929234853762,1.8123444155762476,0
95.4483228678816,8.489690201057888,3.6709433021800075,177.271546724374,11.043817759454138,56.29187683505375,56.29187683505375,66.80233616030448,133.2940446639915,135.58149673608366,312.8530434604577,9.381979472508958,1
36.89345375269581,33.069261557141104,47.71244963298123,21.24116985272661,4.1060357086639,18.075952979186027,23.96068084001151,23.96068084001151,42.6073926056974,50.41403979274608,71.6552096454727,3.993446806668585,0
86.90054037765998,40.81265267485671,35.15126926565934,9.675738025011604,11.94441620386826,17.41921663253043,67.84718382910279,67.84718382910279,113.55816495051587,130.72437987410365,140.40011789911526,11.307863971517131,0
28.037875283165025,33.674179150832,95.91059854996425,196.16513482322944,5.054816675562247,5.902987072427595,21.947534849738528,21.947534849738528,45.21683506702096,52.91005819033653,249.07519301356598,3.6579224749564214,1
91.04653955450715,10.495271183957579,87.66998717290299,32.52099561384148,2.0759487817693416,23.62747921445403,27.685600284427544,57.722178471091084,93.06718009561013,103.54881620885229,136.06981182269377,4.614266714071257,1
43.26668788676618,37.75672289124974,95.11181407938474,58.06783660276984,2.732083469327012,4.715885218154565,29.67678446422207,29.67678446422207,51.17450031876134,55.70593537429842,113.77377197706826,4.946130744037012,0
30.987689194259904,25.94230435061869,65.88297814441877,88.85260387763346,5.940093239839354,4.239470595553072,7.291966536218988,18.49931043338863,53.82870202929277,65.51889781588997,154.37150169352344,1.215327756036498,0
31.208350904323346,22.844796532329795,97.19536161093161,239.29324847631963,7.084827762823554,14.34412427701461,19.200560552840276,19.200560552840276,47.65948135170197,61.82235848440649,301.11560696072615,3.2000934254733795,0
76.96045417952925,10.629030962643533,18.951880200126514,174.41468441851305,16.086683956831475,28.731251228862483,45.004314332566786,75.24025333524702,131.35062379966578,141.02694177729103,315.4416261958041,7.500719055427798,1
56.089227039634814,59.67118949307826,53.23918834492686,63.86486287178332,16.685262054229927,25.129545211414722,26.55456248536892,46.5862282867773,57.17849021893448,63.491690970639546,127.35655384242287,4.4257604142281535,1
77.31195919303057,24.77499351141258,74.31800885237287,42.2102114361723,2.579411045408055,35.38624055839714,35.38624055839714,39.40661262165133,131.60921670794073,166.60514412978398,208.81535556595628,5.8977067597328565,0
106.31703425104942,28.469494706032958,48.23461318270847,24.080038948131094,17.463073870257166,14.547732523888367,36.51785201718794,78.5846830621844,172.77237454874864,218.95000191270688,243.03004086083797,6.0863086695313235,1
34.71296881516781,7.47417731786234,21.374664788178567,93.82376390034146,4.761794970402187,19.888344486694844,19.888344486694844,27.585905378634067,38.2082347777828,39.52463535497984,133.3483992553213,3.3147240811158074,1
65.35325199676424,41.17744056972455,65.3820710070683,73.78865157213325,4.947001008235274,38.21060594298077,38.21060594298077,46.93552054141268,88.49200569854635,91.23603435230602,165.02468592443927,6.368434323830129,0
38.69719426220304,18.39419575135459,97.12095856163859,11.39602627009946,10.422566751718476,4.530267613666788,14.758241769670782,29.530354532958345,50.69844017517855,60.78455298075738,72.18057925085684,2.459706961611797,0
29.15309812398583,44.929576200762185,52.32004559777758,57.79339128823243,1.754628488316522,3.903540874543484,14.712211411916961,26.86616355859115,49.304308535748405,65.80550016208318,123.5988914503156,2.4520352353194936,0
56.6882738202251,5.893372664469034,24.81110782106314,75.2493447152021,9.143014841976287,28.90217272897068,28.90217272897068,52.96581967887582,86.7449402319617,94.44605305695283,169.69539777215493,4.81702878816178,0
10.145888789119711,19.216565703594107,4.051767077223056,99.99247077217602,0.7487377492113994,4.098963929627113,5.541292693925269,5.541292693925269,16.138348988436963,22.582953069994385,122.57542384217041,0.9235487823208781,0
83.19071411432296,45.247973842612055,10.41368345975785,28.453348553146817,11.830920232613614,49.56983856903016,52.9332630133472,58.982254775799966,144.0174393892369,201.56804516310297,230.02139371624978,8.822210502224534,0
51.92552721338812,24.9684272999922,77.72239702627843,76.92719731180146,12.532018453599644,11.602985333808245,14.018240405838538,35.03219587493236,64.93535195175141,80.59769877840786,157.52489609020932,2.33637340097309,1
22.91082756949096,3.9885650763314273,48.52585684088412,23.37455744785949,4.952548899250523,11.403708704912495,16.267809617178557,16.267809617178557,24.16165676936747,33.44553296142914,56.820090409288625,2.711301602863093,0
52.85342707895193,47.79345713532357,20.865945594715896,89.02443138142556,11.422454204179838,19.15075759270543,22.172862564060633,49.90883213480784,71.26592052417497,82.46487912688264,171.4893105083082,3.6954770940101054,0
7.106466660634571,58.00465431386054,86.00778750408121,56.31150208595648,0.5700807693736094,2.6833425574788503,2.6833425574788503,7.071510706269411,12.44740048699986,14.945298435016348,71.25680052097283,0.44722375957980837,0
13.909730320580252,23.83780778067359,43.60760583667551,251.63137212078846,0.36721490786227795,2.8437619878814475,4.279045669750104,11.487934056415899,21.426930985486074,27.454272685001527,279.08564480578997,0.713174278291684,0
13.992162996960305,38.05250912743315,79.57493843709607,33.492504551600106,3.1009265578172944,5.644029859338399,9.564389246231283,9.564389246231283,14.399914929310569,14.80699862097948,48.299503172579584,1.5940648743718804,0
12.521403435964181,23.61375947146482,81.12925887816186,45.73784254264888,0.6224487004242932,3.8232578345819364,6.095452545758239,6.095452545758239,22.379117301206694,29.262872043865656,75.00071458651453,1.0159087576263732,1
35.51100481935815,34.18898586075523,71.79169941635418,12.206636545760976,4.589932203606569,7.468337213618768,12.590414491922193,20.225694773548884,50.84968708479312,69.90160470186157,82.10824124762254,2.0984024153203653,1
52.66146003703152,44.836687526879594,97.2574249866807,66.10241694661552,13.497047175874027,27.30658529527213,39.96173725206058,40.21554786131946,69.34833630230202,85.16513220066031,151.26754914727582,6.660289542010097,0
204.23683872307774,38.708926788569144,89.69005707418124,50.78097438739094,27.501398462722104,42.29776640079001,112.67707370548686,116.81421680173908,285.039360532051,310.0131743483477,360.79414873573864,18.77951228424781,0
92.3362329522969,20.253216338500962,12.543831806644656,71.31928437951409,13.880029369974835,23.098503156213763,53.60750332958556,78.10404396986767,132.01325811657267,138.88972509766216,210.20900947717627,8.93458388826426,1
5.0330366649681055,13.320935865650897,34.37520826176657,63.34072229961163,1.4506368320365202,0.7218779737053519,1.7552612029726942,4.976873918245997,8.73824850691243,9.499382551807654,72.84010485141928,0.29254353382878234,0
130.03343731965458,33.57138466703938,95.42476201854836,254.7383127055303,35.698960759025006,56.969342388627936,57.19905897669154,68.65154768824242,167.86156140664517,181.38508078821317,436.1233934937435,9.533176496115257,0
23.1826602298408,40.25087857857005,65.55692017842455,95.21226701382753,1.0535366786234173,5.60872314717484,8.90665737292544,23.087312940862205,35.45655925370924,47.65600370247063,142.86827071629816,1.4844428954875735,0
61.801335053828154,35.32078409571214,44.373287584092495,118.72039643302934,16.236274102530434,35.77937690685789,35.77937690685789,43.252079778389835,67.46449443995976,71.16126319993919,189.88165963296854,5.963229484476315,1
36.360207791906895,9.432166598248891,86.21207571259822,73.00538125550551,5.762639584888823,17.116977825297713,26.880496926844277,26.880496926844277,48.694972788998065,67.5901912340063,140.59557248951182,4.480082821140713,0
135.78955632446718,22.59268295535768,63.889041707100155,81.87495661903523,33.05557440822812,74.7641634837359,74.7641634837359,74.7641634837359,236.68918497081958,310.41865200011574,392.293608619151,12.460693913955984,1
86.87183907600226,45.18962256783195,37.057296571804144,70.919985373423,10.302485285318838,17.218760343666336,22.029957239213402,38.504784956758215,139.91197129448872,180.90312502178367,251.82311039520667,3.6716595398689003,1
122.57373787527636,10.511418768095336,27.1247503054168,71.9235349211767,35.30407371709379,51.4674094319415,52.47468149480582,103.79975958668251,213.70562253132158,266.4768553146522,338.4003902358289,8.745780249134304,1
64.35086902239287,53.23612745497529,85.11030885695648,42.21638789606867,15.639586395138773,34.74434899218087,38.26522285039492,51.667963100186945,70.97914073454821,72.25374944906909,114.47013734513776,6.377537141732486,1
27.920941543597166,29.0588974556492,84.67659060654206,116.59357395791439,4.071823015450065,16.215310412140273,16.215310412140273,24.010816760667865,38.339535590785324,49.36172657932242,165.9553005372368,2.702551735356712,0
71.43156505185452,47.887421324801544,91.83060216779857,265.4763145426516,8.643325425578528,30.366055905161883,30.366055905161883,37.860658287673125,101.41587946370485,116.9361769663747,382.4124915090263,5.06100931752698,1
106.35585701202233,21.76672616992164,78.45436709277651,72.8769311669806,8.41199342882623,61.027030334396954,61.027030334396954,90.26685609819536,114.36955256740869,120.0247892550745,192.9017204220551,10.171171722399492,1
19.90482761646932,22.83450483562128,18.476899941398262,29.91119387776576,1.9329645688001218,3.459732758885014,13.92552437743286,15.469192658652146,28.198693208624906,37.583237494237935,67.4944313720037,2.3209207295721432,0
58.468985446321994,58.08764641136158,38.84781951025232,135.98188993777842,8.406553188316153,7.032754163412333,37.52720685178889,37.52720685178889,76.22727766066629,86.39443258585214,222.37632252363056,6.254534475298148,0
80.05206671535086,34.90630406579902,32.80800460758214,195.14746141678296,9.540693779654807,26.62076509158569,46.98095519020146,46.98095519020146,80.62666999342768,100.0548952365787,295.2023566533617,7.8301591983669105,1
25.737829407430013,7.91059193680919,25.7875839317653,44.33724828176057,5.156645109454704,6.657264569851486,16.468768312655254,20.561695004232483,27.98426732348542,29.735782778819313,74.0730310605799,2.7447947187758754,0
31.381353622526582,57.54461869543551,79.47258599027955,24.059321780529814,6.211973626481772,17.66766536363251,22.120630248400225,29.68343357989941,43.64361597167516,45.8766056172484,69.93592739777822,3.686771708066704,0
38.97313472644232,23.74133558749761,12.46405222477721,107.96214334885505,2.8909490481783497,4.21074311788053,14.012799894203994,34.329301801851365,42.351518222165396,49.915975633263834,157.87811898211888,2.335466649033999,0
58.90886090400753,43.192978401525494,47.92075523969746,74.68216107046304,5.479291106229252,15.229410009131383,39.73151893579859,58.38300168547893,77.72771923053278,79.06452963199602,153.74669070245906,6.621919822633099,1
43.316938152745976,9.456577458509944,86.56390408984548,100.99813540257274,1.4145220732402988,11.906681151261012,11.906681151261012,21.252059972308174,77.53800640687898,96.59543530256698,197.5935707051397,1.984446858543502,0
46.883654870966765,51.60871843866084,78.89708351184093,68.70371802282617,5.958357538968911,21.40186684246181,35.630800696813125,36.981597492319196,63.37562050671908,65.37304102095176,134.07675904377794,5.9384667828021875,0
145.81244487088006,57.62622038823689,26.737441765043446,57.83361022763587,22.246046352710113,14.716848373459479,78.57493081917045,89.48837135797402,211.74014464122217,256.01303815988234,313.8466483875182,13.095821803195074,1
42.00022278988692,24.205204104513026,3.55471879152498,31.802167335988806,2.0759036759044527,22.048083363781274,27.642782764706382,27.642782764706382,56.025200353660246,64.10511280859932,95.90728014458813,4.607130460784397,0
116.40157178598052,10.393575006499312,41.38770322441473,91.74469365917496,5.102596055214646,66.0258151858788,66.0258151858788,69.98119068633791,126.3754330663054,142.73617327989348,234.48086693906845,11.0043025309798,1
190.53410801751866,34.34350785440998,59.35057664658762,20.679759989257235,18.098336386661327,65.17347960038039,83.87000878213243,151.88972209638595,313.82962274107655,410.3838500372765,431.06361002653375,13.978334797022072,1
21.618720424212206,11.383657563878243,85.4749752597786,116.25375559092369,3.407083070434422,3.33119231363045,13.48135120531217,18.82093956312566,34.31314652015493,40.82274951704461,157.0765051079683,2.246891867552028,0
88.56105206485326,27.644098172209873,52.826936180892105,110.89784805720069,26.15753750015665,11.101458665124182,35.22008776636342,64.77268256467846,120.04506749289591,129.33947959654273,240.23732765374342,5.870014627727237,1
29.532997951679143,38.114129617660616,26.58130287377045,89.17784234672067,8.157625711881863,6.769504540436221,16.536997636122848,24.209204122346655,34.0394686238868,39.311881116553444,128.48972346327412,2.756166272687141,0
85.7486636275921,10.07932969862157,69.07564252423423,160.2442501778523,11.280841540626238,14.344783435948136,17.218413911922596,52.43164077166478,135.88971376604428,156.87922927069744,317.12347944854974,2.8697356519870993,1
28.66418641782663,56.98508297940204,40.16580982440886,53.78818360272416,5.036391780869965,10.074699597042535,20.14663329405111,20.14663329405111,36.216283009193525,43.88014619659884,97.668329799323,3.357772215675185,0
4.305809477115628,42.924162530290495,82.52369281305992,52.27887309715105,0.760859966270301,1.3136515917360496,1.3136515917360496,2.1386589232110182,5.985320340545026,7.533311457499241,59.81218455465029,0.21894193195600828,0
76.72138340057471,22.954255474029942,2.372534518573499,49.169444651635565,8.904522673622937,15.028268364639173,43.590596470844,43.590596470844,92.40493737197625,103.72709603080757,152.89654068244315,7.265099411807333,1
48.00613563534276,26.109889997898424,41.90110052876885,77.36395767766355,12.477835742416051,24.79933047209528,34.23534980029862,34.23534980029862,64.20333579276004,72.27286383375052,149.63682151141407,5.705891633383104,0
109.28181792296436,51.19085397193609,42.21583288587127,61.73681316554288,11.108753413467323,43.72902230424347,66.4724864653133,107.72472560200883,188.98171188205717,249.0225149453187,310.7593281108616,11.078747744218882,1
28.301402468521093,29.608245034898584,58.7543421510553,47.797211808150244,3.950569493294297,11.692683517623019,13.704514573842474,26.991270286930252,35.064385661946396,37.593305330665785,85.39051713881602,2.284085762307079,1
41.6533583106014,59.25067649815592,35.86112056656023,51.14575531872657,11.410182012445947,18.397071702325622,20.939095361875662,39.08420324141442,54.572437007745535,68.85452863665547,120.00028395538205,3.489849226979277,0
27.05438967852413,5.606107914463661,40.21746983911972,86.2772446062958,3.1615256043236246,14.403889815734834,14.403889815734834,16.738169540465147,38.040957129093755,53.07674951657148,139.35399412286728,2.4006483026224723,0
13.46220793212051,17.737541185869002,73.48926796556742,149.6353563047824,2.1957539012025964,5.889234742663987,5.889234742663987,11.441708164498955,16.52296114440523,21.69227522209901,171.3276315268814,0.9815391237773312,0
57.21848243766801,32.069928626692246,17.12826039322263,41.380551778921735,15.092180864124584,9.526367514820643,38.01884109476843,55.038866538147175,101.56276798770986,112.40836921695585,153.7889209958776,6.336473515794739,0
41.821356766238836,9.879000906340377,23.836990323939876,6.563154423907012,4.671504517414499,12.193009539142217,32.36062047415664,32.36062047415664,45.32338298743851,45.93408292442802,52.497237348335034,5.393436745692774,0
6.758244996893875,22.661219038830243,10.238716029724825,106.26581240904346,1.955001280091063,2.4383943524813416,4.2732749109201995,4.511885494468637,7.4220849072691,8.279918505457468,114.54573091450094,0.7122124851533665,0
111.88820952169145,32.15870068567178,25.767069792910924,30.003703253858273,8.614769720793044,21.550797934123665,82.7113922999785,82.7113922999785,168.14995205377872,168.3660871460945,198.36979039995276,13.785232049996416,1
46.14039611274989,17.137481030491724,50.53908427698502,149.34517786164466,9.761860751639551,26.30553492804448,33.35431061897529,41.78572310047339,68.62218993644717,84.69238057943308,234.03755844107775,5.559051769829215,0
26.364027199330724,11.547223927145419,18.91583838214097,119.28732403974605,0.970469516910296,5.962477409340404,10.89318262496972,19.688798453073947,32.36638008425121,38.30660827186503,157.59393231161107,1.8155304374949532,1
77.49324215459403,17.564040365131326,7.357738867173513,126.69812398955722,13.203774527141393,37.664352788169175,37.664352788169175,77.40911175925145,82.2104212552735,101.97746494151671,228.67558893107395,6.2773921313615295,0
94.18197855482026,6.789164022158905,99.63666021159987,71.26544238262255,6.086988437453011,54.230230254831504,54.230230254831504,54.230230254831504,104.0939850722547,137.0406210379782,208.30606342060076,9.038371709138584,1
14.952326602622673,13.364219487829052,45.52061142493113,144.10407115259264,2.930268103763487,3.549760134602176,3.8117500550274843,8.787933394230418,17.61040073003246,19.241788415974717,163.34585956856736,0.635291675837914,0
12.672355599959072,5.53888230935229,83.1548396453903,91.032924439537,2.4420929588075153,4.154364864421603,4.154364864421603,9.275370255651827,16.72736445827447,19.217880889828717,110.25080532936572,0.6923941440702671,0
31.413695465457593,57.24681073939164,73.8774128826871,85.7649566806934,4.291415177907956,7.049111619926815,7.049111619926815,16.702386225911845,45.48851806632447,53.87938060881398,139.64433728950738,1.1748519366544692,0
60.11239684084618,11.338817931285659,16.544204533493833,75.44196718326725,16.76850752692443,30.732287022719238,31.09377424866804,58.96954569820678,89.90894731325919,117.56936374791529,193.01133093118256,5.18229570811134,0
125.66412796719288,2.0735509856187733,51.22782166223382,98.12110942585001,33.87822172818908,62.53319409433025,65.74594905831954,102.5750961042578,195.58890638366114,231.2071704275257,329.3282798533757,10.95765817638659,1
1.6687286574137272,57.528218437105494,56.785880094749054,17.37858113243236,0.3767901267322267,0.9122325823081018,0.9122325823081018,1.2752515534830697,1.7337085065803086,1.8800916372767211,19.25867276970908,0.15203876371801697,0
152.50146339995615,45.99775540658309,15.783642235136385,47.323646268722854,33.779458713367426,20.03104425390884,46.733667240863994,73.5013815604048,219.20672771770853,297.7602101750702,345.083856443793,7.788944540143999,1
49.90284472822251,17.487220376944883,11.189715483523333,47.404223422128986,1.9513934534210324,23.455588159632338,32.182638957558,43.64820450791785,51.666482087645825,52.962353882654746,100.36657730478373,5.363773159592999,0
106.13220300909525,52.9772459642269,26.322776983619434,63.203287781674405,11.737774215746509,41.37290725530147,55.09432967874038,104.27174154466239,161.4489146253088,202.7401176937974,265.9434054754718,9.182388279790063,1
100.97686383889497,52.55425106780985,26.12636251597056,28.594585677468395,7.763650265066914,31.4787275611363,67.37265435381983,88.97526712562853,126.7225344171638,142.20822779789438,170.80281347536277,11.228775725636638,0
41.86577119925697,44.97765889332683,27.758546540846652,39.69514855776435,5.392022078384841,22.80595294168653,22.80595294168653,30.95413493188615,62.22082694753274,74.36023183580895,114.0553803935733,3.800992156947755,0
30.813717637460623,36.348936151997606,25.24562886722115,22.287515276368776,1.5581755776639665,16.44451626960357,16.73384646396876,24.976633657396498,42.57218257170787,59.03573518245177,81.32325045882055,2.78897441066146,0
63.34157474146752,35.913523880192585,54.681489730143554,39.29809583624463,6.911422948546969,28.495333566640742,28.495333566640742,45.586392615827,104.66062652394052,129.53154521661952,168.82964105286413,4.74922226110679,1
50.90503619919885,58.19634636652368,29.439531418548526,32.98480231055471,9.155777377566276,9.470115859444068,39.51013167295656,39.51013167295656,54.8867244774727,69.65297332210699,102.6377756326617,6.58502194549276,0
25.047087144027174,28.978575060003024,77.16448922136351,38.5149582783676,1.6664702798250615,5.756100315339887,18.899942987355118,23.111873967297388,35.750541013680056,45.06911197890988,83.58407025727749,3.1499904978925195,0
41.92966362997935,48.896669153205956,5.238121772494031,121.04814405055707,2.080192304427243,7.4651559822631395,16.586558054297377,22.653972154343194,52.38751504838611,67.44778202505091,188.495926075608,2.764426342382896,1
33.48650860138272,8.524488022739757,62.150752419966736,64.63102829110669,7.295753809325207,7.638971074749124,9.810348974678464,19.693649573701308,33.82425185431056,39.83172591637251,104.46275420747921,1.6350581624464107,0
45.113948778705236,42.648008514729,77.24450960121575,56.51388381538436,4.021428634808722,21.951639915064156,21.951639915064156,42.82546076847375,64.53525091275168,64.97909716185437,121.49298097723873,3.658606652510693,0
94.04382828184285,59.394778237244346,43.71692491833477,159.40682485361708,14.473300997904506,25.09097708494097,28.761285701054113,79.81655321848142,152.88763023202762,207.30452225437034,366.7113471079874,4.7935476168423525,1
33.266818196622204,2.578727906638028,31.932467289895662,87.13982015322891,8.47517303077589,8.027548261852568,19.259350967677427,24.292137929538615,49.60278969875038,60.7419739418423,147.8817940950712,3.209891827946238,0
54.935954213169836,16.95830577499771,30.308776064418165,92.25143560724158,6.9215931685862815,12.330264625495875,16.89588574066383,30.35370147055119,57.000264699505635,77.8238120250969,170.07524763233846,2.8159809567773046,0
41.287054256319415,47.52686449895986,32.77930911238367,75.64659295601278,1.9652800080523736,5.170673912639945,12.814379796486872,36.914703014570485,62.680264927879236,81.14501040433072,156.79160336034352,2.1357299660811453,1
40.89586649016435,44.561065416530454,11.73632171215262,123.06178755451648,9.810666659707222,11.046266985065177,18.06081317970823,29.47118583539726,64.34980010591347,83.736680253747,206.79846780826347,3.0101355299513717,0
36.16896947686911,44.58335380634993,58.107565737092735,136.42878590073724,8.202476711682504,5.325070767918083,24.460402794326438,26.317549772903824,38.25477178067226,48.239926846806675,184.6687127475439,4.076733799054407,1
64.70511603215621,58.98289782293385,62.3475045655337,84.61400803917749,12.349660033811361,24.65008874833195,24.65008874833195,33.252112114103596,84.67181203787894,117.2406196580023,201.8546276971798,4.108348124721991,1
2.553509435536485,7.559602847748525,38.96818931430075,122.03505045684098,0.43567154231211547,0.49146065153269525,0.7510555731649777,1.6942867732211784,3.1633920959751074,4.168477986485899,126.20352844332687,0.12517592886082962,0
65.49087822662152,41.15544613513024,95.58582266764599,97.98868930202816,15.103073207448759,15.446205709339331,16.063340997021616,40.218990624104556,104.76256950135287,123.01115747751261,220.99984677954077,2.6772234995036026,1
52.24054019499194,39.188832647802855,91.14345777372574,86.97400440536998,6.212171267836921,17.718909376171123,17.718909376171123,30.09937093562136,67.63012598317785,75.02656582064368,162.00057022601368,2.953151562695187,1
49.62980903919375,13.934174251801583,29.787505206726728,52.77759308969644,5.5740964690937815,14.419818600031958,14.814745137772537,33.95210629895979,57.88630145395752,67.03796488724336,119.8155579769398,2.469124189628756,1
72.56607657592335,14.349666115054916,73.23513390835394,37.68726599643034,14.19943315835778,18.92181214817817,49.15989167322808,65.63671160352332,103.39464729481344,110.91276276838799,148.60002876481832,8.193315278871347,0
7.793800384411358,39.71230820183778,11.631584607057565,17.79563403075995,0.5190679355485875,4.507120304364609,6.165956831384592,6.165956831384592,12.529191606183138,13.722907540964417,31.518541571724366,1.027659471897432,0
91.86704336856091,39.96212919619991,75.78138131490837,189.33406764945855,18.12557365392317,11.866859805106907,29.670510703608095,50.302877852395056,120.70956713141733,128.55253991940685,317.88660756886543,4.9450851172680155,1
35.25536023996387,36.804134977224685,73.57389494948099,122.89316253724103,9.264335389088892,19.044162002081855,19.044162002081855,32.76357097194582,60.540696382822574,61.92211340166949,184.81527593891053,3.174027000346976,0
33.583887098496476,28.789779173753885,35.66286320059759,48.601078552166356,5.515604104836306,18.950306039354334,18.950306039354334,29.006244427702075,51.068992948835096,59.09868204698971,107.69976059915606,3.158384339892389,0
20.337034746088417,41.85766175943317,38.69506184010635,14.68993621756523,0.8789698407890462,11.875857042604043,11.875857042604043,15.03477735245225,22.22723429276739,28.978217145666108,43.66815336323134,1.9793095071006739,0
22.847700106300074,20.66959289283432,58.60615093980509,98.44109268153602,4.6975276598491975,12.132841956505281,16.09534434807294,18.461742292377775,40.69255760278493,41.81972382075976,140.26081650229577,2.68255739134549,0
7.44769707373447,15.676551343672353,28.02212157831431,54.21690317103214,1.9618033977458584,3.7605236701392712,3.7688651382648293,3.7688651382648293,11.75851182038784,14.777155945476405,68.99405911650855,0.6281441897108049,0
46.51922379276272,36.53449985398609,57.273609968519715,127.36961664356056,3.49437941121093,10.158018975750407,18.520127422994808,39.211278964762855,55.30248111870201,76.97658111793584,204.3461977614964,3.086687903832468,1
28.109172752810817,37.80228460671441,88.76253801380547,30.977048587194727,5.3804059359122824,5.342832772283397,9.153109464551846,26.273331741525723,35.07265348170032,41.44621086461156,72.42325945180629,1.5255182440919743,1
81.55672466157887,49.111029399737376,44.48375586106255,47.129400499553014,6.132540540444923,32.733693968546156,32.733693968546156,55.77167886906079,112.34940132713147,124.78223830259543,171.91163880214845,5.45561566142436,1
57.13775160727683,26.132329157527337,20.420782331217936,58.60685259555141,14.257120904357766,21.01244513741546,21.01244513741546,51.715935216601935,58.12778330204249,72.59463899412152,131.20149158967294,3.5020741895692438,0
50.98871822266363,46.31911129169933,55.80443594920751,108.16695349528585,4.62949767892014,23.477189733302932,30.579276495813932,37.813922732193554,87.4936361842473,111.42424512553607,219.59119862082193,5.096546082635656,1
30.719616203130677,55.22727309547034,65.28464930918264,40.32342510158092,6.028421841817168,4.876378524175915,18.300043838507616,18.300043838507616,32.695913976433964,36.531563316313765,76.85498841789469,3.050007306417936,0
37.64511737436888,26.68840530661298,52.59844104666891,99.33050307700121,6.9646979145260755,9.14925663485322,10.408009918950608,15.349941382715986,42.80137882499371,49.63348951009745,148.96399258709866,1.7346683198251014,0
122.79417020642087,33.46959173336657,2.362898115769785,18.85260702855853,15.34142688394741,53.55267876736936,53.55267876736936,58.451053679960324,175.45234984705024,241.3831010727185,260.235708101277,8.925446461228226,1
30.361998291041647,54.79520652624173,66.92808050837364,65.09764337003938,8.262427126739622,12.32518251014585,20.979348075691263,29.706983415658286,49.719573291018826,60.193655857382275,125.29129922742166,3.4965580126152105,0
2.039337128048401,19.414506788470696,3.6894441180084003,172.820551988752,0.5554474718758836,0.5594063566351604,1.061908177011899,1.9865392950182739,3.570365729196682,4.979745110345086,177.80029709909707,0.17698469616864984,0
36.30933540923531,43.91409061595834,41.74237958810868,222.26813468100505,4.1836957132626225,6.319455108785552,11.134513377864057,15.431092656329193,39.661985312318336,47.7350075129843,270.00314219398933,1.8557522296440094,0
17.934832223319212,35.47878770138178,41.43977195151921,141.9011548600387,2.1067210676783534,9.486364628098016,10.59934066901761,11.14694107125506,18.157193307305278,19.347374193274135,161.24852905331284,1.7665567781696019,0
33.92903490737328,26.01194589368373,84.64061135290623,14.271906039815448,6.899708071531685,17.492673537010877,23.926591571371347,32.844483882080894,52.90596747110624,69.81169771204468,84.08360375186012,3.9877652618952246,0
44.634982307128865,52.123447314884004,86.26723635668827,60.41089753017001,4.441995870515579,7.726489806118134,17.730316056540843,32.665043703554026,54.29075650705122,72.94044452806007,133.35134205823007,2.9550526760901406,0
18.231619033501982,11.090235591612633,77.50417578649999,66.64430236594187,1.915608865049578,8.653618571652403,11.97847770693777,15.956926152581076,20.160202949791422,20.40581002640484,87.0501123923467,1.9964129511562951,0
6.820910046282435,4.0532356738811695,81.97288694135254,129.91825416914173,0.17571631055348566,1.1660979578667177,4.804464628404639,4.804464628404639,6.844245756137949,7.483699816848919,137.40195398599064,0.8007441047341065,0
36.8872396900717,14.014257316194215,21.88023944931613,74.35716028727698,1.7080249259127243,12.0148269213874,15.070784107233528,17.029804197133956,65.33532615298623,77.10438916396795,151.46154945124493,2.5117973512055882,0
111.46309173375089,52.8236128333417,71.6284086137663,29.20181268136073,22.76631169811967,37.12369319291298,84.1020148471468,84.1020148471468,176.89797838405644,242.01838577847326,271.22019845983397,14.017002474524467,1
42.84315952658964,21.928811514119698,74.92840646287343,143.42541417755157,4.705242136474902,12.891837333344746,18.92224220318362,34.93712373569584,54.609773092204016,73.92808685763471,217.3535010351863,3.153707033863937,0
53.433817958416185,41.67017422165738,77.80739958028275,204.20284333683438,2.2841389003537764,14.484966068534957,14.484966068534957,51.18661894458766,78.98991812971809,99.64362206361793,303.8464654004523,2.4141610114224927,1
32.48916511841068,15.38868727408906,79.47831552248233,116.66142823048199,9.111840921424077,10.844182875302282,21.259665017242025,28.204108886790017,55.629057390519215,72.62028035146547,189.28170858194744,3.543277502873671,0
60.707637221345855,30.471813938348824,16.32427588816516,38.855318572547226,6.24054925585059,27.674792191761526,27.674792191761526,39.19485602401275,104.99247450231557,111.06579737305726,149.9211159456045,4.612465365293588,0
73.27877077327739,32.32568134475969,25.6925041365366,236.16899409145975,5.756025149651583,19.457287702206013,23.722622619459177,45.70131975847175,104.6283201807341,128.3797806025025,364.5487746939623,3.9537704365765296,1
97.40523733167561,16.231739302523824,78.36865085611515,123.95792121599641,16.193977100141787,37.994641617335795,57.792500895300016,89.8304259046843,170.5495714628043,223.92587345741376,347.8837946734102,9.632083482550003,0
117.97307981937142,24.46938609532021,14.734863277533295,110.31442894538358,29.799936541733093,32.95147515355167,59.47203409385307,83.81282261158408,189.4910220157316,207.33972268673767,317.6541516321213,9.912005682308845,0
56.04566971889231,17.18274799905612,12.396089080283723,198.41594296499346,14.814784837325615,32.81711486812455,32.81711486812455,37.779061533169184,80.57199122678419,84.61263276489339,283.0285757298868,5.469519144687425,1
99.36659131378838,7.839153221012878,97.70134025223479,126.3009307036852,10.475647058250727,43.906807283753054,67.59191859459908,67.59191859459908,129.67271479323378,160.78779114803686,287.0887218517221,11.265319765766513,1
81.87568617722685,27.03586929338782,96.77904102523028,62.235381416895486,18.651649227918977,43.077727356160004,43.077727356160004,66.63677276864873,143.2298785466093,195.9245850250153,258.1599664419108,7.179621226026668,1
61.816157116071935,34.690376139306004,33.673379468556874,182.13910725701948,10.291679334208059,19.536924196521824,19.536924196521824,30.36514620385356,71.44471953370181,99.27034432803117,281.40945158505065,3.256154032753637,1
42.112670497021284,7.223407342492972,0.8593109174588887,31.99419413367311,7.861861101892758,9.609016600118625,24.238218476345818,26.646918810436027,60.44807683575795,70.7501291631719,102.74432329684501,4.03970307939097,0
4.725044730266816,22.75780136341283,39.82465243349377,37.376207156011,0.6766468752648283,0.6591117575216899,3.126299564423706,4.023205819798077,5.227131509053464,6.204260016696791,43.58046717270779,0.521049927403951,0
166.33059994235063,28.836528154225007,2.587365818105214,45.0758654023414,11.581533263818004,84.58351956144091,84.58351956144091,133.90013805539786,184.100080308861,230.21903492980726,275.29490033214864,14.097253260240151,0
47.054875880487785,56.0865201593239,14.342780083070828,76.13358590251558,11.750604382903601,21.13091187200447,22.177733949753858,22.58465096622619,49.31062720225148,50.05252002548198,126.18610592799756,3.696288991625643,0
29.77185683131742,37.39868241569186,22.411383749125648,84.59344988565987,5.131255550726461,15.201889680005591,22.74316877595532,22.74316877595532,37.15725201844074,45.22049604661832,129.8139459322782,3.7905281293258866,0
29.862603114920837,56.651404313820656,83.92199424383938,59.063414865989415,3.957358769774434,13.126752760058721,13.126752760058721,19.00980110453908,48.95218886940776,61.24309653106563,120.30651139705505,2.1877921266764537,1
72.5419077025578,32.41420995826998,37.530052727940856,61.42778383650901,15.168011141571775,8.624693834873032,38.37318798645434,39.185116762184116,83.22839320827346,87.38993153446323,148.81771537097222,6.395531331075723,0
14.255591346538212,48.58896047308566,0.8220983944319582,87.65682186434736,1.984114424162378,4.453830963342331,8.36574133258084,8.36574133258084,23.749277126674084,31.62576185853579,119.28258372288315,1.3942902220968065,0
111.24673104815604,7.582603171705169,63.687690328872726,32.05355707069416,28.673910022224028,29.56527079243759,84.16431221266191,84.16431221266191,199.68178256148573,242.4472395109195,274.50079658161366,14.027385368776985,1
55.4746884746894,34.73623965178048,7.062973695358766,103.78655034111807,3.217222377514549,17.572434387773914,36.54100121758828,36.54100121758828,78.79274696609039,106.16500226306036,209.95155260417843,6.090166869598047,1
24.647896018489718,22.470242338947713,89.41046067046237,5.7905223793972596,0.6994568446623362,10.697361510061342,10.697361510061342,18.83572114321817,40.179072754329326,49.09034701899253,54.88086939838979,1.7828935850102237,0
65.58574834555661,44.24895082562836,24.53536902176754,68.78614834867058,11.768070664588652,25.127047017465333,43.23555577796022,51.45853587726942,100.63487148173239,113.041554414573,181.82770276324356,7.20592596299337,0
77.09381322258074,52.90051778124278,23.774128836703035,44.79868167660503,7.0861730531545675,32.21092190027113,44.17887384022075,75.02451241955845,105.43764443879975,121.23783356280781,166.03651523941284,7.363145640036792,0
23.73883195397227,43.31102795695971,39.70439129212745,229.84194281368207,1.260525996257667,4.872163409513551,15.779062975102175,17.907843388932402,29.148632092844824,40.284568534124766,270.12651134780685,2.6298438291836956,0
63.92483843801401,7.1204448776006455,10.744608406992018,55.56503596504649,1.8213527435134989,22.25240311300206,22.25240311300206,57.063549177973336,98.26122634205267,115.99179516668455,171.55683113173103,3.70873385216701,0
32.783296843968614,38.02119603126729,2.313806442156996,76.40200781423017,7.727224920729867,7.133098504952531,24.6653509230351,31.026077865873262,38.83197332262862,46.72902137261725,123.13102918684743,4.11089182050585,0
33.30560111080573,45.15791768923629,91.43675162524042,57.75633673229515,9.616854129815883,11.84221676637595,22.519987761300868,22.519987761300868,43.12622068823647,56.21084379977882,113.96718053207397,3.753331293550145,0
36.288920494306446,3.7308061636427103,86.36083254665525,27.08698877819404,6.98234390332105,8.98194549628851,25.714515374122186,25.714515374122186,40.77769436608107,54.07351361998933,81.16050239818337,4.285752562353697,0
2.498365577408762,11.844226074388118,91.63205825041746,26.098627433619303,0.5904518510481376,0.5210862661358955,1.820171862197719,1.820171862197719,3.6531169994352157,4.997839934686307,31.09646736830561,0.30336197703295315,0
92.11077312313822,41.456642176124184,67.66394350744827,21.968704513103408,23.467247638262663,52.51760122039712,52.51760122039712,74.66769634995373,104.24420649428171,133.13183910165301,155.10054361475642,8.752933536732852,0
33.9230476036484,20.26508374434735,1.3019718596254393,68.01463600217477,8.328757847370072,7.938134865170447,23.029003992817376,23.029003992817376,55.69020458840231,62.32807481211217,130.34271081428693,3.8381673321362295,0
32.92392047897227,5.606661752522147,97.31885574948622,53.83786970876478,3.6707755433679266,13.596509651216401,20.41524312855061,20.41524312855061,45.45202510878812,48.16924790464574,102.00711761341051,3.402540521425102,1
101.08083395614568,53.58635177525586,70.87629327833159,14.029059785778282,2.08816723902906,41.76730306685613,61.48835341475014,61.48835341475014,158.78801611436637,187.95087336636226,201.97993315214055,10.248058902458355,0
59.21266066703915,57.2261688941365,41.523220494726374,210.02635070595406,11.598360868978737,22.9948480678717,25.429993789694322,35.56147412399467,80.72695828736705,83.77415486886919,293.80050557482326,4.238332298282387,1
21.42330950470579,23.6614081545174,73.24795926499583,110.34924068135584,6.112564292530133,9.841526197919665,9.841526197919665,10.429350163346419,34.69662946983883,47.38203901251736,157.7312796938732,1.640254366319944,0
53.350597701712076,59.586842643545914,56.70755289649333,77.54329745834364,14.32500024662503,21.56313631179055,30.161786278198793,50.723756050999775,91.1279332601642,126.84521361173098,204.38851107007463,5.026964379699799,1
60.7028236552007,51.681596707437585,67.16801546576049,8.789887299040446,1.2948721172177078,31.85753857510327,31.85753857510327,31.85753857510327,83.44411768995352,100.83874387097165,109.6286311700121,5.309589762517212,0
37.816099420743285,34.23974028166442,82.41044404371517,92.18452259509087,10.330523015257796,4.263364143252063,28.37336242091539,28.37336242091539,48.99029741142491,49.74951420302895,141.93403679811982,4.728893736819232,0
137.5528754407092,45.33970904394716,93.61831632986414,74.32887003251105,3.1692824365539316,18.828823684201723,77.71754923849853,131.68619565959835,216.7017485648427,242.3559018899308,316.6847719224419,12.95292487308309,1
36.54542784329848,56.30206503886903,79.66548517447679,126.37399660921459,6.168580014747195,13.779789872523079,15.17817165482434,32.30764927593536,64.77464849981594,74.83801175329586,201.21200836251046,2.5296952758040567,1
43.249706766570654,44.184589381092636,89.58831618333792,38.036967613466864,11.190583163886414,12.967551289448656,12.967551289448656,41.30195587308477,49.34436482929915,57.05544080806928,95.09240842153613,2.1612585482414426,1
44.613215126438746,21.574060189633116,56.75034655786557,47.120262152618054,6.089303751137552,9.191341757627093,13.2115544622036,41.32807800238679,71.25479172173522,91.29415121863457,138.41441337125264,2.2019257437006,0
73.54749152667168,13.19538374918526,33.843278669475396,82.98960356019128,15.553721259466991,20.327472262823054,27.543214277432842,47.95471949482147,73.75483216197303,102.70930296701525,185.69890652720653,4.590535712905473,1
19.54056611180767,27.041635173590233,66.9689458784818,45.607500605468815,1.6628553482169137,8.299271022478672,8.299271022478672,8.908300810263839,34.87916262350885,35.221585682699256,80.82908628816807,1.3832118370797788,0
80.47440946591718,12.826670719063168,55.62275303300224,91.27340699009267,23.46927237289111,42.375580909187384,42.42936988828849,72.35057277941428,131.7765389342507,182.67057252038245,273.9439795104751,7.071561648048082,1
177.31137913615046,3.2483642976123726,5.621189850076247,26.382971086284325,5.735045132008378,33.825781040219134,112.19045682750173,112.19045682750173,311.51931204456884,425.78269428803327,452.1656653743176,18.69840947125029,1
11.131881121308899,28.444818114302127,57.58815617453686,63.99941165475109,2.193379681576313,2.7402082211076375,8.130775410703192,8.130775410703192,12.084990510727675,16.223523393557095,80.22293504830819,1.3551292351171986,0
20.79855327176236,21.09681722544885,41.74132608742688,38.55740997444704,0.6184727396303852,3.5361127384869406,12.206876433195804,17.970568009312252,21.649277296334603,25.427149444044716,63.984559418491756,2.034479405532634,1
9.453839763240506,7.526262823114527,36.95719057261878,122.05296019331468,0.2997590099039264,5.656308869185791,5.656308869185791,5.656308869185791,12.757763404782427,14.756024012785874,136.80898420610055,0.9427181448642985,0
3.846123791516723,52.5447397700439,72.4460301454222,244.2725695163213,0.368034099886854,0.4229006433529435,1.3224193732400455,2.040920543131894,4.028702500855074,4.80137476041001,249.0739442767313,0.22040322887334093,1
20.262973581602058,9.130891492572214,88.51096657114238,205.41670202339813,0.49145972015765,3.6243207269419906,14.675546781828952,16.08242365513519,21.14317113291927,26.67065519102872,232.08735721442685,2.4459244636381587,1
21.54882126237967,38.56309789743252,19.714012160523897,12.220647095303638,1.6819661649272708,6.300752981993837,8.39475522640689,11.72404642890476,23.129858369248087,25.56309323268374,37.78374032798738,1.399125871067815,0
77.40041597989513,35.020314121156396,79.48958924573039,97.0430926196223,4.88441986272415,15.438572747784153,48.131648469960034,48.131648469960034,81.2095809951041,94.20926913801084,191.25236175763314,8.021941411660006,0
99.24056289148035,58.78145839454345,16.959480093411017,38.03195432893169,27.324460399396884,43.67534575482794,64.36039366139667,80.33507798358161,106.98741027488252,148.0530392320514,186.0849935609831,10.726732276899446,1
53.050014079729735,16.722659971641328,57.644616283849594,25.730484856554497,1.6766385521732143,5.911470151175337,12.034632672173812,30.876270395803623,68.60806944372295,70.62577441780815,96.35625927436264,2.0057721120289687,0
90.98408734186954,15.659129053468748,84.82059231224271,95.13507983386489,17.40580257961777,32.519240250071306,53.722723055375674,86.4527465025555,127.48935516638208,137.81161482196055,232.94669465582544,8.953787175895945,1
72.66364042650657,38.37756268593125,90.58398530655595,25.744794417837106,15.095987192067385,14.411207901273537,55.131083647506905,55.131083647506905,78.69292099480514,79.99734292935113,105.74213734718825,9.18851394125115,0
25.846543463832543,34.37880007513827,30.844484957263973,149.02674423425617,6.458721695001171,10.751636500351559,15.926428096129735,15.926428096129735,39.0937003504168,48.36971323664177,197.39645747089793,2.654404682688289,0
58.070911994391864,49.08491374037965,81.88808376531442,96.56887206597771,7.134843627251461,9.211774700986764,28.224481330535102,54.520709761387764,86.32029490988106,104.26341807751591,200.83229014349362,4.70408022175585,1
17.954620804208567,12.03781597799578,87.87892890773148,128.56580631387484,1.2721576346194645,3.568250416405543,7.927355525541394,8.039743363073566,22.19796801697346,22.778710316492322,151.34451663036717,1.3212259209235657,0
43.24980311509528,19.435829796483898,17.277540574266915,83.11673956852977,2.3399730804948757,22.27375296516713,22.27375296516713,40.03613650251355,53.75275015024342,63.6846423971521,146.80138196568186,3.7122921608611885,0
50.780184871261255,2.2901856196751,38.472430809290614,22.90711558282036,3.0421474394911243,27.93026176080922,27.93026176080922,45.80204937158992,90.78479455311464,97.87938460468673,120.7865001875071,4.655043626801537,0
66.71172270005297,43.85179311863324,77.62494560741492,52.216315301921476,11.122474620476634,18.72411533069573,48.92756586141018,48.92756586141018,82.73593058002464,104.11733436302377,156.33364966494526,8.15459431023503,1
127.6576203577052,20.877060870587112,1.4718684124290782,167.1388741671219,23.88522692386908,50.270534354554314,55.423078623465045,93.86710530493966,220.15984375626837,291.34397056102705,458.48284472814896,9.237179770577507,0
13.41671333002808,15.693172216158516,62.57655626474931,62.23889393541653,3.2301909801435786,5.8724027442094,5.8724027442094,6.324749237478199,15.608497945989537,16.277070326237112,78.51596426165364,0.9787337907015666,0
42.352691240831696,37.08605426383432,41.464242647384786,58.880312657475386,10.386944791591956,20.347589129028197,20.347589129028197,40.502520892172505,48.435980829423016,63.06309040148833,121.94340305896372,3.391264854838033,0
112.31506399733846,16.598830897819084,51.751354982427614,179.5850919144479,28.75021268478314,41.31658995445666,51.985531857364904,111.3708970773079,189.60895484655376,223.0498931016343,402.63498501608217,8.664255309560817,0
24.13123052003111,5.291498676238571,41.83661276622727,81.12872700115445,1.5615518906238746,9.394611799353294,9.739830648865581,14.67797791839526,35.849782671842036,43.20652116265042,124.33524816380486,1.6233051081442635,1
18.728635332316774,15.70278576960157,19.53889528116568,155.27273142178583,4.283001293215763,9.210653323724888,9.210653323724888,18.28826700243227,30.200737535280123,35.62974732370838,190.90247874549422,1.5351088872874812,0
71.57122177302873,51.28380407569716,34.84553650728266,63.02299020835295,2.888847026169179,26.71104851750237,30.086106793032766,40.41039478130075,104.52380337673888,134.48840922854484,197.5113994368978,5.014351132172128,0
63.82354900244152,36.5311947680056,86.10502092309095,31.20120587078678,17.012541577426692,23.54631408691273,47.106577396155195,48.608566370625525,113.50132878356033,145.8337307052045,177.03493657599125,7.851096232692533,1
9.550847028245206,29.327478278255434,61.09617858091705,6.962676780279862,1.5959504126795996,2.3065707614586346,3.484981540710366,5.202885605244824,9.772466645424442,12.067283976485069,19.02996075676493,0.5808302567850611,0
27.48584622707691,30.501865161095612,47.72629569604116,61.92015806005766,5.486950700494975,14.268002957616334,14.268002957616334,14.268002957616334,30.788239247500275,33.57441204934879,95.49457010940645,2.3780004929360556,0
16.001017208815753,59.8238820716951,70.60524001799148,74.46432348108621,3.096845032580482,5.134948956582344,10.070694025204197,10.070694025204197,17.422702096321466,20.071588180780118,94.53591166186632,1.6784490042006996,0
16.070300817309622,3.8264734463222636,18.37297631813649,145.23348310422773,2.8321339422373626,6.048162544145595,6.048162544145595,10.681353342340056,24.700789688944283,32.74476723714994,177.97825034137767,1.0080270906909325,0
60.469663474454215,11.350506861553416,8.347289876184261,0.6793342294921545,10.070495088249334,25.16827931274127,42.615018759584395,42.615018759584395,75.65533174480747,85.12729458642248,85.80662881591464,7.102503126597399,0
60.372471962874705,52.199405006308126,54.859940450083144,103.0195985835745,16.795013956473063,22.357964357260464,31.82809974080466,42.86598873414685,98.36592201502052,134.48837027939476,237.50796886296928,5.30468329013411,1
42.54183138884865,33.02026206996785,1.1502057969383528,69.67271517475754,5.000555652630887,13.66423189842921,22.127244926725684,40.77021392154908,46.765164576016474,52.15128159357085,121.82399676832839,3.687874154454281,0
13.22053007846935,59.71359319323744,14.821675563915882,60.211730866353264,3.1473110929400896,4.531580554102344,4.531580554102344,11.74700361148779,15.65438121712522,19.100659949429943,79.3123908157832,0.7552634256837241,0
16.569761160525275,41.667537968061175,71.70583873688253,236.68124048631898,2.0106942859347394,2.484992183743217,3.9855087197028545,10.730446326966563,17.44163596074974,21.707137885227155,258.38837837154614,0.6642514532838091,1
56.73704884437787,43.958660524426975,90.16182017900621,97.1009137681587,1.863765090457654,29.00055090734686,40.22005544102334,40.22005544102334,101.82018699699778,108.69038736341992,205.79130113157862,6.70334257350389,0
10.801585402655393,35.6264690028873,28.52638838224858,184.3564461068849,1.3592899918202483,1.5169477232618587,3.5939165615254702,9.944256076472033,17.00168529949341,20.351126137202986,204.70757224408788,0.5989860935875784,1
6.538650426825971,3.0063632485181184,38.26247603328814,37.117005991607144,0.4070193949991393,3.8808144796063595,3.8808144796063595,4.854170290702994,7.108654378490916,7.851242936132894,44.968248927740035,0.6468024132677266,0
29.31985967710331,54.66458027112443,68.10211582434441,50.16858419195632,4.203399225621806,17.149359515244967,17.149359515244967,19.082063835698236,44.4944547120286,48.74922657978554,98.91781077174187,2.8582265858741613,0
42.69669056706423,32.334191019103066,80.48872527313237,146.1645767269788,1.83432154296819,23.10604577086909,23.10604577086909,24.163680804983326,57.71382478455376,68.97190552952914,215.13648225650792,3.851007628478182,1
7.768973543613428,2.525081117191567,26.02119657138665,32.5066066683781,1.8639726841113273,1.0745710059707236,4.834383848601991,7.481920499596404,13.463252547565462,15.06804151827447,47.57464818665257,0.8057306414336652,0
58.577703011744944,14.17383126021863,82.61690492267113,34.11388370885391,10.862592559509354,6.617007929046783,30.787302855997126,40.5810489736334,64.8615122119583,80.25015874708191,114.36404245593582,5.131217142666188,1
39.03008464793736,22.322036207817977,97.26840201126457,28.800573624362563,1.1943515120498331,15.950484579432738,29.092569425762782,29.092569425762782,39.900440980250714,51.21506250514681,80.01563612950937,4.8487615709604635,0
15.12466256586453,18.598865711837345,8.795908654504302,44.70829488550133,3.036213463301803,2.7633971367748336,4.212618353610381,14.210324694385955,16.98805100140909,21.93620476274923,66.64449964825056,0.7021030589350635,0
45.781720070382,3.6102305230863445,22.43199961971235,83.64788702496347,13.153028542766778,26.109291599020448,26.109291599020448,36.99328458259311,80.1184614749464,86.81569318760035,170.4635802125638,4.351548599836741,0
4.817889794015951,18.253728607801083,72.61465947935915,102.26001750011149,0.18174112715703794,2.064963607491004,2.064963607491004,4.485399527414851,8.399016401301457,9.529792591514402,111.7898100916259,0.3441606012485006,0
31.34193972054149,53.985758477600015,3.670376945395548,78.13753667531127,3.757263923567508,16.59662778992315,16.59662778992315,18.181656617108928,33.062053646883506,45.88864669674392,124.02618337205519,2.7661046316538584,0
32.500302659471345,36.15256479461926,28.402148730846577,53.69221011899744,8.792444317524698,19.405116424417706,24.88320775178419,32.058975221281244,46.10528005391892,62.99396373297349,116.68617385197092,4.1472012919640315,0
43.103378261054075,20.964095962181574,84.45254744486404,71.7319077244756,1.265639411912772,24.532479920214872,24.532479920214872,39.7942875765772,66.70460110183305,91.26116712843704,162.99307485291263,4.088746653369145,0
47.23647533644634,7.110419942917499,68.16549642801279,185.58838134170418,13.09425832882249,7.207669548477736,17.111009729590226,36.92411422833927,47.398206501538404,58.933330394708285,244.52171173641247,2.851834954931704,1
74.11634210093159,45.575088706243584,64.07064537086362,70.17108394233098,22.001380273640134,43.82245811804863,43.82245811804863,73.01429016739434,75.0888854084313,91.88547814381279,162.05656208614377,7.303743019674772,1
41.18011461589274,43.664665282237394,61.199930927720644,50.52901331179559,5.320189669756111,5.564847375718797,21.13592970568135,27.331859076757286,43.36693511806853,52.6004798705263,103.12949318232188,3.5226549509468916,0
10.3695447704717,2.137343179616638,50.19077925028343,5.458266423074246,1.5574907706809014,5.072923851572722,5.072923851572722,7.271970576317306,16.21216664438621,20.947371538419972,26.405637961494218,0.8454873085954536,0
18.799039816392,59.61781508590873,76.67405987940366,65.3542191317444,5.577445276534195,8.923300940382537,8.923300940382537,14.247488591763464,32.93673592149,33.547682174692085,98.90190130643649,1.4872168233970895,1
211.1248108149633,17.408042380128975,86.52895375621029,141.65336799514853,7.763492517728329,43.59270571355949,121.26320991636688,183.35082197728016,222.64007998021302,236.93922371910682,378.5925917142554,20.210534986061145,1
7.720376142220991,17.21926175621156,79.55351613753564,13.617918957223218,0.8421302629535599,2.247680558997851,4.639961542007443,6.338679510135388,8.609141613671497,9.541553367156093,23.15947232437931,0.7733269236679071,0
152.74313891681606,19.459932988398855,48.26929915057035,22.148854553376086,5.769234205153312,63.43643986333462,63.43643986333462,145.18094788236218,209.8446677369999,263.89074545422847,286.0396000076046,10.572739977222437,1
137.85201723903364,57.77959092009163,77.85177266972629,45.95516127588158,31.56436884710255,48.08459641286891,69.38156297123865,94.02770717824826,186.6626691229943,206.40602514031409,252.36118641619566,11.563593828539775,1
10.149442905454656,50.7842168037681,75.53492793492192,40.5918999672393,2.0536161637515415,4.586887865352795,5.511818333722892,7.520631376203385,11.87304614339552,12.539972446356662,53.131872413595964,0.9186363889538153,1
83.84870858699949,38.96274075595582,45.576325145459684,75.18008676424097,21.94873268205019,13.879372036704066,48.730966947230876,54.43455432408727,97.28799226555876,101.07102294921611,176.25110971345708,8.12182782453848,1
57.91987023562902,30.66730640794346,33.411093877067486,220.6428829286591,4.243874147770433,17.581556317239084,17.581556317239084,50.60056732065493,64.386730557845,87.46681090244444,308.1096938311035,2.930259386206514,0
94.75805819828736,20.96736250388115,41.01356486784006,27.293219891049645,16.35802466195047,43.46071395748544,64.0958677372422,78.73175531229852,113.75173828810212,144.49304526451363,171.78626515556329,10.6826446228737,1
19.550014938930488,21.43381054521599,49.32073998456242,39.842914837072875,4.29405471668704,2.033543336875003,10.109611843236204,19.020477371026843,32.71027341468976,38.22104488758054,78.06395972465342,1.684935307206034,0
58.112811953688826,20.888440640878162,14.69521493071425,61.175387412546044,5.7484361168610825,24.707042466993705,26.006926316945197,56.99767531648439,79.38290548243269,82.5051296300401,143.68051704258613,4.334487719490866,0
23.762777823364985,52.030782087646045,21.84812336273688,37.185758267286936,6.3947169928660355,8.802510035529377,11.01713376294181,17.484104684333513,41.21026747828134,51.69458536003639,88.88034362732333,1.8361889604903017,0
15.3844442144451,41.51619118415571,10.184189076509831,74.86855447261883,1.1601025966913632,8.652976189382422,8.652976189382422,8.652976189382422,25.743780094737062,32.13452622148277,107.0030806941016,1.4421626982304037,0
45.37916208682949,25.594700302394518,7.2294395168794985,99.83919046086694,2.4095202794484614,26.368787636680292,32.24776702941719,34.122055481836576,64.57947327617903,64.76761553563415,164.6068059965011,5.374627838236198,0
72.30721942544972,59.625897050509394,56.611928090398486,40.78936074771913,7.134950035764655,32.142221139530754,44.29849930029447,57.05860644330539,119.9891409567168,135.40895464436244,176.19831539208155,7.383083216715746,0
67.55541077196052,12.294026835182283,69.80740099491534,127.14044521723679,16.439336082302688,24.954483630306562,25.10423384525632,29.750991487799208,76.43684210143405,99.86356063286193,227.00400585009874,4.184038974209387,1
88.16942800256807,6.447296903901856,61.36124367199539,51.59579847853333,19.39449062680949,32.20791826124046,32.20791826124046,44.83051717530252,133.36805039938088,179.48634076527242,231.08213924380576,5.36798637687341,0
20.985022259505907,23.35223607417417,72.6901353475128,36.883718535667626,5.656004264354085,6.763428893651849,8.93950475911688,19.314819961421637,36.77253558029903,40.504723179781216,77.38844171544883,1.4899174598528135,1
137.1811738601748,58.94696655660919,40.65001223449298,17.32455920861966,26.434949058748234,67.1103330037839,67.1103330037839,90.41987961931196,205.17431977526175,241.80822101478708,259.1327802234067,11.185055500630648,0
44.37110994500652,3.393094344369543,79.91492736541014,107.26054419106725,12.294660365046017,11.853896126532673,25.031189878613276,42.33202635232625,61.789003390395216,80.89396145361812,188.15450564468537,4.17186497976888,0
14.58176327152658,6.698058696588577,74.76833146664671,85.36868571512038,2.509478399314247,3.2237724625048965,8.523022347322199,8.656944339683914,22.229946296304725,27.533731895311718,112.9024176104321,1.4205037245536998,0
83.55971232070897,21.804088247622143,71.10048581053448,25.860387502958005,23.15751031555899,26.801307271786996,32.88719621616044,82.586661900369,92.69765246383302,105.79371428026947,131.65410178322747,5.481199369360073,0
39.72770923369972,59.27067686930551,76.60006861266304,33.126350042636524,10.474245889974076,10.579336721788353,28.51700187812534,31.956980611149184,49.087087782703115,68.16425965014865,101.29060969278518,4.752833646354223,1
26.491731326475616,21.920046732898225,23.144640623101797,80.16820657378217,4.041677162279547,13.434405451672303,20.91005152664853,22.50066549881651,31.837180614739754,38.336047120094904,118.50425369387708,3.485008587774755,0
39.937851498879205,41.328548195876124,56.94398925375717,102.41309006797735,0.8711254592891432,9.489124904296617,19.248257458464213,30.34465613167481,43.71748767244993,54.665644166783785,157.07873423476113,3.2080429097440355,1
6.268178947911157,52.11374797745632,77.49368680550862,87.59465507861054,1.8554679110667915,1.8868713928253946,3.0305379720904533,4.552385708541484,9.818741728650657,11.796767830510243,99.39142290912079,0.5050896620150755,1
118.77588343831293,40.89237426568592,9.886791490282388,106.85971093468888,18.907473695154913,27.91975440915175,29.341749148130432,99.31299384983227,179.03661320639367,188.24383836341158,295.10354929810046,4.890291524688405,0
63.21685879375373,7.209458729745364,24.707168274535064,267.1236360968735,14.379662923480515,23.33541254154072,45.96076394299133,45.96076394299133,107.35045918727495,130.7898638153465,397.91349991222,7.660127323831888,0
44.43239423619612,10.614989677105223,49.08321377070043,128.72580359102258,6.515505033231501,11.243995727692242,12.706483975980264,30.76494975051898,69.24506358687702,77.00115543882592,205.7269590298485,2.117747329330044,1
32.93054786689025,17.01321811639936,41.41844035392373,109.26924363550299,3.997182812427227,13.611559035875754,19.003800524442866,31.94420405053267,54.31785571645515,54.83874459215831,164.10798822766128,3.167300087407144,0
91.2608708928566,48.1663632844734,91.42678364763789,44.121614398717696,10.979061456767782,45.917228980106074,53.585564071224844,85.48623507578102,101.4228643772385,107.99257706242508,152.11419146114278,8.930927345204141,1
123.53968385485157,48.509583827429765,75.06428213678547,23.42974413521226,14.761671596783813,58.66308766976643,58.66308766976643,118.45367242411861,130.0176276928371,178.180637100456,201.61038123566829,9.777181278294405,1
12.944096896752594,11.874534056274625,4.083064355662214,167.377275669774,2.3589535058906925,3.2463157879998947,3.3597454305340957,11.3990645664166,16.781135282265126,22.154885279308555,189.53216094908257,0.5599575717556826,0
44.38369150808516,23.988207797625392,46.530626125946306,46.00252515055527,10.926259721713445,16.987494650582285,26.304042249763963,38.64790139073017,49.03405702225916,49.467888315577696,95.47041346613297,4.384007041627327,0
55.30768557235485,10.108786775466816,76.25600787881949,93.80329433688559,9.918486359388933,16.11302460235574,22.40892305091612,52.84878446347499,89.2742983942698,111.04078134030108,204.84407567718665,3.73482050848602,1
90.6734041471017,29.439257484088373,66.90100086971594,16.45780859715636,15.167686021757948,38.54509209526486,38.54509209526486,77.87953805267266,122.10787874878396,150.85230142357725,167.31011002073362,6.424182015877477,0
70.2440181903993,23.12885010327317,53.7651059423417,10.546962646479347,7.4358864244798415,37.634571397885054,52.56830782567427,52.56830782567427,122.984414628917,146.1472524683629,156.69421511484225,8.761384637612379,1
58.053819046999166,59.541855241983306,8.519471475325691,127.90435380283093,8.684246729689145,30.195500588557344,30.195500588557344,43.284794727154626,62.144890937311274,65.72546362096918,193.6298174238001,5.032583431426224,0
41.17662647459899,24.54516088603266,91.5135512304101,36.165027438709444,2.8964873584603423,22.384168052599385,25.54025150445221,25.54025150445221,72.34397218211097,99.4202371761393,135.58526461484874,4.256708584075368,1
11.349324385430462,4.901748993871134,41.509777874542465,93.21742485203438,2.593431273884193,3.419960099192298,4.316787562954628,5.749796496143398,17.95317256825368,21.688022935949657,114.90544778798404,0.7194645938257714,0
46.84885755073876,32.188309693723724,14.513473504166674,36.52342490793251,11.210448969189896,23.689426945382987,23.689426945382987,37.80869123774217,76.96917979379079,99.53218396371422,136.0556088716467,3.948237824230498,0
34.1421869589057,54.61657450343428,8.439557861783564,100.77227580742905,2.9628342829186,9.843977768698073,9.843977768698073,32.54539304516948,47.595448845772076,63.76840486199171,164.54068066942077,1.6406629614496788,1
12.855737640081546,23.430325428886835,78.47947946654043,64.12675319414758,2.298120926083415,1.9386161246560933,5.229093156399939,5.253219680472469,16.600303726137312,22.99384183666505,87.12059503081264,0.8715155260666565,1
123.74771449735755,49.47281891691929,61.274727192464205,55.55984069398052,12.343014033577049,48.80322630001259,48.80322630001259,105.65608381879737,195.46924866662383,204.01692310984015,259.57676380382065,8.133871050002098,1
43.842919531129596,26.170451668618586,25.171280700604704,86.90419821800847,12.875437578948205,17.45994819223629,34.81396141984098,34.81396141984098,78.18320566478613,90.19962671240037,177.10382493040885,5.80232690330683,0
68.84901844444714,34.9649908276634,53.30312934089256,97.25262866353228,7.137879938578869,33.07884517084559,33.07884517084559,61.528934661307524,70.28761609218566,85.06065151867132,182.31328018220358,5.5131408618075985,1
35.441999741398675,31.135882457258763,94.64674841334414,39.264393569028336,9.283463753109777,18.43811409695564,18.43811409695564,27.649900196619516,52.37301934311109,64.48541081653063,103.74980438555897,3.0730190161592734,1
17.039845749348455,52.70153034238209,49.31160059212007,93.76644314746122,3.682138504267295,9.331423477520763,11.804110541996472,12.822722195403685,20.412605585209757,27.845057281032332,121.61150042849354,1.9673517569994121,1
72.54896277971503,34.946794402320315,39.063439392403865,99.20441822875075,21.065954169681333,32.724460909458344,49.296764981274855,49.296764981274855,95.76942959582335,114.20896408505679,213.41338231380755,8.216127496879142,1
129.51458980786404,23.98603220911625,30.78433255862424,126.20531784647883,28.681071287221993,53.53469684861179,103.35546225167376,103.35546225167376,189.03374101499315,246.97859383148267,373.18391167796153,17.22591037527896,1
89.75029790995602,46.48572567600355,18.22776432042954,155.49180993281175,17.103516714635006,9.674122173879606,31.087113973997536,62.97525725639154,105.32326090059074,124.27190083530152,279.76371076811324,5.181185662332923,1
59.918525321482775,4.919662338357652,91.03493541935106,66.14638605609863,8.923386527286757,9.394113739994152,13.714999356274447,48.14814111316698,60.420258396930805,69.70407095221492,135.85045700831355,2.285833226045741,0
34.51543146617599,17.806416995618545,17.169781825536745,36.79572077268584,5.243505426720815,5.8681547818674495,21.88082009279391,21.88082009279391,36.416014507631004,40.20319836408111,76.99891913676694,3.646803348798985,0
51.67897737184032,18.61308761325459,5.4616176634080364,29.471168550111877,1.0515612646131156,11.864566853342032,35.38898039917261,35.80239638256957,52.74227831785931,59.14770790673178,88.61887645684365,5.898163399862102,0
70.890282992677,34.99804978937203,14.272740772232574,41.75000273580194,21.205926813056895,38.75009238906454,38.75009238906454,53.70557231761617,73.44311066553918,92.13588958243557,133.8858923182375,6.458348731510757,0
32.09388120244008,50.38198835130746,18.249498569825086,44.68329982101915,5.742728045262046,14.86048947499611,24.440611792175492,24.440611792175492,36.33515999786809,37.14083880185278,81.82413862287193,4.073435298695915,0
70.18865910466761,34.12134374989902,42.48223062292976,50.64353227414823,12.93932465925288,29.24218129298142,46.54090545795776,46.54090545795776,95.12560161562396,107.00881640227166,157.65234867641988,7.756817576326294,1
36.72829473512395,28.583184143011685,90.9640079597469,64.641829555003,2.5902441542913706,5.957611366293984,16.37789547925065,18.75444137287789,50.02010141000179,63.52071503069924,128.16254458570225,2.729649246541775,0
4.365547436792509,5.787993259227402,13.481919700234624,76.44693301748754,0.615363217964283,1.866507076598458,2.758446615297696,4.033858782295152,4.4074474520150355,4.565348182051889,81.01228119953943,0.45974110254961603,1
17.97098486553022,58.26302458186084,14.617249208960704,79.87811268956503,1.4618248044520556,8.35783878688062,8.35783878688062,16.88799959049412,18.35304782595235,22.320793788307437,102.19890647787247,1.3929731311467701,0
38.305696613791845,19.141437401352313,43.73354959000153,114.36168890768721,3.113128633652636,9.728761634953255,15.464859035320078,19.453801891336997,46.058210135934495,54.51810665624317,168.87979556393037,2.5774765058866795,0
46.79201739567041,9.520665874322905,90.37741275488725,166.65072024613943,8.109584658224845,10.381287066152161,14.130888929120271,38.31475317403497,48.64738332836727,49.91467666398142,216.56539691012085,2.3551481548533784,1
83.54976661407773,50.306375577477326,92.71331650340268,80.39458490246501,7.306499638777092,37.03403338662611,37.03403338662611,54.302624337036264,97.27391666385492,100.24823358238052,180.64281848484552,6.172338897771019,1
54.114184180138125,53.640015936646535,95.08312707894,44.768860743822216,11.182573749983678,8.669052895393325,17.60923165504644,39.44483179310673,55.63558895447522,69.00636864912732,113.77522939294954,2.93487194250774,1
8.373141105558908,19.318373507446914,12.68791157413668,112.71302729280727,1.0504782836434736,3.2723070397312535,5.2668314213393534,5.41036404340957,8.953058083794328,10.844000766066596,123.55702805887387,0.8778052368898922,0
70.8520934786153,33.81759048801206,70.55400190859791,107.79537702002146,8.890166679067038,41.63785056677248,49.41396765022039,49.41396765022039,108.29630267212221,139.5171143925384,247.31249141255984,8.235661275036732,0
33.14122355432173,47.44033071896571,64.73736427147803,41.062801548073395,7.17897103127921,3.72284236790101,10.212137672226321,26.976087689412754,36.71179423332514,45.879383594826585,86.94218514289997,1.7020229453710536,1
11.243635074102198,3.2587132969787156,3.047359333920041,109.07502283731188,2.336453489686947,2.149999850150848,5.063854178908734,6.453008480147823,15.256196967035244,18.25941918806246,127.33444202537433,0.843975696484789,0
70.39544973163355,59.241510479168994,67.22996615703467,29.272436690654196,9.364639980668455,25.69999722838063,39.36399030525673,39.36399030525673,115.87967828099913,135.89609572876782,165.168532419422,6.560665050876121,1
78.5131662525599,20.78922738718359,69.6985159037295,23.706273220284864,22.01699321952761,10.636976858941363,22.5073891559256,55.080116780864124,82.15728032335548,92.61980709191279,116.32608031219766,3.7512315259876003,1
48.80480659700215,29.826518699888588,65.66609382275692,30.916201671212008,5.461749376720915,22.15175266219913,22.15175266219913,22.394140796655947,59.358153502373646,60.310423752154044,91.22662542336604,3.691958777033188,0
56.12795003849508,4.932951458280789,21.56994790413551,114.42722980425802,12.4123398409241,7.878670597167806,17.808536692299977,54.68401707168795,84.21797732020549,86.85219569668075,201.27942550093877,2.968089448716663,0
47.583918183070445,4.722424860210935,33.23611362413305,54.83872093511817,11.526389087900448,9.317172075249616,25.564640997447313,28.800503159374667,54.187310729463434,66.71705997607974,121.5557809111979,4.260773499574552,0
68.7470226678517,8.475916997185394,55.376022992007975,124.35354974696365,5.576366025254417,25.701442957819957,50.957375760460174,50.957375760460174,97.34476860235354,119.91587442370655,244.26942417067022,8.492895960076696,1
37.53260814080047,20.62500883052617,13.842048244417327,176.78361531562982,5.734096634617628,19.05500506048667,19.05500506048667,25.832189545981606,58.34116351501948,59.395589010377144,236.17920432600695,3.1758341767477787,1
3.8311669648345634,55.44880978020999,15.875278400177939,170.67796472619222,0.09911167768219512,1.0860264916432576,2.3087846066576727,2.3087846066576727,6.739529645070429,7.911787761565114,178.58975248775732,0.38479743444294545,0
18.24768158687761,31.895209782120535,69.874900689714,40.00423028452879,2.0515235432361685,2.3391850402005603,11.536090972965194,14.811626837696496,32.468275172962045,44.79958362556149,84.80381391009027,1.9226818288275325,0
21.677419246408615,20.893180938033286,16.57086973878963,56.720558876699975,2.0722189325592972,5.937944640354548,17.220379802446544,17.851131845899623,24.506653365073205,26.350018120735907,83.07057699743588,2.8700633004077574,0
33.30739744081514,28.1662481261348,1.668700639804921,66.12098689699368,7.861047791913982,4.557732654781878,19.20982254321881,27.279500285149027,56.65130292260426,74.05775351764093,140.1787404146346,3.2016370905364684,1
36.33734749559835,17.372791550686692,18.510030759925623,194.17159576079774,2.9725041672771653,7.055880708220198,11.30183445820603,23.078174278900633,37.85916333185169,45.554243938617155,239.7258396994149,1.8836390763676718,0
115.43739629162152,38.19311753432512,7.55259356746083,39.340383339615336,3.1308898973717625,38.56559445363371,38.56559445363371,105.59748647734789,157.0147599515396,205.86940695651214,245.20979029612747,6.427599075605618,1
43.29991666267356,31.416067257224167,28.216976696668837,138.69615089486027,1.1527687089118146,23.40040450469272,23.40040450469272,23.40040450469272,59.573091271645374,66.04966968568891,204.74582058054918,3.9000674174487866,0
56.10483150885267,23.9557599601474,76.03310459177226,93.25411943647833,13.119552675081776,30.677021635381124,30.677021635381124,38.27332352273715,59.888112622408094,83.47078103916864,176.72490047564696,5.112836939230188,0
38.695866215006326,41.79519713422762,78.60920138637721,5.442088208342604,2.3273188021231723,17.493245305688298,19.882066038173424,37.476819967490805,48.47777803228652,55.45844916073234,60.90053736907495,3.313677673028904,1
47.636839724679966,24.717670261597362,7.13532710203022,53.28243912572268,9.543142237891999,24.82667095810714,24.82667095810714,31.008665999089544,77.26796600304486,96.64058060862429,149.92301973434698,4.137778493017857,0
55.63802747937176,48.77963132409755,57.0285691868833,27.661075842469213,4.252818053612487,20.44327377065675,31.644477949059997,55.04702952605967,65.16964507967948,82.98873891397463,110.64981475644385,5.2740796581766665,0
90.00499592124129,36.708106119175305,8.804834886706626,51.80509128058478,7.385297964694326,52.002504895496145,52.002504895496145,74.41374843454038,134.8693642171462,170.50597806177342,222.3110693423582,8.667084149249357,0
88.55059293079198,13.724512450520118,18.70862020765469,5.840441030865341,21.76591221291571,45.80817663623541,61.295171722215834,61.295171722215834,156.78331583290208,190.00152569920922,195.84196673007457,10.215861953702639,0
10.838451951219001,11.465016855533948,78.42132960248628,202.4287916314371,2.286596905044863,4.644686441651347,4.644686441651347,8.774099839247631,11.29606290464071,14.352934447179756,216.78172607861686,0.7741144069418912,0
22.42331092199971,16.845464422608057,97.20083663354617,47.84997492293661,4.5578867102045955,4.865388536791213,13.680313672212385,21.70760851458366,22.690054728801986,28.855526010139215,76.70550093307583,2.280052278702064,0
33.107055021811775,55.257937904180274,27.161932114103404,52.23100906660147,9.270935595185476,15.908932723798845,20.385154485052,30.111597227707342,40.14105873036115,51.985792216951715,104.2168012835532,3.3975257475086664,0
83.72066696613336,49.75795493662541,77.67632353973318,189.22610212280438,22.073631190621985,45.0031349616667,45.27258696463109,45.27258696463109,90.20440006217163,116.40746689944376,305.63356902224814,7.545431160771848,1
51.84549876343208,58.38857992168486,34.20501002878724,19.934273640560633,13.33006652549875,17.59152155946778,17.59152155946778,46.11727478055691,55.3263564252249,70.22438675994508,90.15866040050571,2.9319202599112963,1
36.2068672249911,45.170733807241874,78.45613954577655,95.94222245127348,2.1041990152533843,10.200828340557043,20.556717389204493,20.556717389204493,48.133278437147126,65.66668375655193,161.6089062078254,3.4261195648674154,1
14.017824789284264,55.03759272931364,57.02654188757759,35.863605351748646,0.9318160238095432,3.9586294252150034,10.58193102995187,10.58193102995187,21.330880112264598,28.995205551821673,64.85881090357032,1.7636551716586448,0
72.98028784165196,22.610500236733024,54.63266340983024,10.880582990964925,21.528070536961835,34.745653222789684,49.853406780879034,49.853406780879034,116.32819942622764,118.31141211767867,129.1919951086436,8.308901130146506,0
92.85615641353536,37.953522687504844,80.87751227253011,104.8329294024323,16.84664953031569,53.392748525326915,53.392748525326915,70.14048007987493,100.93684880485888,140.54641418093883,245.3793435833711,8.89879142088782,1
19.070305910207324,24.707224036663057,69.61702876501901,158.67838848216198,3.3150177755411523,5.725886599418613,7.6023036252094895,11.201882064273523,27.78272139835157,36.60775177175691,195.2861402539189,1.2670506042015817,1
8.042134269200972,52.1623024457576,97.07502686484617,63.09606643623195,1.2995636269789665,1.232323827589559,5.419732824502524,7.304419988488808,12.654423961566202,15.658520871410529,78.75458730764248,0.903288804083754,1
40.59401654877763,59.82447864486657,36.26700247546681,116.51939570735023,9.175176002056654,4.914252070535149,12.912175643780808,24.177980355134967,60.601378234862246,75.34821576265999,191.86761147001022,2.152029273963468,1
41.40837976011854,45.240166211067695,95.50462551079899,39.203587365715215,7.72279385334836,21.358530836369308,26.043731820894497,26.043731820894497,56.794966011586354,65.62640447737652,104.82999184309173,4.3406219701490825,0
111.34622264807925,47.32909014963944,82.76411433419767,98.35721839960806,6.900064467084209,28.435021855167395,83.6218868583089,83.6218868583089,150.63263032211955,176.56616389541222,274.92338229502025,13.936981143051483,1
25.973722812062594,53.09476235429439,49.35371902521156,67.87021416995388,1.2646001891519958,13.285873401943954,13.285873401943954,20.26420473167478,42.166227462784654,48.55929942073326,116.42951359068715,2.2143122336573255,1
22.25374222213066,7.529115359333694,50.08147606925854,43.125364745391664,2.3320082098877792,3.514975121209551,5.708382547418581,12.586890004688305,26.36404818811824,36.37345506303931,79.49881980843097,0.9513970912364301,0
21.483098606479064,29.944155425170806,90.19545917149549,26.500187689575895,5.663234163933562,2.571909457004931,10.228705063856728,20.12743545519126,24.675789555251992,30.578757245415886,57.07894493499178,1.7047841773094545,0
15.050286253371837,44.48482864037487,58.744486649354435,156.63419929109006,1.996022485164465,3.8349064488685256,5.839804839065079,6.574930366139721,15.770259800809775,16.7725853991776,173.40678469026767,0.9733008065108465,1
36.92705547570185,37.09225138357122,33.779895424679026,69.85821599906315,9.75751705198187,9.520990839132649,18.662698841259008,27.976412182740482,48.81329936874127,63.85534181471209,133.71355781377525,3.110449806876501,0
76.12894247503294,33.3389148296226,4.137516630383242,49.274085856244696,13.731866971001432,45.582833955593884,45.582833955593884,68.90850654196198,116.60008895287993,148.98371102582598,198.2577968820707,7.597138992598981,0
78.47233866201036,24.377293417604818,29.963062229388715,54.60045591484102,21.993044491758766,17.21660577539526,39.415930817986485,69.55269913798473,111.38869137730308,139.60578493687794,194.20624085171897,6.569321802997748,0
15.748555826952696,14.786106956268053,21.734133248180008,100.56749971422562,4.21498648088893,7.412516670013997,7.412516670013997,12.452782006272027,16.817046603274793,18.593539224703537,119.16103893892915,1.2354194450023328,0
86.21587701359454,55.49948417013836,12.902946445769459,113.84081720042605,10.800313646014898,48.321999447697934,48.321999447697934,48.321999447697934,154.6706048397813,192.94515446047762,306.78597166090367,8.053666574616322,0
43.807148819199014,44.579411580273835,67.26231697241828,68.20037057087481,7.636567023708325,21.52226127366952,21.52226127366952,21.52226127366952,56.82040986828087,75.374407839464,143.5747784103388,3.587043545611587,0
5.765315947696299,37.58500120669209,39.56981605822574,94.4900491087642,1.2609952367483899,3.3849582401790124,3.3849582401790124,3.972780000246019,5.778328785021664,6.164782263460908,100.6548313722251,0.5641597066965021,0
70.05092386735558,6.951509331459394,9.456660802025652,51.675012550381815,2.296506009103966,12.869889358401995,55.367571985790306,67.74135654579986,103.9999196432979,126.77031439947568,178.4453269498575,9.227928664298384,0
89.46388595757753,8.47696769272471,32.69825880714996,57.127630236441576,5.794833463863535,39.520598399533036,39.520598399533036,39.98858758469164,89.99166290936563,97.51397406878307,154.64160430522463,6.586766399922173,0
27.427591762444735,27.076190878079025,14.041502392782068,106.03606013441316,6.155107928032729,9.901796322157228,9.901796322157228,25.002674523009837,47.2087831770224,57.63947977071979,163.67553990513295,1.6502993870262046,0
43.06191279782296,9.292183009580526,59.86040073915993,50.19761653516869,11.888160754040156,23.03801078385633,26.78334156634462,38.23072026570799,63.75555128903384,80.13029044275684,130.32790697792552,4.463890261057437,0
35.91252934332789,10.63721751300418,42.691214531839265,24.564544854406243,3.771584764591925,16.93193177994078,16.93193177994078,34.918413118415785,45.37169620228645,60.086645667244255,84.6511905216505,2.82198862999013,0
46.14249530904099,6.716480203521242,93.42070013332501,102.05344606176014,6.013483191615561,22.58663016812927,35.74826003865922,35.74826003865922,58.531943181499734,70.20147415930033,172.25492022106047,5.958043339776537,1
35.03032190888945,19.055180237154406,60.87425549317411,89.30381176265917,9.277390798671854,10.2694651396251,10.2694651396251,16.214410209317563,37.93348498713712,52.050960669294916,141.35477243195407,1.7115775232708499,0
49.68324959024521,2.6444783219007144,76.51727080266568,127.58494621594714,4.696633603059279,21.783826017702445,24.21904058390266,31.17941284362387,66.4066195599939,90.61465057051007,218.19959678645722,4.036506763983777,0
3.527990866568643,44.47159330923106,33.50561666500765,100.974192264841,0.9853781790863578,1.9073588450513077,1.9073588450513077,2.5085315087274003,4.943991086352455,6.559456426103778,107.53364869094477,0.31789314084188464,0
26.464951072672598,36.76185146619273,75.44794466720013,87.49574264738003,1.5749215363615499,5.255893725522777,16.45866230433533,24.209721823487207,29.6793525101854,36.27017176115286,123.7659144085329,2.7431103840558886,0
38.3783173464115,31.443993500403266,73.47829274188258,21.273237277150265,3.4765200746915568,4.44078622848373,20.238443866448147,36.54923589368221,59.205409664607664,63.69110624511748,84.96434352226774,3.373073977741358,0
64.26419046571942,59.23939716930926,99.08928943493017,66.76326355525698,1.9229658585031706,16.435522335529594,22.033376484703094,38.05073382565692,80.646199196722,101.64147229114567,168.40473584640267,3.6722294141171825,1
3.593222647911705,29.949571212901372,66.11698811955394,44.9594027270459,0.1659320040526638,1.9100255156349635,1.9100255156349635,3.2126104851413126,3.7887543229995373,4.858656254976414,49.818058982022315,0.31833758593916056,0
89.77411558408144,52.44000089130443,91.61531352440296,100.40485774281088,8.207862618400444,29.84142531767868,59.89324732889272,81.02095951881375,107.5446531010334,128.82262428957475,229.22748203238564,9.982207888148787,1
43.293781105054315,12.983523347265944,86.69156206051693,202.08833610435622,8.807711244428456,9.89183827286484,33.97965405571364,33.97965405571364,44.545085220951925,61.7741817131826,263.8625178175388,5.663275675952273,1
84.6980848928982,17.35877989506677,91.8730286019515,112.27152205038917,6.457640468623192,47.040453915835755,47.040453915835755,57.14236882566577,146.34175833057301,152.02234743802893,264.29386948841807,7.8400756526392925,1
54.95915208293167,21.05468127350693,57.31669601537516,19.84541412534583,15.553774213255657,6.655808058550282,12.782773808461513,51.05898126795403,75.19783416476764,100.89149481210009,120.73690893744592,2.1304623014102524,0
105.67829473468274,59.439782594076135,22.39851017409723,83.87372095734989,12.430543690004633,53.1856640868273,57.0116304252897,97.876214714655,186.8234610376913,254.36321856371316,338.23693952106305,9.50193840421495,1
57.56692074860684,54.64141377509843,58.502727653078225,45.19096943669709,9.51150718338804,28.75704471311811,28.75704471311811,56.22324921418983,85.86470220691287,107.43915800900372,152.6301274457008,4.792840785519685,0
8.648583283870865,28.01862380973257,92.16724257364993,108.00254744298293,1.7832362366192485,3.10925730619612,5.595029795961778,6.6356661910843195,8.942768086732395,12.118396184847551,120.12094362783048,0.9325049659936296,0
66.48040740122153,50.978439702097425,97.30185456868206,120.76256025924046,3.8677107317484265,15.417870171080759,43.93809232032059,46.00940418263958,75.64974381598651,82.06787358944054,202.830433848681,7.323015386720098,0
46.605510191487994,15.525722995398668,94.61670054540583,65.25534088161382,9.906339756411283,14.786995804522006,14.786995804522006,41.76219526407282,66.43379771268063,75.60834641583008,140.8636872974439,2.4644993007536677,0
24.99930532076046,36.3713424757235,44.10904038982088,50.63915040140348,1.343925389300388,6.926682888221504,11.708199890680554,11.708199890680554,25.169318023263262,26.99548616671061,77.63463656811409,1.951366648446759,0
48.171074139473674,11.387796088976945,80.43302271416874,87.33419448941648,12.10823137466873,8.229578708575442,10.31900278180316,44.48202423038203,71.7576317205676,80.75760243695935,168.09179692637582,1.7198337969671933,0
58.57352171059658,35.36202204372044,48.856109432152635,40.935243818059135,9.176225620957068,23.284904537895997,37.21317335772182,37.21317335772182,99.5260188768198,106.10846622334194,147.04371004140108,6.2021955596203036,0
50.17345192408321,14.890950086458862,69.17260704525816,123.23125240540264,2.259341731544278,9.92649962471659,26.50040714474638,34.20543274611877,62.966807747190316,67.09351087948573,190.32476328488838,4.416734524124396,0
11.071224695679781,35.973798725749035,43.15370600141939,101.52500815730176,2.4150563050733074,6.6212207829077565,8.717865439187063,8.987307768330414,18.50622605132884,18.734230081656424,120.25923823895818,1.4529775731978438,1
112.71480009223009,26.863098648221392,30.257135138189916,48.97677875029818,4.6711421626963645,43.64419940069235,45.40931993780705,46.96945820477073,196.07616234632326,254.48287526334173,303.4596540136399,7.568219989634508,1
73.55490415355577,34.40861527679854,44.193557853725196,27.92520974214024,21.542064774131937,11.656954756801186,43.70298256817531,46.659309199378896,88.49688266199391,99.19232482739525,127.1175345695355,7.283830428029218,1
41.18454343680188,11.349239569999284,30.697973959747728,80.83293695656104,6.054698788798477,16.774470880764344,22.38948868594252,23.710977099960836,56.733132712673736,70.6003163301521,151.43325328671312,3.7315814476570868,0
33.05945706962615,31.376287955688763,42.31784611097466,139.2009587396397,4.205700907473734,9.589295462432313,17.61822950694432,17.61822950694432,41.35461018217933,52.842854954002334,192.04381369364205,2.93637158449072,0
107.80243778456595,20.349386272054886,67.76852337150073,117.34228626816275,11.651485400948129,20.788241866634685,49.00382071710212,53.99981886128128,132.396267754424,167.9379897044181,285.28027597258085,8.167303452850353,1
49.81633931819533,10.348596167169651,20.07481452108596,24.18071884582443,7.272029898326455,12.384040661122121,21.110865957599465,24.69529608729832,50.180405081338556,68.86215979260248,93.04287863842691,3.518477659599911,0
11.80533081447685,31.022859284352094,67.67154668277625,94.28835179569555,2.818238144538705,2.691075791832283,3.990329425470601,10.043600148188911,13.983318254087214,18.00924359128806,112.2975953869836,0.6650549042451002,0
108.13334622045578,10.0288923639389,7.361987263747006,101.52204599515986,17.911594702342036,42.31801071942998,66.47472226786039,69.4985488466836,176.7506379400878,220.29581313373401,321.8178591288939,11.07912037797673,1
29.009418423843076,26.783673613041934,0.15925803197328614,57.71197845472736,5.805609803837736,6.899764598695012,18.05046249514762,18.05046249514762,49.882146028348046,52.52268655902545,110.23466501375282,3.0084104158579366,0
11.677721274212903,20.742316038773737,23.30446864414869,70.08580270556517,0.4212097615021069,1.4477230008179427,7.008463749006724,7.008463749006724,14.41953913734354,14.542099853856191,84.62790255942136,1.1680772915011206,0
50.5856759932285,33.4948761228678,20.23598920539277,113.11728465777982,13.074889125664942,25.746836985976405,39.7977757364287,42.18901319540714,52.026979074289116,67.11837687585721,180.23566153363703,6.632962622738116,0
23.710176739677824,30.060509067816326,83.31550603998924,75.78460441525239,3.982193537412807,5.754856721597612,9.376743843793463,12.658964506250529,37.95393237092987,51.12316429923742,126.9077687144898,1.5627906406322438,0
37.9251412649172,9.805485101132497,75.60413449385608,8.730751088917737,6.32175061861083,9.569662635218647,11.251439699242582,25.132427083186155,59.23501226475212,73.42295035009185,82.1537014390096,1.8752399498737635,0
56.65844135904143,18.18282002880783,66.63886232122752,34.70585492364504,5.136555223157696,17.941190086381344,17.941190086381344,45.02761234854269,69.5008369779878,97.04237344220758,131.7482283658526,2.990198347730224,1
1.0948104390528286,34.29096705065252,70.62529042493678,48.28381284809656,0.04558603839837788,0.5437341938322036,0.5437341938322036,1.0692629437199876,1.8080509495867758,2.45026908605655,50.73408193415311,0.09062236563870059,0
45.908561352770846,50.3673398992619,66.2986654018119,35.55886129686924,5.238081081441165,18.71023285561881,18.71023285561881,20.026684528359713,73.74081560941829,101.43312409728401,136.99198539415323,3.118372142603135,0
92.51049849751351,5.434641364670591,82.6451145724236,122.62807645378095,23.051605138004994,13.306422844959645,21.826625837047512,49.30598535110965,99.36204869820898,128.40850450044823,251.03658095422918,3.637770972841252,1
12.861986363709587,7.2702104668342855,53.38953928719336,91.74619156873146,2.227313546023979,4.24223722034161,9.855588184275094,9.855588184275094,17.873763555404278,24.762816268057584,116.50900783678904,1.6425980307125156,0
2.6791527176349366,48.221711934878876,1.7642859835511615,21.141313677775063,0.2513384099854919,1.2815644420020411,1.2815644420020411,2.4920155740181285,3.0377956471228753,3.767418120026273,24.908731797801337,0.21359407366700686,0
75.3729019040328,21.710100374236195,86.33159233802805,90.33305585014733,14.024339920958955,9.072569323968285,57.16589898399601,57.16589898399601,85.50227801706194,101.53643445328453,191.86949030343186,9.527649830666002,1
44.26854383928698,16.897805344836875,47.04238268210845,129.18522625787872,5.239777905058787,5.321350007511379,18.844096017206294,37.6517738038263,57.532901520854416,58.58662612530276,187.77185238318148,3.140682669534382,0
61.71285977774426,15.31849539554422,92.84259207274526,58.02489857901407,5.099565539682172,27.83221289962306,32.339208757764,41.68952370020635,69.53467188167747,95.17399184020488,153.19889041921894,5.389868126294,0
29.326636511484143,58.301045313416864,89.30040218959819,86.134168175427,6.662091190701025,10.287049758155696,16.32955679246104,20.053144167298704,48.793305711680446,56.49893700063742,142.63310517606442,2.7215927987435067,0
49.49321707569591,31.623237979169243,39.934020365355764,73.38250986117293,3.3076426952888593,9.002195333479374,21.738557593907455,48.713609265261304,67.0846559701259,69.68747785726822,143.06998771844115,3.6230929323179093,0
108.97414102845953,11.331871547341356,93.3072941298996,26.436042207793825,20.025651587820736,47.41787192232838,47.41787192232838,54.37168846660859,184.93881200611486,237.63591800530637,264.07196021310017,7.902978653721397,1
62.38178392155229,25.54843711418164,5.858408079149924,90.57626398428948,14.062696731586827,8.789485300715375,37.294357692177904,39.82376744582098,89.71034360075595,101.66033555960075,192.23659954389024,6.21572628202965,1
14.422624129849906,17.117439110172363,66.23302114129893,44.29025960971046,0.5373846297872537,4.648690210527829,10.68161139724919,14.30982456528636,21.352191480769438,25.996836713317684,70.28709632302815,1.7802685662081983,0
87.22426172661409,11.784219985209523,68.14912337633629,173.84085341453454,18.73595162809856,44.47852098533628,56.58302234905407,56.58302234905407,126.97980887888113,177.59185020127111,351.4327036158056,9.430503724842344,0
39.33701108496797,58.757843885854086,84.01305445945535,24.89502149422723,0.912881527629511,7.4174270590244955,18.271169903779104,18.354024782259707,45.14386630150491,56.969510931556044,81.86453242578327,3.0451949839631838,0
4.194307622962814,27.815756281163935,47.1444215734653,67.46659710403581,1.0372805464169632,1.6559783435653699,2.8152216706414537,2.8152216706414537,4.6520248985857675,4.698573357850756,72.16517046188658,0.4692036117735756,0
20.136384435870898,42.092288227907446,24.056557251174905,134.2439016562748,1.9707584197595862,5.74656443213615,11.672462739110744,18.15344222619208,24.955887195156336,25.511610141166788,159.75551179744159,1.9454104565184573,0
16.246606454355263,54.11665569267748,4.417900903509986,48.924942644929665,1.0239898564442331,8.881559121668998,8.881559121668998,16.203258939135804,24.96331461104381,30.751641538175704,79.67658418310538,1.4802598536114997,0
37.839945233017644,13.926120103529346,46.729074745102295,89.34477245943182,2.1379612916223025,16.017799265453682,27.657776311295088,29.283372588214842,64.02246815942567,65.32325603324291,154.66802849267475,4.609629385215848,0
88.95222864604023,9.425044826190799,45.32747694033179,413.7626677048381,12.630946830612235,24.870415696197927,44.72560008989829,88.39785598225048,99.91440951228375,100.16528330896949,513.9279510138076,7.454266681649716,1
72.9202362555481,17.0949343982939,35.63862987307803,127.68882763946516,7.341559601897202,25.128505447897815,33.8012016732081,36.95797620137974,77.75471153571208,87.74583845956445,215.4346660990296,5.63353361220135,1
24.501884070520756,43.32876544962107,63.642226653914115,92.71187139414107,3.7061550577263556,8.894650143988404,14.707659340287853,19.049677993635495,41.09730163528832,42.0298227413928,134.74169413553386,2.451276556714642,0
58.0630613126337,24.155178298869167,53.13806795152563,116.7540955977598,14.908021472872035,34.38566226765258,34.38566226765258,43.86888332860944,74.72459380151871,100.3400679866215,217.0941635843813,5.73094371127543,1
27.49526732765681,30.367138460095077,11.555437176417872,96.19393758294576,1.3580477443952699,12.995965332539766,12.995965332539766,13.16740944758909,33.044593980646134,37.97544065240045,134.16937823534622,2.165994222089961,0
32.77356367356104,3.174851096620678,4.812036366863093,33.4100467593073,3.0462523241267303,14.976803967286004,16.682556048516005,25.22045596653044,32.99537888164978,39.32945198556194,72.73949874486924,2.780426008086001,0
52.616261311745205,2.246582191824894,89.06714332317846,87.39692390436525,2.7217397380211996,31.140553108949394,40.1343444413876,40.1343444413876,61.06940785393037,79.60598532302814,167.0029092273934,6.689057406897933,1
12.810205487908785,25.610474779181057,74.21706980123216,256.4552168890629,2.5413429262132228,2.2622690536516177,6.418785542021637,10.937274096228741,13.244438259339596,14.998231631443982,271.45344852050687,1.0697975903369394,1
35.1572656061172,10.72102989129839,46.31956676433311,153.9661457369696,6.8365907758539715,11.72780914311939,27.911414296614968,31.58171948250369,54.63791273968961,61.689141491566794,215.6552872285364,4.651902382769161,1
35.56426259810308,47.88381130426987,49.604636733602206,54.75255473194202,9.160540583539001,20.658397486165974,24.613088881173695,24.613088881173695,37.51984240934753,41.55113615930523,96.30369089124724,4.102181480195616,0
21.9663600900234,57.17453593182905,11.44544675324547,59.95032590202995,4.926339029418517,11.558253774446872,11.558253774446872,11.558253774446872,35.17476427454531,48.911945493313645,108.8622713953436,1.9263756290744787,0
57.41783010671788,55.690574925138826,26.351104241593106,268.0343340579468,12.393514101553235,11.624403951418891,23.110790278471406,54.812237218485144,88.93692725389708,96.39233288402903,364.42666694197584,3.8517983797452344,1
57.78376045673976,29.001772415554562,82.4775146717029,67.40668398106884,3.7527006880743445,17.955073754258407,33.939396640217225,48.7924242021926,59.321119820834916,75.55530059836593,142.96198457943478,5.656566106702871,1
17.65349529495505,18.63762488153422,12.634059164460854,49.67778037335626,4.4022593783956445,3.4240262432571877,13.643171969776086,13.643171969776086,31.669833104559302,39.838386161174746,89.51616653453101,2.273861994962681,0
12.344865071542479,30.060907192059112,10.429672568314729,34.29967547241609,0.2721576708926498,5.559514850271812,5.559514850271812,8.913020147043241,22.01490627941741,26.078165811680996,60.37784128409709,0.9265858083786354,0
39.67133123542246,8.03384089530725,55.81372149424008,77.65280097098126,8.734880903878606,16.212101983163816,16.212101983163816,35.44386246226239,69.73823570193106,91.0006193490748,168.65342032005606,2.702016997193969,0
19.483151063771267,56.747985765454935,84.03144936966434,47.200809898641516,4.833367202065832,7.610418936215349,7.610418936215349,9.69488426899363,23.314935911310553,24.99688921430558,72.19769911294709,1.2684031560358915,0
29.70384182424326,40.93551019254986,37.91212678634855,75.29405906696024,2.4786863761471514,16.38258819601144,16.38258819601144,16.38258819601144,45.58275170007016,47.02725216926429,122.32131123622453,2.730431366001907,1
0.8916456579156468,18.61980432451186,64.58745522713104,90.90455442045048,0.09567484243389138,0.1339184357596013,0.41593427159242413,0.6489818079673462,1.2113502877973328,1.5209482200628925,92.42550264051337,0.06932237859873736,0
35.28978620391665,46.03663795664547,90.21457493109418,167.00381973541894,3.098020049234911,20.123974810178797,20.123974810178797,20.123974810178797,44.71200606886714,49.37860948843254,216.3824292238515,3.3539958016964664,1
30.886389908908868,16.210216257625852,89.12555139427539,59.051407172965924,7.705159305841229,10.571428057410865,15.185997145965782,30.18545560424098,41.37833604284276,55.85106645789651,114.90247363086243,2.53099952432763,0
13.31513896636893,45.58445967673967,46.78740683937307,8.369242592207177,1.8354165399979259,1.51143506146403,7.250352022512859,7.250352022512859,20.727407422058622,25.459662419652457,33.82890501185963,1.2083920037521432,0
69.96899562192405,25.305682550160014,29.55824476391854,56.71221461730343,8.520098902447765,39.00031601909451,39.00031601909451,58.89456465699588,76.03533567258931,81.64325430094203,138.35546891824546,6.500052669849086,0
30.26593917726882,52.10771743492206,57.33837217151721,57.314667518874565,4.8617161534339575,17.118433948231264,17.118433948231264,25.0192082428225,41.028293942817186,45.70266622719217,103.01733374606673,2.8530723247052108,1
43.495812940733764,59.40782427802624,92.41985095239318,53.72123438921709,9.76698294189061,24.873824224659256,24.873824224659256,24.873824224659256,76.08311141945427,94.25450675094909,147.97574114016618,4.145637370776543,0
67.371649720241,20.571911660144533,68.08635360248185,65.21967045999189,13.806895911323346,34.857921467754245,34.857921467754245,34.857921467754245,100.30648097502328,137.6926550668371,202.91232552682897,5.809653577959041,0
60.10448343296807,33.96808447133584,95.51722810966224,12.357445909528062,13.1130226204547,14.377775242847573,28.238730816542237,32.34450841545762,104.218670014534,120.13604027340082,132.49348618292888,4.706455136090373,1
9.917320890473516,15.800043572250859,57.916209254104075,25.897853110469807,2.829278662523744,2.4122534910083315,5.851867346302427,7.1859211882563585,10.121669640410415,10.363362703898659,36.26121581436847,0.9753112243837379,0
45.08128976675168,48.42109606229692,2.1223070173666314,51.82889555635007,4.122112270934722,11.902941734755027,28.233397022477277,28.233397022477277,65.5647480632142,83.65315254493686,135.48204810128692,4.7055661704128795,0
21.64966276904041,30.533026050260837,44.79241308271399,127.546084368012,1.6871753448039266,4.606675386508359,9.531161937796163,20.871223179847544,33.725287321525684,41.23093643514106,168.77702080315305,1.588526989632694,0
84.0925607455083,59.0601338203251,90.3274738383689,68.57921522883443,16.98355608348281,46.5996551003445,53.7418510685286,73.13052859154831,106.85486355401336,139.0883826181919,207.66759784702634,8.956975178088099,1
125.07750606846466,53.439850412197224,3.3764524234915605,101.64754317067036,7.616668182461218,45.954108196319446,93.48504465934366,93.48504465934366,137.43821312652142,165.0098632235169,266.65740639418726,15.580840776557276,0
91.86249576650061,17.816158038462223,61.79936653423691,22.670312320402633,18.388105159758084,21.41258299869084,60.73003745401731,60.73003745401731,98.46710651283213,114.16944983743714,136.83976215783977,10.121672909002884,1
68.90793705678277,8.930930353323243,37.79292685547367,37.969924762651694,19.823801831577143,33.49772783501617,45.82454411530964,45.82454411530964,98.68356534557665,115.66456372886702,153.6344884915187,7.637424019218273,0
38.16568387080444,37.951533319504016,40.36306715356967,1.7504649037869764,5.662527960089087,15.794917319440701,24.418228615671833,34.036090413075115,44.04348784367657,58.346845830427114,60.09731073421409,4.069704769278639,0
73.0997310634478,20.446908568531978,56.75754530902435,10.485246080386109,5.856604367085166,21.17232044335729,31.881402509196175,67.92952131230336,76.02468247695356,87.8794936481402,98.3647397285263,5.313567084866029,0
6.694845913442404,16.71471987901504,41.15758402685541,240.88109237276404,1.998846192209329,3.729608486311136,5.174623609127884,5.174623609127884,11.140047819814306,13.207856878184337,254.0889492509484,0.8624372681879806,0
23.864944498325087,33.616923806726604,92.01406146062617,21.27707209130819,3.036088899457854,9.015090928511642,9.015090928511642,17.63075394477471,39.230841846788756,43.15995661038703,64.43702870169523,1.5025151547519402,0
58.24542482785823,33.215735488304844,30.369293656849607,30.466265042962707,3.0219937454681736,24.118889302515534,24.118889302515534,38.052962586996024,93.05670363392848,93.58498286438105,124.05124790734375,4.019814883752589,0
34.61701875360671,33.18087538608998,75.92813976484317,36.77806805035064,4.725675081039498,4.0264172735026555,11.234209948525349,30.432248574451254,49.78351831016609,53.99823499842292,90.77630304877357,1.8723683247542249,0
15.342743457102777,19.065836713165957,9.20794936238588,194.22501514457116,0.6834426086324968,6.366326468282336,7.527347124200077,14.179611851965769,21.678510701826102,28.67747691085879,222.90249205542995,1.2545578540333462,0
57.170289617010525,11.011347409580004,33.28434293562928,22.05695500892294,2.4752138968953727,17.518264070344856,37.08300736711904,37.08300736711904,82.29986782267345,112.43366525769932,134.49062026662227,6.180501227853173,0
104.1487497547675,12.652423481031057,15.787297373955834,61.65498382956629,3.468605882837426,49.368727513827565,49.368727513827565,97.93323432913185,168.52858320777977,218.5240480766911,280.17903190625736,8.228121252304595,0
97.99712580926034,43.768327519822876,21.982457206639182,39.307452009449115,14.423189990834963,11.94624891669613,76.08394834272815,76.08394834272815,149.79095587046606,175.98832354319148,215.2957755526406,12.680658057121358,1
24.188728460478444,29.1467180311007,56.44955363855085,46.86989724357496,3.5925567479914227,7.085734646171622,14.428574915499201,14.428574915499201,26.978915660208866,34.317293605065224,81.18719084864018,2.4047624859165335,0
116.63609601383197,29.223355076165866,34.203809557917744,17.32559752711963,26.28495991360951,15.489662580852537,88.83440404090993,106.22990706438704,149.10791077634642,156.49309477734084,173.81869230446048,14.805734006818321,1
28.063414561690564,58.65135706295405,4.8752826877233595,40.343881952720054,4.837103383144831,15.874723683248925,15.874723683248925,19.98647688820432,43.40511442330338,45.00291584215644,85.3467977948765,2.6457872805414877,0
45.88766809263386,55.24094171978299,86.34026552273691,106.86308324512864,11.969576949309081,14.222307818849089,25.345414511675642,25.345414511675642,66.11648623163077,71.07962796648431,177.94271121161296,4.22423575194594,1
81.20445340102526,5.7673475815481865,67.5394127574505,61.15093668214416,21.471330875724828,13.771728469682195,63.24544091099098,63.24544091099098,141.71849968081287,175.95862136474324,237.1095580468874,10.540906818498497,0
3.4089449298063963,48.26474488356053,95.52153314656418,88.5047944513359,0.2313230069414891,1.6076922833224272,2.6159674238184336,2.6159674238184336,4.168463315941889,4.869345179710022,93.37413963104592,0.4359945706364056,0
43.8588942942187,16.3793396576335,80.0447749994427,24.544268024455896,1.383982004984254,23.724300860909562,27.028516881239984,27.028516881239984,69.19961439049196,74.26408179167704,98.80834981613293,4.504752813539997,0
18.990954025274014,43.89335757509409,55.93729790152182,116.17816672342428,4.135699922168178,9.261441366776864,9.261441366776864,18.94919292496103,29.791613302754875,36.29403178102345,152.47219850444773,1.5435735611294774,0
31.022038607253815,12.05400995777672,46.037446712579275,64.45508501382994,0.7071452989542538,16.294640495999523,16.294640495999523,25.761268387259786,49.775343434427604,67.9251629998707,132.38024801370062,2.7157734159999207,0
81.18621411357634,10.431577859532773,94.66095389289842,47.75015036022694,10.577366822134515,42.49693486025171,42.49693486025171,53.84268388186167,122.89291428241846,149.99279256717836,197.7429429274053,7.0828224767086185,1
27.903257095961013,56.4737345406486,42.39822097745976,53.400844714802496,0.9799792540594615,16.592981497107555,16.592981497107555,24.67042982512145,47.72703633925373,57.60779157096913,111.00863628577162,2.7654969161845924,1
38.29330119136886,34.38168429902233,54.48988140728518,71.08232863232848,5.685988261581307,10.786500236708587,20.23332423172838,22.07379727089866,62.2222594170908,71.05768603931908,142.14001467164758,3.372220705288063,1
39.922604713382626,22.279200296890053,33.37361998845557,68.92985623254097,5.825134188007696,10.950203626479329,18.656022731365706,18.656022731365706,65.9735771837825,66.29979319805489,135.22964943059586,3.1093371218942845,1
66.1001843925803,53.68489203463955,28.063338771029034,166.98921280171015,16.975166481562717,10.29866947017195,40.7397878346805,40.919863791610496,89.67822317727367,98.49900734126172,265.48822014297184,6.789964639113417,1
77.68645721163494,18.810194511249353,84.55552579479402,73.24999710917629,15.596933717695038,41.078728120052006,57.12204618224027,57.12204618224027,82.02203670859538,92.85429166656479,166.10428877574108,9.520341030373379,1
50.623680313319205,5.705804733027516,24.701216649486412,71.15456877944467,6.71784896517847,28.61596126010877,28.61596126010877,28.61596126010877,72.77221229752779,85.9981834780373,157.15275225748198,4.7693268766847945,1
30.184264385101443,24.898513840790024,14.40480659287423,59.074485666473166,4.908515961300269,7.279562831129916,21.78044832480452,23.492138012779655,41.763212774611205,57.16891888441066,116.24340455088382,3.6300747208007533,0
47.76772691928643,43.022384809124866,72.80389750816968,82.52141599986231,8.299963245218152,19.466994498810344,35.238603540882444,35.238603540882444,83.25233440249265,93.26173875822113,175.78315475808344,5.873100590147074,1
29.10124049432079,40.39840196128546,84.11587706179871,124.37227434524974,2.4248322440946666,6.474130152826145,17.658976336850714,17.658976336850714,44.8781293041552,50.497594026976294,174.86986837222602,2.9431627228084523,0
123.28638264579166,29.475146277769458,92.7722862841991,10.300977451452184,29.23261475553589,65.46327175117952,86.45712846485982,94.02420110528533,201.34411383722434,227.19630108190327,237.49727853335546,14.40952141080997,1
38.364380183467446,31.58967126565676,66.70166913076248,8.904483529819817,5.785994057234591,3.9685226195599737,28.984993463972497,31.980523501467097,59.802616162459664,64.92599283345862,73.83047636327844,4.830832243995416,0
90.24259455779068,32.70916314875227,34.837890209589176,57.253353883812466,17.921851424898673,40.38849894844695,42.78275076563093,89.73875482974022,136.18148769622303,159.7520180527032,217.00537193651564,7.130458460938488,1
90.6312844090974,23.722109341518664,51.06785880527773,34.72353272278219,2.6208170794903194,33.66705423006139,45.48223743485173,84.38236055508649,156.87498494985405,203.78917208396464,238.51270480674683,7.580372905808622,0
50.80223364812711,6.811932122882602,18.626970802689126,68.25888880174763,2.593265818126646,12.34606226437202,25.895505717341962,25.895505717341962,53.53459092225947,69.27297571857164,137.5318645203193,4.315917619556994,0
55.582537998952176,11.15313274353652,21.21031517507651,69.50762539275233,10.28691943786086,31.21049059309698,31.21049059309698,31.21049059309698,94.43511569183646,94.58488562675052,164.09251101950287,5.20174843218283,0
55.73681641483857,44.00782019877152,89.62612570474396,56.598436923590036,12.729493643977467,18.938383001550037,42.85375326617015,42.85375326617015,91.5842434378909,119.73632899404052,176.33476591763056,7.142292211028359,0
63.80710751159491,48.983161140924764,84.88367806051671,148.17004535500072,7.007528446068064,23.115132963669335,23.115132963669335,43.2603108480987,114.50356939039696,132.5072754815557,280.6773208365564,3.852522160611556,1
14.554744017248916,24.93982158278216,27.89773032570555,31.74384414244797,4.145249747212795,2.0614827890586995,6.083146854337898,13.445118869072655,16.135421409504186,16.261347760272624,48.0051919027206,1.0138578090563164,0
161.10938563598407,21.097788435633685,38.04187693615732,37.84631146502879,41.53479445632567,49.288623593072764,119.8424589268087,143.18623435984463,269.7205599503199,376.63337555364046,414.47968701866927,19.973743154468117,1
47.26920241570301,37.24586988388244,95.8792132818273,178.00155104562924,7.887205524292477,8.485127448143214,31.415846718362687,33.90531846982839,56.5051826321369,76.25487542071335,254.2564264663426,5.2359744530604475,0
103.77553746455293,3.2627829964578474,39.19846724746191,21.162457503087516,20.669181152839652,39.137739978927655,39.137739978927655,100.60599996876243,108.90667874336177,124.4846959824839,145.6471534855714,6.522956663154609,1
47.95951550951635,35.03253739723979,32.74447297467582,53.647265764703185,8.924630476339534,18.66583888051099,28.686095745311004,29.527508782877035,57.60188568542119,73.31688379148305,126.96414955618624,4.781015957551834,0
50.06913547142451,29.20414399283507,20.061646541641696,49.20740084203772,5.286523137676102,11.118383223132033,11.118383223132033,39.61679699285105,56.038014898335405,70.33353904604031,119.54093988807804,1.8530638705220055,0
25.173138213338326,27.63188192022412,40.76549904534248,93.19755049119065,0.9448223080061976,14.392034252012179,14.392034252012179,20.581985860466336,30.946771633830828,43.14518368353868,136.34273417472934,2.398672375335363,0
28.412087181174456,2.0836944442858947,36.36211041400668,62.079968307167746,6.968899057105908,7.143185545497166,21.339263461244784,21.339263461244784,49.207862663627516,52.78177601060204,114.86174431776979,3.556543910207464,0
5.574779619938076,56.68628056023693,73.48078616631109,18.273380708772493,0.8303971815461467,2.381076761489663,3.183093305536788,3.183093305536788,8.499576030731737,9.22416564563614,27.497546354408634,0.530515550922798,0
141.38012760893076,12.056459522837379,34.69898713639925,43.19911178576675,36.15368938199535,83.35174727946126,105.39284944377151,105.39284944377151,205.95976656782767,261.1603582396825,304.3594700254493,17.56547490729525,0
92.25570023971311,8.553708843632005,45.83125648435371,38.99246216671224,11.519987227069239,46.295302319320925,46.295302319320925,46.295302319320925,156.61668355352037,161.32387238280685,200.3163345495191,7.715883719886821,0
25.093786858110086,24.378383772746208,32.13593344514856,106.17046690654283,0.6022409549555722,11.871913194369103,13.054359378146529,15.878082077402198,43.13677461460237,57.3011964550753,163.47166336161814,2.1757265630244214,0
44.49402434028094,47.16870955443664,31.937509652069217,177.43694205117836,2.47105082378391,5.767059704121486,27.16585962437032,35.71411444782611,78.79139056953831,85.53833852688247,262.97528057806085,4.527643270728387,1
64.45301573333919,46.36999491121279,25.122637174659534,148.30915836084495,4.1265813508742,23.337011318646795,23.337011318646795,37.77058051859205,109.67140398038268,143.32014115373738,291.6292995145823,3.8895018864411326,0
15.74029494990315,31.68494630999788,49.81130191800123,60.52861177475712,3.5364215145315017,7.507150908434703,11.330399727569636,14.423340515237498,26.042658269263928,27.642570765159398,88.17118253991651,1.8883999545949395,0
23.043217660091052,33.85318168939324,42.90226240888235,129.47744014186603,0.6677773205095283,9.913998288094165,9.913998288094165,17.45639072208808,23.635522134227912,30.63450781184465,160.11194795371068,1.6523330480156941,0
39.938306931595676,28.402142572577205,5.757332774307688,131.0919142779145,9.961034519169766,15.33120928690857,28.710828536350544,28.710828536350544,57.74277532305597,59.59738186461607,190.68929614253057,4.785138089391757,0
108.71395797138541,3.4671000718231806,93.0551492619744,203.55696039688354,23.19841515745353,60.93642058763911,60.93642058763911,64.45174663428945,142.82817343111643,148.77563062685417,352.3325910237377,10.156070097939851,1
24.460431178925468,18.115854551729782,34.87966825641895,0.7387784073795944,2.703734324486175,9.289576153110955,19.2968002483484,19.2968002483484,25.687652213777913,26.186125015847843,26.924903423227438,3.2161333747247336,0
65.73955689695309,24.558924093060188,75.75468361950196,47.17943847474301,10.922713318094221,34.10651847116945,48.15207699339916,48.15207699339916,70.51421637108038,89.11778775536503,136.29722623010804,8.025346165566527,1
136.55186689040863,34.15821158324569,90.69288691698061,102.44273179469093,38.372199887450506,74.13567894104264,97.46950442892961,97.46950442892961,183.37908498540864,195.5210419761806,297.9637737708715,16.244917404821603,1
93.02693280486781,40.22337146260833,1.1396067764782858,36.095160818262244,3.677163217012315,45.87292588289646,56.97621586064401,90.95382959721847,163.39743217492028,187.1535697040797,223.24873052234193,9.496035976774001,1
13.994774206510204,59.282953770614704,12.331587993720994,18.980596534431132,1.7036994330196193,2.4482296330325655,6.170077733118989,11.831926166261988,19.082530459333324,25.866554318881374,44.847150853312506,1.0283462888531647,0
29.222424571871812,31.42744058972383,19.054812926707974,23.78521282067668,3.7837362576218103,14.246764853196966,14.246764853196966,14.246764853196966,47.29326073843777,53.29502537582286,77.08023819649954,2.374460808866161,0
40.145268811579484,40.97053090768353,88.58102224000373,85.0425515348202,11.629546381534603,19.816180162540533,22.171499951681785,29.45199736756776,46.96326786395624,50.052991328656475,135.09554286347668,3.695249991946964,1
21.562853383106628,57.717329884395774,54.56676825882182,38.95126502593581,6.319287957429887,9.419663966335898,9.419663966335898,19.93100838671868,25.63531589927654,32.50206876416053,71.45333379009634,1.5699439943893163,1
82.8490745411045,18.16391445085156,31.09426447090722,24.244609457021625,21.17454199022949,23.672542950822443,29.312313621918783,79.82845216373346,138.71506245055582,147.5306903039324,171.77529976095403,4.8853856036531305,0
12.621526719461071,28.31649952113058,4.4117584077582155,180.62368970672023,1.6024171904147986,3.085993459876113,6.199914359710342,12.102968683917945,15.552693739818475,20.08767130297988,200.7113610097001,1.0333190599517237,1
24.924344736484276,43.81674572126082,3.5496340979614627,83.79486349743027,6.705437594011591,10.602509975429264,12.893968235037857,22.189389836560096,37.86799720391541,44.61213899097318,128.40700248840346,2.148994705839643,0
55.16514012079205,34.779710927030465,57.751346870136075,161.4111677002346,8.580292887084827,25.644666551863708,37.42699537411167,37.42699537411167,55.27466727220861,75.93148388490442,237.34265158513904,6.237832562351945,0
42.59106214193598,53.80377996026521,70.31234015879366,48.1779531415101,8.532521674845125,23.850165294348937,27.553766556766032,33.18994644954987,43.54395868411079,47.588575174363,95.7665283158731,4.592294426127672,0
21.296820312842474,34.83262702577859,38.556930059864506,118.49252157940592,5.959108544379973,5.765295806980736,12.247862647538373,17.590823426880945,29.3868285620638,35.10571419427717,153.5982357736831,2.0413104412563956,1
116.8701678836371,55.49689849354408,28.758988237733973,28.615847015480927,10.455383625538897,28.579623833861156,69.25079710846455,105.2362889074991,172.0033890256657,230.57193817063458,259.1877851861155,11.541799518077426,0
16.69053404753958,10.616411980568142,80.655572773334,38.8884888758145,4.356534924512831,7.8564412948532505,12.067226222630579,15.551803704769313,17.741598517274078,22.346950562737284,61.235439438551786,2.01120437043843,0
74.67847277758688,48.604595051667914,86.55428228736103,46.68550982911238,9.84179176426673,44.00245250871585,44.00245250871585,53.6743375227683,121.73926458915277,131.7150341565464,178.40054398565877,7.333742084785975,0
62.285444129862796,14.369624303342203,38.34840570532991,39.50619922113801,16.440016735085354,15.275055348509817,33.781809775206455,36.99910364979958,65.54244743664187,67.39680320570805,106.90300242684606,5.6303016292010755,0
64.97475110827715,4.8489825326803855,74.81927250188966,22.709721719205355,11.27687213019689,15.409223460360185,15.409223460360185,46.505027087639554,99.22791567010486,121.49671618634063,144.20643790554598,2.568203910060031,0
9.049678298980204,8.475743697217874,86.94526088904388,41.891366230107735,0.8076442823473576,4.948813081918993,4.948813081918993,8.626565848247534,13.930498574640316,17.100416007325986,58.991782237433725,0.8248021803198321,0
40.50840271503689,35.68088536998105,38.05691206931958,15.102312595101122,9.49300292265855,9.412910093228833,19.662472868700746,28.991897483361402,54.74172360590918,59.442343209792135,74.54465580489325,3.2770788114501244,0
51.42062160070008,18.868673747473167,16.073694202153877,67.98010212273999,2.6863333638029974,15.821037518167971,22.369603834565453,24.91280394078239,70.43875060040092,92.72019633215938,160.70029845489938,3.728267305760909,0
57.171527036405735,10.34959205427853,36.841849095446086,139.71414732816916,3.438470071869702,34.075609659417786,36.61034904855146,37.789352543689716,57.27730322162956,62.69114052799531,202.40528785616448,6.101724841425244,0
36.828739553576206,38.487243432123215,6.220953143321095,35.21481827210255,2.264474672914046,18.429115103992277,25.455532625845727,31.550284040552764,52.565960961162986,73.00485028951452,108.21966856161707,4.2425887709742875,0
66.02014830013813,30.301551841374867,3.557056732003694,56.34088732674755,16.85452799156701,14.848805475462466,44.49898179276408,64.97567392385903,81.98336904380858,105.31795293885622,161.65884026560377,7.41649696546068,0
38.48861401748323,24.07109242771162,82.48954873736542,130.99892230848394,10.159091139613512,22.178046461323383,22.178046461323383,25.152879150935707,45.473850740138886,56.491308057827354,187.4902303663113,3.6963410768872307,0
20.371244235650945,33.071195651131916,85.2766387608447,183.66582646642513,3.673538923984163,10.629690413929568,10.629690413929568,17.89165647378715,22.12987478263659,27.928578897754363,211.5944053641795,1.7716150689882613,1
21.54953491668809,51.96209995078073,64.7322960675027,123.93122693461407,2.1166983058418243,12.650071110478134,12.650071110478134,12.650071110478134,32.124919310383525,32.20887357408509,156.14010050869916,2.108345185079689,1
59.16402312358101,44.03206057218947,85.67149294199882,69.41359110471517,7.713712825095207,17.842650938509163,18.58407400399576,36.57582869588214,99.67357798239466,114.06010378974416,183.47369489445933,3.0973456673326267,1
22.45118922654878,30.72073758910654,93.54665138431706,95.19443710488235,1.6032175020333048,9.734723697779565,9.734723697779565,12.994035389636892,24.694739173587887,33.25687289156545,128.4513099964478,1.6224539496299275,1
69.71062928664078,49.709989144325505,68.64372790250215,101.5987121928619,1.4686675640192814,20.279249036633495,33.21950516692892,56.25017120195286,110.36482077887935,151.05048383762698,252.6491960304889,5.536584194488153,0
22.31703407760689,52.02809312332839,91.16375111664443,96.3150756285454,5.693030221537638,7.164933824923268,9.552441551341706,21.210090514354587,30.88875938185621,33.25283557658694,129.56791120513233,1.5920735918902844,0
15.013118111615857,23.82451697313834,91.95823110398491,38.68194970312075,1.1184263610200083,6.539751608117197,6.539751608117197,13.381180867807931,15.132776558277534,20.570915081639765,59.25286478476052,1.0899586013528662,0
142.76033344700488,10.687599511382492,27.446150362091835,113.7734410651104,6.016824786763027,43.87590544420096,43.87590544420096,107.92800080509299,198.65249415506082,228.30517883048933,342.07861989559973,7.312650907366827,1
102.36551294023867,8.67257413078573,94.9941534872801,138.09903233380618,5.825200026050758,31.682783325586023,31.682783325586023,73.79791239825862,171.629523507417,219.40555876185763,357.50459109566384,5.28046388759767,1
46.290443328683686,39.053604418119946,98.38442992569118,5.269004497474165,12.928788671323789,17.16926714168236,17.16926714168236,42.13587137976034,81.76138403969091,110.3876726863315,115.65667718380567,2.861544523613727,1
28.32704149339993,56.30510888149848,27.97579704473615,47.038803899461215,3.4475182935171986,4.3517258669849666,5.675657978535482,27.270643037478866,38.905350590723266,42.36497454098116,89.40377844044238,0.9459429964225804,0
70.60734868292853,4.235687787929312,62.74522836760266,89.33913569427708,14.224881290224209,41.86571177568256,41.86571177568256,61.25451820478164,96.01416772314826,101.23686943401088,190.57600512828796,6.977618629280427,0
163.8653641869776,30.840842753182237,22.019886872343854,75.97702724776052,4.71279534887224,84.14123941417773,84.14123941417773,130.07588287983143,208.91754645974893,248.42158842279247,324.398615670553,14.023539902362955,1
31.16647591600512,13.266366932663031,39.37553241083226,90.69070563050201,5.2407211627765555,10.634422253521448,18.86618567558582,27.37005771498717,40.60587178688079,50.72306316507314,141.41376879557515,3.1443642792643036,0
138.83383288223126,32.82776758694514,62.40585098930724,25.873703354722124,31.802346608879482,66.35212386371748,66.35212386371748,96.11484976299738,191.7092361868737,235.25440178832645,261.1281051430486,11.05868731061958,1
28.210102703860464,51.686379467217634,3.7438325280435336,4.874492029970117,1.0822506268453096,16.890512317656366,16.890512317656366,18.467580911575954,30.006093387329667,38.165798448773664,43.040290478743785,2.815085386276061,0
10.839808051540603,47.642409798700704,64.64153439372309,71.77998208864057,1.1240845898954142,3.883115047463357,6.171120883773632,10.602109895570207,16.459043925063774,22.50751943302167,94.28750152166224,1.0285201472956054,0
44.442345172316934,58.334808180695546,48.604245767949216,60.270084081946635,4.8960049840850255,20.525256736873214,25.749975426162873,32.492980101164626,57.12753539663965,59.74674051665763,120.01682459860427,4.291662571027145,0
8.810725412652216,30.102713730396502,12.377302960476399,136.1402903380283,2.365153911825299,1.25552629653212,5.520913959802685,6.566134386564794,13.467149852402216,18.65766743221979,154.7979577702481,0.9201523266337808,0
68.05796459025366,40.477102983756225,68.45919258137599,90.12807355471537,14.036612234104863,39.34587001891588,39.34587001891588,39.34587001891588,102.50291201132438,109.09511096665179,199.22318452136716,6.557645003152647,1
14.010257461837197,54.11368352841016,94.24692033289999,5.38813311502852,3.6749109778718645,2.5626265530457237,10.84173913442549,10.84173913442549,23.942833086693973,32.87480132354245,38.262934438570966,1.8069565224042483,0
61.14189570213795,42.46181802464882,0.22510186835541512,91.77914886790724,7.652020640986724,30.600553541178506,30.600553541178506,38.34994578215144,74.8975599858487,97.6234363508943,189.40258521880153,5.100092256863085,0
79.01361052437571,57.923432711717524,43.77571175336258,164.3573277031503,14.658322633349606,27.168635153090346,61.47981616068857,61.47981616068857,138.152740257899,182.98868370599394,347.34601140914424,10.24663602678143,1
130.19883375160083,16.241852393560816,12.61414007707149,132.73946475957365,21.47862891345029,54.969840555095296,75.49807418624442,127.45807211117477,198.86567705470588,268.43295770452676,401.1724224641004,12.58301236437407,1
10.981050135467722,9.828316188759347,20.700696480553315,90.3320380666594,1.0685549797599594,4.370520011959805,4.370520011959805,10.515459235537369,16.442666906533912,17.184288754655558,107.51632682131495,0.7284200019933008,0
24.896305978312466,10.649278464153216,49.1606911800045,42.59835938865122,3.4426017666973,7.661461780161048,7.954115016347343,24.562460239372722,35.949915811498265,45.49638670730174,88.09474609595296,1.3256858360578905,0
32.61909122801561,51.43982675930539,29.130413405879896,55.21054662151034,2.889821250227071,18.791311877371356,18.791311877371356,19.895262363886772,37.948603857636705,43.200929919277634,98.41147654078797,3.131885312895226,0
63.720116265298046,5.064620976798804,64.91642469716423,54.06378880533473,1.5633576227865709,16.254443571224908,37.44545004018404,50.34668117275746,64.0868132673273,73.83518770268206,127.8989765080168,6.240908340030674,1
38.438102084216965,48.97526805522381,26.403847201417697,102.06809193374642,11.18884558984488,8.286023708438375,29.78169518514444,29.78169518514444,55.58998044859193,67.28882209345527,169.3569140272017,4.96361586419074,0
17.59063925012054,28.9181130900391,77.62488475419183,97.49083896082496,5.070697565722179,9.62383620700719,12.67691358742076,12.67691358742076,30.46501496903354,37.7629412234443,135.25378018426926,2.1128189312367933,0
27.97498292087039,42.091435741234555,18.347099508953313,67.71955982109912,7.015562660199764,6.91240794974137,22.06741075714658,22.06741075714658,46.939090083301366,60.13183650574424,127.85139632684337,3.6779017928577633,0
50.48816444156965,45.24199224494475,90.72457573410806,125.8511585334057,3.4775819939402823,7.770519915074513,19.85394001477199,37.89962300337582,53.609859259827026,66.70331893209337,192.55447746549908,3.3089900024619983,1
30.84578280021913,26.615074543098597,40.01483621308991,34.711731159904005,0.7910794585372385,5.500201007842543,13.346000818022523,17.682422982703805,38.51582454097537,42.01199630894483,76.72372746884884,2.2243334696704204,0
117.95651676723237,10.472861201499304,5.5459405191191085,118.67483154101011,8.831060713645405,32.85907717515122,76.45892590165572,76.45892590165572,163.0571352289839,186.67549866151236,305.35033020252246,12.74315431694262,1
56.81984782667405,37.784832263924194,9.972070568604929,186.00239951240485,15.002573356989497,30.63737869668956,30.63737869668956,37.09023413113822,79.01914316859025,106.24272169893354,292.2451212113384,5.106229782781593,0
17.607009337933686,57.47841912663373,53.29491426436882,152.54941465812414,1.1073808063227548,7.604491242899162,7.604491242899162,7.604491242899162,20.214444106190633,25.987616552109788,178.53703121023392,1.2674152071498603,0
41.402808687481425,3.4817246246009947,91.10334121737695,119.45270568245105,3.5351919620091206,6.762881164941474,15.39746282664261,38.87752702008589,64.00517609120669,75.78014892538553,195.2328546078366,2.5662438044404348,0
66.48712869501115,15.163809660294667,51.53425118023336,41.641259757930925,14.198447033496324,24.44349171577162,29.571608043645682,35.454968408064396,92.25941578320764,101.03100640018482,142.67226615811575,4.928601340607614,1
53.16762506930088,52.71557957503931,45.01778256483975,81.56105322796144,8.170860151704352,21.872825896067713,35.25884979402719,41.390396604263,89.72852352469343,119.59570020304797,201.1567534310094,5.876474965671199,0
29.35071036355186,6.046723974221943,77.2798891812802,100.91325204595377,5.961753323182611,14.793380022579111,14.793380022579111,14.793380022579111,35.24155982064054,38.75891131542232,139.67216336137608,2.4655633370965186,1
36.554449942412354,2.5877059345054914,22.67941165401033,78.48471499715663,6.494167663891201,13.957164029560076,13.957164029560076,22.992713956773713,63.15072052679569,85.98922565422706,164.47394065138369,2.326194004926679,0
40.522017250059406,52.912607640131704,67.66422970311181,100.3234521397948,7.305836584820473,11.011203805058093,11.011203805058093,17.277794376346826,67.27109419972581,79.10647020684672,179.42992234664152,1.835200634176349,1
85.30719325143626,46.55072718601403,21.827060738756543,222.4221756474152,22.552253079401574,51.008230133549084,51.008230133549084,85.19503201193208,113.59246431358616,143.69398884583293,366.1161644932481,8.501371688924847,1
67.80801999479249,16.72502771030878,84.533308525748,149.04543159734234,5.49051563066278,15.58212726357526,28.475606280529465,62.47467015734117,111.72647972666194,121.6718734218869,270.71730501922923,4.7459343800882445,1
10.672695407795713,58.054652109564955,88.13332317702101,198.3084550514426,0.6294686273707443,6.21453446447318,6.21453446447318,9.72520186066406,16.09195931468238,17.0786565488338,215.3871116002764,1.0357557440788634,1
114.05855939698849,43.32056280036718,19.45774520855822,143.8680751853187,15.212114474036548,23.339357102561806,54.7230752626378,59.73946693100996,155.4304925627502,170.1673365081869,314.0354116935056,9.120512543772966,0
138.28196630632775,8.907882237994075,14.357192210510327,55.83638869413793,23.46545176994638,49.64449638987268,49.64449638987268,102.50021518634429,194.8476165687286,238.28104139808553,294.11743009222346,8.274082731645446,1
31.70808028210922,28.710323411425065,72.33409416537529,27.995012495781157,4.988329000455827,4.922531537618254,21.38128300024647,29.195990342805786,45.62548939940791,58.17945377117577,86.17446626695693,3.5635471667077447,0
61.24528784274996,52.17370483416817,65.28460559270606,54.64587642168921,10.4826412398008,33.470538200698805,33.470538200698805,38.42137865473901,72.39584204641146,86.3420479762166,140.98792439790583,5.578423033449801,0
204.7206921154683,40.728840747487446,62.165528468273614,75.82717591478855,31.963156593825616,70.56489121686063,124.99510868872308,124.99510868872308,229.8187848894348,302.1922423885004,378.01941830328894,20.83251811478718,1
43.18679722738987,35.97662995417058,50.93872057389439,137.86016593196643,7.126004376279552,23.406816063727348,27.796742701745835,28.16518216422503,70.36843134087889,74.63692424787862,212.49709017984506,4.6327904502909725,0
50.337632527070284,26.18598998963406,12.9061028044269,121.838007202805,14.141728133585564,25.796891542827733,25.796891542827733,47.07582605175722,53.833176432995394,74.01279158134335,195.85079878414837,4.299481923804622,0
71.31992018959832,16.386561256881663,71.94776757376607,34.48759723897447,2.4225173018196777,13.909709531104177,44.611661539368505,44.611661539368505,110.62606503961045,137.17280985888485,171.66040709785932,7.435276923228084,1
104.18218426178898,37.5887122915388,16.232723256999073,80.01344837977874,29.552571149887243,13.46631099050915,34.40022812023753,47.13947205262044,177.45473288411387,201.03327627817345,281.04672465795215,5.733371353372921,1
7.443472635002825,10.922693600060658,54.283953102970614,164.85512459383799,1.3727229120094289,4.1560335081251605,4.1560335081251605,5.6495561634595495,10.04236951169271,12.240886643600208,177.0960112374382,0.6926722513541934,0
42.21198688697228,48.974991080017965,34.66155212892681,35.59712275412471,1.409576942642931,16.08570033943659,26.601466581194384,26.601466581194384,68.37876577945309,80.46951445864747,116.06663721277218,4.433577763532397,0
103.9446577403918,14.155374173879371,33.164879909731795,62.381722057114914,3.634733852261299,54.70500747435487,54.70500747435487,65.82420115871437,175.81227129398226,232.6429903069371,295.024712364052,9.117501245725812,0
73.00347525754627,8.992709189084843,83.22606325053714,53.0250931490082,13.142461975189496,32.48080244714501,44.26122826947826,46.692705109973794,89.5383187653396,99.79782251297725,152.82291566198546,7.376871378246377,1
57.02323913650281,6.177695370412143,45.62152007603187,128.73291877981114,12.142606550770317,27.64475842197731,27.64475842197731,46.758671664110516,68.44812953338037,85.53489495757076,214.2678137373819,4.607459736996218,1
50.56437402852342,49.26480476877344,49.345912745033324,203.6845837286233,8.377437409910392,17.275568791063183,17.275568791063183,21.080801664616438,72.06136746084343,93.11257208847832,296.7971558171016,2.8792614651771973,1
100.41797786529891,29.132344434293536,89.61917646843058,50.215307646471615,14.62908612532018,46.8608637049117,46.8608637049117,79.87910590073872,173.36317281971833,240.78771124212025,291.0030188885919,7.810143950818617,1
66.93116923830951,25.12238966327583,55.84470867497316,41.45571314363466,6.530841608641625,37.43789734650272,37.43789734650272,46.472017483250546,104.12591373519064,107.90230268473242,149.3580158283671,6.239649557750454,0
131.38107667868536,32.22895360804257,80.13050639149652,22.06430378040406,24.94184326719585,59.73355680577156,59.73355680577156,92.9750492893106,150.67562302250738,188.1390399678272,210.20334374823125,9.955592800961927,1
38.10074679766189,36.06408261965595,86.28685719095792,72.79694254156,10.337686785568923,21.56119722777838,21.56119722777838,31.405183012082915,50.296283883558466,57.59871154814882,130.3956540897088,3.5935328712963965,0
4.347727234860768,53.08188233296597,69.5182042487323,134.1068852592502,0.6011851576204977,0.9596171876253349,2.85743113733731,3.4120167391658027,6.363570917145504,7.3634217226741745,141.47030698192435,0.47623852288955165,1
92.09589829585252,21.940250611684927,14.402982384259689,14.199158002185307,19.781633401511584,46.18295573648627,65.97231204243768,74.22940264447777,119.48932099050793,139.8315570881579,154.0307150903432,10.99538534040628,0
34.968465777898615,12.851884456423578,11.925740389403893,65.47731565218244,0.8694562601689273,12.759149921132925,26.653404295129253,26.653404295129253,40.351943827388105,45.78358171308367,111.26089736526612,4.442234049188209,0
45.504374372436565,52.40515282789368,43.422474862231965,90.3304549741167,6.6427880380612345,5.932789317998424,35.07054105691209,41.47978557061116,75.04750736440832,90.92833231360795,181.25878728772466,5.8450901761520155,0
52.97911852528458,29.873532805593445,6.318819533898045,121.70982905661027,12.359061222612421,22.392962283383476,30.579721718151493,40.761039056226934,82.19487603803374,90.21397704904685,211.92380610565712,5.096620286358582,0
28.773006873338336,35.6111582552837,30.071693792310196,86.84141784029087,7.358261224521777,11.902151065005732,17.727156513185797,19.45590725550557,46.860851921408006,62.791414662939474,149.63283250323036,2.9545260855309663,0
13.511813470103776,11.173166405104189,20.84703449430586,26.412741153188193,2.302121232501683,8.04566038087188,8.04566038087188,9.47231292646389,15.26424414603289,20.366566878917123,46.77930803210532,1.34094339681198,0
88.04325465200566,52.004072834677956,3.8648304345322626,43.06630774210791,15.726643829628255,37.40970664938854,64.88860904880728,64.88860904880728,98.83086693012505,102.51740895861073,145.58371670071864,10.814768174801214,0
1.146712096990866,56.42552993016676,39.913120559764124,176.5970094396626,0.06738392270125666,0.1896230943542851,0.4691611937228044,1.0011941819628063,1.2344903971777652,1.2716560511057637,177.86866549076836,0.07819353228713406,0
167.7626182233388,27.95951810776935,24.908004471439625,109.74727270304888,17.23542593285704,99.91739382080557,107.5177394018994,107.5177394018994,255.7137120198411,298.42759258749817,408.174865290547,17.9196232336499,1
46.407052474925095,3.1686429098907665,10.194757281272615,49.55344497876155,9.600292722997535,11.946364370041453,31.13423131834099,34.69688003287289,79.92168254609219,101.29527158317896,150.8487165619405,5.1890385530568315,0
4.4526276115820895,3.569241325899458,73.02976949310347,64.65276113306223,1.045129829245304,1.997580633524627,3.503035686617818,4.275699101947566,7.493293189814533,9.296069061996858,73.94883019505909,0.5838392811029697,0
97.3307731410094,19.53345139845046,91.25792010647574,31.05159591155289,4.179039186523031,38.84796340677031,38.84796340677031,71.14407362915097,117.5106680654397,127.25110657937486,158.30270249092774,6.474660567795052,1
7.250860757469775,30.525897646008495,62.075975327169196,12.266206785830963,2.095965859370941,2.0137166711037264,2.542696700136701,3.0663877892052804,9.203010632959435,11.23064341136034,23.496850197191304,0.4237827833561168,0
27.846060862562695,27.10290930345025,92.93222715004067,68.63829748904641,7.9917868666180905,8.446599205273657,13.447110565203259,27.314167484834158,38.538569497840996,38.85279975816302,107.49109724720944,2.241185094200543,1
141.12928118357436,34.99477406708808,16.646094409356515,40.1568454920415,10.235690888758318,60.19258928184975,95.75206241294559,104.24601048927566,143.32000262340924,152.79892877082105,192.95577426286255,15.958677068824265,1
63.16202800360627,16.92838986056089,76.80885937526507,92.63485727822427,2.0626853326775816,33.84527793346392,40.12817764004021,40.12817764004021,97.14801358021813,108.00823283051048,200.64309010873475,6.688029606673368,1
56.526420604917035,14.165070382962966,40.86076477244946,234.98803020971707,6.528262142503604,32.40717369568624,32.40717369568624,39.46486151515773,66.36285887871293,85.76272321365482,320.75075342337186,5.401195615947707,1
62.26599393814912,58.499471581668246,48.953008433741665,88.46393453830413,17.95967138980719,37.079656644759275,44.47342407878436,44.47342407878436,102.82648658640538,133.7726616861661,222.23659622447022,7.41223734646406,1
20.363958565106223,18.27425513774575,66.42833402448174,88.4395506906486,2.9332957444376353,3.2250450236805515,9.112178252625824,13.271159282831688,28.770666629517592,30.184513972092656,118.62406466274126,1.5186963754376375,0
64.76164775790461,56.89845515620387,78.35423861591654,132.7445860508228,6.983504278962083,12.560763225276657,46.18479158856468,46.18479158856468,72.79676536570597,77.70152311656466,210.44610916738745,7.69746526476078,1
58.820289265616275,35.14789400334359,5.981819310066494,21.743734161632517,15.911605247300557,11.928947412125563,42.95532491006075,52.729846513728766,94.09246797178633,101.47336036292407,123.21709452455659,7.159220818343459,0
40.04435409290627,6.059444990382317,38.81812726226435,100.88095999810575,2.3064013983921954,23.492368435560795,30.06505462770339,30.06505462770339,65.94285394404575,80.99684474543753,181.87780474354327,5.010842437950565,0
115.05225612051646,36.51065732803393,76.49801500106948,30.352122074531703,32.61793022082951,17.11102420173833,77.25148391378762,91.61709176323657,193.7661885276224,200.3780048475061,230.7301269220378,12.875247318964604,0
79.36396195811531,59.16166610636907,53.49500990815116,130.771620356058,19.564761585927467,35.59687093720308,51.747765696609974,65.98717541567942,86.08385538971653,113.2032048813783,243.9748252374363,8.624627616101662,0
15.77810646338064,50.70114541138794,34.16902364543738,88.19922982606687,2.0101595025973102,9.13348133397071,9.13348133397071,15.590571705916807,21.712794703869417,27.590701864274155,115.78993169034102,1.5222468889951184,0
32.6800822463179,19.605612738575978,4.053105885709862,24.027624882283654,7.858374398178991,12.668407189720554,17.443723486655358,19.22901171192998,34.03306096628923,43.71705824350608,67.74468312578973,2.907287247775893,0
27.47677274818734,7.539354377906211,0.736316385286373,89.33171399514647,6.366719639606488,2.8552679501222893,14.010921885856824,14.295046143602313,48.543191686119,54.263607396080715,143.59532139122717,2.335153647642804,0
20.92106631776622,28.705495029772507,42.51022405029599,18.737916691353796,3.8152014133335377,2.7790078389320443,10.657398441433811,20.10370543634976,28.737860466087454,35.07020198904652,53.80811868040031,1.7762330735723018,1
105.63277943515068,7.724379322942596,48.35920436136932,23.263663646258543,25.22565415299481,48.05318243275868,48.05318243275868,102.5317255721684,170.12806125089375,190.9068463024374,214.17050994869595,8.008863738793114,0
32.53693134809229,19.264923283302753,22.91990194951857,17.002178091181662,5.206770745342129,9.734369402343145,12.910432561390415,28.205733040579844,39.04511092438566,45.780936175520345,62.78311426670201,2.1517387602317357,0
80.40924751818453,55.250540867634435,79.96250336316335,136.8330116307578,20.574781243690904,28.371965641084028,28.371965641084028,50.8436589590752,93.92743614407851,97.27452609679841,234.1075377275562,4.728660940180672,1
65.88875599417219,39.9061055822858,72.34573415608888,95.06746971223927,15.952985665987553,8.07812729231684,41.55073092217589,64.76672451867464,91.27382836473468,98.42855047113345,193.4960201833727,6.925121820362648,0
15.3826974366777,47.439366669999615,18.818648047131813,76.23785374688836,4.211358993722766,8.447651525627212,8.447651525627212,11.53835396954954,22.86497066983848,23.61843204430791,99.85628579119627,1.4079419209378685,0
105.60817636158755,33.353928394910255,18.799438074734798,33.72468444948624,25.69550282279412,58.36912362256085,58.36912362256085,58.36912362256085,128.64104989355147,160.50618931915386,194.2308737686401,9.728187270426808,0
43.217061315421574,11.75137219155266,86.48483654519474,101.83021419989308,12.008507272212524,17.332361084868193,29.36874815684376,38.69459645412093,55.261734647131554,73.0349999956274,174.86521419552048,4.8947913594739605,1
32.598709104135295,10.722973420003735,91.91411354272365,77.82951763505567,2.278276126147613,11.023156565084967,24.033693034303248,24.033693034303248,43.429876194157785,60.44457557791353,138.2740932129692,4.005615505717208,0
11.512964037061298,46.41422146643841,98.45552351840871,45.47545781289614,1.1242107895711735,3.417337565072897,3.417337565072897,5.003364770087998,11.605479989083173,14.787640467743477,60.26309828063962,0.5695562608454828,1
22.043341937110846,26.89992922842718,68.63899104782944,83.25199627218177,3.233557836640699,4.3850972714665915,16.023089512694693,19.10839662593884,26.280354560885662,35.308685610411075,118.56068188259285,2.6705149187824486,1
17.84611634142005,30.99995780868547,92.89221029009539,95.64931617976613,1.5702618452224169,10.169752939500293,10.169752939500293,15.881652312903501,28.885951038291726,32.87709517589793,128.52641135566407,1.694958823250049,0
8.64559434360869,12.376967167215842,14.850311132023887,25.78635606617493,2.3436203495604846,2.979763596187779,5.411140802973571,7.89730885148424,14.26863106792069,18.84751513932272,44.63387120549765,0.9018568004955951,0
62.449614183143154,22.977002166954172,15.570886045002275,162.0502774091329,4.392343002289729,9.619254849242568,45.34859696610173,45.34859696610173,99.23938798023481,108.22060324405817,270.27088065319106,7.558099494350288,1
18.581642891865595,9.669259974374011,4.153669864464494,61.62257754184871,2.759171966109578,9.223439841903014,9.223439841903014,11.182115154685484,20.654816437176855,25.234299415050558,86.85687695689927,1.5372399736505022,0
48.54494837856055,13.862402390649683,53.852557471711314,98.81072362252496,8.061280494507416,28.443551178452473,37.19077610078366,42.474772059234894,54.05454408128774,62.213993320318735,161.0247169428437,6.198462683463943,0
98.23491307531609,53.55541479143406,22.12741371499535,57.87194461154342,25.978741828256734,23.695045628000212,62.09443395894282,84.18476131927129,122.64776585618837,156.37609751937342,214.24804213091684,10.34907232649047,1
73.95006959150876,43.567896476886574,56.88120648883611,89.11718218115857,6.84483932511118,32.801891901081376,58.44060429108379,68.88443976396017,86.61539739327127,106.92718556759208,196.04436774875063,9.740100715180631,0
54.3080431900557,51.412219388804345,0.7681700011249237,51.103026993636234,15.83013903287497,32.49860967691364,32.49860967691364,39.57190924976727,55.29094408115262,72.4946180905964,123.59764508423264,5.416434946152273,0
5.075027287906442,52.70205939973513,52.895859785370355,54.64287724303855,0.5163728450511823,0.7990030387541122,1.4056499918237444,2.9761305568607983,5.973939665707525,6.526387604911325,61.169264847949876,0.23427499863729073,0
8.694916247688012,36.196587924162685,88.89113637132165,50.288656674824765,0.5707148673992162,4.402306015393969,5.190722603247363,5.619810860714348,12.070849676483768,16.383840215807787,66.67249689063254,0.8651204338745605,1
26.31843563069472,19.644041001191813,72.59126788135768,75.52903793924597,2.395057042054643,9.189605969097897,13.39500611621477,15.16891235448528,39.11840905932439,44.03400284453744,119.5630407837834,2.232501019369128,1
57.56989671070559,30.5678199704378,36.70065836156338,112.98456518814086,15.35400502648859,25.023073467546258,39.65817306423205,45.217027439295315,61.69594112079181,63.379471163391,176.36403635153187,6.609695510705342,0
18.27007634228859,3.093874957942419,6.824410852266194,114.6649896978932,1.1450832741568728,3.477959842490265,8.357406502337447,12.731529948810607,23.76039397859377,27.515107886078503,142.1800975839717,1.3929010837229079,0
17.81122658243278,49.40581640335781,24.512812691556885,110.15168606203373,0.5154173357401336,3.7221876271153924,3.7221876271153924,13.186171540598586,23.178344038586985,23.486246516189215,133.63793257822294,0.620364604519232,0
94.89589940013703,48.55263953175727,50.33578696312434,81.29445458440824,9.645744676423421,35.87197418496465,46.59586988894817,76.24444287274392,104.9950011693594,132.5777314720611,213.87218605646933,7.765978314824696,1
36.20883496808992,31.48318681224811,25.73651503480304,46.07998834929525,6.245106973904421,8.156178745520293,21.70863661540101,21.70863661540101,63.66499122788658,68.46391598182099,114.54390433111624,3.6181061025668346,0
9.186283878650036,23.897785800325938,77.63936759802729,111.4338342685155,1.1010913445650548,3.6595994891135426,3.6595994891135426,8.60554636684705,16.488938082852513,21.368726766641732,132.80256103515723,0.6099332481855905,0
58.62121835049482,12.010882083123114,93.51699588392239,74.93949590029654,3.810410205500646,8.432747990975438,29.38521359306662,29.38521359306662,63.92987669681235,87.17022311944645,162.10971901974298,4.897535598844437,1
13.219675601916354,6.383895528611547,17.6216893528915,41.15204671481381,1.612430320193475,6.490401804062379,7.430049106185668,7.430049106185668,16.108974280268615,19.90880942738223,61.06085614219604,1.2383415176976114,0
57.49656044937576,20.84826291601905,0.5577430074845013,60.94905894733624,12.299654179230496,13.625908564806595,36.27188854097628,36.27188854097628,58.032217430208824,73.45331327613924,134.40237222347548,6.04531475682938,0
31.644938408318662,56.37352570819632,8.407215598423544,120.62117731628604,4.497034950457464,14.82566925992112,14.82566925992112,20.466500218682576,51.63030831544158,60.461823817882085,181.08300113416811,2.4709448766535203,0
45.2568124987461,5.987822783038843,80.2855973544857,27.293969250600828,8.162630168042291,8.214716891776671,16.351767725510406,43.75572040337621,60.42865635944449,62.56744882360437,89.8614180742052,2.725294620918401,0
17.324238347639735,57.050066487836105,5.37077195335065,168.12142611815995,4.940433845514125,8.658246117702843,10.603587846240558,15.525104751762704,30.92907601818696,36.25494991026712,204.37637602842707,1.767264641040093,0
30.09834034747788,32.663419385289515,74.6305794186727,252.19618888366654,6.9077787965031625,3.213083431013522,12.418803396018417,20.94930361077717,42.02605162085284,48.92057907287373,301.1167679565403,2.0698005660030696,1
26.52175901383707,27.570955222680777,40.52084288217597,46.27716939716081,6.4997670430388785,4.917274389456496,17.245609221341592,17.245609221341592,27.971576551531694,32.29089544309857,78.56806484025938,2.874268203556932,0
19.456182519084443,9.131581906041681,42.60640178464637,51.29595604526855,1.9581390616671428,5.23255980723134,7.014945186694687,8.241269032227006,32.228265223295885,40.28173515895151,91.57769120422006,1.1691575311157811,1
30.960838213791547,6.139816323164234,73.07713489694564,58.32657633893408,5.052433724408732,15.169738855141649,20.21552669295885,21.495951753559893,50.371536971024625,60.69642988185307,119.02300622078715,3.369254448826475,0
5.111315180647394,33.57878105503269,32.0030105834155,44.73570997885371,0.5954048802656324,0.5921586169846225,1.505429820706609,2.8254267518975977,5.934532921585814,8.093295425327703,52.829005404181416,0.2509049701177682,0
70.69332977406866,36.71957743382702,81.04905327744649,206.36904691838023,11.004668540596917,33.23663924450926,33.32482336226996,33.32482336226996,80.96798652593928,105.49160728670988,311.8606542050901,5.554137227044993,1
67.76685007448704,27.177598474802004,9.43613073447912,58.27308628533048,3.47814966002664,14.750812441368659,21.340289782453127,61.465055162273146,118.36868551511691,152.11723397566638,210.39032026099687,3.5567149637421878,0
32.51940796472441,18.66515408468931,71.86578202045844,24.80184743535599,5.371291944637767,19.457063800432802,19.457063800432802,27.10293469215388,58.417011650699756,79.56006964545756,104.36191708081356,3.2428439667388003,0
33.334256252387675,2.7674843909920988,90.36811329922203,78.52312659930193,5.574427768845939,8.114755276012176,20.670530764359352,32.12689912195616,52.43584631156159,62.49364431214869,141.01677091145064,3.445088460726559,1
29.995542210341775,17.467264827495967,16.425306839341726,34.45583599645345,5.4290022218598315,5.185366793756627,15.491420942800904,20.423901831893247,34.09754889365512,46.632180793734605,81.08801679018805,2.5819034904668174,0
70.55189783067472,43.459687051817596,55.48586190099463,19.282870730904587,6.045646129394863,31.157871218849362,31.157871218849362,49.24877293869955,81.71452045816875,95.26344346988284,114.54631420078744,5.192978536474894,0
25.33658818931444,37.14885321456448,64.09784681662927,38.213729230829344,2.077763458600841,6.038572373275214,19.07352691239096,19.07352691239096,38.84123643959304,43.31979342253226,81.5335226533616,3.17892115206516,0
82.61772278647064,11.169537572134027,13.276059875252411,41.67817053227601,10.15891871390502,30.577903591273056,30.577903591273056,76.78219572931151,88.28069812486132,116.21362703512729,157.8917975674033,5.096317265212176,0
11.869477008647769,48.019417027059454,54.32594136299661,58.556255089190316,2.0244059068117446,5.769347799953162,7.576616163472342,7.576616163472342,13.76156755811341,18.169938175255172,76.72619326444548,1.2627693605787236,0
82.94529816850947,10.612308075511741,25.229643445951478,13.592814781984426,9.480438611062292,41.469245333714326,52.55058838462944,52.55058838462944,83.51912001230095,97.24848686031203,110.84130164229646,8.75843139743824,0
3.3583201672832117,48.13681514736689,75.35780946923036,195.19103818979784,0.7311709982155312,0.7063430180488686,2.4772130943237953,2.6815339037366197,4.811809239257201,6.032295235674654,201.2233334254725,0.41286884905396587,0
29.042266215388274,31.732060076542325,56.80222812480874,85.95752050871724,5.3389698149408975,5.95039791572519,20.815035083242975,20.815035083242975,43.361751443851674,58.39478747307516,144.3523079817924,3.469172513873829,0
71.55159510805629,43.582329565854224,41.05674872951693,104.98114942079083,3.6918977991562216,16.86248060335747,20.76142464760641,54.06146076872624,127.01723442481139,128.47496539414115,233.456114814932,3.460237441267735,1
79.74160890342772,6.815202378053249,74.25312985806994,72.98468396138222,6.593998800228398,23.71144546893571,61.2155123400745,74.35007781152311,85.85064596817271,112.09751542627042,185.08219938765262,10.202585390012416,0
12.40967502825093,44.977288300198296,73.18230560604708,146.62883101278052,2.3490314437905773,5.875791932494217,5.875791932494217,11.71304802199373,21.507401938863904,24.506967319368496,171.13579833214902,0.9792986554157029,1
59.75792175601583,43.84459773714628,21.04760733416551,50.587551266922084,10.095919469097408,22.170820967170865,32.16712217488405,37.47609339212368,74.34275560805119,102.01164936169172,152.5992006286138,5.361187029147342,0
55.133854135912195,12.164691758663734,2.5618611099659128,72.61916354647424,6.33902299200637,29.76879383649925,29.76879383649925,44.831108395234224,94.01069747247355,99.23615766886017,171.8553212153344,4.9614656394165415,0
62.25891726809502,9.977299248611338,24.829052426100283,31.755889085900538,4.241522835529071,27.97007651846268,27.97007651846268,43.28757101003705,96.0221867957179,120.75283023624641,152.50871932214696,4.66167941974378,0
189.70738627442063,45.424369626976734,88.25858199757177,61.93504934461126,52.68570934543527,77.14285230257336,128.16214965432724,139.15260329642825,239.80242386341013,312.6102069981331,374.5452563427443,21.360358275721207,1
203.48539219134466,26.13708079384925,39.68378397788989,68.04531436012175,29.676923576843645,73.32023118312948,154.98341887479097,180.654350833728,347.45528759839345,367.6029154023602,435.64822976248195,25.83056981246516,1
97.63542536091634,39.56579866924605,20.14610340445805,34.42750235870256,7.763272479318482,29.90740677065417,38.32487580945851,55.43321507303251,144.1945605447812,194.6750890313273,229.10259139002986,6.387479301576419,0
18.665115626150392,2.524953906012141,36.88621304660663,85.11088945051586,4.140868298484088,5.094787605846416,8.61569685203244,8.61569685203244,28.428451845959852,33.033533878116046,118.1444233286319,1.43594947533874,0
27.625619705847114,12.651634099903273,38.31525283432491,90.45881476329399,2.532099304595976,5.178471069412438,18.824576082316653,22.358738640333193,47.33060045990412,47.91234370463531,138.3711584679293,3.1374293470527754,0
46.62358799296168,45.26361588361945,45.40707264355921,106.39870189369292,4.400291483841454,10.959137750547047,26.00231683726852,27.19115287257364,63.57111731784479,80.27235568188884,186.67105757558176,4.333719472878086,0
29.21035033806703,13.534230546940645,45.00299037597628,89.16523949731045,7.348613023885209,16.07994195243846,21.57235356861984,21.57235356861984,31.84158463601752,31.89985072181053,121.06509021912098,3.59539226143664,0
18.77384185625356,6.656356568614428,29.809210786126595,63.800284256382696,5.147740039595004,9.66343364641649,9.66343364641649,9.66343364641649,19.987337744619815,27.483616032056908,91.28390028843961,1.6105722744027482,0
80.71285771984562,12.155755840235756,29.948382602923505,120.29421957455982,12.192811719232456,8.252722944601247,25.225634395803137,78.37286040522865,101.58328378680213,122.41774876966105,242.71196834422085,4.204272399300523,0
12.122224995052056,50.279289949713224,79.9753422373249,72.19708329890683,2.388576695423561,2.5701735266914922,6.412119018890608,10.916094238156434,20.43833122289611,27.61242433034,99.80950762924684,1.0686865031484347,0
3.7553947739685123,22.098774606792006,66.30293213998694,9.948607680135778,0.45470949572096125,1.8913714657747533,1.8913714657747533,3.1491350241495355,6.609500087068571,8.374930409800037,18.323538089935816,0.31522857762912554,1
68.07566222371948,32.74438089738297,67.93962510594164,20.324621473546706,13.439150362333178,26.738819304886647,49.59994022163808,49.59994022163808,98.7738900152526,135.84327763945583,156.16789911300253,8.266656703606346,0
66.34776205205054,35.49476223420091,19.05167039859681,31.200206354224896,14.851568615824457,8.999430669814723,16.810592951376602,27.704039200304454,96.62276973936345,117.56284646674621,148.7630528209711,2.8017654918961004,0
9.114987416115298,23.61304370307012,99.18619771163434,38.23396461063708,2.0224550151806193,4.591341954197913,4.591341954197913,8.956692538204294,10.917744144839922,12.339100995074125,50.57306560571121,0.7652236590329854,0
8.861312958825245,7.434483895863497,8.692667844288405,85.36818332993313,0.2782215529889304,4.224091368372796,4.224091368372796,4.58734538510379,15.120730142610956,15.606793676635153,100.97497700656828,0.7040152280621327,0
38.642675983897234,16.894649581393125,68.2528909176258,150.65626171579342,1.8398262986422524,9.305270224595137,23.305295577702264,32.03992481700059,50.718336614229024,55.864315463985825,206.52057717977925,3.884215929617044,1
49.44598008247128,11.153062122442602,74.34167197256586,96.45445586529496,10.79051629719213,23.33629009251367,23.33629009251367,36.00669708685535,68.52626237130468,93.34758263358482,189.80203849887977,3.8893816820856117,0
30.001811367577574,54.75216525367751,26.71760066465082,82.21627914738679,5.067752558451393,16.301920494912803,16.301920494912803,17.06185896844088,53.0445091841748,73.90938927675536,156.12566842414213,2.716986749152134,1
24.915256711873138,44.9250807688759,7.709219924197075,13.047583146956416,7.079226865267411,10.554164619766134,18.23477927118062,18.23477927118062,40.79474132985542,41.39677588136884,54.44435902832525,3.0391298785301033,0
36.81640651672238,49.73701998400531,73.74038913096919,6.24514513849566,1.8038942748763027,17.371023953527224,24.202440690191825,27.46073926224568,59.3147890132362,65.40621264642037,71.65135778491603,4.0337401150319705,1
64.25731693410619,49.110442728141344,56.55643441474096,165.09294526811328,19.09142479533385,7.9996729413549525,46.948663947809514,52.771510865103075,87.45605614439134,94.55990856434369,259.65285383245697,7.824777324634919,1
9.588740351654405,2.126136589530831,96.56275070107374,48.45954059817374,0.5502806682960627,3.668044514242041,3.668044514242041,8.122314983844927,10.696835773128283,12.902126716908986,61.36166731508273,0.6113407523736735,0
43.60392748206562,45.44242751760825,72.76875712158744,86.61470195267196,1.2558788711577746,20.790644270863123,20.790644270863123,20.790644270863123,55.7698771926491,66.00317400472497,152.61787595739693,3.465107378477187,0
18.779182960563368,29.95923206714175,92.96826554051019,93.92990758538647,5.102631187548105,6.221533315228047,10.79947741898432,17.326183718204188,25.283735361281664,35.210018597455864,129.13992618284234,1.7999129031640535,0
173.66454781588052,46.92887436669384,63.42959861041636,244.6375136418482,27.982919615129777,52.49648852295477,52.49648852295477,144.46788039823687,284.46763422266014,324.7410732714641,569.3785869133122,8.749414753825794,1
45.70947310552923,57.67091272181186,49.80107342923093,197.96005997023866,4.583346820612879,17.43765538174909,36.335753847691365,39.74314776533011,73.83859995119488,91.34777852033909,289.30783849057775,6.055958974615227,0
110.69370972550259,22.747563041811105,94.47345710988473,273.4201510627168,19.936415854756227,48.41846171469595,88.07726543393248,88.07726543393248,192.18347920112518,253.34422230873432,526.7643733714511,14.679544238988747,1
61.692625001917676,37.07755569824033,81.88462930630516,105.66472004407709,7.755258075798396,31.35937014323261,31.534828864626103,50.36785626277589,65.24036765079393,65.63396597427186,171.29868601834895,5.255804810771017,0
139.34184396433008,19.666949068062202,3.505321565042918,176.98566530899112,41.35830845558462,70.81044910570695,110.94694783051567,110.94694783051567,188.54691510114242,248.16095868032863,425.1466239893198,18.49115797175261,1
37.370402140819735,53.84079634186354,58.30480131208223,26.02418642031306,8.846150868120846,16.87392523144486,28.4818671385248,28.4818671385248,62.19548187160633,79.43174937386611,105.45593579417917,4.7469778564208,0
41.54276634235143,16.733332012055985,14.941673774779341,247.78587828004586,8.460727604214842,24.585076823173633,24.585076823173633,24.585076823173633,57.08014744763127,77.83364478598374,325.6195230660296,4.097512803862272,0
33.119281234171254,22.372551117452257,94.79851004040702,118.14991283170654,3.649283326747217,12.221932172622342,12.221932172622342,24.829274022139554,39.25512373704012,54.39103117651829,172.54094400822484,2.036988695437057,0
21.11813565128668,53.50084249181167,67.58777597984239,54.757730562574245,0.5751828589493003,6.792310336039713,6.792310336039713,18.203590471010703,34.59687993778671,42.437412398440976,97.19514296101522,1.1320517226732856,0
10.28622889634706,7.849315389618026,45.13485959278366,126.82870901461118,2.5022577121736282,2.7298833998096215,3.8928030451409765,6.242120558133406,10.702127191836816,13.844442692488538,140.67315170709972,0.648800507523496,1
49.7043249173969,30.652886915164586,95.98712590722609,151.91858290626973,1.659402126536924,8.061069717890513,34.505460131388446,45.760035350701294,64.09624414917693,89.39434900107375,241.31293190734348,5.750910021898075,0
78.67673764718926,35.71456236884433,33.63516676558883,99.2031866701278,4.0658487854834435,16.619669038693566,41.2103775544095,72.4749120422755,121.88517734254093,163.0034239909225,262.2066106610503,6.868396259068249,1
35.61357255838604,35.58305352051402,44.41461503605516,158.1178947339688,6.585623575085041,9.011587539455546,24.876426792352255,30.52972341635004,40.18009791430715,49.52990976642628,207.64780450039507,4.146071132058709,0
26.15448349940836,8.964279283163371,39.90602216168694,64.8578937523372,6.066226266151107,9.23952601787071,16.4038792727717,16.4038792727717,43.70646158262825,46.2710120823547,111.1289058346919,2.7339798787952834,0
108.06825270446447,4.290457776818201,13.186472537584137,98.98156257990047,14.535658764384111,64.72038128611466,74.45806625059971,76.50570498300436,142.4167242766097,163.56773009983493,262.5492926797354,12.409677708433286,0
14.8365345648942,26.16523531383759,14.988717767427106,30.25593400356023,2.7437838514254453,7.236223197594606,7.236223197594606,14.680020141630372,19.35887012900659,26.14782397027001,56.40375797383024,1.206037199599101,1
40.07132009692306,28.323824631894148,59.10067451062485,55.2181548377327,11.72569094181812,21.794680450395244,24.85677087729599,24.85677087729599,70.49744172457063,72.84682388301322,128.0649787207459,4.142795146215998,0
68.62990150146251,56.67452211863451,6.952909880569713,47.337985591863216,6.778017590673904,13.086492930209323,16.915627439937033,28.93651362452285,76.68979998841672,103.89578863193218,151.2337742237954,2.8192712399895057,1
18.357402393859232,45.82848256900006,93.1083184007197,25.369330538150926,0.5931641101882944,2.056730222050919,11.267584108458696,13.053092251209065,24.765822519700006,31.01537623589346,56.38470677404439,1.8779306847431159,0
40.51143704002932,36.72086339301515,32.76421516117418,9.930827720451704,3.3269864222726757,4.106777479714064,19.94486677097129,22.68146667152437,57.07921306199228,75.5661426675697,85.4969703880214,3.3241444618285487,1
80.71734084492076,14.186589141433148,32.09639514589162,56.69625466999647,11.704977878891357,28.35718918534382,32.38838500893518,68.14150872429846,86.9701753200088,100.96047711766576,157.65673178766224,5.398064168155863,1
18.117098461841966,54.284026439776795,13.968075275510461,31.891859770974985,4.305744797383722,2.8764041922095855,11.191590993262366,17.483350357364777,22.691650334351777,25.475580257902156,57.36744002887714,1.8652651655437278,0
62.87442272186253,13.224617925728715,35.09528050409762,79.86448818490092,8.638391291491132,12.240123361204018,12.829212948857474,41.41557208529374,89.65654491171011,124.42768558871107,204.29217377361198,2.1382021581429123,0
7.2761342155258,56.947762938301736,69.11490715989257,88.55798637361276,1.3453285255200194,1.3739876500580352,4.824250191960444,6.3959439848428685,12.644064671357318,15.62610648456673,104.1840928581795,0.804041698660074,1
35.07235555369025,56.86425484970739,95.7325789359633,200.4032010483309,6.257834304760266,16.02348305311151,18.28886905327364,29.084155379678442,48.258251899822795,61.488260715101504,261.8914617634324,3.0481448422122734,1
90.42933521952784,58.71774518770128,19.2587394263207,45.14566011352316,14.16048994743886,52.14267895052459,52.14267895052459,72.58211491775003,130.8436784975404,179.37110550291754,224.5167656164407,8.690446491754098,1
64.82806556559127,18.41508561153944,17.759677210163826,152.67262155536744,4.1830090350187525,10.410671147513819,33.569279154238956,33.569279154238956,99.84541793510132,118.80592277084133,271.47854432620875,5.594879859039826,0
94.43623701514076,9.974164554731198,13.901453715710964,85.91874755417857,3.6873221852880853,14.489128135109345,34.276949296237035,78.86638057223536,105.44646537745906,108.91168427432241,194.830431828501,5.7128248827061725,1
2.4257548439273653,38.469109182611646,57.3992247852446,96.28314531485442,0.1863772678349508,0.6424405626889163,1.3831789496995668,2.1022728704068223,2.7112580893180884,2.9806069562394257,99.26375227109385,0.2305298249499278,1
36.17339495093263,26.52432861264909,11.693306192523812,77.0631794950361,3.4601742925509877,15.149936876792173,15.149936876792173,16.09621516842,50.01538953319105,62.48618202927073,139.54936152430682,2.5249894794653622,0
19.73260481347813,24.532964529371863,8.812422571683276,136.0894957989015,1.4309870929767092,5.616993771274725,14.926777088716745,18.64378362957883,29.586712392265646,38.616243907207284,174.7057397061088,2.487796181452791,1
37.700608146796014,34.26588760356036,74.39337377488255,76.71539213395393,2.7855795531272323,9.018997565442094,25.18031689031736,25.54820495025079,47.27465720749283,56.84348246413261,133.55887459808653,4.19671948171956,1
83.50095958749732,41.98892104273168,79.31804350931971,75.11011399367601,15.89437430383559,13.159277932737346,60.98053970103812,72.05180553488778,88.93199300850115,111.7503208381305,186.86043483180651,10.163423283506352,0
117.88631888688043,21.26322235314052,31.456371212343925,31.076145706849843,17.360045070131445,38.783903331067016,74.16409098419888,96.52415930740855,189.13005276250396,240.6906129180619,271.76675862491174,12.360681830699813,1
156.26712036808607,21.4366678945468,58.146307271366396,35.77313114053205,14.073065938912796,18.381646389246463,38.840952466276,137.46123083408511,243.70106316260907,247.77242166455483,283.54555280508686,6.473492077712667,1
26.83197592940905,37.40087209741177,74.23750650049925,86.52366235308854,2.308145715525131,11.110874885881431,13.756366217905603,13.756366217905603,46.32987624121962,55.141821572515646,141.66548392560418,2.292727702984267,1
6.129128671960796,6.13598315421678,4.895523308996008,51.38230407585066,0.3683963510520367,3.136639387366144,3.814271907544735,4.817197155163018,10.010958905674489,13.523151665385674,64.90545574123634,0.6357119845907891,0
4.223719087409401,42.596898262326974,63.47008279652352,18.31973129363125,0.9026284968287004,2.4678754173311437,2.4678754173311437,2.4949665721128857,6.726268459407913,6.886841002129205,25.206572295760456,0.41131256955519063,0
11.807768424644308,48.342669350988835,28.61974935788337,47.39483625990148,1.8096814203943814,3.0835084721773613,7.21173327348943,7.383999565470661,16.746946401001345,21.26671181842753,68.66154807832902,1.2019555455815716,0
77.59131300934104,53.02562878083718,40.91171427650667,120.97103956711557,15.989461136906511,39.76943916704072,40.45666008615744,40.45666008615744,135.81050110927936,165.77044263202842,286.741482199144,6.74277668102624,1
56.504484681313606,45.7223098736705,35.62274572284001,80.52335414946918,7.117890191245105,19.971701164121587,32.76232179444521,41.97001786742989,87.61424433095985,112.82113364260361,193.3444877920728,5.4603869657408675,0
59.28859225236206,31.391125079560712,71.83407655909662,42.0455136306786,2.5969889444889214,13.86370221788294,31.807607807457952,49.393312814185215,64.58270942972523,87.60773173490702,129.65324536558563,5.301267967909658,1
37.109761808149905,52.68123371375009,46.877606262022944,67.04575248863708,9.294147897281961,5.500362347762787,9.1647635036413,20.26919693723314,60.193897030894014,81.582699131961,148.62845162059807,1.5274605839402167,0
26.748223874203504,30.477294382836,76.00678473838855,129.9171866488027,0.846372886207777,8.652738835242468,14.742203926654572,14.742203926654572,31.56226568591899,41.94866425522867,171.86585090403136,2.457033987775762,1
106.97321312454855,47.65097754329057,31.500255110005206,30.45584271610671,13.146587689745251,57.083314003087416,57.083314003087416,103.84991634266066,176.0840769628342,206.55936809210007,237.01521080820677,9.513885667181237,0
2.360737344132306,5.689479233884741,54.1275445050581,28.06947819666405,0.43399052604863686,1.354494769605397,1.354494769605397,1.354494769605397,4.230743163872999,4.532109112889158,32.60158730955321,0.22574912826756618,0
12.843208536719189,43.12411178120645,90.69910093767767,78.53251824098288,2.6464539879995503,4.251174144190119,4.251174144190119,7.668132137700883,14.180377450826082,18.256420955272517,96.7889391962554,0.7085290240316865,1
66.83768976716328,6.877853438986778,43.80772751935811,47.95892983527507,10.35249090305043,32.520247240926295,49.61843668916635,62.083334599176176,71.13854487893151,92.58300240701256,140.54193224228763,8.269739448194391,0
29.240542811079955,3.6067904636829695,57.63039225852867,78.49012497467227,7.125719205921493,6.038168994863249,20.56614185841196,20.56614185841196,47.503962705357836,50.330003026597744,128.82012800127,3.427690309735327,0
75.43683610017825,31.1300616931227,67.05048432002738,70.16232918310473,11.63874226576747,35.6077251586985,35.6077251586985,45.164841082908964,123.6238491006376,160.25719111724231,230.41952030034705,5.934620859783084,0
69.87797521718103,8.92796918306135,91.23115964762789,78.33575678940423,17.75103614907393,7.739464452754617,51.688255794585785,51.688255794585785,107.557209942339,139.43986225255145,217.77561904195568,8.614709299097632,1
64.27567794405998,20.856844164918815,63.613528060849504,205.4206888295425,5.7282358321420315,19.86741434153961,45.39074762309973,56.10839100114755,88.21373961791303,107.34618998174963,312.76687881129214,7.565124603849955,1
61.743277803709496,46.90602985691672,61.239358348311576,23.11761620379663,9.404142309260562,29.929838966888074,41.12929673765055,51.959718392701504,104.12042487665741,139.78006439348263,162.89768059727925,6.854882789608425,0
80.87735678018609,33.916444637922815,83.35262683596876,108.93797263586424,2.318138365322004,22.912945428878565,61.31729130707392,61.31729130707392,123.74733203808185,168.40693911722445,277.3449117530887,10.219548551178987,1
80.9119947265295,44.53592765235357,99.18294364989629,92.83762349496507,14.716683460699505,12.267413287340016,48.20873072846725,61.9447359494519,136.84961798543148,146.6143810583101,239.45200455327517,8.034788454744541,1
40.86336149157626,47.446055294823594,89.89346499505288,105.32887843513821,5.423217332990479,23.92680107121146,23.92680107121146,23.92680107121146,51.8009755516158,55.4441620680846,160.7730405032228,3.9878001785352435,1
32.74200937935742,29.854758704895247,12.487882647810345,12.078107660576718,6.899813245867034,8.167700589172984,9.689283017163747,17.658108457205547,41.67912007322632,43.22303358005818,55.3011412406349,1.6148805028606246,0
53.24384681587458,59.167196457937095,67.6448591727268,116.69154282252678,12.131793057169595,6.448211346204963,12.94677420748195,47.20071703451195,79.23643548085347,108.39913510370036,225.09067792622716,2.1577957012469917,0
97.03919347777637,13.7215439956382,32.85762120188443,57.065975726123135,13.7060811897757,29.503805976308012,43.81920561313338,93.99363319564414,150.41409113932352,160.31327216545665,217.37924789157978,7.30320093552223,0
19.959911526357676,6.924725684397581,41.44675858752551,76.05388821670206,3.7995833874334406,8.951817707800371,8.951817707800371,17.21963107305833,22.095767170462917,26.823990411761883,102.87787862846395,1.4919696179667286,0
34.97588886189813,20.472136549684876,64.53445868128482,62.6436898665435,7.868489940593848,10.20824250898593,10.20824250898593,29.11017961351576,39.41982268332587,40.88341618904646,103.52710605558995,1.7013737514976548,0
25.669531322092077,46.22557059992964,14.511288732827875,34.047121955742405,6.527710410410281,14.126500230145247,14.126500230145247,20.544985681053895,42.77361011840738,52.89480516864668,86.94192712438908,2.354416705024208,0
16.62425833885012,7.5819252301840265,69.26788469336094,58.518236964838614,0.8218330367853213,3.4336229097199045,6.387160504909665,7.382081502510674,24.261848386039055,28.36813384030259,86.88637080514121,1.0645267508182774,0
27.795232202911997,29.070976643005995,29.350420313723944,69.99865459052211,4.820103186466794,10.822553824486214,10.822553824486214,20.378510551784444,32.8876661977643,35.9532546218218,105.9519092123439,1.8037589707477022,0
11.130653885031531,35.13789516043877,81.92332678802443,98.81600999625954,3.104902378715249,1.7084648632855484,6.908412858833462,8.953257212464266,14.098857446246779,17.936910178981652,116.75292017524119,1.1514021431389103,0
9.5346029650041,48.861874096161046,37.169577681323595,87.73639653320035,0.9489637273444632,1.5163276364609724,5.186038200269459,8.180208184783744,15.770529180366795,18.732778747691565,106.46917528089192,0.8643397000449098,0
127.05897263987902,51.061866764325515,4.996221788581412,64.41355051822885,24.904923738872426,25.113046669261355,67.45668423093676,105.04943446364864,148.5914147736309,177.66251228079952,242.07606279902836,11.242780705156127,1
14.924757812034098,15.858200598556124,59.87814552333649,72.22634117784195,1.4782709048372429,3.1167705617332193,6.14603716781273,8.91984014964087,22.1482826882044,30.720091529334614,102.94643270717656,1.0243395279687884,0
63.858328656079934,17.897501093193235,74.97800889885,71.58613822636997,15.650214588265866,27.44456616700947,41.71862928155836,47.76512225349599,89.8376644954157,101.14947021650737,172.73560844287732,6.953104880259726,0
156.01105282327688,41.669929685983405,61.670366005966656,96.93975313206252,35.592896655841436,81.79459601365997,81.79459601365997,137.99796678890462,275.253801388698,384.55038742084855,481.49014055291104,13.632432668943329,1
91.36529892636769,51.8671828982526,77.87829482130239,116.01731625349422,26.117916497106854,48.67490539814338,48.67490539814338,63.70624614363736,147.07160630848517,196.40969921441803,312.42701546791227,8.112484233023897,1
62.019636598493236,11.764793399645324,80.41270981583726,123.90603615883197,13.378156085915641,25.685057866380276,26.80856149154737,40.15016032068098,97.57097188910059,103.845466116597,227.75150227542895,4.4680935819245615,0
70.21714442352808,43.91309090027805,4.2258668826099965,53.19975879089614,11.02083484803874,21.306838062883493,47.595673934155535,47.595673934155535,112.51358216513329,128.35359518554438,181.55335397644052,7.9326123223592555,1
26.0737565239247,15.784936247278628,0.1847369739724436,56.94287406779183,4.47197994127607,6.058039949001036,8.129937502803376,18.990923264313885,45.832325115974065,51.596234804357195,108.53910887214903,1.3549895838005626,0
92.9130600096583,12.478669859651001,22.431001829291787,49.48277143052019,22.135252058158333,22.911510279541396,73.60760590591153,76.6608116549369,111.96166768899116,144.69343294739184,194.17620437791203,12.267934317651921,0
135.24204955539355,21.57817400154553,22.471053385695416,70.44598913746111,30.64688434444803,44.14869386035352,44.14869386035352,82.82274343298708,138.97938833083757,153.7574089333893,224.20339807085043,7.358115643392253,1
30.544259455575794,48.09004913930044,56.294866871410186,242.8457988535445,1.6184432676140623,12.660388214033881,14.173165299111407,26.01060925393363,37.62798969163317,41.8356803477231,284.6814792012676,2.3621942165185676,0
9.094827640795462,45.06796669326461,22.90992332023204,52.864911881765806,0.9436431060832717,3.434518283704767,5.128919242567434,9.058897018924897,15.731821787211645,20.364331995934183,73.22924387769999,0.854819873761239,0
78.57828615027874,29.764633691326846,36.4847457728404,105.4092900361403,16.587700038931384,37.78128716969944,37.78128716969944,41.21862633594777,122.52388416498395,160.53388260277345,265.9431726389138,6.296881194949907,1
187.36733168665197,43.42286657416805,45.36604978543393,106.8808954122907,9.039913200062626,30.758018963285622,135.94560162047105,144.8312055873321,210.73194872134667,272.6702000755033,379.551095487794,22.657600270078508,1
16.492074888105353,25.539028324812882,60.08268341451003,90.0816122618494,3.3769779480097264,2.5802352662462553,9.673408585258453,9.919321609308962,20.974252709794833,25.13634264983598,115.21795491168538,1.6122347642097423,0
2.0151291388506625,14.209542329476319,99.67441961957849,11.305234563932151,0.5274867184824964,1.199800889773158,1.2267789650994216,1.2267789650994216,2.9840571849851965,3.8718356268865834,15.177070190818736,0.2044631608499036,0
35.384468508403174,50.89482612054688,68.85069559038615,65.73179383020405,4.35115827861042,9.12871076389501,25.79066810359957,26.014653056975206,39.99782890382735,49.45419147164152,115.18598530184558,4.298444683933262,1
24.421384371189625,5.119837619560126,26.579142525464462,96.25274398221106,1.9791285787374981,14.303456718596756,14.303456718596756,15.394024518000423,36.119723102713316,48.5077305412108,144.76047452342186,2.3839094530994593,0
47.865294670182934,54.25924111701646,35.07983219778647,38.495852362944106,12.403087251907277,11.713386780531204,22.41205928482943,36.95034044902928,50.70098506766753,65.04304753173678,103.53889989468088,3.735343214138238,0
21.081719089096616,47.75483707509141,4.365659740607897,13.695843927881215,3.264044316211535,2.7894238311998363,9.299216485632261,16.817582626076042,33.34021037925602,41.51626962624234,55.212113554123555,1.5498694142720435,0
34.3606864660962,43.967677973818574,41.95240949270307,97.73276564099838,8.694341619268842,12.155349562186792,22.353343253343393,22.353343253343393,42.619686206258855,53.170958434890544,150.90372407588893,3.7255572088905655,0
15.345817999254582,35.00917604394703,58.9138371460013,119.42559560091425,0.6424863647397208,3.0489590457690428,10.824473626154418,10.824473626154418,20.592427251587967,23.0054395719468,142.43103517286104,1.8040789376924031,0
4.425925280161063,48.98078124048087,94.94324997045901,62.34177693147571,0.35097589692965925,2.4332108715824305,2.4332108715824305,4.193972318645173,4.475512695547331,5.53471092265347,67.87648785412918,0.4055351452637384,0
37.59493523800527,3.636750149630643,26.794395662788883,46.29228842731719,0.762853146459245,11.888703260732289,11.888703260732289,36.73573048521036,56.984115087412185,79.21006771191975,125.50235613923694,1.9814505434553815,0
67.29251284568169,36.278762449204535,24.35019652289728,168.01009716919523,9.789805727097303,21.567153254966403,44.19563998062926,44.19563998062926,104.2201222912959,143.66894466152755,311.6790418307228,7.3659399967715435,1
11.606644274790687,17.140334985013602,1.7233902427870151,122.21919787412709,3.0988305141803543,3.42167442031583,7.775584869502188,10.639822505776833,19.7198871972872,20.672369104264607,142.8915669783917,1.295930811583698,1
167.18872496280432,39.07757993137037,57.46627180636808,29.03114991713721,33.551045090396116,26.001736575391906,61.068760891591204,158.41357784604395,264.5027000758624,306.16353017872984,335.19468009586706,10.1781268152652,1
58.81496017302174,41.134000433137494,99.58702307776277,76.98630393320238,1.4700916773691861,24.21022790117461,24.21022790117461,31.315201389489324,90.64106875420667,98.8813506946534,175.86765462785579,4.035037983529102,1
26.106956576319558,14.455005542447543,37.109238976819135,32.17193473128146,0.703019942825408,4.628988659004727,7.436107764972868,18.03301300253307,34.897154527019076,45.677192058613144,77.8491267898946,1.2393512941621447,0
103.53979611257718,10.978776784729758,49.784736694121854,54.197410914922635,22.95349791915531,43.47180462267079,43.47180462267079,46.40041043532752,109.55306087900826,134.0989672971896,188.29637821211224,7.245300770445131,0
80.86250104304627,36.07253090971785,5.8236834670355115,151.7204785698981,3.718377732815844,24.26649205730631,30.265246164874004,53.88269650458989,122.56064306051391,166.05209368515872,317.77257225505684,5.044207694145667,0
64.91788794699946,56.55345306997509,57.10867208857652,152.50705528227297,5.301853134483,34.179603497039054,40.8775996067355,40.8775996067355,66.06177372798416,69.4551130277964,221.9621683100694,6.8129332677892505,1
46.355708076497834,40.47982205921665,21.007109369489317,45.105136642687555,9.99248604791368,16.69857096330159,17.221358453392536,23.08136451627484,70.7587500580151,88.33729162778937,133.4424282704769,2.870226408898756,0
26.7654064118778,30.08122576005284,1.545821934028735,103.03122212037515,2.4000671307060313,14.565543063661558,18.805107988061767,19.63341286203598,28.36716963276774,33.866008567509645,136.8972306878848,3.1341846646769613,0
54.49922089911551,56.25837864780371,68.38447658205287,29.656240517569987,8.570195855427137,6.139392678565321,21.82936079243567,26.0054353279193,57.09048218277525,70.47129421966862,100.1275347372386,3.6382267987392782,0
46.21648965694262,49.4971463181427,14.774036965462356,236.66601839342297,6.039826012911461,21.385061486672175,28.797791275196232,28.797791275196232,67.18684205547116,89.12580127731479,325.79181967073777,4.799631879199372,0
99.70315646138722,44.50234765839582,10.115134082692844,13.580056374327327,11.59123114729118,37.82921257812545,37.82921257812545,91.52385040469997,173.0980009988569,231.59948030434958,245.17953667867693,6.304868763020909,0
61.30093061157233,27.3687494004408,22.81727413109895,52.77203750397472,5.561500517364703,11.308166745574114,16.465689340290147,49.518956517109395,96.76917361061149,96.77524522943665,149.54728273341138,2.7442815567150247,0
31.445004873884525,30.500850368620156,13.753747400398531,102.81107952958439,4.216895233252643,4.807133474893745,10.844673799165497,27.78031624127655,49.06525122521714,65.8373259812252,168.6484055108096,1.8074456331942494,0
31.008069208966756,17.347949191842865,62.28643992941548,34.29148891831986,2.2071599757234437,14.52948969493957,17.85343946435784,17.85343946435784,50.718749705561464,70.60884667433358,104.90033559265343,2.9755732440596403,0
20.497184698942178,49.37921246293202,26.70660079562953,29.28344376029991,5.889055602239629,5.898284587367761,12.267877373868187,15.111022581377615,28.050216212947902,36.64776843015021,65.93121219045011,2.044646228978031,0
48.23540515997282,18.510529360601858,67.09913472820936,67.33437690576908,5.23814048653415,6.6654448471022185,27.59877589311974,27.776907295228863,76.3959178682649,82.39696138199817,149.73133828776724,4.599795982186623,1
27.950926005357307,42.817532523982216,54.59715013240256,41.62033945962301,6.264159382873705,12.508849233612343,12.670064647861986,18.77058828286547,38.64406362073331,43.23164078399294,84.85198024361594,2.111677441310331,0
12.894458245270943,52.74768528057722,35.36331787917393,11.545256879325956,1.314496838221842,3.1649671580383982,6.908203119290053,9.868345417119029,22.69129856089916,23.58657947103857,35.13183635036452,1.1513671865483421,0
75.73411347721205,34.02557982513737,19.347663464184517,67.22949512727295,7.074667554960518,18.934684115611564,57.92757524030102,57.92757524030102,118.8922500078721,165.9293209991669,233.15881612643983,9.654595873383503,1
25.68612880664179,11.07751847848028,67.27365990325033,100.03917363443064,3.985447715814085,3.6230662006209333,6.289707926245974,18.42985830342081,31.889583554517984,37.175732286922894,137.21490592135353,1.048284654374329,0
32.96569551021662,3.443034127583206,52.44298935666307,59.03447072663428,7.420684446152829,10.262053470527423,10.262053470527423,24.81970799358785,42.59618768865596,57.97420031704197,117.00867104367626,1.7103422450879038,0
114.6142859591314,41.047864309681145,72.08498748052041,65.86431464214301,2.418025324918733,63.7906688649744,63.7906688649744,63.7906688649744,173.241094654965,226.58731643791785,292.45163108006085,10.6317781441624,1
84.19006898570593,15.028822146655969,50.612548898723134,90.13814264867575,5.717423077686505,44.629989261504264,57.34662436896365,57.34662436896365,116.18081496984145,132.65624699922876,222.7943896479045,9.557770728160609,0
60.62662570472648,4.265886493211351,80.20666643853535,194.71550624674552,14.356994543192908,16.097892889850527,44.08333961283524,44.08333961283524,68.17985939514342,75.24839849347248,269.963904740218,7.347223268805873,0
47.825903096363504,21.91037448327434,54.97408128769186,50.61322429824546,5.68318868536204,12.11914846819147,30.526397260883307,44.46312695139285,72.06098507536274,85.18738231504501,135.80060661329048,5.0877328768138845,1
132.43287674045487,35.763116350577185,81.33422084308502,85.71143290588692,34.36766998040757,70.60828460144074,70.60828460144074,131.31655551466648,197.97978817456982,224.47682229859265,310.18825520447956,11.768047433573457,1
33.869767682124994,33.98889199533164,54.9719384302707,66.24877302768618,1.9409329736955176,15.911902472637705,22.19578363777374,22.19578363777374,34.32270410017656,41.96567980229299,108.21445282997917,3.69929727296229,1
21.02304392795123,11.709812855179404,96.17429979186724,27.68078085227261,5.206109762202908,4.24429629165062,6.948759840618117,12.860429256326906,27.44535183196461,27.770352779092725,55.45113363136534,1.1581266401030195,1
99.38332610350692,37.03117872519091,85.3191696586332,111.8790138436804,19.29925368024631,54.575406538423564,54.575406538423564,59.61034159106086,157.6275240758458,196.9178949141114,308.7969087577918,9.09590108973726,1
60.72111787910666,25.82485431500543,25.411747451484267,163.17947168450945,4.079061204329,33.76044119531539,33.76044119531539,45.93823745965085,69.50208638239977,94.17481650705069,257.35428819156016,5.626740199219231,0
17.111898171657568,29.702489203352417,72.81429840313776,100.13253282155986,0.40138285612627855,4.62396726178046,13.362933210122408,13.362933210122408,28.77909875576805,31.3682521668131,131.50078498837297,2.2271555350204015,0
60.81344584371011,52.71669082477883,13.198493893480812,7.96136093369753,16.224356402286706,33.22966214272905,38.22783775404761,59.21192837959745,88.42587231058656,100.58867807363495,108.55003900733249,6.371306292341269,0
9.26734611646953,6.5547210002095895,91.10933440878478,52.964843193781725,0.9349533655354954,4.001727687270229,4.001727687270229,4.724178733541543,12.284049265305152,16.765943587852913,69.73078678163463,0.6669546145450381,1
85.80066562840682,32.61651687400146,34.55457882649954,99.8831526243033,7.51462259297212,46.144464233391204,46.144464233391204,59.073670596535976,153.53986710218155,196.32839326350935,296.2115458878127,7.690744038898534,1
49.38929980829358,12.070198110595863,47.742761803004164,134.17554335873055,3.530228740910411,14.456298166108656,36.0458294398414,36.0458294398414,74.59128111267285,74.99636668790895,209.17191004663948,6.007638239973566,0
55.1505849055746,12.600837735162784,2.056957115378988,17.185053035516013,6.585145988720087,16.494014039043606,34.64358013698772,35.336173861941774,95.99713937993101,111.76387863165073,128.94893166716673,5.773930022831287,0
57.790465483242805,37.40687252332552,86.76250744973653,27.002599252620104,9.632547729075757,20.307966450793725,20.307966450793725,30.079881008739147,103.98104524511474,109.02736285337504,136.02996210599514,3.3846610751322874,0
60.15352595458453,40.8431260725456,94.8013961772194,87.7216770137536,9.248796972937384,13.94265432209575,47.29329670353898,47.29329670353898,82.24782803607327,90.00035691700461,177.72203393075822,7.882216117256497,1
39.12765288675587,37.16106245351382,47.05014848047391,73.07020413471787,10.108297094793954,14.425164011033143,21.49072911403022,36.811509246081364,50.44943342507024,65.93940920071539,139.00961333543324,3.5817881856717033,0
42.51923160094619,55.562637484793264,18.790494535719247,67.39316237512314,3.1997935253461796,15.07583367760763,22.51955279575618,31.870870671426207,72.05120580086604,74.5720339275576,141.96519630268074,3.7532587992926967,0
27.647865008576268,48.0903877327153,69.3793554509633,187.76370519514117,6.332150635109164,5.365014548177775,15.259731963602823,22.196434916618895,27.875637464179004,31.578320430571157,219.34202562571232,2.5432886606004703,0
47.97995612436231,13.519390655161175,29.6960527074677,199.66300774143687,13.174364815744172,26.282079492706977,30.69348952107876,30.829710980987542,65.7326338863946,69.91074188215065,269.5737496235875,5.11558158684646,1
39.25894869745555,38.88011258590124,96.00058240812949,32.461623281127714,1.1904135878017448,5.979182629089379,14.055262178711711,19.413894386941653,59.486786291652905,77.77779367104986,110.23941695217758,2.3425436964519517,0
44.51971334206058,37.9797264366634,31.11558363108481,12.892653824181311,10.2546766409313,24.091672122197426,24.091672122197426,43.7021857930884,73.3836145499277,84.78238468435059,97.6750385085319,4.015278687032905,0
11.751056777686287,39.49843917818545,57.572323152733496,64.05865627844388,1.1381409489463585,4.335508009793817,6.937077880625664,7.091691554837407,18.191791968984337,21.700004496628356,85.75866077507223,1.156179646770944,0
23.73997351012112,26.886654781784976,4.944487358274219,110.30574208774729,3.450698465792021,8.095973007344178,11.498192253663202,20.03524027306285,24.122115433733814,25.4318621393347,135.737604227082,1.9163653756105337,0
36.048760641358804,56.9620040569199,98.98084668852216,142.70493519098227,1.3374371253943733,19.078454798366057,24.75946528273038,33.958221579437854,55.51385561207472,75.66898848053361,218.37392367151588,4.126577547121729,0
15.076193837932491,28.89638481612907,57.615963322165165,51.2556821947668,1.5440632445443407,4.924159582268318,11.403960846853282,11.403960846853282,22.950812675163185,30.922136137434418,82.17781833220121,1.9006601411422137,0
6.646399387906893,47.78253763739689,97.53145305538429,38.93230376743911,0.3415414925840176,1.6713150393709317,3.7647658619808113,4.294381630878059,6.695453123302564,8.808455189701887,47.740758957141,0.6274609769968019,0
47.99224457529778,29.91588173452328,30.07189084678221,91.29544303175778,4.089002631630442,8.58935377763797,26.7358175759253,26.7358175759253,59.47426087799377,79.25740638139112,170.55284941314892,4.45596959598755,1
16.497705642391153,47.670728955723234,52.71604123703302,57.44780195090708,0.48142810267671493,7.323601461273042,9.595981301907079,9.595981301907079,22.698341530334673,31.737834113240446,89.18563606414753,1.5993302169845132,0
23.774773768987053,24.947167189333697,1.8387052989050745,70.39959236960391,6.725556664464545,12.28042281454334,12.28042281454334,12.28042281454334,35.80755244536771,43.52894253230013,113.92853490190404,2.046737135757223,0
54.12311889950765,2.0472903281407104,77.08215886219428,100.52350975330083,14.650589727970527,19.219643991219943,22.613420188661344,43.42125737635257,83.58512600811956,112.6049180218471,213.12842777514794,3.768903364776891,0
73.58341827524714,30.99183655981093,16.650021488701604,60.29286114165292,14.884354002741373,17.751998998045632,43.74383774898944,70.05193841000887,105.58312135519053,142.60751686835158,202.9003780100045,7.290639624831574,0
28.435464851698722,33.7838722054619,42.53289124232376,20.128582033337818,3.1579625602338646,16.219981675610814,16.219981675610814,24.310308795176606,51.027070115409394,60.82313228858313,80.95171432192095,2.703330279268469,0
85.7636744689279,8.705595989822573,67.0036010606994,39.813941843156265,24.36754979225293,36.30209579058407,57.53079640840145,57.53079640840145,132.82565207611378,142.21037531874882,182.0243171619051,9.588466068066909,1
101.37657940194842,40.580685695651354,8.212167865490304,41.497433399165644,29.61294772092625,37.7554396892549,37.7554396892549,47.46105333215195,114.77860588203976,140.8485379459442,182.34597134510983,6.2925732815424835,0
37.67247256464044,51.516637504922954,78.3625394714319,41.84344179017547,9.134395271904577,18.687867933160316,21.92795944494648,21.92795944494648,59.62727137568285,78.34879205189466,120.19223384207012,3.65465990749108,1
37.616319569609715,52.36375113639136,80.57954190156767,10.676672067101656,7.931390823960777,10.045342090816256,26.465900620647666,34.403291016942966,44.07711782606246,55.91131415666979,66.58798622377145,4.410983436774611,0
22.591224673047623,23.85995258461047,53.12962985100427,219.47908858166457,2.531653849361745,10.57622258486621,13.509559852964788,13.509559852964788,25.62961185008597,32.98111269409055,252.4602012757551,2.2515933088274647,0
45.34467349595844,25.78053562672941,60.49612712590439,26.797100268663357,12.121497123673278,12.485318715452982,12.485318715452982,32.919080065202074,68.22031260387328,73.3543857499651,100.15148601862846,2.080886452575497,0
73.85639839427706,51.78635582598085,9.421538304488308,114.64329447761472,11.815263745538546,16.914978752206792,44.15320901455477,73.62157545771895,104.2613187726953,108.6170027215159,223.2602971991306,7.358868169092461,0
96.38497204851231,59.903081849152855,44.88118902031539,35.013222256624815,18.99339496012025,20.85279099694123,68.46123436604125,96.32618322628997,169.37348780099416,190.1944553142032,225.20767757082803,11.410205727673542,1
17.20737405507449,5.051136622226011,84.1145075928455,50.875068963289955,1.1788485391795398,9.322743426891982,9.322743426891982,9.322743426891982,25.233314571322634,30.704393567811252,81.5794625311012,1.5537905711486637,0
39.739354951037164,5.583263963353456,8.931314818255453,69.04285771200026,1.0333136639851122,19.978457517087165,22.700158476786523,38.74886384487437,56.32723584000276,61.16307850426509,130.20593621626534,3.783359746131087,0
64.62086757218385,5.147039129928624,98.87086932304696,43.66494662723731,19.160386572827306,13.190478868443902,31.77844534700759,37.81568628578875,71.66973298599336,77.18750455444261,120.85245118167992,5.296407557834598,0
7.037468698905978,28.823911150040395,48.59172476427336,176.2207582072962,1.365368116173114,0.9507437917422168,2.3553886670085937,6.33025188112571,11.887796863064743,16.573278177125584,192.7940363844218,0.3925647778347656,0
0.6543050165612327,47.50393349986779,1.2792457183867456,425.06191449199883,0.1386381296689098,0.11600818104178715,0.30433474784841563,0.35424173335622333,0.82023555805096,1.0681176007861637,426.130032092785,0.050722457974735936,1
38.43757324953205,7.4335508612221215,33.990459922483026,12.050564908531756,1.3110871371933013,9.75465801463345,17.44018715058205,17.44018715058205,51.253779288302084,58.63218779199436,70.68275270052612,2.906697858430342,0
17.733020033935183,41.95895732218793,50.061463189823485,136.68328774577256,2.447432981251548,7.180320963807206,9.627203383636605,15.64216658652457,24.86593814308986,26.087726890761033,162.7710146365336,1.6045338972727674,0
15.3584156159737,11.927322950996231,95.89879486315577,77.34784382799744,1.5295676915835614,6.645938947406101,9.966877360247988,10.345706134743361,27.110623577267507,28.743278338764306,106.09112216676175,1.661146226707998,1
18.64855171268878,3.911769445707976,70.52322152373092,53.003731815184516,4.73637460547912,2.9271973388057284,4.81335338009254,18.491784947560088,22.50584763536174,26.077932488297126,79.08166430348165,0.8022255633487566,0
18.850847972502674,36.54397352680898,58.10359242663531,121.59505422360414,2.939775835568412,6.170338448978559,6.170338448978559,11.542524277013417,29.178016995732523,31.63976613451156,153.2348203581157,1.0283897414964265,0
53.35015065355464,36.44388231260912,96.65163592921466,145.11669364688177,6.810899443453369,19.231943963879548,31.223064000831414,33.07521206851257,83.46411389616493,84.26087054954631,229.37756419642807,5.203844000138569,1
3.2126180060782135,18.431099106611747,29.497673928418024,63.94264922759304,0.1972491439872399,0.7376185054755133,0.8796378785876292,2.376638563220975,3.2767342946891818,4.335037621306588,68.27768684889962,0.1466063130979382,0
50.4574226069993,20.689724099441214,37.9702392345747,162.18334825075542,6.427931083687173,23.45808808962311,29.990071841339223,44.26248970784788,66.29668334294789,73.2027680600453,235.38611631080073,4.99834530688987,0
30.019979600252178,22.531364559961283,76.82138516922105,9.205807021124167,3.64387276654805,11.936060908369885,17.837609930684025,17.837609930684025,30.99985352249215,41.672041918852194,50.87784893997636,2.9729349884473373,0
10.290680268438184,55.89542036409844,59.44836928329566,109.82261583053915,2.4734700116791233,4.789426934879928,4.789426934879928,8.032249037399804,11.485092484528783,15.8080514454019,125.63066727594105,0.798237822479988,1
60.72230699121123,52.246542654241594,21.89941949441544,70.54818194339842,15.624194404313647,27.27911079657967,48.16537702064078,48.16537702064078,64.491361316595,76.97335223885631,147.52153418225473,8.027562836773464,1
52.590012045345915,32.595497918199776,75.10654161876033,80.78971554329695,6.636194608825835,28.842928664399096,28.842928664399096,28.842928664399096,63.22893571072949,69.61468039833063,150.40439594162757,4.807154777399849,1
20.332058738927774,57.88049814610318,26.72107383613366,134.66462917909323,2.742383211524432,8.875439380575951,15.80026221103998,15.80026221103998,31.61275905438208,39.72350612162836,174.3881353007216,2.63337703517333,1
57.94417702585055,35.739758660862094,55.88784814941925,102.00171070276866,16.981296197376647,28.97554778814844,28.97554778814844,28.97554778814844,64.81491355814309,89.41574418667463,191.4174548894433,4.829257964691407,1
91.45387180537894,7.888870369652317,85.62386932453943,223.18802959020584,11.51361935746047,32.44035241120248,69.61689310622836,69.61689310622836,120.35182960271669,156.58323460108727,379.7712641912931,11.602815517704727,0
3.8626186526036395,30.255346806185898,27.510413055258777,248.4398974001093,0.7571222834719719,0.8444140126334785,2.108351638122766,3.043993176871594,5.632850308121588,5.979246377462815,254.41914377757212,0.3513919396871277,0
15.651044824646862,53.88218562847684,76.11650218797216,59.96935293106236,0.9037346965431826,2.276242232299104,12.42488000086735,12.42488000086735,18.211106976457422,24.21019852341727,84.17955145447962,2.0708133334778918,0
68.70960373938264,40.434127439262994,86.1334371265527,23.54299765223557,9.625412257584502,23.686033790084036,38.38905290534812,38.38905290534812,82.91628824582816,101.59425963020706,125.13725728244263,6.398175484224687,0
34.08662919152107,57.2546606262061,31.714847758513898,67.93180544711467,2.987602866965365,17.014969559654176,25.86408729435529,25.86408729435529,49.24083350675105,58.25277494399919,126.18458039111385,4.310681215725881,0
27.59185194875149,32.791252092691494,19.660902256061686,32.36414070885962,2.4285031139809754,10.806842042144952,11.304109122061547,24.66149997004837,43.03703841213173,46.17225348438989,78.53639419324952,1.884018187010258,0
65.34601644173583,54.88714158971752,86.57579011873119,48.827188860700346,5.589802337387814,7.378245061040453,37.882371887665336,58.92747894850527,90.21784779750158,109.69484686754451,158.52203572824487,6.313728647944223,0
23.969471781535507,46.46211018138799,46.640175589798424,75.49297839411948,3.665305197126632,5.2637880981956195,5.2637880981956195,17.949113531182523,30.932926039311727,40.07391319868268,115.56689159280216,0.8772980163659366,0
66.21787203540914,49.71750274067535,31.135489999724854,16.810050787213903,6.778063964012213,21.225183669359495,36.41077886760763,48.41645090721763,111.23212108754028,128.059969223875,144.87002001108888,6.068463144601272,1
12.752461560182669,59.50441586444946,1.038146819241903,98.1261900597846,3.1715683165797217,3.8398124812721552,5.419727625627612,7.899841362739732,21.253482409246285,29.355075902022232,127.48126596180684,0.903287937604602,0
38.489829194856114,19.5300374061447,19.40064801269473,64.14607098589765,5.6056753658883975,17.268655269581675,26.727755880372197,26.727755880372197,46.850462223607835,50.02685178246079,114.17292276835843,4.4546259800620325,1
74.99248929581462,38.427310400516916,51.27078600237299,37.746310255566165,2.6517170182206575,14.088753727965903,37.35254609043925,64.72719006590178,117.9759544795291,118.99477312728384,156.74108338285,6.225424348406541,1
8.159896741390407,16.87425661664716,82.8973643428393,5.290677537485562,1.1654157445093065,2.3248076862495073,4.193123350667585,5.381630699410016,12.230432552661314,14.711588618891449,20.00226615637701,0.6988538917779308,0
18.950797555379925,51.52607328323222,50.2300016436469,131.7061138338175,0.9054792139023894,6.973862535616094,14.96989290877217,17.141492825811998,20.01802180428412,21.386386734295215,153.0925005681127,2.4949821514620285,0
27.51868469575903,35.98077121267352,27.646576498560695,145.80016423753216,1.684215944166384,16.287314029330005,20.207194914640358,21.142513450873537,28.907270010592,36.33084632125815,182.1310105587903,3.367865819106726,1
124.13510129511029,12.198429010338142,92.91348267141065,135.58392999140335,7.185314107699539,69.83867423625695,94.20766983832169,94.20766983832169,124.16377966328353,145.69018170265792,281.2741116940613,15.701278306386948,1
48.513778586861264,26.432245639785947,36.92396401543753,32.16610969720646,11.739646475159557,14.110323190460026,14.641761003181074,46.261339380820765,54.18409350413246,63.09314077872321,95.25925047592966,2.440293500530179,0
10.650435742566824,12.541095443982542,16.287826587736408,91.8378069370464,1.4939684775006488,2.843939428460905,7.754879340951378,9.9317052910029,11.66010030175959,13.781490505972293,105.6192974430187,1.292479890158563,0
137.94677732324612,28.56117920094197,94.53453788329242,149.56710576588338,2.7966545973722847,79.29827306697317,79.29827306697317,88.17545756162262,149.2232900606419,156.45192779400656,306.01903355989,13.216378844495528,1
116.52746509012584,6.5000347606883775,39.6431398717396,85.8516958583391,19.026463988428873,61.85192913010313,82.89283289979647,98.44080098170222,154.1396436658992,171.07684649366567,256.9285423520048,13.815472149966078,1
45.690805741049026,57.98629245020507,48.2409939129953,80.50426610211922,3.4884424372267455,20.79376763590151,23.082008924715996,43.747103769568604,72.07881948416824,84.98667968614708,165.4909457882663,3.847001487452666,0
165.0143432037893,36.60380798130618,82.9823409956369,204.5298994828474,36.44403597125548,67.78985026803974,99.01531403062118,124.2883497593252,225.45762321305972,294.378341428858,498.90824091170543,16.502552338436864,1
22.50121647122226,59.45840328129076,28.77410128507627,195.053101178805,6.382612650342357,10.450359134001227,10.450359134001227,21.652907367213956,32.43348320066289,43.910417821718994,238.963519000524,1.7417265223335379,1
30.80059232132872,12.078475920931533,52.8720275727282,48.84632003012058,2.0850767732911426,14.010028561030216,14.010028561030216,14.010028561030216,39.080727228978475,43.32215966418853,92.16847969430911,2.3350047601717026,0
15.87072375652986,24.296099012834144,86.62859229932239,42.35412968365105,1.5459570276144363,8.226873510532288,8.481986414504926,15.281472801481724,24.22099408355115,25.74418318805561,68.09831287170667,1.4136644024174876,0
65.68256153824058,56.011869202931365,25.611170407870233,35.45878507432347,14.41332501700044,30.330193504064482,30.330193504064482,53.139187316704614,83.10138833950037,95.25091522895926,130.70970030328272,5.055032250677414,1
147.55848718635863,42.13395950201911,89.42921409306275,11.319079233226857,29.078582429955176,62.72781033213756,84.8244372919113,84.8244372919113,184.16186213124652,211.30336639783766,222.62244563106452,14.13740621531855,1
82.47015522743109,6.062194294744735,19.14802759302342,175.87715567587625,20.776968926209218,46.87650847093382,46.87650847093382,46.87650847093382,144.8114987309529,171.07346740041956,346.9506230762958,7.812751411822304,1
17.242640961512823,53.224727501703626,85.43949883934009,84.92950561299473,3.479074894471868,9.83418265396989,9.83418265396989,14.456362499910375,23.30050429440034,29.00542297257044,113.93492858556517,1.639030442328315,1
23.884576455013253,12.952444015487309,39.3469868817813,49.64757315174464,1.7547943754813826,7.366706089162648,8.720522035801299,13.12735619693622,32.422404216973796,37.907272228927006,87.55484538067165,1.4534203393002165,0
75.41098327049038,17.185035824249987,54.815283185058064,73.58478780498449,19.146829986755353,45.19122518705529,45.19122518705529,45.19122518705529,79.79374311807547,87.90052275281089,161.48531055779537,7.531870864509215,0
16.675736427122928,44.44177586310574,55.140393626272434,186.47423958969244,1.0843598026510175,4.945407080480832,4.945407080480832,8.687235965147803,28.966644755516977,29.906193607410337,216.38043319710278,0.824234513413472,0
38.07457628090467,43.220092978940066,20.491083784775952,17.941552637744817,1.6551071965330049,8.547662178068947,25.061483919276874,25.061483919276874,49.299646395660105,65.146110896936,83.08766353468081,4.176913986546146,0
7.407213302892471,40.31449236689402,17.29947424321262,171.83861576924278,2.096700322633557,1.5087718960992478,3.3420508181979462,3.720174665174256,11.43795745221307,14.81866543050292,186.6572811997457,0.5570084696996577,0
30.424751341079205,2.313555116288864,71.14177291980899,68.64292607771793,5.581850555104481,4.851472197985137,10.735549110429682,21.829000209399528,46.75951092449611,62.75984917012483,131.40277524784275,1.7892581850716136,0
45.58113543447299,16.464123073647126,82.54183066213633,96.29689962245506,5.1380682155979995,12.875014431162228,17.44822077624428,32.81214966785901,77.88334429508024,83.77772815493385,180.0746277773889,2.9080367960407134,0
47.27922896217129,22.003971351410513,13.694425089311546,100.2850547378782,4.33953532138167,27.613264078954643,31.972874094619723,31.972874094619723,80.51842861665376,107.89657411001895,208.18162884789714,5.328812349103287,0
60.146745807588864,25.21936314428271,75.15411081794124,193.66719143278473,2.629451882986199,15.77361580124426,20.182561349391133,51.00860040637153,67.54537045725232,91.95539527416031,285.62258670694507,3.363760224898522,1
111.0001638997148,6.288221133297148,32.691244375638995,33.927566570660005,19.62366751432401,62.13533749609912,72.93521146236417,72.93521146236417,120.66797057573532,161.47189908908155,195.39946565974157,12.155868577060694,0
86.19285013973118,41.171929091429995,59.44290413941646,278.9424303251991,22.727634714946984,13.23871446170265,54.98789035923079,80.45392690965743,147.50478202991732,149.76594441042874,428.70837473562784,9.164648393205132,0
81.18224691774212,53.69248855053318,53.46336142608399,22.164648238772948,17.079014427548636,14.062064707729192,19.525794713993484,80.68807113269756,98.97069476524189,112.67765125557649,134.84229949434945,3.254299118998914,0
72.78892857956392,59.40098469429573,74.33809537978651,39.679338502667136,16.98640043309641,13.214384423230449,54.128878880345766,70.37508242880095,121.49882706813264,168.5213982591638,208.2007367618309,9.021479813390961,1
47.72598188899249,48.28286292692341,54.19249430270072,112.01841877466092,8.951418735627415,17.88527649453285,25.69766787866567,26.681183904085966,63.28228325502079,76.91762931462168,188.9360480892826,4.282944646444278,1
38.570858553960434,13.750791978233707,9.341668093901756,178.37151404902113,0.8781671486796565,22.985998672371007,27.121521429333658,35.75658753355005,49.32679197455524,64.51044463622553,242.88195868524667,4.520253571555609,1
89.51231249924352,31.65457562592172,27.920120681820993,35.382523499020465,12.945789197772703,18.082999571831287,34.99141639756389,75.62663379738896,102.25661166742174,114.89510875314127,150.27763225216174,5.831902732927315,0
74.68384860597929,55.1126393407192,39.79226476980973,19.423838458187127,2.242068835987225,19.933422653110032,45.85299556251042,51.56563408634532,132.79855547424557,156.5531133641732,175.97695182236035,7.64216592708507,0
21.05315822285953,5.862559363162568,57.20214353158932,184.86867654147585,0.9003341874246754,11.088141047635101,11.820768637652357,20.911051867114747,22.130950848711482,25.52410652944154,210.3927830709174,1.9701281062753928,0
63.8651719435267,15.24310819533798,16.950044596142945,50.704848065557826,4.419418471243075,23.34940256864423,23.34940256864423,34.24685342025145,90.61476202552531,119.47908150873425,170.18392957429208,3.891567094774038,0
48.418400634258454,17.354642530898882,33.74315100990697,53.67114738035414,13.025802511342576,13.190017625818795,34.424035427749246,36.35691638658917,76.26178610847218,80.81751207122855,134.4886594515827,5.737339237958207,1
56.920518151987324,37.35538459150966,6.321449634042198,76.85551046333737,4.5669523815869155,17.722586650976037,39.17980039088235,39.17980039088235,75.9535357144506,89.93039093258278,166.78590139592015,6.529966731813725,0
98.55205463859461,57.18815388226666,32.25627053189696,65.9902496231658,14.437253798822724,46.07680813241104,59.33112983433818,59.33112983433818,121.85581654437125,165.0958957784117,231.08614540157748,9.888521639056362,1
22.41572580631437,29.990213216662482,51.21998547162784,114.57964271327931,5.949446821312462,6.303025759495381,16.159420467668628,20.148617477313543,25.236323898753557,33.960826245999264,148.54046895927857,2.693236744611438,1
20.38458210103259,34.706051206932116,93.64508199622841,23.269091104361742,4.2781706890554885,8.789047652057558,8.789047652057558,15.934029671947354,23.565561144845113,31.244545396735013,54.513636501096755,1.4648412753429263,0
51.90756208047015,39.111990738870055,17.77408188301769,17.07996724790436,2.9660911395802563,25.977630337353695,32.50062931484481,42.99488052037748,91.14548288818408,95.00098317324704,112.0809504211514,5.416771552474135,0
24.48012505895514,51.38894574571214,2.761990821945448,95.34920728471968,3.6586770275396754,3.144208770387682,9.12872581120695,15.040577867136225,32.56470209065258,40.12377916172846,135.47298644644815,1.521454301867825,1
9.341528523963461,18.607171029915268,37.71940950825103,99.28118678350859,2.2033148787379417,4.4366050685163305,7.133954865952305,8.910666031247715,9.586246113655447,10.82268477349821,110.1038715570068,1.1889924776587175,0
14.394204461509045,38.32244018940267,60.75887174856545,114.2743098597245,2.0769080380035763,8.235581843739938,8.235581843739938,9.693567472370031,18.898234967250993,26.23995977352968,140.51426963325417,1.3725969739566564,0
165.63894479623664,55.66741370550787,60.763182679069885,109.87137493411106,13.396717952516012,23.22129403546514,117.51545585199264,117.51545585199264,246.57997214688456,303.5509051432844,413.4222800773955,19.58590930866544,1
45.22345763448693,56.45818268938865,34.55542690738089,17.41332966626139,9.052967667905062,6.370125832539841,13.91918699990694,23.14133202439412,67.58937613220019,91.95350403719893,109.36683370346032,2.3198644999844897,1
65.16261855760942,24.193279452926248,3.7607848319943904,108.62666186434522,8.739304449576695,26.568388306253844,26.568388306253844,36.402451310271914,70.07270255165169,75.12013893201934,183.74680079636457,4.428064717708974,0
35.559759480674366,8.484065611639416,91.89112486481886,105.34588700931053,5.826539245734053,15.582911515687321,23.392202907444638,31.051431582491915,42.98960933665511,57.20914919319229,162.55503620250283,3.8987004845741065,1
92.01231109610477,55.614713734385646,50.17826108191079,20.504138652400457,5.0600320200689035,30.46872499199126,38.209207867423665,55.206625140733664,146.1175262443892,170.35454059923475,190.8586792516352,6.368201311237278,1
3.5659064592949665,55.41599638450217,77.6526902666137,145.39350868043238,0.9749629660819443,2.0246652919033292,2.0246652919033292,2.114265708013968,6.379545004477481,7.6182484640540835,153.01175714448647,0.3374442153172215,0
123.26731454275024,7.640150047309172,39.690212793994874,34.35820775311961,34.25483420335249,20.131738558812682,73.25639475246325,77.9549778070657,173.8047407926892,230.99703074863484,265.35523850175446,12.209399125410542,0
44.5340941480646,6.717916100726863,83.14306820680106,30.75317692521884,4.671985825712024,7.091910954252417,11.847280022667919,26.555543456796602,47.597942411299464,51.390281169781915,82.14345809500075,1.974546670444653,0
24.292920106156128,12.738022959754316,78.46879252508555,116.29686730855546,2.476197848617233,2.554246390456802,12.957318803834942,17.334117043848558,41.29402298315988,43.98530728187445,160.28217459042992,2.1595531339724903,1
111.15469025373446,39.51723697653229,9.52914953406917,25.313889324956648,7.532789402434987,56.80330029805213,78.02889603376308,109.68622989715634,150.04271046380325,153.1462500131453,178.46013933810195,13.004816005627179,0
62.12418371644015,19.55203480077237,5.12659018731555,58.962155285112416,11.432897781796838,9.012845473428468,34.18079721358121,60.18897406264207,98.59664351990901,119.8871224926418,178.8492777777542,5.696799535596868,0
39.43639376557879,15.931565797139687,14.950287427514663,51.993473975240114,2.9867240427479005,15.841347869255404,19.731851369072082,37.87426495753608,47.16335380646022,60.34044199092597,112.33391596616607,3.288641894845347,0
10.588713341216758,48.37855313190893,82.28415177476478,44.792228373568655,2.0336415334549898,5.98055906567824,5.98055906567824,8.067445521899558,17.977567611422685,24.65360037748654,69.44582875105519,0.9967598442797067,0
40.613042232949034,16.14547814636873,26.952159858186608,36.76925792199328,11.566822821151652,5.130599963416173,12.092322699239459,40.24467827694546,49.281972434545814,64.43027725833626,101.19953518032955,2.0153871165399098,0
48.845691053477275,57.70419946744296,39.57846546927139,253.85831327923822,3.4502580922265826,7.7512471047371685,10.315404489654036,30.257927859826736,75.95971096060613,94.75163288827359,348.6099461675118,1.719234081609006,1
53.82078266634333,27.42941428449089,57.838084803531096,111.5436112283357,4.480765106373525,28.82216567235078,36.621478052043514,36.621478052043514,71.07401838180688,85.52690833551178,197.07051956384748,6.103579675340586,1
21.479126373646807,26.510450845890222,65.18790569306813,40.598873155499675,0.9780181189748685,5.128735279934552,5.128735279934552,20.260940578960724,27.767265710410676,32.8396244900267,73.43849764552638,0.8547892133224253,1
22.103878876416,56.7308342862898,42.63582528873076,41.55551613142884,2.3911625319794076,6.877996600160233,15.809163180506264,19.70052941480936,25.478295008224368,29.933581795154044,71.48909792658289,2.6348605300843775,0
13.960624726210066,8.967538457827946,44.91652795500016,88.78798561249536,3.72543248776172,5.446479647662057,6.116333901290066,8.843051343877919,23.33449246192554,30.855966638496692,119.64395225099206,1.0193889835483443,1
23.79281595075109,8.666680473989466,32.813080453105414,51.77380384090597,0.5821272469382787,10.903588974536625,17.752725071515083,17.752725071515083,32.18394188857746,36.77282745031463,88.54663129122059,2.9587875119191804,1
70.19367176824477,27.147229661760775,9.403153841914758,92.94621462867715,13.909385869611297,13.475758725749541,20.613393142739238,43.65651853688768,93.58026404309528,105.34766315393126,198.29387778260843,3.435565523789873,1
142.40192960231488,36.049877272134125,14.831578929930956,27.30669729505443,18.160078533956977,76.45181720116484,97.68936075803282,97.68936075803282,155.02971028349253,210.38649637418678,237.6931936692412,16.281560126338803,1
34.719740317991736,31.467783554215895,88.9899213660638,76.63626258902273,3.781423027276633,16.91098246159754,24.97559911370382,31.277001241961713,38.69080506058328,52.178854502411085,128.81511709143382,4.16259985228397,0
55.08676964445996,57.384942251123185,97.48507656261496,121.48103574396367,3.7577539030085947,8.004015168331593,24.82741662700707,34.90578970761199,71.38376325965793,92.41585348221142,213.8968892261751,4.1379027711678456,1
13.180628324471336,59.60344398001859,82.54541471016326,73.51087710107457,3.336864356782072,2.0313835444952035,10.406493106805003,10.406493106805003,13.635429649913705,17.20583554057875,90.71671264165332,1.7344155178008338,0
13.573461606565656,4.370151193718477,30.579789025110372,54.851867062617366,3.3985368600113004,6.156955184375433,6.156955184375433,6.929273459538419,20.07677108462875,22.998957615518883,77.85082467813625,1.0261591973959054,0
88.2121311327422,11.597903007738784,17.834965543912208,99.9102525381073,2.7746692751969317,29.670699001444003,29.670699001444003,74.03303977026304,101.41725638220697,132.50379187226355,232.41404441037085,4.945116500240667,0
2.6565826046389804,34.11052220397878,50.9191059266808,8.452461964142868,0.4820092772588315,0.8667190357499549,2.079565574631639,2.079565574631639,4.202341566732214,5.522681579578826,13.975143543721694,0.34659426243860647,0
62.59483322555235,57.10753219220233,9.461040033228896,121.22010004770812,8.524691522430198,13.068000590243022,22.148151916481037,30.576513521672414,95.00598616481712,114.20353230742867,235.4236323551368,3.6913586527468394,1
64.61263874968309,18.234677498398778,91.49634862552097,10.225203410899988,1.4051694353939055,29.474154371622156,29.474154371622156,36.8049753484155,88.98777276939137,102.79587731246428,113.02108072336428,4.912359061937026,1
90.0921306368797,23.29027278589719,76.80035464889156,135.54935054181595,9.504208499075338,14.148569636805032,39.269457223227285,52.83615795092169,104.6752030075866,109.6372046083518,245.18655515016775,6.544909537204547,1
57.482238691592734,15.401474016018017,97.36144131370455,53.1632670757992,4.1758290613972715,16.4771504066667,45.685281226419725,45.685281226419725,93.08805907354116,114.643752355725,167.8070194315242,7.614213537736621,1
9.91671205991021,58.11065987662913,85.5909684355239,128.27813225885416,2.3181868825174785,4.57255680365867,6.985102879507407,6.985102879507407,17.78898621271771,21.495152763900506,149.77328502275466,1.1641838132512345,1
104.58415113550726,10.923684397846557,40.881084990697616,148.72377714964955,15.190633590503479,61.73855730715671,61.73855730715671,78.44168437625726,164.0806250132752,205.90170523208764,354.6254823817372,10.289759551192786,1
27.454411616119835,34.74467450118645,31.42156906069622,56.024573337507036,6.683539246210015,5.6605786863587575,11.418565472160422,15.210335014871745,43.39911584403477,43.63235114959179,99.65692448709882,1.9030942453600703,0
99.14673654768605,3.3313364980869267,83.42132398920295,141.06388655823795,28.87837675534315,41.440425469430615,51.740238364891596,93.73571180231542,114.70697905676552,143.36310072714326,284.4269872853812,8.623373060815267,1
84.37261438573684,36.89701972459513,58.7898623796049,84.45548603228721,11.169846395075774,11.144474416512843,57.19030850599589,75.37195237950593,111.5681587226188,148.27123004504858,232.7267160773358,9.531718084332647,1
55.88573730129175,24.762263845095756,87.86912024894822,99.35516265182785,9.808672610080265,13.048676759951473,17.62517660583955,41.11302266276037,59.59543231526523,73.63386502532826,172.98902767715612,2.9375294343065916,0
84.98303568248588,34.807733740797126,32.519844492707115,164.60456427786272,24.84983433007516,12.598176556118476,21.632002474616467,49.17486442935372,90.57699752264742,106.95010292559324,271.55466720345595,3.605333745769411,0
114.50789175105677,6.654717135729216,54.646588654925345,91.39965073133877,7.62132586600829,59.011950019511616,73.30764527075637,73.30764527075637,155.44028147543432,217.3505439680453,308.75019469938405,12.217940878459395,0
62.41013134348127,7.282051828462898,46.23370394084212,128.48793475734945,2.1949001479713104,19.286824719035042,19.286824719035042,27.163548523621543,74.90940056439041,93.30457836304497,221.7925131203944,3.2144707865058404,1
78.12015484305562,7.35005262158014,18.324192496516446,240.45400226081782,11.834638070707841,42.631189864570615,42.631189864570615,49.13876377042503,118.46759041980724,156.28145023624296,396.7354524970608,7.105198310761769,1
19.070183050335334,50.44074839959365,54.10737744675937,127.7326910806071,2.9864573395833434,2.2904264070206457,11.895905350415214,11.895905350415214,33.289529369519634,36.246703152768255,163.97939423337536,1.982650891735869,1
73.8892327686068,44.00226673532888,8.340336367810263,52.02624873716221,20.69835087075812,33.18885230539413,44.34712437822774,57.42394829769124,99.25707545232656,106.95889329408938,158.9851420312516,7.39118739637129,0
18.679684535479748,9.4457158635777,37.49970297661817,86.50784707453177,2.7566982279313454,6.6724347893980465,9.452887202121968,17.13061680025121,20.56735257063984,28.16550765226068,114.67335472679244,1.5754812003536613,0
51.58366850092596,20.33068998445522,53.342908370642604,41.32152252991258,7.444214600211651,23.045424750315572,34.49826238963473,34.49826238963473,60.10455567719349,82.4000010912117,123.72152362112428,5.749710398272455,0
24.53075908888626,27.313073898898736,14.524073452812603,89.44750426838243,3.91198402809644,14.310956515872915,14.310956515872915,22.977932209127477,33.50972363270174,35.229430509246626,124.67693477762906,2.3851594193121524,0
29.900612318100393,7.720868587161212,75.364987560681,57.824009816421544,4.3288185097850445,17.532565449092615,20.752991637061378,20.752991637061378,40.976383263661674,56.77060808850334,114.59461790492489,3.4588319395102296,0
124.82428607896927,50.71848262288421,19.081194085692754,95.98907806166757,33.90906573999056,64.32899084774176,68.46327459658318,68.46327459658318,179.33944083973626,231.6410242775481,327.6301023392157,11.410545766097195,1
43.62965355311714,23.050307338495166,72.85437192831759,129.6402305085763,8.419880989863014,8.958634041177579,20.04610082528503,20.04610082528503,75.11101573752883,84.09668066999788,213.7369111785742,3.341016804214172,1
51.219946641596934,40.88845652256359,2.3955507718375735,40.11209611309842,12.444616050410819,24.56902862252395,28.613541608594204,28.613541608594204,88.56410343067942,96.28455525504963,136.39665136814804,4.768923601432367,1
76.27407224777589,39.23458534027189,68.8880993490869,74.95586561826474,4.827721250816193,44.13667978830336,44.13667978830336,57.60404417675002,115.36593246815389,145.42872577993444,220.38459139819918,7.35611329805056,1
48.47745756627446,55.02947690321109,40.04159440412823,31.85339681178391,12.859773392008822,13.241440638502638,15.790829566934786,27.243703385263874,54.47000331435022,56.59296586139982,88.44636267318373,2.6318049278224644,0
72.93351261498574,45.03222908485875,79.01104408947768,41.89435705127016,21.268360231438738,20.03311913145772,35.21527348442239,49.67401386967441,82.69461245751003,106.20031445513145,148.0946715064016,5.869212247403731,0
78.00784394678146,3.996906221029777,56.19663040916895,83.93943553075746,22.46050597527946,26.440509827685936,59.976216713486494,65.33020555029414,96.699165482597,128.5002550474201,212.43969057817756,9.996036118914416,0
27.984881374637627,10.994024825385335,38.004259265411974,54.5043681685265,8.260485378621796,12.52471792122194,15.468669903718823,18.234722549882708,44.20890079027437,53.209686788305916,107.71405495683241,2.5781116506198036,0
15.720949350817213,27.803132265777663,66.38019433013463,184.70733509039525,3.3839762313319097,3.519722304706764,10.014587755556285,10.014587755556285,26.29268477722345,34.97544322054967,219.6827783109449,1.6690979592593809,1
47.949199643753495,7.3951525754473515,38.79066327695687,14.409630247157295,9.974456061388617,8.58583396720212,28.499812349108936,43.28833851266848,73.0493738710323,92.76053061119748,107.17016085835478,4.749968724851489,0
30.061269446755485,24.726143954990825,35.62008789338316,210.39747333347356,1.1680270149071992,7.312768150446535,14.33429157259436,15.746582204136638,50.37635361656271,62.03488609861405,272.4323594320876,2.3890485954323935,0
82.77908409100188,58.69013517801615,42.5627357265449,127.9108117111856,8.2131592626214,34.998478781216306,36.780767406600106,69.12243064640683,98.64834291124724,115.4856760531714,243.396487764357,6.130127901100018,0
30.86159548098636,13.917147508821031,71.03982185812563,110.67725267613325,7.4183394485253285,3.7357916336521426,9.845677472143747,25.07694863980751,47.66346803191048,60.10146259259709,170.77871526873034,1.6409462453572912,0
113.90866227098529,42.87437514187724,61.49410760767986,122.23171787432182,13.79520972026262,64.21850318425471,64.21850318425471,100.31489541219733,138.7806488661418,192.86840019785285,315.10011807217467,10.703083864042453,1
116.94519041263133,17.076456441690418,91.65111317249867,120.47409029308199,22.65761178058899,44.29685982270941,83.95476143811275,83.95476143811275,178.2406987740647,186.64080642549624,307.1148967185782,13.992460239685458,1
107.12461923263892,3.981376650503691,0.03729699422090338,51.2652039069886,19.734160472785703,16.399638525436863,39.26767946143396,102.55649127925737,109.54954342803893,116.9428378072139,168.20804171420252,6.544613243572326,0
68.4428056413595,7.7076579497977455,16.095303937315965,132.5372060561632,12.497606773828865,31.590784552434855,37.99259279116363,37.99259279116363,101.83192800077268,128.8384214471165,261.3756275032797,6.332098798527272,0
25.272120727845692,8.025904838512897,49.40199775469216,89.03621815038088,3.1267018256732295,6.150307277373771,12.063590831482188,18.24478816968797,43.27393430369087,60.31638798895609,149.35260613933696,2.010598471913698,0
34.244817759697156,19.34281944777232,66.96513297023462,17.103470472802343,9.169057871188896,16.550630876142872,16.550630876142872,28.217780542235893,41.41955111353182,49.69662814983261,66.80009862263495,2.7584384793571455,0
67.54526027001798,57.711925867499886,8.963610672710331,42.45500287798605,6.05931212148175,36.48162841063535,36.48162841063535,62.06278559055449,114.25742797420672,132.35718210791845,174.81218498590448,6.080271401772559,1
40.03915791163488,37.998330885144924,29.420411694457705,32.15282431553354,9.43735857786286,14.088135398657704,30.62791923667314,31.603275603554163,41.786213366469596,57.83854934651871,89.99137366205225,5.10465320611219,1
38.11328364611477,9.133816512024811,98.85714657173106,63.27508588054166,1.0330925543178016,7.328859789999836,15.899328936506631,30.373976446168875,58.09965124138766,64.57980371863039,127.85488959917205,2.6498881560844385,0
110.79579401688986,6.074860357278287,32.76448909023605,10.384531794116448,28.225647909736946,37.25361238384662,43.042668881226916,108.273835173984,147.9856591926573,167.45199592722008,177.83652772133652,7.173778146871153,0
12.667417040802912,58.30493366444675,38.01204870726406,118.15204503507368,2.9422974833334843,4.884433580103841,4.884433580103841,8.192955031521794,12.94999353029662,15.135741674603008,133.28778670967668,0.8140722633506402,1
70.59866202305533,11.938991320438884,23.878577657835155,132.83889010468621,20.763487433204514,19.757925126122274,19.757925126122274,50.84415040692594,106.83437973888378,129.0271755963278,261.866065701014,3.292987521020379,1
64.44547792568477,17.686606402487026,1.7439049594627831,50.019459439613684,3.468308496075124,31.234372514748348,40.8780619290825,51.84006510816522,72.69150272258808,74.2626480070934,124.28210744670709,6.81301032151375,0
50.488638410145626,50.817756842854386,28.53950522980182,97.23747905257349,12.370245546253678,11.90177457251286,36.956977078878374,36.956977078878374,70.54602299177118,81.9062959130301,179.1437749656036,6.159496179813062,1
18.00064189751877,34.18385753687008,16.10573197193418,189.42613683880893,1.917555303628819,9.373061022701863,9.373061022701863,11.382717146887725,21.548957709694587,26.57144172227779,215.99757856108673,1.5621768371169773,1
34.756392975207326,15.147044370693157,38.10243498656831,53.86094238447279,3.107930124030668,11.079058030717254,16.27888377922587,28.250132368634542,38.20601379922344,40.09601367898176,93.95695606345456,2.713147296537645,0
49.790183295114794,40.538552970209615,23.24408801528857,53.885604214145474,3.854252332669142,19.580483559109503,28.500521585467105,31.694373404283994,54.23288553071196,64.23623456958974,118.12183878373521,4.750086930911184,0
16.043293862380246,23.548674384392573,40.38585012128203,60.38604773563207,3.5481330412048853,2.0537071124803283,4.816030748177235,15.16438067011671,24.124692706130585,27.089986116422587,87.47603385205466,0.8026717913628726,0
96.19719479197019,35.731052947921775,26.945460239513398,111.59264802349148,27.309261096192408,19.72708298981238,40.6115653322728,71.30663184586672,111.42950335055654,116.40025498836039,227.99290301185187,6.768594222045466,1
45.68190386102638,7.612842854245626,91.56079439729075,53.0522775746832,9.255491856526268,14.585652096350271,22.55329076645911,37.30567949434642,56.975930827200024,77.85224525030493,130.90452282498813,3.758881794409852,0
43.047896346772276,53.05157751853273,29.13859102474643,61.24683515442762,4.0648609024203575,20.210111344854973,25.25779482632734,25.25779482632734,50.00125990881295,57.16084402011853,118.40767917454616,4.209632471054557,0
73.59477274470152,36.537627949869766,18.861042968456665,108.76097136503415,9.711027750773683,43.1013735426538,58.080149104047116,72.28238855873917,81.03954251505553,97.01727966775539,205.77825103278954,9.680024850674519,0
126.9721414724696,2.2514315425846547,76.20322469123518,104.35662091968253,11.108325836349128,17.30295202163051,63.24929000695584,126.54058361175143,127.25102468997079,153.96118557352037,258.3178064932029,10.54154833449264,1
34.01137048883557,34.42642668888042,81.17457090286926,47.91826684586305,1.3448266707689354,19.33419403287933,19.33419403287933,27.27578514659943,47.10972015320531,50.23642678335593,98.15469362921898,3.2223656721465552,0
14.44906957342473,23.000194180438765,56.30062464298634,30.990330684907946,3.393376093473766,3.6706588867949392,8.554289349801072,8.554289349801072,23.339594976556633,28.628250573084447,59.61858125799239,1.425714891633512,0
137.47222066305008,54.5204198603575,34.48549605727834,55.81384289978317,6.770582760617096,81.29442986816375,81.29442986816375,99.74157323256317,145.1143854431684,159.38477151472384,215.198614414507,13.549071644693958,1
53.901701853007175,10.035887195015492,83.42192927541416,66.10002765264423,10.877663704664181,6.594428033102087,10.961591793361375,24.759027363974322,61.32656016371019,76.16910565471858,142.2691333073628,1.8269319655602292,0
174.01409070731066,21.35540077725921,66.98696146207513,84.98162616141826,24.347393992874345,61.68288702278154,74.075868778833,75.4026771404118,297.7849830872782,311.7596619697666,396.7412881311849,12.3459781298055,1
115.36591765404202,46.34345484297439,38.103546108084,74.07821980695547,4.654029427489087,56.38696146346112,56.38696146346112,67.12090238505841,199.63554179343183,262.8803130350855,336.958532842041,9.397826910576853,1
22.833414766648144,15.063546758014782,39.16623923319209,24.823722632502324,2.384322663057794,6.28443446908691,11.105806227934604,12.187637761738847,40.39029450046598,54.34049359144527,79.16421622394759,1.8509677046557673,0
38.99716587684466,20.162982245000585,0.2446052374587171,52.07674702045735,1.6038161504013357,22.886753781158884,22.886753781158884,38.01875482458705,58.59038920571693,81.56746853548559,133.64421555594294,3.8144589635264805,0
2.665666256124086,46.73202563455985,5.776717356831973,11.150322254888653,0.5229839853873899,1.4991055037807717,1.9633272530921706,2.2623883690389897,2.699100453653523,3.665913271293987,14.816235526182641,0.3272212088486951,0
25.175718157269067,43.315209777030375,13.481676084202343,84.66018999300385,5.206649273361638,6.68666152457275,7.72892957034948,20.852363084652197,27.749827660012087,35.122128100204186,119.78231809320803,1.2881549283915799,0
12.277196892181804,22.861586079589063,24.727892043712018,29.66162936651559,3.3213980883943663,1.2525874987600043,7.565829162031597,10.52031656332356,14.436638272715367,15.271739251374838,44.93336861789043,1.2609715270052662,0
27.118383558646954,29.110031902667053,92.60706531449166,19.012305320407282,2.7152455957601838,5.089409547504153,15.69954542517266,16.700112029334203,34.76464970758608,35.97892748311474,54.991232803522024,2.6165909041954434,1
8.000567965485784,34.03638082295973,82.16166576333677,57.82061783719003,0.554648204260638,0.9302360012244708,6.377146609501903,7.970461382052008,10.242108151196389,10.56602575148272,68.38664358867274,1.062857768250317,0
20.983450419731977,53.50156639839365,4.07750770732801,94.28105893318717,3.2080642294080404,9.229480601367163,11.359681839080313,15.706233805515673,23.967552686476704,32.02025905907821,126.30131799226538,1.8932803065133854,0
26.360691416837746,40.36734836291829,1.4919209104176323,72.63110602071912,6.538383613777593,4.494592252806781,18.040351933008942,18.040351933008942,30.091673554566466,39.29804630215579,111.9291523228749,3.006725322168157,0
43.00851757835131,36.3649327906169,58.6003791831002,203.0087005448257,7.67416209860464,14.617258734342325,17.665403869662306,34.58613851857692,75.85600378924987,82.60842996990264,285.61713051472833,2.944233978277051,1
10.208224116027015,49.03440796058146,37.6481814106184,14.466687024777546,2.902322560897253,1.977554259217759,2.4839089910420267,7.4683787487665,10.947727577394929,11.983394597979434,26.45008162275698,0.4139848318403378,0
99.15997046639576,19.650981024642565,80.17750314970088,13.65727070679734,4.447091880794271,52.89931772961794,52.89931772961794,75.90024191901942,100.67935538768887,104.56986354084833,118.22713424764567,8.816552954936324,0
25.381564223119067,27.750507512091644,97.28809093013771,45.01128977044176,5.619324842566626,6.275851038548882,15.318038544463192,15.318038544463192,25.88310680962271,35.94494654585309,80.95623631629485,2.5530064240771986,1
56.23121422311754,41.825934505870876,49.42574650810063,129.0250655926717,11.56481556365,25.244115772793567,25.244115772793567,42.23125587960498,81.33304871606728,89.50380383838451,218.5288694310562,4.207352628798928,0
24.495197826053584,25.424865508942865,17.740779893936054,48.23098996209389,2.159366651511938,9.62552471368156,9.62552471368156,10.89180112715838,28.84509727331326,38.62603897068545,86.85702893277934,1.6042541189469268,0
45.06152092846829,29.78662421855754,89.27728072133063,34.392696276293925,3.5245786627721567,12.965991108821072,12.965991108821072,40.06829259184924,62.375589777441334,81.46678563825456,115.8594819145485,2.160998518136845,1
41.6090372202828,11.302260215103122,42.22051780340952,98.7209241173008,5.28292417614644,19.969944604383997,21.52699782258167,31.74530599689234,57.090532150737246,75.40832181917816,174.12924593647895,3.5878329704302785,1
102.31262366849707,37.38129403131072,41.71374278996234,52.31546866292202,11.285703956636915,16.08502525400594,41.02630074131769,81.62671847227662,176.28082255973538,220.60579685322688,272.9212655161489,6.837716790219615,0
36.38692685786061,39.13361636398845,70.39192982822374,161.7005776480362,4.1406130155832175,16.573814905082944,23.95479412018581,27.143782965291372,41.09273640774349,44.59651245334758,206.29709010138376,3.992465686697635,1
38.11888493420384,51.65876849005032,36.991704474376895,59.25535205403331,8.470711060221326,7.232151789933619,22.234976925055275,37.830332852455776,47.62801132466765,51.82470175568352,111.08005380971683,3.7058294875092126,0
16.952968434105717,6.953823905773517,23.484529696272528,130.45884647937737,0.7677293133850288,2.3894260990956844,12.929569444302741,12.929569444302741,26.169834825274677,35.94274423550965,166.40159071488702,2.1549282407171235,0
7.874353056743698,54.17561073448423,74.16968525888876,63.05129434135681,1.807413466964674,4.598365829686848,6.205809939312782,6.205809939312782,11.20561461346588,13.68627871903713,76.73757306039394,1.0343016565521304,0
53.72811329586814,6.983881240755457,18.583989781224442,94.66101466086037,8.58766862191315,9.99410670247517,10.765076159804513,43.13589439226577,78.82265686317994,99.96887032897584,194.62988498983623,1.794179359967419,0
54.660918296643366,45.227295389634094,3.9271879800982012,143.82653389172663,3.7560626501679466,12.701587208149462,18.64551767272938,41.61540195881119,75.04071914369787,90.96255407474482,234.78908796647144,3.10758627878823,1
49.88965865805642,36.16295301527225,49.76242444153266,13.564217096670282,10.34962937955051,5.242989258586625,17.2125662876798,41.56536637216592,82.63701538992376,93.95733109282958,107.52154818949985,2.868761047946633,1
85.05119695239776,25.55167668218158,3.393601898643628,9.465254745015436,10.602346950122811,37.29387420861079,61.87347138836693,84.03359403294978,93.26917361490607,119.55287846455397,129.0181332095694,10.312245231394488,0
42.47344583834073,55.56168083923709,79.09431850147381,15.413789683800644,2.43045350189931,20.38539842132315,20.38539842132315,29.340956688816142,74.85171729130269,100.5857599667601,115.99954965056074,3.397566403553858,0
30.851218833014666,28.48100657268963,97.7405412543885,31.03994381759804,5.694826861235849,3.4035642333702762,13.899077753752234,27.103638240324546,35.33630973415843,38.6405707610931,69.68051457869115,2.3165129589587057,0
48.99764533625457,3.435346452481,94.86383762391226,148.1187139718652,5.369289935840381,17.567963282943637,17.567963282943637,34.226013715393066,56.32523364794946,59.98762807626708,208.10634204813226,2.927993880490606,0
37.21537878492613,32.194135768445676,14.891095700247249,221.59623116387706,3.699324273497554,19.502291602145338,19.502291602145338,31.41491268542805,44.10035559816257,45.26308306599661,266.8593142298737,3.2503819336908895,0
11.515884174381382,32.88258225070893,93.19871503395217,66.5031813739822,1.7709137219594657,5.684057932779308,5.684057932779308,8.05635513061083,18.34423698818414,24.971385170438673,91.47456654442087,0.9473429887965513,1
91.20131153265837,45.17372331605831,11.183577056946403,50.596753337082845,15.099315469102827,45.77754172618397,57.89140573885432,61.20569781874321,134.86633359939944,171.94338390480422,222.54013724188707,9.648567623142386,1
24.671155793499906,22.778426824763187,35.44088252200779,91.31335857514243,5.348732501889967,3.308225260408792,12.603437678724994,24.14380192890974,26.70537465797587,34.29658141938281,125.60993999452523,2.100572946454166,0
39.197962141958655,6.28828592825019,8.433301037035045,39.813946430228775,6.185802056092848,9.465936287600044,31.311387028309344,31.80203499380527,66.58434466454193,68.0318120478125,107.84575847804126,5.218564504718224,0
26.71465828965141,22.269088538622995,82.26746433470952,87.63856245486714,4.525012098117298,9.632042021764436,21.15188334871304,21.6244356576878,47.85120454748413,55.48091762758501,143.11948008245216,3.525313891452173,0
101.64888484770674,36.95145339049438,22.374258785841405,144.2275081980208,18.26875473403557,36.127827384005116,68.17696981755657,72.34362171984382,142.11301395053965,145.37051172493997,289.59801992296076,11.362828302926095,1
27.572914838615564,33.59565839086298,66.49003476258491,91.89059634556554,7.710330960319049,13.20123526749685,13.20123526749685,13.20123526749685,28.070278688667635,35.80587221118236,127.6964685567479,2.2002058779161415,0
112.73260252484734,51.12559129382108,76.26879698833088,27.71866906014658,5.4507369005938875,63.11241023936171,63.11241023936171,69.3433674023713,158.91743324493916,180.68335731786078,208.40202637800735,10.518735039893619,1
22.683009123463574,17.67173937580807,38.07619153807629,64.76053111593849,4.6670584077948565,10.39739807886736,10.39739807886736,10.39739807886736,33.19484674783396,46.21662357301007,110.97715468894856,1.7328996798112266,0
70.7227257161268,35.01727046781063,78.92857473489322,238.7626412716973,2.154508353278806,24.1043891224153,43.4238639612762,59.699144139710604,81.81600826091667,105.40730319414854,344.16994446584584,7.2373106602126995,1
38.01189756728508,58.5841445516688,32.558709807988464,99.30647588256257,3.5180582140167043,15.023129888950216,15.023129888950216,33.380321910162515,39.052077931999314,41.281080318761916,140.58755620132447,2.5038549814917026,0
9.495967267295118,20.1924732667403,14.822903777623376,47.13100985010789,2.292916119386603,0.9675946100745938,3.516063177754256,3.9783999592185264,13.197169303494613,14.15860501167825,61.289614861786134,0.5860105296257093,0
110.14280842190927,27.293806218334325,45.98536597964974,38.89839167164312,13.3476028219643,35.83299685468658,35.83299685468658,77.02488402877292,187.03742401701982,196.15645487289257,235.05484654453568,5.972166142447763,0
21.13864150083898,59.6650079749241,71.03204074221513,45.98535393000436,0.5807902386790774,3.3153034019210046,4.882154137603065,19.88322098402408,25.333767843170296,27.862087082712847,73.84744101271721,0.8136923562671775,1
31.791757843766216,10.375655036622726,3.9702108516393775,120.33091173971172,5.205394676802467,14.80765715099977,14.80765715099977,14.80765715099977,41.18175539192428,57.179666982370385,177.5105787220821,2.4679428584999616,0
52.81823634551793,35.26814522372585,80.62447034983168,82.688307060766,7.530076925137486,25.915522736820073,25.915522736820073,32.45323733472478,91.03069632147064,126.9101726934407,209.5984797542067,4.319253789470012,0
14.774343725778088,23.480247057539152,25.56410052066954,30.172919872764044,4.129638351606489,8.862092968910572,8.862092968910572,8.862092968910572,21.98321825129921,24.506051836526037,54.67897170929008,1.4770154948184286,0
24.082200194340416,4.676258537354963,68.12106415214105,138.67332914916906,6.835024292465855,7.9813569516661005,18.112990345102048,18.112990345102048,35.05028312860225,38.474067828147255,177.1473969773163,3.018831724183675,0
35.62464680981025,46.12540435739994,11.404793848848339,233.96576574359278,3.493489756599451,5.112810737684121,20.112781285924513,25.63654715439966,44.98082230906173,49.597425286416765,283.56319103000953,3.352130214320752,0
8.784655905220626,13.532243830647207,38.9455334537382,85.78936251094464,2.193423088599899,1.4881929240208993,3.295860149050768,5.579289959924784,15.548597500378701,18.69472238200168,104.48408489294633,0.5493100248417947,0
49.0987209704279,53.739234340925876,46.50484762657355,156.62749015526697,8.05835919759596,27.192085036958982,34.41080789618562,44.30650298546696,76.53082995091944,91.27698345325038,247.90447360851735,5.735134649364269,1
13.200322058032866,26.2352251267762,46.844391768545755,26.546210850376774,2.2605129231277705,2.6128197322056588,7.018859926616353,8.525270768007964,14.280378998475483,16.84192251103506,43.38813336141183,1.1698099877693922,0
69.67608011650653,10.388269159603773,27.323655527760437,61.50293586196124,3.620114641321847,19.61586009043929,32.55094343529947,32.55094343529947,72.28790487742215,74.58956029669785,136.0924961586591,5.4251572392165786,0
92.25104103079786,16.26885184786128,52.92029623166653,23.827246710748703,23.4527528655548,15.379707572636608,60.042259113678014,81.01416593518498,137.75676779309035,151.99340979293075,175.82065650367946,10.007043185613002,0
72.90034475518009,50.30658404478322,27.7365974727361,123.85662945196641,13.826781588816708,37.140017221948476,37.140017221948476,38.47319236900465,88.59373367742461,104.6891738680519,228.5458033200183,6.190002870324746,0
79.94509760649066,23.685008829746824,16.65333185732718,70.7061176550813,22.980640365196805,20.033663181845014,54.50460069957678,66.68095930574937,86.86076467245732,94.35306742508614,165.05918508016742,9.08410011659613,0
34.299257309970194,16.863492425360498,13.334422421994297,9.483921520555477,8.204821884673143,9.814700417479786,9.814700417479786,22.662044138450625,54.372126277661145,67.95534410184915,77.43926562240463,1.6357834029132976,0
11.857423503360195,16.43888066551533,89.47109880253686,26.962265422561767,1.786368077081167,5.587554884695287,5.587554884695287,6.296722285422017,20.068764915066286,21.304880009920502,48.267145432482266,0.9312591474492145,1
89.26929266872796,35.825018740815935,13.064448371436798,64.46434940826074,23.213373819496,35.591977273399195,46.26304280308814,46.26304280308814,121.35626066826295,138.79144700336877,203.25579641162952,7.710507133848023,1
24.563640802990115,16.89581318995596,39.51922708713342,15.651726388173014,2.6799050219346574,9.76971608985042,17.238425657307932,22.010485745378954,30.50973575989119,39.77203985898207,55.423766247155086,2.8730709428846555,1
40.649802952145734,56.2493139487175,25.19010904888296,28.525308441842295,10.635364034239032,5.094469308338086,26.272179112649322,26.272179112649322,45.072681378200464,55.73922866951438,84.26453711135667,4.378696518774887,0
18.684215913685918,4.8633178915276885,61.604564139052044,148.26654634406492,0.9797895964165383,3.907413891444365,14.20857349425886,18.552066049197986,28.814229531277626,39.33008069627444,187.59662704033937,2.3680955823764767,0
16.3748030471309,11.039585122543047,34.57583721433212,37.60568580094807,1.8704515416856882,3.893403679946572,5.836954804102131,11.684849311073043,16.556829618872808,18.46664752518692,56.072333326134995,0.9728258006836885,0
51.79460601401902,26.879496163634517,28.631590517036322,84.99334602678547,13.627584084406402,30.945677889146808,39.02891604681259,43.31784615955976,80.04588986233968,80.37596799446118,165.36931402124665,6.504819341135431,0
44.593280606580855,14.080023734099967,96.90112024943748,133.6988622665263,1.1911412106658756,9.469504815417066,11.988067683773586,32.98806286593947,78.704022171257,94.64212088966003,228.34098315618633,1.998011280628931,0
9.02457461725758,47.16006480862444,99.67462224514594,117.48891082271865,2.3753094453052497,2.58681130342362,2.8826100686092375,9.015121293194186,11.837794266449134,12.885449872589307,130.37436069530796,0.48043501143487294,1
25.55492549789825,55.159462618077214,13.261989964021092,194.32574976455672,0.7979382084245913,5.015805547175884,12.270902470217004,13.894269985503373,40.42577510400572,42.41858387703962,236.74433364159634,2.045150411702834,0
139.58189998308075,36.81074720933997,69.27863174243043,140.82305236890028,28.54321359383251,47.03895478995738,47.03895478995738,88.6192844246058,145.87884713053228,146.91798865022866,287.74104101912894,7.83982579832623,1
63.78709087960246,51.53311872652051,88.98375586294665,82.81724564345376,12.672813553378482,6.3809744222289355,13.965964170359783,59.29697589896149,81.19635100297594,100.24747656558147,183.0647222090352,2.3276606950599636,1
23.270212312145812,48.43400790443532,97.0838564878261,17.898981871314778,0.8402838176024915,11.676215817815827,13.582420249047106,13.582420249047106,31.775614722585885,36.68494516457499,54.58392703588977,2.2637367081745174,0
30.86465660700149,11.200358299431256,29.809948506286865,66.85109808309048,7.861239043985237,16.70974518381228,16.70974518381228,23.99421878371424,46.79115447448679,52.84232557945221,119.69342366254268,2.78495753063538,0
43.84903941732347,6.532616115994085,78.44332185642048,118.19381327708291,1.931878577625134,15.136543585623523,33.04772884032533,41.13465790057976,54.36893393539835,62.66412564113157,180.85793891821447,5.507954806720888,0
31.008465818584792,38.4838992987715,32.77351537884082,32.980432220715976,8.012092901051982,16.20321470877097,24.504849819016002,30.854896226304565,47.07398034333636,61.44399399931792,94.4244262200339,4.084141636502667,1
105.2133253795532,58.98638432736915,62.1596111298471,149.74441721866518,31.06698271745195,10.783968140782994,79.47066891558454,92.59084644949247,166.10931342546644,181.53321408749596,331.27763130616114,13.245111485930757,1
61.0317546872628,50.25064454847191,51.29631704435648,70.82487923835154,12.706438709715798,19.449306633788815,31.109942715860406,31.109942715860406,68.60435745493655,82.59081489087438,153.41569412922593,5.184990452643401,0
73.02165976697731,37.74539269677178,70.7492841696756,117.74607020357769,20.480764090099417,13.517692691262997,28.104173462558332,54.08559540440978,122.26211982399597,170.87327394509845,288.61934414867613,4.684028910426389,0
78.4667357367759,8.434713634283192,91.27029445355473,117.19285167024464,15.308054817804496,23.164621625224484,60.66251967012045,63.735760488925635,121.48830078576043,123.91440026639573,241.10725193664035,10.110419945020075,1
60.74215594519457,47.223326352514725,11.277581270813519,121.13781463050806,17.900275878962596,18.892209704913117,25.759302119731153,35.43891109096855,108.85551119470317,137.49094820257034,258.6287628330784,4.2932170199551924,0
67.05517648704227,41.61221977295293,22.283772081881402,47.98781108660471,16.30216628971898,29.465980458617967,29.465980458617967,54.06949595889851,108.73339047436824,138.43077627733,186.4185873639347,4.910996743102994,0
102.14035606613037,56.16507918945901,58.57512869413542,196.11150410089851,21.469679196591706,51.18151687332259,59.34795365513329,96.660602635089,164.34846242154975,192.13923806096045,388.25074216185897,9.89132560918888,1
69.45510280927734,43.14560667496335,35.7215234464511,169.28248473122724,20.62082877067834,39.651145704725835,40.31824170615191,54.71792492043667,70.49731481600206,93.25959848753664,262.5420832187639,6.7197069510253185,0
15.169554734023496,8.004658664800411,55.78577141941541,77.49551162545471,2.3585615469253107,3.789937427365594,3.98576440770027,10.561173888832075,20.295492976275032,25.746114554173314,103.24162617962803,0.664294067950045,0
127.79550647494445,37.333346434455564,78.2787024079094,25.4002635976487,19.86277225785976,56.81749621960822,56.81749621960822,109.30322692846372,159.30571113401672,204.6936466402209,230.09391023786958,9.469582703268037,1
6.783274557952071,25.418197232886932,69.9487766072515,49.67888693885638,1.7531989021461576,3.5186340938508804,3.5186340938508804,3.9210013054879886,10.98129779994084,11.54973716759547,61.228624106451846,0.5864390156418134,1
59.09186909023533,26.440179126009834,76.65873238990072,47.860735603291815,12.338445590503584,17.727894694153772,17.727894694153772,47.33187388351446,90.20356353340125,109.9531170890002,157.81385269229202,2.954649115692295,0
47.28944753199421,38.71129837141247,16.11867855619169,16.702725857435784,2.8553053773408776,17.98638577131241,19.18325934112494,33.29386056598184,66.61548893995763,71.07421438857064,87.77694024600642,3.1972098901874904,0
28.873269830943137,54.18079616614101,3.0363528999139078,40.10701151911849,3.0672788278126784,12.801704602809666,22.208962068207683,22.208962068207683,37.25734491033398,38.44480522430473,78.55181674342322,3.701493678034614,0
78.72100378520017,46.06728449343276,87.17273916440777,0.6928963574765029,14.462425445255485,10.981035489636945,53.49976260053164,54.65434797503235,85.0238678580377,99.46140444691228,100.15430080438878,8.916627100088606,1
37.87550627158861,3.293589954072722,45.152186348743264,102.97823776006828,0.9272721979036945,15.557720777031776,15.557720777031776,24.579254165262622,47.35922571898106,49.228968141734164,152.20720590180244,2.5929534628386293,0
61.591109047308976,10.525939113610333,63.56748774384634,61.73234390066517,10.033843282490867,22.87403044225859,22.87403044225859,26.551582901050004,91.31201979154157,91.32629372547524,153.0586376261404,3.8123384070430983,0
13.495899049080354,23.06489879654191,7.294248652691371,122.48523339785547,1.1539331688430945,3.4323012644713895,10.78619974944571,10.78619974944571,16.67201193238103,23.14821854139,145.63345193924548,1.7976999582409519,0
88.75858492071663,41.712002745413926,70.77224957395825,55.17424527264367,7.660144308749903,53.032954165648974,56.106162573972654,87.54575809776587,96.9904357309972,131.01074749331963,186.1849927659633,9.35102709566211,1
83.34180563579491,38.783291707227995,10.16578487142813,15.671796982579458,22.560189881237108,11.734924779415643,42.836997747548914,51.049697557620775,84.38297590060341,90.65728047845053,106.32907746102998,7.139499624591486,0
43.041864022482855,31.21385702410734,78.73411978840036,24.38173849133049,4.261669574906554,24.762281386050418,33.87591821709579,33.87591821709579,74.31219024105408,78.7675376808691,103.14927617219959,5.645986369515964,0
19.427993066956667,26.947716098340866,6.0718038316151635,68.38717555286277,5.274847374490389,8.13646310924632,15.00744405906428,16.206531136110268,22.89724048180163,26.039306713171914,94.42648226603468,2.5012406765107134,0
93.0583709417205,47.79470649746689,8.320060734725576,67.92657757826315,15.767976551083324,12.06852132458856,25.08060079561533,70.93276240743597,162.48160223249215,169.8016694977513,237.72824707601444,4.180100132602555,1
7.310677458195697,7.550425069652055,34.33003081789039,39.89413251444424,2.0455455192831034,1.3921194230324843,4.2519079815790874,6.873074140432125,7.442371115852991,8.451357286587253,48.34548980103149,0.7086513302631813,0
44.78377241559362,36.512267341673024,21.20209513550806,38.48943297365302,10.03975369592934,21.987533711273123,27.49522199902572,42.955894431418216,60.07022378799702,77.01858145071743,115.50801442437046,4.58253699983762,1
33.78264754431704,48.89259773699188,98.4448339309153,126.90194427427038,4.591942614572548,6.689109637341739,24.26179044119388,31.171812325154388,47.14846941030814,51.66389091860509,178.56583519287545,4.04363174019898,0
57.7724371095346,17.79957403005178,45.13205803271719,10.976889320117994,1.7246370033338274,7.127672991065467,28.838873325300018,37.68927774109827,76.00494261728382,99.676229149499,110.65311846961698,4.806478887550003,0
33.27005060144307,13.730578397248005,46.88419410895969,89.6226249604016,8.97162023319987,12.42973745665335,20.224893792004405,20.224893792004405,35.877984762545324,49.12252813737192,138.7451530977735,3.3708156320007343,0
80.23699008457709,41.060662160382975,4.647818893026567,56.435623370708434,17.49609215784248,48.08558461203601,48.08558461203601,51.37802566225063,136.47191036713681,138.54788812375025,194.9835114944587,8.014264102006,0
15.128637055393298,12.186585874694092,49.139103576119325,126.61716613086902,0.8734191023786738,4.382207107003605,6.66757207570741,10.798739970625228,26.248428020970458,31.924265873558895,158.54143200442792,1.1112620126179016,0
93.58146582108209,30.31689179112915,6.395167003261126,247.36378922311528,26.375256453619226,30.03525222024813,50.341005322700035,50.341005322700035,150.0479998452074,154.63792493678133,402.0017141598966,8.39016755378334,1
38.798756703500246,55.52397301998171,62.81133107216718,21.30805003209754,6.084155813917732,18.893859209268346,18.893859209268346,35.0347253393372,42.15111979625883,51.44354999587186,72.7516000279694,3.1489765348780576,0
27.775501095988332,5.519864903033659,98.1558397659209,111.90379214802944,0.7852968714508763,11.093148621972183,18.758313848972534,25.870454870220275,33.37081315809532,33.86757354856921,145.77136569659865,3.1263856414954225,0
56.757027288854665,54.7306985504416,32.95791771384336,108.00405469160579,5.837192062483604,13.344861300484272,28.293263642162437,44.23035112584246,70.11653606071928,84.06338571374441,192.0674404053502,4.715543940360406,1
77.07921502167969,13.041101021099289,80.8041886001498,34.67402571491027,20.098018474908987,28.813233005903896,54.78630960930455,57.66274074523217,135.29072185068065,158.39824463117688,193.07227034608715,9.131051601550759,0
36.12422353599232,29.97613579019437,96.55018406811737,46.724612051781946,4.96173791346717,11.924584055870536,24.28013386708144,24.28013386708144,59.23441851762131,81.92461420411615,128.6492262558981,4.046688977846906,0
38.80856003775182,9.669312120111396,96.79661377095559,59.867416821338324,9.553865331067836,4.197339526113729,20.850124235116617,38.29594726409014,52.34632515453645,56.151152193871546,116.01856901520986,3.4750207058527693,0
21.689921556404784,43.17238963814985,74.59230998195,104.79391651945541,2.8798989394283416,3.3347366520779405,13.28758934179489,14.352426393792,30.43842309140042,31.758574414037586,136.552490933493,2.2145982236324815,0
6.812520288759069,59.870871752454164,86.99819607789199,74.96988969876303,0.39176045758615197,2.741682470336147,4.829445357475752,4.829445357475752,11.160139024948439,11.48620301775448,86.4560927165175,0.8049075595792919,0
26.49249912083255,19.521750200957513,35.145608883685384,174.9622585984578,1.973524098255525,4.620716952131246,10.682710190812095,25.87183431996828,27.81099074937594,29.364490322361114,204.32674892081891,1.7804516984686825,0
43.47896963542746,55.63227615220835,58.3855299665599,31.760851311242064,11.59748400935421,21.066538102081513,27.713199039217834,39.1834271681052,57.12871996584293,70.52592530938338,102.28677662062545,4.618866506536306,0
31.82637643389944,44.33793873733729,66.28860726912251,66.83117220969011,2.2516080256479674,10.998302175162262,24.007312818728895,24.007312818728895,33.14144719713428,46.044673576713514,112.87584578640363,4.001218803121483,0
31.933316403700573,57.994544939374094,21.73736772238867,87.18087586730894,9.002788852080462,4.565461845666401,6.984181572086401,23.47144297249333,55.25214132066713,68.41876182658646,155.5996376938954,1.1640302620144,0
14.960577475868163,40.96413092429428,31.341182781277876,53.773549769540494,1.507900491201111,8.615242652067666,8.615242652067666,11.237394746540089,20.245849839736923,25.52558064383573,79.29913041337622,1.435873775344611,0
17.40231579215889,41.556328947429776,36.14285843275864,27.554755418806252,5.082491329498419,9.034745961994847,9.034745961994847,16.119143416278252,19.901132563016205,24.799952684849774,52.35470810365602,1.5057909936658078,0
14.624511199509321,56.73713420209973,6.570543341003276,152.09084604734628,0.6890120434115607,6.134681447284622,6.3072622958587266,10.65452139447126,26.080877284009528,27.910275940332323,180.0011219876786,1.0512103826431212,0
44.32521912537504,44.19004389994751,45.65492361302812,84.53976402199926,7.692649744164865,20.955582945574896,30.905882175550026,30.905882175550026,75.45016332832081,103.95772784112137,188.49749186312062,5.150980362591671,0
58.47166823236147,51.152223538900344,78.33485085689344,10.983024731490637,1.751993391778941,25.29502714725781,25.29502714725781,44.15175548645997,82.24310182890055,114.87153408864087,125.8545588201315,4.215837857876301,1
45.71801060714633,18.505209022134437,64.97815598706269,41.67669161322921,4.199005552909298,4.866972507298296,10.128873328446604,44.95939239441502,79.53195427363234,84.49956092891956,126.17625254214877,1.6881455547411006,0
60.772352430282965,11.795130568440078,62.5134767262998,33.42253915666475,15.770405690991355,24.9372488826983,24.9372488826983,26.21507085088365,69.64947637830636,76.58213556857545,110.00467472524019,4.156208147116383,1
17.14900154009221,39.12321794274104,60.59174731028962,203.66297461114306,1.2409331612332013,3.81228578540468,11.45044028507521,13.518226252310233,27.63890249030201,33.9436239506611,237.60659856180416,1.9084067141792016,1
41.604800902433134,16.6512354918179,2.2528722504895904,57.3143158511683,11.217786140861826,23.878451505630427,23.878451505630427,23.878451505630427,67.342194868626,92.0990795745709,149.4133954257392,3.9797419176050712,0
28.134728694421607,26.9306838444406,0.3296011456382919,179.9588857879348,5.209032765733916,8.567778290617735,15.522546912877706,15.69020062176233,41.4690891091853,51.106280920385956,231.06516670832076,2.5870911521462845,0
36.70189930689748,51.62368065079155,16.911997741952256,98.13479695404111,8.200760519129867,16.60198199198361,23.692226889387094,30.00259317724928,48.34752452908095,55.64278735560669,153.7775843096478,3.9487044815645156,0
9.646977132664261,38.602649869187275,91.32974115724389,94.13883049561875,1.1637711516033225,1.6827262227356228,5.230951060345561,7.969069830229766,11.815256000795367,13.610900069178518,107.74973056479726,0.8718251767242601,0
14.262296073553578,56.744897901603565,85.71199759020355,40.353395889926524,4.21838414460455,4.799699392516319,10.852421913510241,12.8387888403177,21.604726139347992,25.062542611433678,65.4159385013602,1.8087369855850401,0
43.277917068145044,22.573377879013687,57.67931852406553,56.69102767420296,10.881856936837734,6.586314082600073,28.319576248370286,31.34849323868072,54.45384944998055,74.72596619176085,131.4169938659638,4.719929374728381,0
21.59005274406942,18.276075131605563,38.54042248176188,20.43155788007813,5.943483039745652,6.547345951344716,6.547345951344716,19.024949192250855,23.83770256194617,31.189855408937884,51.62141328901602,1.0912243252241194,0
22.79661431186783,14.395402190794867,96.36174392700434,138.16126844862094,1.386794524220929,8.66714413261657,16.26351032653642,16.26351032653642,38.34767144424646,50.628068387121104,188.78933683574206,2.7105850544227366,0
34.30656519884556,58.62938912845954,6.598628584606958,139.08907058722804,3.2490415705233486,14.280081378826653,18.138984205644384,18.138984205644384,56.24362969011486,57.21446354724926,196.3035341344773,3.023164034274064,1
59.24138691055839,26.918996196469433,9.712009665814348,94.16596237913834,15.134882268221487,17.638467995303476,46.244864226500646,46.244864226500646,73.34842494483503,82.42921409176009,176.59517647089842,7.707477371083441,1
75.82940136607907,55.36455781678828,62.10137669630632,74.63652585622268,15.731870597942978,13.60661098293808,59.99192957136969,59.99192957136969,76.31077327297376,100.22847604237705,174.86500189859973,9.998654928561615,1
7.431674982102391,22.00476626574504,54.75177600862162,63.17859026997646,0.9494495856710974,3.1942928034059137,3.1942928034059137,5.406772621131639,8.847061855523265,9.26662803387584,72.4452183038523,0.5323821339009857,0
27.023966985230285,18.688166583014606,98.12994105058486,202.69850492581455,4.054220545029639,2.863459759531871,9.433137786830676,19.17786584704573,39.26743498325258,43.3749338086092,246.07343873442375,1.572189631138446,1
47.59509968096076,46.708415973611785,80.25410511110348,153.8644431504656,6.796126580926698,24.003601550451936,28.181274952838816,28.181274952838816,73.77475337568374,98.05718774973407,251.92163090019966,4.696879158806469,1
57.31075296417904,37.847670653309095,93.82190089688422,84.8762988030006,10.098062607411286,25.081813595061334,25.081813595061334,39.64417422343457,75.82961768723105,92.77069470210343,177.64699350510404,4.180302265843555,1
71.21967920557725,32.43045047750962,72.16997021802804,47.451403042513434,11.176442918660971,34.69248831780881,34.69248831780881,54.28316378781795,120.07394085282004,146.20621025907053,193.65761330158398,5.782081386301468,1
53.16810450290953,27.53278022489393,92.68501212942817,43.66213240785779,7.832841434097147,31.200621394399366,42.16494058335117,42.16494058335117,64.30074717198356,71.89241585629291,115.5545482641507,7.027490097225194,0
23.537580390052444,29.05318466650413,68.68037119340686,192.02981275502398,2.6303719868226008,6.203281750636679,12.135006049796983,12.572645037934917,41.30388893052714,42.83513148805076,234.86494424307475,2.022501008299497,0
46.79485573738036,50.398047884651135,52.56776442344125,36.11302193551673,6.817181194400021,17.14326400240452,18.661628592223725,45.498238779096575,71.02920212742842,95.60656898406427,131.71959091958098,3.1102714320372873,0
42.543815514328706,10.880563567180424,58.00342417233988,66.72936556503888,2.964972183070618,17.711126509969493,17.711126509969493,37.50325010826275,68.04742742636385,72.9901268160393,139.71949238107817,2.951854418328249,0
13.583518356761326,4.96042077643334,90.12089756256164,107.47996213931309,0.997609551021033,5.337130608542626,8.830402987711023,8.830402987711023,19.450290283202158,23.54773317187808,131.02769531119117,1.4717338312851707,0
21.27959047541557,2.345041819385671,10.466479003486917,130.66088148392043,4.526609995636655,8.87026235905351,16.133797260462217,16.133797260462217,38.30244602296646,47.379261707218255,178.0401431911387,2.688966210077036,0
50.74878178960586,30.71016537728153,56.538158693214015,90.21176399426692,14.721199253378838,28.977198438770483,38.29807678317841,38.29807678317841,57.43126658373916,68.3893529734604,158.6011169677273,6.383012797196401,1
71.33969030792899,49.44422767574771,39.22631622904477,76.61591447530229,5.669320514632012,24.395191430479745,24.395191430479745,71.1944404050549,97.25979948803328,128.90821532313277,205.52412979843507,4.0658652384132905,0
25.762030331038027,40.916261925271684,66.29529136731087,73.00943135665524,7.10061993072061,13.675962730518386,13.675962730518386,21.457432711878436,31.20112881119999,31.263618094086645,104.2730494507419,2.2793271217530644,0
139.58198907849203,59.446040464073285,60.37892802190377,60.484814721601374,27.240806595262455,58.01293122019663,110.8804546377091,110.8804546377091,169.76987923868333,194.39013908152953,254.8749538031309,18.480075772951515,1
2.12094338720949,37.37799499850997,39.961750011408256,27.80123100934459,0.608266668382441,1.0419508786441385,1.6372844598807546,1.6372844598807546,3.498955664708416,4.478960588853222,32.28019159819781,0.2728807433134591,0
39.755332326238005,31.52737305575104,68.93104337078698,119.68390308702978,5.194867141140259,10.494052345604336,13.185534840164802,20.43970521538428,57.980551889423246,59.099069363638485,178.78297245066827,2.197589140027467,0
43.24648774997159,35.73413733530041,53.59878629869594,48.371820956700155,9.223925299116955,11.441692253205733,13.778450645544838,41.465377855759925,46.834152840165956,64.08667575789205,112.4584967145922,2.29640844092414,0
81.14093912020715,53.166030090138655,18.747300385825795,23.18974631683174,13.978969401463495,46.057777619651596,46.057777619651596,54.31495342742132,141.4684105174665,162.9089761550978,186.09872247192953,7.676296269941933,1
22.931229897431585,2.8490444577382332,63.80596011110917,30.39441762711705,6.7348646417446405,11.843930736147652,11.843930736147652,11.843930736147652,25.571972414015598,31.659656981146572,62.05407460826362,1.9739884560246086,0
26.3975211663886,29.057003655264285,2.6678897071574004,84.18483593065673,0.9750894073054708,9.322110099716522,16.654650921891353,18.427807195445794,41.41020653244852,41.56692043110121,125.75175636175794,2.7757751536485586,0
26.802541136349568,25.847862661996594,82.2986428163371,115.37420846191998,0.9769455084342391,8.854797742944168,8.854797742944168,20.66221173148466,41.346132012432626,50.26603563162039,165.64024409354036,1.475799623824028,1
78.31873663652618,57.29242376730981,90.64859834291595,82.00556726810525,20.51636828425195,17.666895706502626,53.548881976536855,53.548881976536855,130.0916369355958,140.83796420194827,222.8435314700535,8.924813662756142,0
88.42687791558362,12.861041305001446,7.793859160872607,65.0138534526474,3.0930822598842114,18.018394630311498,32.66718597621552,57.94483327255364,133.55261808274253,151.4908979843108,216.5047514369582,5.44453099603592,0
30.302198330089375,3.481695614224056,25.67802102346708,69.45885574405574,8.304722494966292,6.449380987209154,8.590705620104988,17.14080271062044,39.541152711116055,54.37518554896869,123.83404129302443,1.4317842700174979,0
18.67625146853957,38.637533766150604,12.681723998766026,37.123656361335556,0.8651815207292983,10.66130722989849,10.66130722989849,12.423092808230559,21.704424814367584,27.936972676424286,65.06062903775984,1.7768845383164151,0
19.214361094925778,38.251098392671494,77.18273676258313,140.81677581055774,0.9891610384687745,4.482646133991821,4.482646133991821,19.032295384011803,27.510716833899448,34.61997793801963,175.43675374857736,0.7471076889986369,1
11.48232617926388,20.52161982239905,7.105106416379925,30.909761987587547,1.2930666260138917,3.710880661646773,6.739686464251221,7.756365473511925,11.784362521471385,16.4450474063396,47.35480939392715,1.1232810773752036,0
94.96098337289493,33.30551163462618,54.11101522891959,92.02941080682989,21.223467076563193,41.875837780646044,41.875837780646044,83.93429027980045,134.7300157239405,144.36460254154318,236.39401334837305,6.9793062967743404,1
40.34957318331888,36.607160334104094,38.82119692135183,134.28002928659464,7.325550996032503,17.057495964675777,17.057495964675777,19.254856704561174,45.92904247197179,47.04784561053789,181.32787489713252,2.8429159941126296,0
75.56585828058297,22.47627811195485,75.08680385597816,86.33221198189031,20.743401136429988,36.68595010617647,51.086176835706745,66.04001363531329,114.55432136298244,149.77121536109664,236.10342734298695,8.514362805951125,1
32.9743819675292,26.389682520565156,63.91314025148523,109.47759388777868,6.472820681566397,9.548458167982204,16.597880709770823,23.21020420215622,43.83863891369913,44.2431773989307,153.72077128670938,2.7663134516284704,0
153.77664912633264,10.224253577090215,54.41879728223286,40.1147042596996,28.724846216165826,40.937291599966336,85.46234218994962,95.3358539985456,247.1741713567721,324.21317692543647,364.32788118513605,14.243723698324937,1
67.16835204302895,46.71944998869329,50.34963604828119,89.84294593779549,12.07041789496451,23.597270367428177,24.769445520857722,50.09765809134268,98.88397643856919,118.9024851338415,208.74543107163697,4.128240920142954,1
51.2920837296698,24.572528048369712,77.50213136648286,128.74623081432046,6.8575225023255015,21.407408380334772,40.17950760527151,40.17950760527151,71.75935752459914,78.27280108868248,207.01903190300294,6.696584600878585,0
59.06522463126556,39.439022742516734,47.7215700639426,120.29266656515077,11.75225950744241,35.27971609905305,46.79294546749652,52.32190437483172,90.14698577326104,113.23661294404191,233.5292795091927,7.798824244582754,0
17.667358776127855,26.744529859192486,41.98067473030961,129.76204539572794,5.166890020124827,6.955687714314974,7.409180488205093,15.432269729853662,20.802070168687045,24.913549063081373,154.67559445880931,1.2348634147008488,0
27.22251658642925,11.410830531892628,2.531732343749682,57.48742833513692,7.954441783374337,13.172198178784146,18.313908928051777,18.313908928051777,47.32741480806125,50.91204684117124,108.39947517630816,3.052318154675296,0
74.81847972712134,42.637103311778525,26.855757477056162,146.0815773819017,3.819171469315864,42.06733338665672,50.976140623834496,50.976140623834496,79.05318122083949,104.53691308369133,250.61849046559303,8.49602343730575,1
41.309323231067516,26.205525079218706,36.986790897692025,79.36983615487128,6.095620208231567,4.199909532195313,30.908745915796448,30.908745915796448,52.6634014654875,58.756184310936746,138.12602046580804,5.151457652632741,0
61.72168560881147,12.750591014122122,57.87567982093127,55.09058470407317,11.471205163199409,14.011080848823585,44.25560989164656,44.25560989164656,64.55190265829151,70.87837122943894,125.96895593351212,7.375934981941093,0
32.12687597401394,56.14284024671164,67.32033363673807,194.16982709607777,7.082659381473946,3.2648718133815695,14.895852281215928,18.56582400600485,47.189071700254445,60.32013316194682,254.48996025802458,2.4826420468693216,1
36.93497930678482,53.81253033296989,96.26961439951431,11.400234182408662,3.8466058102778447,20.377545398982654,20.377545398982654,27.19756532993774,48.18354862643473,56.27027668114839,67.67051086355706,3.396257566497109,0
90.04945679280432,44.17517829254003,27.66938589933401,75.00764707688434,26.584565951420707,26.449114865573545,68.52893957969022,77.04515218648493,94.15130023491176,107.09335212531853,182.10099920220287,11.42148992994837,0
46.54869960799564,35.4115738776638,54.44150760353851,42.14188689471673,6.343298107427202,18.154897579395495,20.706352954963393,45.1493971869007,71.38313079533248,87.37452900677707,129.5164159014938,3.451058825827232,0
48.10418073055403,38.26097433516855,75.60390004677714,119.79644612547614,4.805708692098886,16.43600774205144,24.633646444063448,31.446622346754307,84.9773317515018,107.39447457823047,227.1909207037066,4.105607740677241,0
38.51952621929511,22.892010032777176,31.052231606446735,39.36492071630231,9.18382132770426,18.360730597584308,18.360730597584308,18.360730597584308,41.81551948379298,43.89621524213695,83.26113595843925,3.0601217662640514,0
29.39439189117795,17.251103195133545,54.85275802755828,17.122945584803382,5.427793134937045,8.350829499988471,11.06505522857954,23.22033320035706,34.579409985761956,46.96312599741547,64.08607158221885,1.8441758714299235,0
33.70804463665254,36.33971284132978,41.854339588300235,52.17739456037937,9.211438009354893,3.576523729403874,10.036941311472114,17.664081668397547,41.05985833611611,47.17559488700382,99.35298944738318,1.6728235519120191,0
41.53557910309708,44.92045776184477,39.72491232977258,56.63345639816494,2.067752458304328,11.607090784227454,11.607090784227454,30.969816169479248,64.1327355502865,69.14447522916473,125.77793162732966,1.9345151307045756,1
93.29069895005614,30.718299478673433,6.268161977021281,45.81051092362667,3.293849485108438,31.26875763189848,39.411655234784874,62.60963080329056,122.13040547585065,128.45309174703175,174.26360267065843,6.568609205797479,0
41.858508271610106,53.941758199867586,2.423644891295884,23.689470358875738,11.891201533346784,12.671521051703534,21.317407716608766,23.729871131174438,67.13023533149634,91.27389339441554,114.96336375329128,3.552901286101461,0
81.56336817254996,24.527568489447095,29.53676794553536,64.53729523052557,11.816674996075617,19.29029509118877,54.45026222361233,54.45026222361233,111.76770673597633,114.61003032454879,179.14732555507436,9.075043703935387,0
19.26962878601044,23.835383787926016,91.228843601092,13.737896718429074,1.5516633543469356,2.857008079442221,10.88037878325026,11.664330066002229,19.63116469688202,25.195950012209156,38.93384673063823,1.8133964638750433,0
56.42950799930504,26.680218240447243,19.27722698679839,64.45892311539961,12.869625406739075,6.4353700551105915,39.20028462795563,39.20028462795563,64.28071282047677,64.80550158091378,129.2644246963134,6.533380771325938,0
6.461593498998475,42.84351874545737,6.30008752247877,66.52759723219755,1.9338559152991068,3.5895065308498064,3.5895065308498064,5.320721703382329,8.115994561396631,10.968844701985036,77.49644193418258,0.5982510884749678,0
22.119238546969044,3.5924591152283227,62.02103596914641,181.0561666203134,6.627987696338554,2.9412272087285434,14.975622835074374,14.975622835074374,33.342621736005185,45.4847422878216,226.540908908135,2.495937139179062,0
22.949717902779287,22.520949763642296,95.85423977434665,83.83199453256555,6.648280657645863,6.850735078540714,6.850735078540714,19.068145525232246,35.449358665453346,39.23943342195784,123.07142795452339,1.1417891797567856,1
27.61870667190133,45.08929819957572,5.7167544748485515,14.522316962829183,1.76337608859748,3.8433683376709142,10.117054508482905,20.69788389119148,41.76102217484294,42.79901958875916,57.321336551588345,1.6861757514138176,0
81.41039385676623,34.17639702872314,74.54567087109186,99.64688094234677,21.01134099853108,12.66397588876841,37.95687028950336,43.65705590651279,85.43009742732109,86.76996103258159,186.41684197492836,6.3261450482505595,1
7.21408076144948,19.972966833722097,10.84997918330438,199.92649701695302,0.39517976222854934,3.0568336781209093,5.585884587746754,5.585884587746754,9.344329925360652,12.925285978885237,212.85178299583825,0.9309807646244589,0
88.5484626166303,40.08968812993669,13.533317951700297,39.720666137283786,10.617843233502079,49.75931575493639,49.75931575493639,84.50784395820779,133.54483391626763,167.80401065324793,207.52467679053171,8.293219292489399,0
6.294251594896161,54.26563974414185,93.60833323985828,66.72802045267146,0.44016777114707856,1.7252874555697761,2.2505154732671917,4.110455259747112,9.514606104769786,13.139842487875864,79.86786294054733,0.37508591221119864,0
30.834787719677436,31.297333887938493,70.12098839229527,57.16151504424988,3.6904868926918937,14.57917094809825,14.57917094809825,14.57917094809825,45.13085246365879,53.80272858685519,110.96424363110506,2.4298618246830417,0
32.17575508532811,44.87564493145989,55.930011761778864,69.5996715255872,2.877399450404132,15.774232743383982,15.774232743383982,25.287492320503745,43.143105624777526,56.98563868828204,126.58531021386923,2.629038790563997,1
108.49279929837505,13.508105245369393,16.465101464573106,67.87750939329388,29.412966777919813,45.58739239176086,45.58739239176086,65.67612991221507,109.27266973883287,150.73470707940967,218.61221647270355,7.597898731960143,1
64.98256122057447,29.433699436342817,55.90546712496888,65.87890831490158,19.271711750166798,34.72428857353135,34.72428857353135,44.14903812404163,94.05289244976227,103.50040758500015,169.3793158999017,5.787381428921891,1
133.085378672744,18.895000031794638,6.2271680025048575,43.271354929513286,9.13797613202772,25.731256122339122,65.0450545169129,69.71864684461815,160.9398802760479,166.7134606574921,209.9848155870054,10.840842419485483,1
146.65825437664526,59.58177040666646,39.443049613225334,60.51954196077468,8.257868661254877,20.175195605979315,72.05712666763733,72.05712666763733,188.01266156234266,209.12751557695077,269.64705753772546,12.009521111272889,1
81.01741790685391,14.686541826081353,70.44505947227321,75.11680062148332,5.349139832802225,26.576037226488943,46.838738403585076,60.82777101117172,119.73875626587287,145.98565994182977,221.1024605633131,7.806456400597512,0
21.518441125028666,56.949821104170006,56.83263850920369,80.97034678174951,3.838734203369813,7.89742189126037,15.16171398297488,15.16171398297488,29.755634733773455,38.033057184958885,119.00340396670839,2.5269523304958135,1
54.41008779909453,25.70580597980733,67.51650326230408,90.85044792780755,14.526544943375129,15.561895231864387,42.657734085115834,42.657734085115834,73.23017095294884,101.80968074196007,192.66012866976763,7.109622347519306,1
43.84876386941721,30.904221978905113,11.584172877090804,157.99881652011896,10.029974835084941,24.596940913991066,24.596940913991066,41.82388121100263,58.076790453025815,76.30665523329034,234.3054717534093,4.099490152331844,0
25.62770287530768,32.38572672435194,75.85981608193218,108.97810696014088,3.5411311411042004,4.14423237916709,10.329235761768988,14.267231967958702,41.30841466631964,42.7539917202817,151.73209868042258,1.7215392936281646,0
77.8358757313007,16.024934305818405,95.62824130770875,81.1873022437127,22.458390077994178,44.09253717992222,60.97633289282965,60.97633289282965,108.64847134255515,148.6558827034325,229.84318494714518,10.162722148804942,0
11.423028733633128,15.858327835993283,90.75256957827949,55.75728522327752,1.950959964320756,3.555428551690743,6.174725658913911,10.236420299193805,17.085110919154523,22.859554868941814,78.61684009221933,1.0291209431523185,0
19.05808760154477,23.809959755935406,8.793468866936605,258.2153051040656,4.569259331810381,9.846306381572003,9.846306381572003,12.825613888256113,20.489739770266482,22.253314866001734,280.4686199700673,1.6410510635953337,0
7.083573789350737,45.221649485514455,9.859579806041507,13.983460492900942,1.1333559216769014,2.046592850696732,3.265037319584443,6.034678778630576,10.541587297746318,14.304179114903281,28.287639607804223,0.5441728865974071,0
17.024312300143137,42.64475797584967,51.336519575076224,90.0818894876837,3.516324415447473,6.026655659011036,12.012363303576764,12.52437137848422,17.801541144667446,19.419160123888314,109.50104961157201,2.0020605505961275,1
20.57551495392727,59.861117419363644,52.4060987295856,123.08106702317667,2.5799339085487185,9.13696895564871,14.778331607468857,14.778331607468857,33.27672889711797,40.25802764167644,163.33909466485312,2.4630552679114763,0
35.90668830462663,7.125885969075343,85.71263217569872,75.60829501902384,1.2464729305815285,12.097254065416719,13.539076635272693,33.90441309414627,36.208372779481124,47.346465029328556,122.9547600483524,2.256512772545449,0
82.16623490179187,46.03918989950168,36.88777350374045,41.231085452348196,15.737526679372856,44.12505048597205,44.12505048597205,51.44154297497526,131.11137062903143,136.13443345551983,177.36551890786802,7.354175080995341,0
26.893768271264364,13.306181914130892,51.44771361011781,98.75008765256645,2.713021620932902,9.910987470077472,16.67117443388339,18.16132049032323,38.280604278607925,49.11201366223438,147.86210131480084,2.7785290723138982,0
83.37469662425721,31.63917914543148,20.36976570608652,30.22124078403003,14.522062945161284,9.093187405245196,20.053261554692686,65.75338469410565,130.53798032002473,157.57292442364061,187.79416520767063,3.3422102591154474,0
144.77668224706335,13.390146519955099,94.65942637875602,123.60533689704427,29.3021944019792,72.28645757910597,102.44090611072457,109.47595640211223,173.1073902304455,208.39497483798576,332.00031173503004,17.073484351787428,1
91.35286959182798,56.29381134910349,12.092322850808602,27.636538714675947,13.381319608431872,31.70721774215432,31.70721774215432,64.63179340815638,129.7639608780137,161.88080022868434,189.51733894336027,5.284536290359053,1
18.047458827378435,31.41722927235267,90.40731702349574,168.95343845751518,1.1546565390447456,7.881304677708434,8.601800606123753,14.691305958535724,30.23618865680279,31.151750014193265,200.10518847170843,1.4336334343539587,0
23.368564604532946,29.231481057408367,89.06840901376269,98.98938134039831,5.735821996809407,6.116861496557642,15.785877991972304,19.074595249342458,27.343626822193222,28.73573128882917,127.72511262922748,2.6309796653287174,0
83.68476889078438,19.829271115364946,5.048044558973164,78.25530062889459,5.71458840533552,37.61278296218639,62.64323243733705,62.64323243733705,85.41395809533199,91.44752260510182,169.7028232339964,10.440538739556175,0
22.905039903596823,28.03930445042523,77.54174417324032,63.10252225579617,1.2875113580857354,10.563068199773676,13.197623623429616,16.110088518927792,36.70300128645855,38.929118344775326,102.03164060057149,2.1996039372382694,0
43.19984039845538,8.420471987435967,33.75237089343711,68.6471258625457,4.702730369869182,25.88854994150131,25.88854994150131,25.88854994150131,67.51617657278348,79.64775398453693,148.29487984708265,4.314758323583551,0
57.255005686877055,41.68298562704165,22.47053490629337,33.26940451534805,2.078179974738788,16.168784951700104,35.403885207927544,47.32365570999604,64.13263136892775,79.5290060120311,112.79841052737916,5.900647534654591,0
68.29312602144198,35.09870809864008,40.24388850143959,74.42300589121545,8.120230645118792,14.329243200168104,48.164958077468896,67.9283933916446,86.97528038679305,91.63102287692895,166.0540287681444,8.027493012911483,1
47.88592062532759,7.774675709375367,92.39326420800965,52.186689530330845,11.115500782518524,16.32581903354681,16.32581903354681,27.51021435995897,63.8692666901779,82.89991474389443,135.08660427422527,2.7209698389244683,0
14.186330641473822,7.937864958720879,39.89046665487256,48.627948719385685,3.422942777859909,6.325681759127824,7.997711316202756,7.997711316202756,14.628184455595301,19.593746155470274,68.22169487485596,1.3329518860337928,0
