zone_id,timestamp,rain_mm
Z01,2026-09-26T10:00:00,0.05
Z01,2026-09-26T11:00:00,4.96
Z01,2026-09-26T12:00:00,0.0
Z01,2026-09-26T13:00:00,0.0
Z01,2026-09-26T14:00:00,0.0
Z01,2026-09-26T15:00:00,0.0
Z01,2026-09-26T16:00:00,2.62
Z01,2026-09-26T17:00:00,0.04
Z01,2026-09-26T18:00:00,0.0
Z01,2026-09-26T19:00:00,0.08
Z01,2026-09-26T20:00:00,3.21
Z01,2026-09-26T21:00:00,0.03
Z01,2026-09-26T22:00:00,0.09
Z01,2026-09-26T23:00:00,0.0
Z01,2026-09-27T00:00:00,0.0
Z01,2026-09-27T01:00:00,0.0
Z01,2026-09-27T02:00:00,0.36
Z01,2026-09-27T03:00:00,0.6
Z01,2026-09-27T04:00:00,1.4
Z01,2026-09-27T05:00:00,0.01
Z01,2026-09-27T06:00:00,0.0
Z01,2026-09-27T07:00:00,1.26
Z01,2026-09-27T08:00:00,0.25
Z01,2026-09-27T09:00:00,0.0
Z01,2026-09-27T10:00:00,0.0
Z01,2026-09-27T11:00:00,0.65
Z01,2026-09-27T12:00:00,0.2
Z01,2026-09-27T13:00:00,0.41
Z01,2026-09-27T14:00:00,0.0
Z01,2026-09-27T15:00:00,0.01
Z01,2026-09-27T16:00:00,0.19
Z01,2026-09-27T17:00:00,0.0
Z01,2026-09-27T18:00:00,0.0
Z01,2026-09-27T19:00:00,0.0
Z01,2026-09-27T20:00:00,0.14
Z01,2026-09-27T21:00:00,0.0
Z01,2026-09-27T22:00:00,0.95
Z01,2026-09-27T23:00:00,0.0
Z01,2026-09-28T00:00:00,0.0
Z01,2026-09-28T01:00:00,0.0
Z01,2026-09-28T02:00:00,0.0
Z01,2026-09-28T03:00:00,0.28
Z01,2026-09-28T04:00:00,1.67
Z01,2026-09-28T05:00:00,0.06
Z01,2026-09-28T06:00:00,0.0
Z01,2026-09-28T07:00:00,0.19
Z01,2026-09-28T08:00:00,0.0
Z01,2026-09-28T09:00:00,0.0
Z01,2026-09-28T10:00:00,0.0
Z01,2026-09-28T11:00:00,0.0
Z01,2026-09-28T12:00:00,1.67
Z01,2026-09-28T13:00:00,0.0
Z01,2026-09-28T14:00:00,0.0
Z01,2026-09-28T15:00:00,0.0
Z01,2026-09-28T16:00:00,0.0
Z01,2026-09-28T17:00:00,0.13
Z01,2026-09-28T18:00:00,0.0
Z01,2026-09-28T19:00:00,1.16
Z01,2026-09-28T20:00:00,0.06
Z01,2026-09-28T21:00:00,0.38
Z01,2026-09-28T22:00:00,0.0
Z01,2026-09-28T23:00:00,0.0
Z01,2026-09-29T00:00:00,0.0
Z01,2026-09-29T01:00:00,0.0
Z01,2026-09-29T02:00:00,0.0
Z01,2026-09-29T03:00:00,0.0
Z01,2026-09-29T04:00:00,0.0
Z01,2026-09-29T05:00:00,0.0
Z01,2026-09-29T06:00:00,0.27
Z01,2026-09-29T07:00:00,0.22
Z01,2026-09-29T08:00:00,0.0
Z01,2026-09-29T09:00:00,0.21
Z01,2026-09-29T10:00:00,0.04
Z01,2026-09-29T11:00:00,0.0
Z01,2026-09-29T12:00:00,0.0
Z01,2026-09-29T13:00:00,0.1
Z01,2026-09-29T14:00:00,0.15
Z01,2026-09-29T15:00:00,0.0
Z01,2026-09-29T16:00:00,0.0
Z01,2026-09-29T17:00:00,0.0
Z01,2026-09-29T18:00:00,0.0
Z01,2026-09-29T19:00:00,0.0
Z01,2026-09-29T20:00:00,0.07
Z01,2026-09-29T21:00:00,0.19
Z01,2026-09-29T22:00:00,0.0
Z01,2026-09-29T23:00:00,0.18
Z01,2026-09-30T00:00:00,0.5
Z01,2026-09-30T01:00:00,0.26
Z01,2026-09-30T02:00:00,0.0
Z01,2026-09-30T03:00:00,0.35
Z01,2026-09-30T04:00:00,0.0
Z01,2026-09-30T05:00:00,0.41
Z01,2026-09-30T06:00:00,0.0
Z01,2026-09-30T07:00:00,0.51
Z01,2026-09-30T08:00:00,0.0
Z01,2026-09-30T09:00:00,0.0
Z01,2026-09-30T10:00:00,0.04
Z01,2026-09-30T11:00:00,1.87
Z01,2026-09-30T12:00:00,0.0
Z01,2026-09-30T13:00:00,0.0
Z01,2026-09-30T14:00:00,0.0
Z01,2026-09-30T15:00:00,0.0
Z01,2026-09-30T16:00:00,0.13
Z01,2026-09-30T17:00:00,0.0
Z01,2026-09-30T18:00:00,0.0
Z01,2026-09-30T19:00:00,0.0
Z01,2026-09-30T20:00:00,0.0
Z01,2026-09-30T21:00:00,0.0
Z01,2026-09-30T22:00:00,0.0
Z01,2026-09-30T23:00:00,0.06
Z01,2026-10-01T00:00:00,1.28
Z01,2026-10-01T01:00:00,0.03
Z01,2026-10-01T02:00:00,0.0
Z01,2026-10-01T03:00:00,0.0
Z01,2026-10-01T04:00:00,0.0
Z01,2026-10-01T05:00:00,0.04
Z01,2026-10-01T06:00:00,0.0
Z01,2026-10-01T07:00:00,0.0
Z01,2026-10-01T08:00:00,0.26
Z01,2026-10-01T09:00:00,0.0
Z01,2026-10-01T10:00:00,0.0
Z01,2026-10-01T11:00:00,1.34
Z01,2026-10-01T12:00:00,0.14
Z01,2026-10-01T13:00:00,0.01
Z01,2026-10-01T14:00:00,0.0
Z01,2026-10-01T15:00:00,0.0
Z01,2026-10-01T16:00:00,0.0
Z01,2026-10-01T17:00:00,0.0
Z01,2026-10-01T18:00:00,0.0
Z01,2026-10-01T19:00:00,0.92
Z01,2026-10-01T20:00:00,0.0
Z01,2026-10-01T21:00:00,0.0
Z01,2026-10-01T22:00:00,0.01
Z01,2026-10-01T23:00:00,1.82
Z01,2026-10-02T00:00:00,27.32
Z01,2026-10-02T01:00:00,12.97
Z01,2026-10-02T02:00:00,25.4
Z01,2026-10-02T03:00:00,19.71
Z01,2026-10-02T04:00:00,29.15
Z01,2026-10-02T05:00:00,30.2
Z01,2026-10-02T06:00:00,23.14
Z01,2026-10-02T07:00:00,31.2
Z01,2026-10-02T08:00:00,22.86
Z01,2026-10-02T09:00:00,28.65
Z01,2026-10-02T10:00:00,27.61
Z01,2026-10-02T11:00:00,27.06
Z01,2026-10-02T12:00:00,5.76
Z01,2026-10-02T13:00:00,33.54
Z01,2026-10-02T14:00:00,0.0
Z01,2026-10-02T15:00:00,0.0
Z01,2026-10-02T16:00:00,0.0
Z01,2026-10-02T17:00:00,0.0
Z01,2026-10-02T18:00:00,2.28
Z01,2026-10-02T19:00:00,1.65
Z01,2026-10-02T20:00:00,0.0
Z01,2026-10-02T21:00:00,2.98
Z01,2026-10-02T22:00:00,0.27
Z01,2026-10-02T23:00:00,0.0
Z01,2026-10-03T00:00:00,0.0
Z01,2026-10-03T01:00:00,0.0
Z01,2026-10-03T02:00:00,0.0
Z01,2026-10-03T03:00:00,0.0
Z01,2026-10-03T04:00:00,0.0
Z01,2026-10-03T05:00:00,0.0
Z01,2026-10-03T06:00:00,0.0
Z01,2026-10-03T07:00:00,0.33
Z01,2026-10-03T08:00:00,0.0
Z01,2026-10-03T09:00:00,0.0
Z02,2026-09-26T10:00:00,0.0
Z02,2026-09-26T11:00:00,0.0
Z02,2026-09-26T12:00:00,0.1
Z02,2026-09-26T13:00:00,0.0
Z02,2026-09-26T14:00:00,0.0
Z02,2026-09-26T15:00:00,0.5
Z02,2026-09-26T16:00:00,0.38
Z02,2026-09-26T17:00:00,0.02
Z02,2026-09-26T18:00:00,0.03
Z02,2026-09-26T19:00:00,0.0
Z02,2026-09-26T20:00:00,0.0
Z02,2026-09-26T21:00:00,0.0
Z02,2026-09-26T22:00:00,0.43
Z02,2026-09-26T23:00:00,0.0
Z02,2026-09-27T00:00:00,0.85
Z02,2026-09-27T01:00:00,0.06
Z02,2026-09-27T02:00:00,0.0
Z02,2026-09-27T03:00:00,0.46
Z02,2026-09-27T04:00:00,0.0
Z02,2026-09-27T05:00:00,0.33
Z02,2026-09-27T06:00:00,0.01
Z02,2026-09-27T07:00:00,0.0
Z02,2026-09-27T08:00:00,0.0
Z02,2026-09-27T09:00:00,0.0
Z02,2026-09-27T10:00:00,0.0
Z02,2026-09-27T11:00:00,0.0
Z02,2026-09-27T12:00:00,0.0
Z02,2026-09-27T13:00:00,0.0
Z02,2026-09-27T14:00:00,1.37
Z02,2026-09-27T15:00:00,0.0
Z02,2026-09-27T16:00:00,0.0
Z02,2026-09-27T17:00:00,0.0
Z02,2026-09-27T18:00:00,0.0
Z02,2026-09-27T19:00:00,0.95
Z02,2026-09-27T20:00:00,0.0
Z02,2026-09-27T21:00:00,2.24
Z02,2026-09-27T22:00:00,0.0
Z02,2026-09-27T23:00:00,0.08
Z02,2026-09-28T00:00:00,0.0
Z02,2026-09-28T01:00:00,0.02
Z02,2026-09-28T02:00:00,0.22
Z02,2026-09-28T03:00:00,0.0
Z02,2026-09-28T04:00:00,1.85
Z02,2026-09-28T05:00:00,0.0
Z02,2026-09-28T06:00:00,1.65
Z02,2026-09-28T07:00:00,0.0
Z02,2026-09-28T08:00:00,0.51
Z02,2026-09-28T09:00:00,0.0
Z02,2026-09-28T10:00:00,0.0
Z02,2026-09-28T11:00:00,0.0
Z02,2026-09-28T12:00:00,0.0
Z02,2026-09-28T13:00:00,0.0
Z02,2026-09-28T14:00:00,4.34
Z02,2026-09-28T15:00:00,1.15
Z02,2026-09-28T16:00:00,0.52
Z02,2026-09-28T17:00:00,1.23
Z02,2026-09-28T18:00:00,0.0
Z02,2026-09-28T19:00:00,0.0
Z02,2026-09-28T20:00:00,0.0
Z02,2026-09-28T21:00:00,0.74
Z02,2026-09-28T22:00:00,0.27
Z02,2026-09-28T23:00:00,0.64
Z02,2026-09-29T00:00:00,0.61
Z02,2026-09-29T01:00:00,0.87
Z02,2026-09-29T02:00:00,0.0
Z02,2026-09-29T03:00:00,0.47
Z02,2026-09-29T04:00:00,0.0
Z02,2026-09-29T05:00:00,0.0
Z02,2026-09-29T06:00:00,0.0
Z02,2026-09-29T07:00:00,0.57
Z02,2026-09-29T08:00:00,0.0
Z02,2026-09-29T09:00:00,0.0
Z02,2026-09-29T10:00:00,1.12
Z02,2026-09-29T11:00:00,0.0
Z02,2026-09-29T12:00:00,0.0
Z02,2026-09-29T13:00:00,0.0
Z02,2026-09-29T14:00:00,0.0
Z02,2026-09-29T15:00:00,0.0
Z02,2026-09-29T16:00:00,0.0
Z02,2026-09-29T17:00:00,0.29
Z02,2026-09-29T18:00:00,0.0
Z02,2026-09-29T19:00:00,0.0
Z02,2026-09-29T20:00:00,0.41
Z02,2026-09-29T21:00:00,0.0
Z02,2026-09-29T22:00:00,1.03
Z02,2026-09-29T23:00:00,0.0
Z02,2026-09-30T00:00:00,0.0
Z02,2026-09-30T01:00:00,0.32
Z02,2026-09-30T02:00:00,0.12
Z02,2026-09-30T03:00:00,0.0
Z02,2026-09-30T04:00:00,0.0
Z02,2026-09-30T05:00:00,0.0
Z02,2026-09-30T06:00:00,0.08
Z02,2026-09-30T07:00:00,0.11
Z02,2026-09-30T08:00:00,0.0
Z02,2026-09-30T09:00:00,0.0
Z02,2026-09-30T10:00:00,0.36
Z02,2026-09-30T11:00:00,0.55
Z02,2026-09-30T12:00:00,0.03
Z02,2026-09-30T13:00:00,0.0
Z02,2026-09-30T14:00:00,0.0
Z02,2026-09-30T15:00:00,0.0
Z02,2026-09-30T16:00:00,0.0
Z02,2026-09-30T17:00:00,0.0
Z02,2026-09-30T18:00:00,0.0
Z02,2026-09-30T19:00:00,0.0
Z02,2026-09-30T20:00:00,0.0
Z02,2026-09-30T21:00:00,0.0
Z02,2026-09-30T22:00:00,0.0
Z02,2026-09-30T23:00:00,0.0
Z02,2026-10-01T00:00:00,0.0
Z02,2026-10-01T01:00:00,0.0
Z02,2026-10-01T02:00:00,0.0
Z02,2026-10-01T03:00:00,0.0
Z02,2026-10-01T04:00:00,0.0
Z02,2026-10-01T05:00:00,0.0
Z02,2026-10-01T06:00:00,0.14
Z02,2026-10-01T07:00:00,0.0
Z02,2026-10-01T08:00:00,0.0
Z02,2026-10-01T09:00:00,0.07
Z02,2026-10-01T10:00:00,0.07
Z02,2026-10-01T11:00:00,0.0
Z02,2026-10-01T12:00:00,0.0
Z02,2026-10-01T13:00:00,0.0
Z02,2026-10-01T14:00:00,0.0
Z02,2026-10-01T15:00:00,0.0
Z02,2026-10-01T16:00:00,0.63
Z02,2026-10-01T17:00:00,0.0
Z02,2026-10-01T18:00:00,0.0
Z02,2026-10-01T19:00:00,0.0
Z02,2026-10-01T20:00:00,7.02
Z02,2026-10-01T21:00:00,23.78
Z02,2026-10-01T22:00:00,22.34
Z02,2026-10-01T23:00:00,4.01
Z02,2026-10-02T00:00:00,3.54
Z02,2026-10-02T01:00:00,19.48
Z02,2026-10-02T02:00:00,17.89
Z02,2026-10-02T03:00:00,12.18
Z02,2026-10-02T04:00:00,33.8
Z02,2026-10-02T05:00:00,22.21
Z02,2026-10-02T06:00:00,18.05
Z02,2026-10-02T07:00:00,12.38
Z02,2026-10-02T08:00:00,6.07
Z02,2026-10-02T09:00:00,27.63
Z02,2026-10-02T10:00:00,0.02
Z02,2026-10-02T11:00:00,0.0
Z02,2026-10-02T12:00:00,0.37
Z02,2026-10-02T13:00:00,0.0
Z02,2026-10-02T14:00:00,0.0
Z02,2026-10-02T15:00:00,0.0
Z02,2026-10-02T16:00:00,1.03
Z02,2026-10-02T17:00:00,0.0
Z02,2026-10-02T18:00:00,0.0
Z02,2026-10-02T19:00:00,0.0
Z02,2026-10-02T20:00:00,0.0
Z02,2026-10-02T21:00:00,0.22
Z02,2026-10-02T22:00:00,0.71
Z02,2026-10-02T23:00:00,0.0
Z02,2026-10-03T00:00:00,0.74
Z02,2026-10-03T01:00:00,0.08
Z02,2026-10-03T02:00:00,0.0
Z02,2026-10-03T03:00:00,0.17
Z02,2026-10-03T04:00:00,0.0
Z02,2026-10-03T05:00:00,0.05
Z02,2026-10-03T06:00:00,0.04
Z02,2026-10-03T07:00:00,0.0
Z02,2026-10-03T08:00:00,0.02
Z02,2026-10-03T09:00:00,0.0
Z03,2026-09-26T10:00:00,0.0
Z03,2026-09-26T11:00:00,0.03
Z03,2026-09-26T12:00:00,0.28
Z03,2026-09-26T13:00:00,0.0
Z03,2026-09-26T14:00:00,0.06
Z03,2026-09-26T15:00:00,0.0
Z03,2026-09-26T16:00:00,0.47
Z03,2026-09-26T17:00:00,0.0
Z03,2026-09-26T18:00:00,0.0
Z03,2026-09-26T19:00:00,0.0
Z03,2026-09-26T20:00:00,0.0
Z03,2026-09-26T21:00:00,0.0
Z03,2026-09-26T22:00:00,2.43
Z03,2026-09-26T23:00:00,0.0
Z03,2026-09-27T00:00:00,0.0
Z03,2026-09-27T01:00:00,0.17
Z03,2026-09-27T02:00:00,0.0
Z03,2026-09-27T03:00:00,0.21
Z03,2026-09-27T04:00:00,0.61
Z03,2026-09-27T05:00:00,0.0
Z03,2026-09-27T06:00:00,0.0
Z03,2026-09-27T07:00:00,0.0
Z03,2026-09-27T08:00:00,0.65
Z03,2026-09-27T09:00:00,1.19
Z03,2026-09-27T10:00:00,0.0
Z03,2026-09-27T11:00:00,0.12
Z03,2026-09-27T12:00:00,0.0
Z03,2026-09-27T13:00:00,0.91
Z03,2026-09-27T14:00:00,0.0
Z03,2026-09-27T15:00:00,0.5
Z03,2026-09-27T16:00:00,0.36
Z03,2026-09-27T17:00:00,0.19
Z03,2026-09-27T18:00:00,0.31
Z03,2026-09-27T19:00:00,0.01
Z03,2026-09-27T20:00:00,0.0
Z03,2026-09-27T21:00:00,0.0
Z03,2026-09-27T22:00:00,0.0
Z03,2026-09-27T23:00:00,0.0
Z03,2026-09-28T00:00:00,0.0
Z03,2026-09-28T01:00:00,1.52
Z03,2026-09-28T02:00:00,0.0
Z03,2026-09-28T03:00:00,3.66
Z03,2026-09-28T04:00:00,0.0
Z03,2026-09-28T05:00:00,0.0
Z03,2026-09-28T06:00:00,0.0
Z03,2026-09-28T07:00:00,0.81
Z03,2026-09-28T08:00:00,0.17
Z03,2026-09-28T09:00:00,0.0
Z03,2026-09-28T10:00:00,0.0
Z03,2026-09-28T11:00:00,0.0
Z03,2026-09-28T12:00:00,1.75
Z03,2026-09-28T13:00:00,0.79
Z03,2026-09-28T14:00:00,1.06
Z03,2026-09-28T15:00:00,0.0
Z03,2026-09-28T16:00:00,0.03
Z03,2026-09-28T17:00:00,0.73
Z03,2026-09-28T18:00:00,0.0
Z03,2026-09-28T19:00:00,1.94
Z03,2026-09-28T20:00:00,0.43
Z03,2026-09-28T21:00:00,2.97
Z03,2026-09-28T22:00:00,0.0
Z03,2026-09-28T23:00:00,0.01
Z03,2026-09-29T00:00:00,0.0
Z03,2026-09-29T01:00:00,2.37
Z03,2026-09-29T02:00:00,0.6
Z03,2026-09-29T03:00:00,0.0
Z03,2026-09-29T04:00:00,0.29
Z03,2026-09-29T05:00:00,0.0
Z03,2026-09-29T06:00:00,1.22
Z03,2026-09-29T07:00:00,0.0
Z03,2026-09-29T08:00:00,5.08
Z03,2026-09-29T09:00:00,0.55
Z03,2026-09-29T10:00:00,0.0
Z03,2026-09-29T11:00:00,0.0
Z03,2026-09-29T12:00:00,0.86
Z03,2026-09-29T13:00:00,0.0
Z03,2026-09-29T14:00:00,0.03
Z03,2026-09-29T15:00:00,0.0
Z03,2026-09-29T16:00:00,0.0
Z03,2026-09-29T17:00:00,0.54
Z03,2026-09-29T18:00:00,0.0
Z03,2026-09-29T19:00:00,0.0
Z03,2026-09-29T20:00:00,0.0
Z03,2026-09-29T21:00:00,0.11
Z03,2026-09-29T22:00:00,0.0
Z03,2026-09-29T23:00:00,0.02
Z03,2026-09-30T00:00:00,0.62
Z03,2026-09-30T01:00:00,0.0
Z03,2026-09-30T02:00:00,0.0
Z03,2026-09-30T03:00:00,0.0
Z03,2026-09-30T04:00:00,0.16
Z03,2026-09-30T05:00:00,0.64
Z03,2026-09-30T06:00:00,0.0
Z03,2026-09-30T07:00:00,0.0
Z03,2026-09-30T08:00:00,0.0
Z03,2026-09-30T09:00:00,0.33
Z03,2026-09-30T10:00:00,0.69
Z03,2026-09-30T11:00:00,0.19
Z03,2026-09-30T12:00:00,0.0
Z03,2026-09-30T13:00:00,0.06
Z03,2026-09-30T14:00:00,0.0
Z03,2026-09-30T15:00:00,0.0
Z03,2026-09-30T16:00:00,0.0
Z03,2026-09-30T17:00:00,0.0
Z03,2026-09-30T18:00:00,0.0
Z03,2026-09-30T19:00:00,2.64
Z03,2026-09-30T20:00:00,0.0
Z03,2026-09-30T21:00:00,0.0
Z03,2026-09-30T22:00:00,0.05
Z03,2026-09-30T23:00:00,0.05
Z03,2026-10-01T00:00:00,0.0
Z03,2026-10-01T01:00:00,0.0
Z03,2026-10-01T02:00:00,0.34
Z03,2026-10-01T03:00:00,0.35
Z03,2026-10-01T04:00:00,0.15
Z03,2026-10-01T05:00:00,0.65
Z03,2026-10-01T06:00:00,0.0
Z03,2026-10-01T07:00:00,1.1
Z03,2026-10-01T08:00:00,0.03
Z03,2026-10-01T09:00:00,0.0
Z03,2026-10-01T10:00:00,0.0
Z03,2026-10-01T11:00:00,0.15
Z03,2026-10-01T12:00:00,0.95
Z03,2026-10-01T13:00:00,0.0
Z03,2026-10-01T14:00:00,0.0
Z03,2026-10-01T15:00:00,0.0
Z03,2026-10-01T16:00:00,0.0
Z03,2026-10-01T17:00:00,0.0
Z03,2026-10-01T18:00:00,0.07
Z03,2026-10-01T19:00:00,0.0
Z03,2026-10-01T20:00:00,0.0
Z03,2026-10-01T21:00:00,0.0
Z03,2026-10-01T22:00:00,0.0
Z03,2026-10-01T23:00:00,0.0
Z03,2026-10-02T00:00:00,0.0
Z03,2026-10-02T01:00:00,0.0
Z03,2026-10-02T02:00:00,0.04
Z03,2026-10-02T03:00:00,0.0
Z03,2026-10-02T04:00:00,0.06
Z03,2026-10-02T05:00:00,0.0
Z03,2026-10-02T06:00:00,1.17
Z03,2026-10-02T07:00:00,0.0
Z03,2026-10-02T08:00:00,0.56
Z03,2026-10-02T09:00:00,0.0
Z03,2026-10-02T10:00:00,0.0
Z03,2026-10-02T11:00:00,0.0
Z03,2026-10-02T12:00:00,0.0
Z03,2026-10-02T13:00:00,0.0
Z03,2026-10-02T14:00:00,0.0
Z03,2026-10-02T15:00:00,0.3
Z03,2026-10-02T16:00:00,0.0
Z03,2026-10-02T17:00:00,0.0
Z03,2026-10-02T18:00:00,0.45
Z03,2026-10-02T19:00:00,0.0
Z03,2026-10-02T20:00:00,0.0
Z03,2026-10-02T21:00:00,0.0
Z03,2026-10-02T22:00:00,0.04
Z03,2026-10-02T23:00:00,0.14
Z03,2026-10-03T00:00:00,0.0
Z03,2026-10-03T01:00:00,0.07
Z03,2026-10-03T02:00:00,0.0
Z03,2026-10-03T03:00:00,0.0
Z03,2026-10-03T04:00:00,0.6
Z03,2026-10-03T05:00:00,0.02
Z03,2026-10-03T06:00:00,0.0
Z03,2026-10-03T07:00:00,0.0
Z03,2026-10-03T08:00:00,1.55
Z03,2026-10-03T09:00:00,0.0
Z04,2026-09-26T10:00:00,0.0
Z04,2026-09-26T11:00:00,0.0
Z04,2026-09-26T12:00:00,0.0
Z04,2026-09-26T13:00:00,0.0
Z04,2026-09-26T14:00:00,0.0
Z04,2026-09-26T15:00:00,0.42
Z04,2026-09-26T16:00:00,0.0
Z04,2026-09-26T17:00:00,0.0
Z04,2026-09-26T18:00:00,0.49
Z04,2026-09-26T19:00:00,0.0
Z04,2026-09-26T20:00:00,0.0
Z04,2026-09-26T21:00:00,0.02
Z04,2026-09-26T22:00:00,0.68
Z04,2026-09-26T23:00:00,0.0
Z04,2026-09-27T00:00:00,0.0
Z04,2026-09-27T01:00:00,0.0
Z04,2026-09-27T02:00:00,0.0
Z04,2026-09-27T03:00:00,0.0
Z04,2026-09-27T04:00:00,0.0
Z04,2026-09-27T05:00:00,0.0
Z04,2026-09-27T06:00:00,0.0
Z04,2026-09-27T07:00:00,0.0
Z04,2026-09-27T08:00:00,0.04
Z04,2026-09-27T09:00:00,0.0
Z04,2026-09-27T10:00:00,0.0
Z04,2026-09-27T11:00:00,0.0
Z04,2026-09-27T12:00:00,0.0
Z04,2026-09-27T13:00:00,0.0
Z04,2026-09-27T14:00:00,0.92
Z04,2026-09-27T15:00:00,0.0
Z04,2026-09-27T16:00:00,0.0
Z04,2026-09-27T17:00:00,0.0
Z04,2026-09-27T18:00:00,2.34
Z04,2026-09-27T19:00:00,0.0
Z04,2026-09-27T20:00:00,0.6
Z04,2026-09-27T21:00:00,0.32
Z04,2026-09-27T22:00:00,1.1
Z04,2026-09-27T23:00:00,0.76
Z04,2026-09-28T00:00:00,0.0
Z04,2026-09-28T01:00:00,0.0
Z04,2026-09-28T02:00:00,0.0
Z04,2026-09-28T03:00:00,0.0
Z04,2026-09-28T04:00:00,1.14
Z04,2026-09-28T05:00:00,0.0
Z04,2026-09-28T06:00:00,0.0
Z04,2026-09-28T07:00:00,0.95
Z04,2026-09-28T08:00:00,0.0
Z04,2026-09-28T09:00:00,0.31
Z04,2026-09-28T10:00:00,0.0
Z04,2026-09-28T11:00:00,0.0
Z04,2026-09-28T12:00:00,0.0
Z04,2026-09-28T13:00:00,0.03
Z04,2026-09-28T14:00:00,0.0
Z04,2026-09-28T15:00:00,0.0
Z04,2026-09-28T16:00:00,0.21
Z04,2026-09-28T17:00:00,0.07
Z04,2026-09-28T18:00:00,0.06
Z04,2026-09-28T19:00:00,0.0
Z04,2026-09-28T20:00:00,0.0
Z04,2026-09-28T21:00:00,0.0
Z04,2026-09-28T22:00:00,0.7
Z04,2026-09-28T23:00:00,2.22
Z04,2026-09-29T00:00:00,0.0
Z04,2026-09-29T01:00:00,0.43
Z04,2026-09-29T02:00:00,0.0
Z04,2026-09-29T03:00:00,0.0
Z04,2026-09-29T04:00:00,0.17
Z04,2026-09-29T05:00:00,0.0
Z04,2026-09-29T06:00:00,4.0
Z04,2026-09-29T07:00:00,0.0
Z04,2026-09-29T08:00:00,0.0
Z04,2026-09-29T09:00:00,1.49
Z04,2026-09-29T10:00:00,0.49
Z04,2026-09-29T11:00:00,0.99
Z04,2026-09-29T12:00:00,0.0
Z04,2026-09-29T13:00:00,0.0
Z04,2026-09-29T14:00:00,0.0
Z04,2026-09-29T15:00:00,0.0
Z04,2026-09-29T16:00:00,0.0
Z04,2026-09-29T17:00:00,0.07
Z04,2026-09-29T18:00:00,0.0
Z04,2026-09-29T19:00:00,0.0
Z04,2026-09-29T20:00:00,0.0
Z04,2026-09-29T21:00:00,0.93
Z04,2026-09-29T22:00:00,0.0
Z04,2026-09-29T23:00:00,0.24
Z04,2026-09-30T00:00:00,0.01
Z04,2026-09-30T01:00:00,0.72
Z04,2026-09-30T02:00:00,0.12
Z04,2026-09-30T03:00:00,0.41
Z04,2026-09-30T04:00:00,0.15
Z04,2026-09-30T05:00:00,0.0
Z04,2026-09-30T06:00:00,0.05
Z04,2026-09-30T07:00:00,0.0
Z04,2026-09-30T08:00:00,0.44
Z04,2026-09-30T09:00:00,0.0
Z04,2026-09-30T10:00:00,0.0
Z04,2026-09-30T11:00:00,0.0
Z04,2026-09-30T12:00:00,0.02
Z04,2026-09-30T13:00:00,0.0
Z04,2026-09-30T14:00:00,0.0
Z04,2026-09-30T15:00:00,0.1
Z04,2026-09-30T16:00:00,0.0
Z04,2026-09-30T17:00:00,0.0
Z04,2026-09-30T18:00:00,0.0
Z04,2026-09-30T19:00:00,0.23
Z04,2026-09-30T20:00:00,0.0
Z04,2026-09-30T21:00:00,0.08
Z04,2026-09-30T22:00:00,0.0
Z04,2026-09-30T23:00:00,0.69
Z04,2026-10-01T00:00:00,0.0
Z04,2026-10-01T01:00:00,0.0
Z04,2026-10-01T02:00:00,0.0
Z04,2026-10-01T03:00:00,0.01
Z04,2026-10-01T04:00:00,0.25
Z04,2026-10-01T05:00:00,0.0
Z04,2026-10-01T06:00:00,0.0
Z04,2026-10-01T07:00:00,0.0
Z04,2026-10-01T08:00:00,0.0
Z04,2026-10-01T09:00:00,0.0
Z04,2026-10-01T10:00:00,0.36
Z04,2026-10-01T11:00:00,2.1
Z04,2026-10-01T12:00:00,0.0
Z04,2026-10-01T13:00:00,0.0
Z04,2026-10-01T14:00:00,0.85
Z04,2026-10-01T15:00:00,0.03
Z04,2026-10-01T16:00:00,0.0
Z04,2026-10-01T17:00:00,0.05
Z04,2026-10-01T18:00:00,0.84
Z04,2026-10-01T19:00:00,0.19
Z04,2026-10-01T20:00:00,0.0
Z04,2026-10-01T21:00:00,0.73
Z04,2026-10-01T22:00:00,0.0
Z04,2026-10-01T23:00:00,0.01
Z04,2026-10-02T00:00:00,0.0
Z04,2026-10-02T01:00:00,0.0
Z04,2026-10-02T02:00:00,12.53
Z04,2026-10-02T03:00:00,11.62
Z04,2026-10-02T04:00:00,7.21
Z04,2026-10-02T05:00:00,8.02
Z04,2026-10-02T06:00:00,17.39
Z04,2026-10-02T07:00:00,14.74
Z04,2026-10-02T08:00:00,39.16
Z04,2026-10-02T09:00:00,20.12
Z04,2026-10-02T10:00:00,2.76
Z04,2026-10-02T11:00:00,5.71
Z04,2026-10-02T12:00:00,17.87
Z04,2026-10-02T13:00:00,14.93
Z04,2026-10-02T14:00:00,10.47
Z04,2026-10-02T15:00:00,38.03
Z04,2026-10-02T16:00:00,2.08
Z04,2026-10-02T17:00:00,0.0
Z04,2026-10-02T18:00:00,0.0
Z04,2026-10-02T19:00:00,0.0
Z04,2026-10-02T20:00:00,0.0
Z04,2026-10-02T21:00:00,1.64
Z04,2026-10-02T22:00:00,0.0
Z04,2026-10-02T23:00:00,0.0
Z04,2026-10-03T00:00:00,0.0
Z04,2026-10-03T01:00:00,0.01
Z04,2026-10-03T02:00:00,0.01
Z04,2026-10-03T03:00:00,0.0
Z04,2026-10-03T04:00:00,0.01
Z04,2026-10-03T05:00:00,0.0
Z04,2026-10-03T06:00:00,0.0
Z04,2026-10-03T07:00:00,0.0
Z04,2026-10-03T08:00:00,0.82
Z04,2026-10-03T09:00:00,0.01
Z05,2026-09-26T10:00:00,0.18
Z05,2026-09-26T11:00:00,0.0
Z05,2026-09-26T12:00:00,1.17
Z05,2026-09-26T13:00:00,1.25
Z05,2026-09-26T14:00:00,0.0
Z05,2026-09-26T15:00:00,0.0
Z05,2026-09-26T16:00:00,0.28
Z05,2026-09-26T17:00:00,0.0
Z05,2026-09-26T18:00:00,0.0
Z05,2026-09-26T19:00:00,0.69
Z05,2026-09-26T20:00:00,0.11
Z05,2026-09-26T21:00:00,2.06
Z05,2026-09-26T22:00:00,0.0
Z05,2026-09-26T23:00:00,0.0
Z05,2026-09-27T00:00:00,0.16
Z05,2026-09-27T01:00:00,0.0
Z05,2026-09-27T02:00:00,0.01
Z05,2026-09-27T03:00:00,0.0
Z05,2026-09-27T04:00:00,0.16
Z05,2026-09-27T05:00:00,0.0
Z05,2026-09-27T06:00:00,0.0
Z05,2026-09-27T07:00:00,0.0
Z05,2026-09-27T08:00:00,0.0
Z05,2026-09-27T09:00:00,0.03
Z05,2026-09-27T10:00:00,3.27
Z05,2026-09-27T11:00:00,0.0
Z05,2026-09-27T12:00:00,0.03
Z05,2026-09-27T13:00:00,0.74
Z05,2026-09-27T14:00:00,0.0
Z05,2026-09-27T15:00:00,0.0
Z05,2026-09-27T16:00:00,0.0
Z05,2026-09-27T17:00:00,0.0
Z05,2026-09-27T18:00:00,0.0
Z05,2026-09-27T19:00:00,4.43
Z05,2026-09-27T20:00:00,0.0
Z05,2026-09-27T21:00:00,0.0
Z05,2026-09-27T22:00:00,0.98
Z05,2026-09-27T23:00:00,1.1
Z05,2026-09-28T00:00:00,0.0
Z05,2026-09-28T01:00:00,0.0
Z05,2026-09-28T02:00:00,0.0
Z05,2026-09-28T03:00:00,0.06
Z05,2026-09-28T04:00:00,0.0
Z05,2026-09-28T05:00:00,2.22
Z05,2026-09-28T06:00:00,0.0
Z05,2026-09-28T07:00:00,0.0
Z05,2026-09-28T08:00:00,1.68
Z05,2026-09-28T09:00:00,0.79
Z05,2026-09-28T10:00:00,0.0
Z05,2026-09-28T11:00:00,0.0
Z05,2026-09-28T12:00:00,0.18
Z05,2026-09-28T13:00:00,0.0
Z05,2026-09-28T14:00:00,0.0
Z05,2026-09-28T15:00:00,0.02
Z05,2026-09-28T16:00:00,0.05
Z05,2026-09-28T17:00:00,0.33
Z05,2026-09-28T18:00:00,2.05
Z05,2026-09-28T19:00:00,0.0
Z05,2026-09-28T20:00:00,0.37
Z05,2026-09-28T21:00:00,0.04
Z05,2026-09-28T22:00:00,0.93
Z05,2026-09-28T23:00:00,0.0
Z05,2026-09-29T00:00:00,0.48
Z05,2026-09-29T01:00:00,3.02
Z05,2026-09-29T02:00:00,0.71
Z05,2026-09-29T03:00:00,0.0
Z05,2026-09-29T04:00:00,0.0
Z05,2026-09-29T05:00:00,0.0
Z05,2026-09-29T06:00:00,0.0
Z05,2026-09-29T07:00:00,1.5
Z05,2026-09-29T08:00:00,0.0
Z05,2026-09-29T09:00:00,0.0
Z05,2026-09-29T10:00:00,1.55
Z05,2026-09-29T11:00:00,0.0
Z05,2026-09-29T12:00:00,4.84
Z05,2026-09-29T13:00:00,0.05
Z05,2026-09-29T14:00:00,0.0
Z05,2026-09-29T15:00:00,0.0
Z05,2026-09-29T16:00:00,0.35
Z05,2026-09-29T17:00:00,0.0
Z05,2026-09-29T18:00:00,0.0
Z05,2026-09-29T19:00:00,0.0
Z05,2026-09-29T20:00:00,0.0
Z05,2026-09-29T21:00:00,0.0
Z05,2026-09-29T22:00:00,0.0
Z05,2026-09-29T23:00:00,0.0
Z05,2026-09-30T00:00:00,0.0
Z05,2026-09-30T01:00:00,0.0
Z05,2026-09-30T02:00:00,0.56
Z05,2026-09-30T03:00:00,0.0
Z05,2026-09-30T04:00:00,0.0
Z05,2026-09-30T05:00:00,0.0
Z05,2026-09-30T06:00:00,0.0
Z05,2026-09-30T07:00:00,0.33
Z05,2026-09-30T08:00:00,0.0
Z05,2026-09-30T09:00:00,0.0
Z05,2026-09-30T10:00:00,0.21
Z05,2026-09-30T11:00:00,0.33
Z05,2026-09-30T12:00:00,0.2
Z05,2026-09-30T13:00:00,0.0
Z05,2026-09-30T14:00:00,0.0
Z05,2026-09-30T15:00:00,0.0
Z05,2026-09-30T16:00:00,0.0
Z05,2026-09-30T17:00:00,0.02
Z05,2026-09-30T18:00:00,0.38
Z05,2026-09-30T19:00:00,0.15
Z05,2026-09-30T20:00:00,0.0
Z05,2026-09-30T21:00:00,0.0
Z05,2026-09-30T22:00:00,0.0
Z05,2026-09-30T23:00:00,0.0
Z05,2026-10-01T00:00:00,2.12
Z05,2026-10-01T01:00:00,0.4
Z05,2026-10-01T02:00:00,0.0
Z05,2026-10-01T03:00:00,0.0
Z05,2026-10-01T04:00:00,0.0
Z05,2026-10-01T05:00:00,0.0
Z05,2026-10-01T06:00:00,0.72
Z05,2026-10-01T07:00:00,1.32
Z05,2026-10-01T08:00:00,11.67
Z05,2026-10-01T09:00:00,1.77
Z05,2026-10-01T10:00:00,0.03
Z05,2026-10-01T11:00:00,0.0
Z05,2026-10-01T12:00:00,0.0
Z05,2026-10-01T13:00:00,0.0
Z05,2026-10-01T14:00:00,0.33
Z05,2026-10-01T15:00:00,0.0
Z05,2026-10-01T16:00:00,0.22
Z05,2026-10-01T17:00:00,0.0
Z05,2026-10-01T18:00:00,0.59
Z05,2026-10-01T19:00:00,0.51
Z05,2026-10-01T20:00:00,0.0
Z05,2026-10-01T21:00:00,0.0
Z05,2026-10-01T22:00:00,0.0
Z05,2026-10-01T23:00:00,0.0
Z05,2026-10-02T00:00:00,20.06
Z05,2026-10-02T01:00:00,10.85
Z05,2026-10-02T02:00:00,20.49
Z05,2026-10-02T03:00:00,7.71
Z05,2026-10-02T04:00:00,18.7
Z05,2026-10-02T05:00:00,66.49
Z05,2026-10-02T06:00:00,21.71
Z05,2026-10-02T07:00:00,46.81
Z05,2026-10-02T08:00:00,64.27
Z05,2026-10-02T09:00:00,10.32
Z05,2026-10-02T10:00:00,25.18
Z05,2026-10-02T11:00:00,10.89
Z05,2026-10-02T12:00:00,12.3
Z05,2026-10-02T13:00:00,16.79
Z05,2026-10-02T14:00:00,0.09
Z05,2026-10-02T15:00:00,0.0
Z05,2026-10-02T16:00:00,0.0
Z05,2026-10-02T17:00:00,0.0
Z05,2026-10-02T18:00:00,0.0
Z05,2026-10-02T19:00:00,0.01
Z05,2026-10-02T20:00:00,0.0
Z05,2026-10-02T21:00:00,0.0
Z05,2026-10-02T22:00:00,0.0
Z05,2026-10-02T23:00:00,0.0
Z05,2026-10-03T00:00:00,0.0
Z05,2026-10-03T01:00:00,0.0
Z05,2026-10-03T02:00:00,0.2
Z05,2026-10-03T03:00:00,0.15
Z05,2026-10-03T04:00:00,0.0
Z05,2026-10-03T05:00:00,0.03
Z05,2026-10-03T06:00:00,0.0
Z05,2026-10-03T07:00:00,0.15
Z05,2026-10-03T08:00:00,0.0
Z05,2026-10-03T09:00:00,0.0
Z06,2026-09-26T10:00:00,5.9
Z06,2026-09-26T11:00:00,0.0
Z06,2026-09-26T12:00:00,0.9
Z06,2026-09-26T13:00:00,0.0
Z06,2026-09-26T14:00:00,0.16
Z06,2026-09-26T15:00:00,0.0
Z06,2026-09-26T16:00:00,0.0
Z06,2026-09-26T17:00:00,0.0
Z06,2026-09-26T18:00:00,0.0
Z06,2026-09-26T19:00:00,0.0
Z06,2026-09-26T20:00:00,0.0
Z06,2026-09-26T21:00:00,1.07
Z06,2026-09-26T22:00:00,0.0
Z06,2026-09-26T23:00:00,0.0
Z06,2026-09-27T00:00:00,0.0
Z06,2026-09-27T01:00:00,0.0
Z06,2026-09-27T02:00:00,0.0
Z06,2026-09-27T03:00:00,0.07
Z06,2026-09-27T04:00:00,0.0
Z06,2026-09-27T05:00:00,2.51
Z06,2026-09-27T06:00:00,0.0
Z06,2026-09-27T07:00:00,2.23
Z06,2026-09-27T08:00:00,0.0
Z06,2026-09-27T09:00:00,0.0
Z06,2026-09-27T10:00:00,0.0
Z06,2026-09-27T11:00:00,1.32
Z06,2026-09-27T12:00:00,0.0
Z06,2026-09-27T13:00:00,0.0
Z06,2026-09-27T14:00:00,1.03
Z06,2026-09-27T15:00:00,0.0
Z06,2026-09-27T16:00:00,3.13
Z06,2026-09-27T17:00:00,1.84
Z06,2026-09-27T18:00:00,0.37
Z06,2026-09-27T19:00:00,0.0
Z06,2026-09-27T20:00:00,0.0
Z06,2026-09-27T21:00:00,0.46
Z06,2026-09-27T22:00:00,0.0
Z06,2026-09-27T23:00:00,0.0
Z06,2026-09-28T00:00:00,0.0
Z06,2026-09-28T01:00:00,0.0
Z06,2026-09-28T02:00:00,1.91
Z06,2026-09-28T03:00:00,0.0
Z06,2026-09-28T04:00:00,0.0
Z06,2026-09-28T05:00:00,0.0
Z06,2026-09-28T06:00:00,0.05
Z06,2026-09-28T07:00:00,0.0
Z06,2026-09-28T08:00:00,0.0
Z06,2026-09-28T09:00:00,0.08
Z06,2026-09-28T10:00:00,0.0
Z06,2026-09-28T11:00:00,0.0
Z06,2026-09-28T12:00:00,0.0
Z06,2026-09-28T13:00:00,2.76
Z06,2026-09-28T14:00:00,0.0
Z06,2026-09-28T15:00:00,0.0
Z06,2026-09-28T16:00:00,0.0
Z06,2026-09-28T17:00:00,0.02
Z06,2026-09-28T18:00:00,0.0
Z06,2026-09-28T19:00:00,0.0
Z06,2026-09-28T20:00:00,0.31
Z06,2026-09-28T21:00:00,0.0
Z06,2026-09-28T22:00:00,0.08
Z06,2026-09-28T23:00:00,0.0
Z06,2026-09-29T00:00:00,0.0
Z06,2026-09-29T01:00:00,0.0
Z06,2026-09-29T02:00:00,2.06
Z06,2026-09-29T03:00:00,0.0
Z06,2026-09-29T04:00:00,0.42
Z06,2026-09-29T05:00:00,0.0
Z06,2026-09-29T06:00:00,0.0
Z06,2026-09-29T07:00:00,0.0
Z06,2026-09-29T08:00:00,0.11
Z06,2026-09-29T09:00:00,0.28
Z06,2026-09-29T10:00:00,4.95
Z06,2026-09-29T11:00:00,0.17
Z06,2026-09-29T12:00:00,1.25
Z06,2026-09-29T13:00:00,0.0
Z06,2026-09-29T14:00:00,0.0
Z06,2026-09-29T15:00:00,0.0
Z06,2026-09-29T16:00:00,0.14
Z06,2026-09-29T17:00:00,0.0
Z06,2026-09-29T18:00:00,0.0
Z06,2026-09-29T19:00:00,0.0
Z06,2026-09-29T20:00:00,0.0
Z06,2026-09-29T21:00:00,0.05
Z06,2026-09-29T22:00:00,0.03
Z06,2026-09-29T23:00:00,0.0
Z06,2026-09-30T00:00:00,0.0
Z06,2026-09-30T01:00:00,0.0
Z06,2026-09-30T02:00:00,0.0
Z06,2026-09-30T03:00:00,0.0
Z06,2026-09-30T04:00:00,0.0
Z06,2026-09-30T05:00:00,0.0
Z06,2026-09-30T06:00:00,2.78
Z06,2026-09-30T07:00:00,0.0
Z06,2026-09-30T08:00:00,0.0
Z06,2026-09-30T09:00:00,0.0
Z06,2026-09-30T10:00:00,0.0
Z06,2026-09-30T11:00:00,2.48
Z06,2026-09-30T12:00:00,0.09
Z06,2026-09-30T13:00:00,0.03
Z06,2026-09-30T14:00:00,0.07
Z06,2026-09-30T15:00:00,0.0
Z06,2026-09-30T16:00:00,0.0
Z06,2026-09-30T17:00:00,0.0
Z06,2026-09-30T18:00:00,0.0
Z06,2026-09-30T19:00:00,0.0
Z06,2026-09-30T20:00:00,0.0
Z06,2026-09-30T21:00:00,0.0
Z06,2026-09-30T22:00:00,1.87
Z06,2026-09-30T23:00:00,0.0
Z06,2026-10-01T00:00:00,0.0
Z06,2026-10-01T01:00:00,0.0
Z06,2026-10-01T02:00:00,0.0
Z06,2026-10-01T03:00:00,0.0
Z06,2026-10-01T04:00:00,0.31
Z06,2026-10-01T05:00:00,0.09
Z06,2026-10-01T06:00:00,0.0
Z06,2026-10-01T07:00:00,1.62
Z06,2026-10-01T08:00:00,0.0
Z06,2026-10-01T09:00:00,2.6
Z06,2026-10-01T10:00:00,0.0
Z06,2026-10-01T11:00:00,0.0
Z06,2026-10-01T12:00:00,0.0
Z06,2026-10-01T13:00:00,0.0
Z06,2026-10-01T14:00:00,0.01
Z06,2026-10-01T15:00:00,0.15
Z06,2026-10-01T16:00:00,1.52
Z06,2026-10-01T17:00:00,0.0
Z06,2026-10-01T18:00:00,0.0
Z06,2026-10-01T19:00:00,0.0
Z06,2026-10-01T20:00:00,0.0
Z06,2026-10-01T21:00:00,0.0
Z06,2026-10-01T22:00:00,0.0
Z06,2026-10-01T23:00:00,0.0
Z06,2026-10-02T00:00:00,0.0
Z06,2026-10-02T01:00:00,0.0
Z06,2026-10-02T02:00:00,0.0
Z06,2026-10-02T03:00:00,0.2
Z06,2026-10-02T04:00:00,0.0
Z06,2026-10-02T05:00:00,0.35
Z06,2026-10-02T06:00:00,0.09
Z06,2026-10-02T07:00:00,0.03
Z06,2026-10-02T08:00:00,0.0
Z06,2026-10-02T09:00:00,0.0
Z06,2026-10-02T10:00:00,0.64
Z06,2026-10-02T11:00:00,0.29
Z06,2026-10-02T12:00:00,0.06
Z06,2026-10-02T13:00:00,0.0
Z06,2026-10-02T14:00:00,0.62
Z06,2026-10-02T15:00:00,0.0
Z06,2026-10-02T16:00:00,0.99
Z06,2026-10-02T17:00:00,0.0
Z06,2026-10-02T18:00:00,0.24
Z06,2026-10-02T19:00:00,0.0
Z06,2026-10-02T20:00:00,0.0
Z06,2026-10-02T21:00:00,0.41
Z06,2026-10-02T22:00:00,0.03
Z06,2026-10-02T23:00:00,0.0
Z06,2026-10-03T00:00:00,0.0
Z06,2026-10-03T01:00:00,0.0
Z06,2026-10-03T02:00:00,0.47
Z06,2026-10-03T03:00:00,0.02
Z06,2026-10-03T04:00:00,0.0
Z06,2026-10-03T05:00:00,3.22
Z06,2026-10-03T06:00:00,0.77
Z06,2026-10-03T07:00:00,0.03
Z06,2026-10-03T08:00:00,0.0
Z06,2026-10-03T09:00:00,0.07
Z07,2026-09-26T10:00:00,1.32
Z07,2026-09-26T11:00:00,0.0
Z07,2026-09-26T12:00:00,0.0
Z07,2026-09-26T13:00:00,1.28
Z07,2026-09-26T14:00:00,0.0
Z07,2026-09-26T15:00:00,0.0
Z07,2026-09-26T16:00:00,0.0
Z07,2026-09-26T17:00:00,0.0
Z07,2026-09-26T18:00:00,0.01
Z07,2026-09-26T19:00:00,0.0
Z07,2026-09-26T20:00:00,1.21
Z07,2026-09-26T21:00:00,0.0
Z07,2026-09-26T22:00:00,0.0
Z07,2026-09-26T23:00:00,0.0
Z07,2026-09-27T00:00:00,0.0
Z07,2026-09-27T01:00:00,0.0
Z07,2026-09-27T02:00:00,0.0
Z07,2026-09-27T03:00:00,0.15
Z07,2026-09-27T04:00:00,0.0
Z07,2026-09-27T05:00:00,1.35
Z07,2026-09-27T06:00:00,0.0
Z07,2026-09-27T07:00:00,0.44
Z07,2026-09-27T08:00:00,0.0
Z07,2026-09-27T09:00:00,0.0
Z07,2026-09-27T10:00:00,0.03
Z07,2026-09-27T11:00:00,0.0
Z07,2026-09-27T12:00:00,0.0
Z07,2026-09-27T13:00:00,0.09
Z07,2026-09-27T14:00:00,0.0
Z07,2026-09-27T15:00:00,0.23
Z07,2026-09-27T16:00:00,2.32
Z07,2026-09-27T17:00:00,0.92
Z07,2026-09-27T18:00:00,0.05
Z07,2026-09-27T19:00:00,0.6
Z07,2026-09-27T20:00:00,0.0
Z07,2026-09-27T21:00:00,0.0
Z07,2026-09-27T22:00:00,0.09
Z07,2026-09-27T23:00:00,0.57
Z07,2026-09-28T00:00:00,0.0
Z07,2026-09-28T01:00:00,0.29
Z07,2026-09-28T02:00:00,0.0
Z07,2026-09-28T03:00:00,0.04
Z07,2026-09-28T04:00:00,0.0
Z07,2026-09-28T05:00:00,3.3
Z07,2026-09-28T06:00:00,0.0
Z07,2026-09-28T07:00:00,0.0
Z07,2026-09-28T08:00:00,0.0
Z07,2026-09-28T09:00:00,0.48
Z07,2026-09-28T10:00:00,0.0
Z07,2026-09-28T11:00:00,0.01
Z07,2026-09-28T12:00:00,0.14
Z07,2026-09-28T13:00:00,1.48
Z07,2026-09-28T14:00:00,0.0
Z07,2026-09-28T15:00:00,0.4
Z07,2026-09-28T16:00:00,0.0
Z07,2026-09-28T17:00:00,0.02
Z07,2026-09-28T18:00:00,0.0
Z07,2026-09-28T19:00:00,0.0
Z07,2026-09-28T20:00:00,0.0
Z07,2026-09-28T21:00:00,0.0
Z07,2026-09-28T22:00:00,0.0
Z07,2026-09-28T23:00:00,0.31
Z07,2026-09-29T00:00:00,0.07
Z07,2026-09-29T01:00:00,0.0
Z07,2026-09-29T02:00:00,2.02
Z07,2026-09-29T03:00:00,0.0
Z07,2026-09-29T04:00:00,0.0
Z07,2026-09-29T05:00:00,0.0
Z07,2026-09-29T06:00:00,0.0
Z07,2026-09-29T07:00:00,0.0
Z07,2026-09-29T08:00:00,0.02
Z07,2026-09-29T09:00:00,0.0
Z07,2026-09-29T10:00:00,0.0
Z07,2026-09-29T11:00:00,0.45
Z07,2026-09-29T12:00:00,0.14
Z07,2026-09-29T13:00:00,0.0
Z07,2026-09-29T14:00:00,0.0
Z07,2026-09-29T15:00:00,0.0
Z07,2026-09-29T16:00:00,0.0
Z07,2026-09-29T17:00:00,0.0
Z07,2026-09-29T18:00:00,0.0
Z07,2026-09-29T19:00:00,0.02
Z07,2026-09-29T20:00:00,0.02
Z07,2026-09-29T21:00:00,0.0
Z07,2026-09-29T22:00:00,0.0
Z07,2026-09-29T23:00:00,0.0
Z07,2026-09-30T00:00:00,0.0
Z07,2026-09-30T01:00:00,0.0
Z07,2026-09-30T02:00:00,0.0
Z07,2026-09-30T03:00:00,0.0
Z07,2026-09-30T04:00:00,0.0
Z07,2026-09-30T05:00:00,0.0
Z07,2026-09-30T06:00:00,0.0
Z07,2026-09-30T07:00:00,0.45
Z07,2026-09-30T08:00:00,0.0
Z07,2026-09-30T09:00:00,0.0
Z07,2026-09-30T10:00:00,0.0
Z07,2026-09-30T11:00:00,0.0
Z07,2026-09-30T12:00:00,0.0
Z07,2026-09-30T13:00:00,0.0
Z07,2026-09-30T14:00:00,0.0
Z07,2026-09-30T15:00:00,0.72
Z07,2026-09-30T16:00:00,0.0
Z07,2026-09-30T17:00:00,0.49
Z07,2026-09-30T18:00:00,0.0
Z07,2026-09-30T19:00:00,0.05
Z07,2026-09-30T20:00:00,0.0
Z07,2026-09-30T21:00:00,0.19
Z07,2026-09-30T22:00:00,1.25
Z07,2026-09-30T23:00:00,1.1
Z07,2026-10-01T00:00:00,1.87
Z07,2026-10-01T01:00:00,0.81
Z07,2026-10-01T02:00:00,0.0
Z07,2026-10-01T03:00:00,0.0
Z07,2026-10-01T04:00:00,0.0
Z07,2026-10-01T05:00:00,0.05
Z07,2026-10-01T06:00:00,0.2
Z07,2026-10-01T07:00:00,0.46
Z07,2026-10-01T08:00:00,0.0
Z07,2026-10-01T09:00:00,0.75
Z07,2026-10-01T10:00:00,0.0
Z07,2026-10-01T11:00:00,0.0
Z07,2026-10-01T12:00:00,0.3
Z07,2026-10-01T13:00:00,0.0
Z07,2026-10-01T14:00:00,0.03
Z07,2026-10-01T15:00:00,0.0
Z07,2026-10-01T16:00:00,0.96
Z07,2026-10-01T17:00:00,0.0
Z07,2026-10-01T18:00:00,0.0
Z07,2026-10-01T19:00:00,0.25
Z07,2026-10-01T20:00:00,0.0
Z07,2026-10-01T21:00:00,0.0
Z07,2026-10-01T22:00:00,0.0
Z07,2026-10-01T23:00:00,1.79
Z07,2026-10-02T00:00:00,0.0
Z07,2026-10-02T01:00:00,0.0
Z07,2026-10-02T02:00:00,0.02
Z07,2026-10-02T03:00:00,0.0
Z07,2026-10-02T04:00:00,0.0
Z07,2026-10-02T05:00:00,0.6
Z07,2026-10-02T06:00:00,5.71
Z07,2026-10-02T07:00:00,0.39
Z07,2026-10-02T08:00:00,0.03
Z07,2026-10-02T09:00:00,0.0
Z07,2026-10-02T10:00:00,0.0
Z07,2026-10-02T11:00:00,0.02
Z07,2026-10-02T12:00:00,0.0
Z07,2026-10-02T13:00:00,0.0
Z07,2026-10-02T14:00:00,0.0
Z07,2026-10-02T15:00:00,0.02
Z07,2026-10-02T16:00:00,0.0
Z07,2026-10-02T17:00:00,0.22
Z07,2026-10-02T18:00:00,1.57
Z07,2026-10-02T19:00:00,0.0
Z07,2026-10-02T20:00:00,0.0
Z07,2026-10-02T21:00:00,0.0
Z07,2026-10-02T22:00:00,0.0
Z07,2026-10-02T23:00:00,0.0
Z07,2026-10-03T00:00:00,3.71
Z07,2026-10-03T01:00:00,0.03
Z07,2026-10-03T02:00:00,0.0
Z07,2026-10-03T03:00:00,0.0
Z07,2026-10-03T04:00:00,1.0
Z07,2026-10-03T05:00:00,0.3
Z07,2026-10-03T06:00:00,0.03
Z07,2026-10-03T07:00:00,0.0
Z07,2026-10-03T08:00:00,5.83
Z07,2026-10-03T09:00:00,0.01
Z08,2026-09-26T10:00:00,0.0
Z08,2026-09-26T11:00:00,0.0
Z08,2026-09-26T12:00:00,0.0
Z08,2026-09-26T13:00:00,0.0
Z08,2026-09-26T14:00:00,0.52
Z08,2026-09-26T15:00:00,0.0
Z08,2026-09-26T16:00:00,0.0
Z08,2026-09-26T17:00:00,0.0
Z08,2026-09-26T18:00:00,0.0
Z08,2026-09-26T19:00:00,0.0
Z08,2026-09-26T20:00:00,1.22
Z08,2026-09-26T21:00:00,0.82
Z08,2026-09-26T22:00:00,0.02
Z08,2026-09-26T23:00:00,0.31
Z08,2026-09-27T00:00:00,0.0
Z08,2026-09-27T01:00:00,2.77
Z08,2026-09-27T02:00:00,0.0
Z08,2026-09-27T03:00:00,0.14
Z08,2026-09-27T04:00:00,0.0
Z08,2026-09-27T05:00:00,0.58
Z08,2026-09-27T06:00:00,2.23
Z08,2026-09-27T07:00:00,0.0
Z08,2026-09-27T08:00:00,1.3
Z08,2026-09-27T09:00:00,0.03
Z08,2026-09-27T10:00:00,0.0
Z08,2026-09-27T11:00:00,0.0
Z08,2026-09-27T12:00:00,0.0
Z08,2026-09-27T13:00:00,0.0
Z08,2026-09-27T14:00:00,0.0
Z08,2026-09-27T15:00:00,0.0
Z08,2026-09-27T16:00:00,0.12
Z08,2026-09-27T17:00:00,0.0
Z08,2026-09-27T18:00:00,0.1
Z08,2026-09-27T19:00:00,1.17
Z08,2026-09-27T20:00:00,0.0
Z08,2026-09-27T21:00:00,0.0
Z08,2026-09-27T22:00:00,0.0
Z08,2026-09-27T23:00:00,0.0
Z08,2026-09-28T00:00:00,0.0
Z08,2026-09-28T01:00:00,0.11
Z08,2026-09-28T02:00:00,0.0
Z08,2026-09-28T03:00:00,0.51
Z08,2026-09-28T04:00:00,0.0
Z08,2026-09-28T05:00:00,0.0
Z08,2026-09-28T06:00:00,0.0
Z08,2026-09-28T07:00:00,0.0
Z08,2026-09-28T08:00:00,0.0
Z08,2026-09-28T09:00:00,0.72
Z08,2026-09-28T10:00:00,0.0
Z08,2026-09-28T11:00:00,0.14
Z08,2026-09-28T12:00:00,4.55
Z08,2026-09-28T13:00:00,1.24
Z08,2026-09-28T14:00:00,0.02
Z08,2026-09-28T15:00:00,0.0
Z08,2026-09-28T16:00:00,0.09
Z08,2026-09-28T17:00:00,0.43
Z08,2026-09-28T18:00:00,0.0
Z08,2026-09-28T19:00:00,0.48
Z08,2026-09-28T20:00:00,0.08
Z08,2026-09-28T21:00:00,0.0
Z08,2026-09-28T22:00:00,0.0
Z08,2026-09-28T23:00:00,0.49
Z08,2026-09-29T00:00:00,0.79
Z08,2026-09-29T01:00:00,0.0
Z08,2026-09-29T02:00:00,0.0
Z08,2026-09-29T03:00:00,0.0
Z08,2026-09-29T04:00:00,0.0
Z08,2026-09-29T05:00:00,1.0
Z08,2026-09-29T06:00:00,0.0
Z08,2026-09-29T07:00:00,0.0
Z08,2026-09-29T08:00:00,0.0
Z08,2026-09-29T09:00:00,1.36
Z08,2026-09-29T10:00:00,0.23
Z08,2026-09-29T11:00:00,0.12
Z08,2026-09-29T12:00:00,0.83
Z08,2026-09-29T13:00:00,3.37
Z08,2026-09-29T14:00:00,0.0
Z08,2026-09-29T15:00:00,0.0
Z08,2026-09-29T16:00:00,0.14
Z08,2026-09-29T17:00:00,0.0
Z08,2026-09-29T18:00:00,0.07
Z08,2026-09-29T19:00:00,4.45
Z08,2026-09-29T20:00:00,1.88
Z08,2026-09-29T21:00:00,0.0
Z08,2026-09-29T22:00:00,0.0
Z08,2026-09-29T23:00:00,0.27
Z08,2026-09-30T00:00:00,0.0
Z08,2026-09-30T01:00:00,1.17
Z08,2026-09-30T02:00:00,0.27
Z08,2026-09-30T03:00:00,0.0
Z08,2026-09-30T04:00:00,0.0
Z08,2026-09-30T05:00:00,0.0
Z08,2026-09-30T06:00:00,0.0
Z08,2026-09-30T07:00:00,0.08
Z08,2026-09-30T08:00:00,0.23
Z08,2026-09-30T09:00:00,2.81
Z08,2026-09-30T10:00:00,0.0
Z08,2026-09-30T11:00:00,2.34
Z08,2026-09-30T12:00:00,0.0
Z08,2026-09-30T13:00:00,0.05
Z08,2026-09-30T14:00:00,0.0
Z08,2026-09-30T15:00:00,0.0
Z08,2026-09-30T16:00:00,0.26
Z08,2026-09-30T17:00:00,0.57
Z08,2026-09-30T18:00:00,0.0
Z08,2026-09-30T19:00:00,0.87
Z08,2026-09-30T20:00:00,1.13
Z08,2026-09-30T21:00:00,0.0
Z08,2026-09-30T22:00:00,0.0
Z08,2026-09-30T23:00:00,0.0
Z08,2026-10-01T00:00:00,0.0
Z08,2026-10-01T01:00:00,2.49
Z08,2026-10-01T02:00:00,0.0
Z08,2026-10-01T03:00:00,0.1
Z08,2026-10-01T04:00:00,0.52
Z08,2026-10-01T05:00:00,0.0
Z08,2026-10-01T06:00:00,0.0
Z08,2026-10-01T07:00:00,0.16
Z08,2026-10-01T08:00:00,0.0
Z08,2026-10-01T09:00:00,0.0
Z08,2026-10-01T10:00:00,0.01
Z08,2026-10-01T11:00:00,0.5
Z08,2026-10-01T12:00:00,0.0
Z08,2026-10-01T13:00:00,0.0
Z08,2026-10-01T14:00:00,0.0
Z08,2026-10-01T15:00:00,0.39
Z08,2026-10-01T16:00:00,0.0
Z08,2026-10-01T17:00:00,0.92
Z08,2026-10-01T18:00:00,0.0
Z08,2026-10-01T19:00:00,0.0
Z08,2026-10-01T20:00:00,0.0
Z08,2026-10-01T21:00:00,0.32
Z08,2026-10-01T22:00:00,0.0
Z08,2026-10-01T23:00:00,0.0
Z08,2026-10-02T00:00:00,0.43
Z08,2026-10-02T01:00:00,0.41
Z08,2026-10-02T02:00:00,0.0
Z08,2026-10-02T03:00:00,0.13
Z08,2026-10-02T04:00:00,22.7
Z08,2026-10-02T05:00:00,20.01
Z08,2026-10-02T06:00:00,22.38
Z08,2026-10-02T07:00:00,11.87
Z08,2026-10-02T08:00:00,19.79
Z08,2026-10-02T09:00:00,44.45
Z08,2026-10-02T10:00:00,16.45
Z08,2026-10-02T11:00:00,16.07
Z08,2026-10-02T12:00:00,38.15
Z08,2026-10-02T13:00:00,32.32
Z08,2026-10-02T14:00:00,12.59
Z08,2026-10-02T15:00:00,19.67
Z08,2026-10-02T16:00:00,3.14
Z08,2026-10-02T17:00:00,14.71
Z08,2026-10-02T18:00:00,0.0
Z08,2026-10-02T19:00:00,0.33
Z08,2026-10-02T20:00:00,0.0
Z08,2026-10-02T21:00:00,0.0
Z08,2026-10-02T22:00:00,0.01
Z08,2026-10-02T23:00:00,0.0
Z08,2026-10-03T00:00:00,0.11
Z08,2026-10-03T01:00:00,1.81
Z08,2026-10-03T02:00:00,0.0
Z08,2026-10-03T03:00:00,1.69
Z08,2026-10-03T04:00:00,0.0
Z08,2026-10-03T05:00:00,0.0
Z08,2026-10-03T06:00:00,0.04
Z08,2026-10-03T07:00:00,0.39
Z08,2026-10-03T08:00:00,0.04
Z08,2026-10-03T09:00:00,0.0
Z09,2026-09-26T10:00:00,1.15
Z09,2026-09-26T11:00:00,1.93
Z09,2026-09-26T12:00:00,0.0
Z09,2026-09-26T13:00:00,0.24
Z09,2026-09-26T14:00:00,0.0
Z09,2026-09-26T15:00:00,0.0
Z09,2026-09-26T16:00:00,0.0
Z09,2026-09-26T17:00:00,0.0
Z09,2026-09-26T18:00:00,0.0
Z09,2026-09-26T19:00:00,0.0
Z09,2026-09-26T20:00:00,0.0
Z09,2026-09-26T21:00:00,0.0
Z09,2026-09-26T22:00:00,0.19
Z09,2026-09-26T23:00:00,0.4
Z09,2026-09-27T00:00:00,0.0
Z09,2026-09-27T01:00:00,0.01
Z09,2026-09-27T02:00:00,0.0
Z09,2026-09-27T03:00:00,0.09
Z09,2026-09-27T04:00:00,0.01
Z09,2026-09-27T05:00:00,0.0
Z09,2026-09-27T06:00:00,0.07
Z09,2026-09-27T07:00:00,0.0
Z09,2026-09-27T08:00:00,0.0
Z09,2026-09-27T09:00:00,0.0
Z09,2026-09-27T10:00:00,0.0
Z09,2026-09-27T11:00:00,0.09
Z09,2026-09-27T12:00:00,0.98
Z09,2026-09-27T13:00:00,1.17
Z09,2026-09-27T14:00:00,0.0
Z09,2026-09-27T15:00:00,0.0
Z09,2026-09-27T16:00:00,0.0
Z09,2026-09-27T17:00:00,0.0
Z09,2026-09-27T18:00:00,0.0
Z09,2026-09-27T19:00:00,1.16
Z09,2026-09-27T20:00:00,0.0
Z09,2026-09-27T21:00:00,0.97
Z09,2026-09-27T22:00:00,0.92
Z09,2026-09-27T23:00:00,1.22
Z09,2026-09-28T00:00:00,0.0
Z09,2026-09-28T01:00:00,0.0
Z09,2026-09-28T02:00:00,0.0
Z09,2026-09-28T03:00:00,0.0
Z09,2026-09-28T04:00:00,0.0
Z09,2026-09-28T05:00:00,0.08
Z09,2026-09-28T06:00:00,0.0
Z09,2026-09-28T07:00:00,0.08
Z09,2026-09-28T08:00:00,0.0
Z09,2026-09-28T09:00:00,0.02
Z09,2026-09-28T10:00:00,0.0
Z09,2026-09-28T11:00:00,0.0
Z09,2026-09-28T12:00:00,0.0
Z09,2026-09-28T13:00:00,0.03
Z09,2026-09-28T14:00:00,0.05
Z09,2026-09-28T15:00:00,1.11
Z09,2026-09-28T16:00:00,0.0
Z09,2026-09-28T17:00:00,0.0
Z09,2026-09-28T18:00:00,0.0
Z09,2026-09-28T19:00:00,0.49
Z09,2026-09-28T20:00:00,0.0
Z09,2026-09-28T21:00:00,0.26
Z09,2026-09-28T22:00:00,0.0
Z09,2026-09-28T23:00:00,0.0
Z09,2026-09-29T00:00:00,0.0
Z09,2026-09-29T01:00:00,0.7
Z09,2026-09-29T02:00:00,0.29
Z09,2026-09-29T03:00:00,1.57
Z09,2026-09-29T04:00:00,0.0
Z09,2026-09-29T05:00:00,0.0
Z09,2026-09-29T06:00:00,0.0
Z09,2026-09-29T07:00:00,0.34
Z09,2026-09-29T08:00:00,0.0
Z09,2026-09-29T09:00:00,0.0
Z09,2026-09-29T10:00:00,0.01
Z09,2026-09-29T11:00:00,0.0
Z09,2026-09-29T12:00:00,1.74
Z09,2026-09-29T13:00:00,0.17
Z09,2026-09-29T14:00:00,1.82
Z09,2026-09-29T15:00:00,0.0
Z09,2026-09-29T16:00:00,0.0
Z09,2026-09-29T17:00:00,0.0
Z09,2026-09-29T18:00:00,2.91
Z09,2026-09-29T19:00:00,0.0
Z09,2026-09-29T20:00:00,0.0
Z09,2026-09-29T21:00:00,0.01
Z09,2026-09-29T22:00:00,0.0
Z09,2026-09-29T23:00:00,0.0
Z09,2026-09-30T00:00:00,0.0
Z09,2026-09-30T01:00:00,0.0
Z09,2026-09-30T02:00:00,0.12
Z09,2026-09-30T03:00:00,0.0
Z09,2026-09-30T04:00:00,0.0
Z09,2026-09-30T05:00:00,1.25
Z09,2026-09-30T06:00:00,0.27
Z09,2026-09-30T07:00:00,0.05
Z09,2026-09-30T08:00:00,1.88
Z09,2026-09-30T09:00:00,0.0
Z09,2026-09-30T10:00:00,0.3
Z09,2026-09-30T11:00:00,2.95
Z09,2026-09-30T12:00:00,0.03
Z09,2026-09-30T13:00:00,0.0
Z09,2026-09-30T14:00:00,0.0
Z09,2026-09-30T15:00:00,0.0
Z09,2026-09-30T16:00:00,0.0
Z09,2026-09-30T17:00:00,0.0
Z09,2026-09-30T18:00:00,0.3
Z09,2026-09-30T19:00:00,0.0
Z09,2026-09-30T20:00:00,0.0
Z09,2026-09-30T21:00:00,0.35
Z09,2026-09-30T22:00:00,0.0
Z09,2026-09-30T23:00:00,0.0
Z09,2026-10-01T00:00:00,0.0
Z09,2026-10-01T01:00:00,0.0
Z09,2026-10-01T02:00:00,0.0
Z09,2026-10-01T03:00:00,0.35
Z09,2026-10-01T04:00:00,0.0
Z09,2026-10-01T05:00:00,0.0
Z09,2026-10-01T06:00:00,0.0
Z09,2026-10-01T07:00:00,0.3
Z09,2026-10-01T08:00:00,0.6
Z09,2026-10-01T09:00:00,0.0
Z09,2026-10-01T10:00:00,0.0
Z09,2026-10-01T11:00:00,0.0
Z09,2026-10-01T12:00:00,0.01
Z09,2026-10-01T13:00:00,0.0
Z09,2026-10-01T14:00:00,0.0
Z09,2026-10-01T15:00:00,0.0
Z09,2026-10-01T16:00:00,0.0
Z09,2026-10-01T17:00:00,0.0
Z09,2026-10-01T18:00:00,0.0
Z09,2026-10-01T19:00:00,0.0
Z09,2026-10-01T20:00:00,0.0
Z09,2026-10-01T21:00:00,0.0
Z09,2026-10-01T22:00:00,0.0
Z09,2026-10-01T23:00:00,0.0
Z09,2026-10-02T00:00:00,0.0
Z09,2026-10-02T01:00:00,0.0
Z09,2026-10-02T02:00:00,0.0
Z09,2026-10-02T03:00:00,1.86
Z09,2026-10-02T04:00:00,1.8
Z09,2026-10-02T05:00:00,1.3
Z09,2026-10-02T06:00:00,0.0
Z09,2026-10-02T07:00:00,6.42
Z09,2026-10-02T08:00:00,13.78
Z09,2026-10-02T09:00:00,10.99
Z09,2026-10-02T10:00:00,16.67
Z09,2026-10-02T11:00:00,13.6
Z09,2026-10-02T12:00:00,11.43
Z09,2026-10-02T13:00:00,21.01
Z09,2026-10-02T14:00:00,28.81
Z09,2026-10-02T15:00:00,10.96
Z09,2026-10-02T16:00:00,19.29
Z09,2026-10-02T17:00:00,12.14
Z09,2026-10-02T18:00:00,9.23
Z09,2026-10-02T19:00:00,16.43
Z09,2026-10-02T20:00:00,15.89
Z09,2026-10-02T21:00:00,0.25
Z09,2026-10-02T22:00:00,0.0
Z09,2026-10-02T23:00:00,0.0
Z09,2026-10-03T00:00:00,0.0
Z09,2026-10-03T01:00:00,0.0
Z09,2026-10-03T02:00:00,0.18
Z09,2026-10-03T03:00:00,0.0
Z09,2026-10-03T04:00:00,0.0
Z09,2026-10-03T05:00:00,0.0
Z09,2026-10-03T06:00:00,0.0
Z09,2026-10-03T07:00:00,0.0
Z09,2026-10-03T08:00:00,0.0
Z09,2026-10-03T09:00:00,2.96
Z10,2026-09-26T10:00:00,0.0
Z10,2026-09-26T11:00:00,0.0
Z10,2026-09-26T12:00:00,0.0
Z10,2026-09-26T13:00:00,0.0
Z10,2026-09-26T14:00:00,0.0
Z10,2026-09-26T15:00:00,0.0
Z10,2026-09-26T16:00:00,0.0
Z10,2026-09-26T17:00:00,0.0
Z10,2026-09-26T18:00:00,0.0
Z10,2026-09-26T19:00:00,0.0
Z10,2026-09-26T20:00:00,0.0
Z10,2026-09-26T21:00:00,1.14
Z10,2026-09-26T22:00:00,0.0
Z10,2026-09-26T23:00:00,0.0
Z10,2026-09-27T00:00:00,0.0
Z10,2026-09-27T01:00:00,0.0
Z10,2026-09-27T02:00:00,0.0
Z10,2026-09-27T03:00:00,0.0
Z10,2026-09-27T04:00:00,0.0
Z10,2026-09-27T05:00:00,0.0
Z10,2026-09-27T06:00:00,0.05
Z10,2026-09-27T07:00:00,4.18
Z10,2026-09-27T08:00:00,0.0
Z10,2026-09-27T09:00:00,0.08
Z10,2026-09-27T10:00:00,0.17
Z10,2026-09-27T11:00:00,2.28
Z10,2026-09-27T12:00:00,0.0
Z10,2026-09-27T13:00:00,0.19
Z10,2026-09-27T14:00:00,0.29
Z10,2026-09-27T15:00:00,0.0
Z10,2026-09-27T16:00:00,0.78
Z10,2026-09-27T17:00:00,0.17
Z10,2026-09-27T18:00:00,0.0
Z10,2026-09-27T19:00:00,0.01
Z10,2026-09-27T20:00:00,0.0
Z10,2026-09-27T21:00:00,0.0
Z10,2026-09-27T22:00:00,0.58
Z10,2026-09-27T23:00:00,0.0
Z10,2026-09-28T00:00:00,0.03
Z10,2026-09-28T01:00:00,0.04
Z10,2026-09-28T02:00:00,0.0
Z10,2026-09-28T03:00:00,0.0
Z10,2026-09-28T04:00:00,0.0
Z10,2026-09-28T05:00:00,0.0
Z10,2026-09-28T06:00:00,0.0
Z10,2026-09-28T07:00:00,0.0
Z10,2026-09-28T08:00:00,0.41
Z10,2026-09-28T09:00:00,3.75
Z10,2026-09-28T10:00:00,0.0
Z10,2026-09-28T11:00:00,0.0
Z10,2026-09-28T12:00:00,0.0
Z10,2026-09-28T13:00:00,0.0
Z10,2026-09-28T14:00:00,0.0
Z10,2026-09-28T15:00:00,0.0
Z10,2026-09-28T16:00:00,0.01
Z10,2026-09-28T17:00:00,0.0
Z10,2026-09-28T18:00:00,0.0
Z10,2026-09-28T19:00:00,0.0
Z10,2026-09-28T20:00:00,0.0
Z10,2026-09-28T21:00:00,0.0
Z10,2026-09-28T22:00:00,0.22
Z10,2026-09-28T23:00:00,0.18
Z10,2026-09-29T00:00:00,0.0
Z10,2026-09-29T01:00:00,0.0
Z10,2026-09-29T02:00:00,0.79
Z10,2026-09-29T03:00:00,0.0
Z10,2026-09-29T04:00:00,0.0
Z10,2026-09-29T05:00:00,0.2
Z10,2026-09-29T06:00:00,0.24
Z10,2026-09-29T07:00:00,0.0
Z10,2026-09-29T08:00:00,0.01
Z10,2026-09-29T09:00:00,0.27
Z10,2026-09-29T10:00:00,0.0
Z10,2026-09-29T11:00:00,0.0
Z10,2026-09-29T12:00:00,0.07
Z10,2026-09-29T13:00:00,0.0
Z10,2026-09-29T14:00:00,0.0
Z10,2026-09-29T15:00:00,0.09
Z10,2026-09-29T16:00:00,0.98
Z10,2026-09-29T17:00:00,2.23
Z10,2026-09-29T18:00:00,0.0
Z10,2026-09-29T19:00:00,0.0
Z10,2026-09-29T20:00:00,0.0
Z10,2026-09-29T21:00:00,0.0
Z10,2026-09-29T22:00:00,0.0
Z10,2026-09-29T23:00:00,0.11
Z10,2026-09-30T00:00:00,0.2
Z10,2026-09-30T01:00:00,0.0
Z10,2026-09-30T02:00:00,0.0
Z10,2026-09-30T03:00:00,0.38
Z10,2026-09-30T04:00:00,0.0
Z10,2026-09-30T05:00:00,0.04
Z10,2026-09-30T06:00:00,1.85
Z10,2026-09-30T07:00:00,0.0
Z10,2026-09-30T08:00:00,0.0
Z10,2026-09-30T09:00:00,0.15
Z10,2026-09-30T10:00:00,0.0
Z10,2026-09-30T11:00:00,0.65
Z10,2026-09-30T12:00:00,0.11
Z10,2026-09-30T13:00:00,0.0
Z10,2026-09-30T14:00:00,0.0
Z10,2026-09-30T15:00:00,0.0
Z10,2026-09-30T16:00:00,0.88
Z10,2026-09-30T17:00:00,0.9
Z10,2026-09-30T18:00:00,0.0
Z10,2026-09-30T19:00:00,0.04
Z10,2026-09-30T20:00:00,0.51
Z10,2026-09-30T21:00:00,0.0
Z10,2026-09-30T22:00:00,0.01
Z10,2026-09-30T23:00:00,0.0
Z10,2026-10-01T00:00:00,0.0
Z10,2026-10-01T01:00:00,0.0
Z10,2026-10-01T02:00:00,0.08
Z10,2026-10-01T03:00:00,0.0
Z10,2026-10-01T04:00:00,0.0
Z10,2026-10-01T05:00:00,1.21
Z10,2026-10-01T06:00:00,0.84
Z10,2026-10-01T07:00:00,0.12
Z10,2026-10-01T08:00:00,0.0
Z10,2026-10-01T09:00:00,0.0
Z10,2026-10-01T10:00:00,0.0
Z10,2026-10-01T11:00:00,0.0
Z10,2026-10-01T12:00:00,0.0
Z10,2026-10-01T13:00:00,0.0
Z10,2026-10-01T14:00:00,0.87
Z10,2026-10-01T15:00:00,0.13
Z10,2026-10-01T16:00:00,0.0
Z10,2026-10-01T17:00:00,0.7
Z10,2026-10-01T18:00:00,0.01
Z10,2026-10-01T19:00:00,0.0
Z10,2026-10-01T20:00:00,0.0
Z10,2026-10-01T21:00:00,0.1
Z10,2026-10-01T22:00:00,0.42
Z10,2026-10-01T23:00:00,0.0
Z10,2026-10-02T00:00:00,0.05
Z10,2026-10-02T01:00:00,0.0
Z10,2026-10-02T02:00:00,0.0
Z10,2026-10-02T03:00:00,0.0
Z10,2026-10-02T04:00:00,0.59
Z10,2026-10-02T05:00:00,0.0
Z10,2026-10-02T06:00:00,0.0
Z10,2026-10-02T07:00:00,0.92
Z10,2026-10-02T08:00:00,0.0
Z10,2026-10-02T09:00:00,0.0
Z10,2026-10-02T10:00:00,0.94
Z10,2026-10-02T11:00:00,0.0
Z10,2026-10-02T12:00:00,1.18
Z10,2026-10-02T13:00:00,0.0
Z10,2026-10-02T14:00:00,0.0
Z10,2026-10-02T15:00:00,1.28
Z10,2026-10-02T16:00:00,0.03
Z10,2026-10-02T17:00:00,0.0
Z10,2026-10-02T18:00:00,0.01
Z10,2026-10-02T19:00:00,2.82
Z10,2026-10-02T20:00:00,0.0
Z10,2026-10-02T21:00:00,0.0
Z10,2026-10-02T22:00:00,0.0
Z10,2026-10-02T23:00:00,0.75
Z10,2026-10-03T00:00:00,1.0
Z10,2026-10-03T01:00:00,0.21
Z10,2026-10-03T02:00:00,0.0
Z10,2026-10-03T03:00:00,0.0
Z10,2026-10-03T04:00:00,0.18
Z10,2026-10-03T05:00:00,0.0
Z10,2026-10-03T06:00:00,0.0
Z10,2026-10-03T07:00:00,1.93
Z10,2026-10-03T08:00:00,0.0
Z10,2026-10-03T09:00:00,1.87
Z11,2026-09-26T10:00:00,0.0
Z11,2026-09-26T11:00:00,0.0
Z11,2026-09-26T12:00:00,0.0
Z11,2026-09-26T13:00:00,0.23
Z11,2026-09-26T14:00:00,0.0
Z11,2026-09-26T15:00:00,0.0
Z11,2026-09-26T16:00:00,0.01
Z11,2026-09-26T17:00:00,0.01
Z11,2026-09-26T18:00:00,0.0
Z11,2026-09-26T19:00:00,0.22
Z11,2026-09-26T20:00:00,0.0
Z11,2026-09-26T21:00:00,0.34
Z11,2026-09-26T22:00:00,0.0
Z11,2026-09-26T23:00:00,0.27
Z11,2026-09-27T00:00:00,0.0
Z11,2026-09-27T01:00:00,0.04
Z11,2026-09-27T02:00:00,0.0
Z11,2026-09-27T03:00:00,0.62
Z11,2026-09-27T04:00:00,0.0
Z11,2026-09-27T05:00:00,0.0
Z11,2026-09-27T06:00:00,0.0
Z11,2026-09-27T07:00:00,0.0
Z11,2026-09-27T08:00:00,0.0
Z11,2026-09-27T09:00:00,0.0
Z11,2026-09-27T10:00:00,1.53
Z11,2026-09-27T11:00:00,0.0
Z11,2026-09-27T12:00:00,0.0
Z11,2026-09-27T13:00:00,1.07
Z11,2026-09-27T14:00:00,0.0
Z11,2026-09-27T15:00:00,0.0
Z11,2026-09-27T16:00:00,0.0
Z11,2026-09-27T17:00:00,0.02
Z11,2026-09-27T18:00:00,0.0
Z11,2026-09-27T19:00:00,0.05
Z11,2026-09-27T20:00:00,0.0
Z11,2026-09-27T21:00:00,0.0
Z11,2026-09-27T22:00:00,0.0
Z11,2026-09-27T23:00:00,0.18
Z11,2026-09-28T00:00:00,0.0
Z11,2026-09-28T01:00:00,0.05
Z11,2026-09-28T02:00:00,0.12
Z11,2026-09-28T03:00:00,0.0
Z11,2026-09-28T04:00:00,0.0
Z11,2026-09-28T05:00:00,0.0
Z11,2026-09-28T06:00:00,0.0
Z11,2026-09-28T07:00:00,0.19
Z11,2026-09-28T08:00:00,0.27
Z11,2026-09-28T09:00:00,0.0
Z11,2026-09-28T10:00:00,0.0
Z11,2026-09-28T11:00:00,0.0
Z11,2026-09-28T12:00:00,0.06
Z11,2026-09-28T13:00:00,0.01
Z11,2026-09-28T14:00:00,0.14
Z11,2026-09-28T15:00:00,0.18
Z11,2026-09-28T16:00:00,0.2
Z11,2026-09-28T17:00:00,0.11
Z11,2026-09-28T18:00:00,0.0
Z11,2026-09-28T19:00:00,0.0
Z11,2026-09-28T20:00:00,0.69
Z11,2026-09-28T21:00:00,0.02
Z11,2026-09-28T22:00:00,0.0
Z11,2026-09-28T23:00:00,0.0
Z11,2026-09-29T00:00:00,0.09
Z11,2026-09-29T01:00:00,0.02
Z11,2026-09-29T02:00:00,0.0
Z11,2026-09-29T03:00:00,0.0
Z11,2026-09-29T04:00:00,0.0
Z11,2026-09-29T05:00:00,0.14
Z11,2026-09-29T06:00:00,0.0
Z11,2026-09-29T07:00:00,0.0
Z11,2026-09-29T08:00:00,0.0
Z11,2026-09-29T09:00:00,0.0
Z11,2026-09-29T10:00:00,0.01
Z11,2026-09-29T11:00:00,0.0
Z11,2026-09-29T12:00:00,0.19
Z11,2026-09-29T13:00:00,0.51
Z11,2026-09-29T14:00:00,0.0
Z11,2026-09-29T15:00:00,0.0
Z11,2026-09-29T16:00:00,0.0
Z11,2026-09-29T17:00:00,0.0
Z11,2026-09-29T18:00:00,0.0
Z11,2026-09-29T19:00:00,0.0
Z11,2026-09-29T20:00:00,0.0
Z11,2026-09-29T21:00:00,0.0
Z11,2026-09-29T22:00:00,0.01
Z11,2026-09-29T23:00:00,0.01
Z11,2026-09-30T00:00:00,0.0
Z11,2026-09-30T01:00:00,0.0
Z11,2026-09-30T02:00:00,0.0
Z11,2026-09-30T03:00:00,0.0
Z11,2026-09-30T04:00:00,0.0
Z11,2026-09-30T05:00:00,0.0
Z11,2026-09-30T06:00:00,0.0
Z11,2026-09-30T07:00:00,0.05
Z11,2026-09-30T08:00:00,0.22
Z11,2026-09-30T09:00:00,0.16
Z11,2026-09-30T10:00:00,0.43
Z11,2026-09-30T11:00:00,0.1
Z11,2026-09-30T12:00:00,0.0
Z11,2026-09-30T13:00:00,0.0
Z11,2026-09-30T14:00:00,0.0
Z11,2026-09-30T15:00:00,0.0
Z11,2026-09-30T16:00:00,0.0
Z11,2026-09-30T17:00:00,0.0
Z11,2026-09-30T18:00:00,0.04
Z11,2026-09-30T19:00:00,0.08
Z11,2026-09-30T20:00:00,0.05
Z11,2026-09-30T21:00:00,0.2
Z11,2026-09-30T22:00:00,0.44
Z11,2026-09-30T23:00:00,0.0
Z11,2026-10-01T00:00:00,0.0
Z11,2026-10-01T01:00:00,0.0
Z11,2026-10-01T02:00:00,0.0
Z11,2026-10-01T03:00:00,0.0
Z11,2026-10-01T04:00:00,0.0
Z11,2026-10-01T05:00:00,0.0
Z11,2026-10-01T06:00:00,0.0
Z11,2026-10-01T07:00:00,0.0
Z11,2026-10-01T08:00:00,1.43
Z11,2026-10-01T09:00:00,0.12
Z11,2026-10-01T10:00:00,2.84
Z11,2026-10-01T11:00:00,0.08
Z11,2026-10-01T12:00:00,0.0
Z11,2026-10-01T13:00:00,0.0
Z11,2026-10-01T14:00:00,0.66
Z11,2026-10-01T15:00:00,0.0
Z11,2026-10-01T16:00:00,0.0
Z11,2026-10-01T17:00:00,0.0
Z11,2026-10-01T18:00:00,0.02
Z11,2026-10-01T19:00:00,0.0
Z11,2026-10-01T20:00:00,0.0
Z11,2026-10-01T21:00:00,0.1
Z11,2026-10-01T22:00:00,0.1
Z11,2026-10-01T23:00:00,0.09
Z11,2026-10-02T00:00:00,0.0
Z11,2026-10-02T01:00:00,0.0
Z11,2026-10-02T02:00:00,1.56
Z11,2026-10-02T03:00:00,0.0
Z11,2026-10-02T04:00:00,0.0
Z11,2026-10-02T05:00:00,0.0
Z11,2026-10-02T06:00:00,0.0
Z11,2026-10-02T07:00:00,0.0
Z11,2026-10-02T08:00:00,0.73
Z11,2026-10-02T09:00:00,0.14
Z11,2026-10-02T10:00:00,0.0
Z11,2026-10-02T11:00:00,0.0
Z11,2026-10-02T12:00:00,0.0
Z11,2026-10-02T13:00:00,0.0
Z11,2026-10-02T14:00:00,0.45
Z11,2026-10-02T15:00:00,0.23
Z11,2026-10-02T16:00:00,0.0
Z11,2026-10-02T17:00:00,0.01
Z11,2026-10-02T18:00:00,0.0
Z11,2026-10-02T19:00:00,0.35
Z11,2026-10-02T20:00:00,0.26
Z11,2026-10-02T21:00:00,0.0
Z11,2026-10-02T22:00:00,0.13
Z11,2026-10-02T23:00:00,0.0
Z11,2026-10-03T00:00:00,0.0
Z11,2026-10-03T01:00:00,0.01
Z11,2026-10-03T02:00:00,0.44
Z11,2026-10-03T03:00:00,0.0
Z11,2026-10-03T04:00:00,0.0
Z11,2026-10-03T05:00:00,0.0
Z11,2026-10-03T06:00:00,0.0
Z11,2026-10-03T07:00:00,0.29
Z11,2026-10-03T08:00:00,0.0
Z11,2026-10-03T09:00:00,0.0
Z12,2026-09-26T10:00:00,0.0
Z12,2026-09-26T11:00:00,0.0
Z12,2026-09-26T12:00:00,3.3
Z12,2026-09-26T13:00:00,0.0
Z12,2026-09-26T14:00:00,0.0
Z12,2026-09-26T15:00:00,0.15
Z12,2026-09-26T16:00:00,0.0
Z12,2026-09-26T17:00:00,0.0
Z12,2026-09-26T18:00:00,0.59
Z12,2026-09-26T19:00:00,0.0
Z12,2026-09-26T20:00:00,0.31
Z12,2026-09-26T21:00:00,0.0
Z12,2026-09-26T22:00:00,0.0
Z12,2026-09-26T23:00:00,0.0
Z12,2026-09-27T00:00:00,0.03
Z12,2026-09-27T01:00:00,0.0
Z12,2026-09-27T02:00:00,0.0
Z12,2026-09-27T03:00:00,0.06
Z12,2026-09-27T04:00:00,1.93
Z12,2026-09-27T05:00:00,0.0
Z12,2026-09-27T06:00:00,0.0
Z12,2026-09-27T07:00:00,0.05
Z12,2026-09-27T08:00:00,0.26
Z12,2026-09-27T09:00:00,0.3
Z12,2026-09-27T10:00:00,0.0
Z12,2026-09-27T11:00:00,0.45
Z12,2026-09-27T12:00:00,0.0
Z12,2026-09-27T13:00:00,0.01
Z12,2026-09-27T14:00:00,0.01
Z12,2026-09-27T15:00:00,0.0
Z12,2026-09-27T16:00:00,0.0
Z12,2026-09-27T17:00:00,0.0
Z12,2026-09-27T18:00:00,0.0
Z12,2026-09-27T19:00:00,0.0
Z12,2026-09-27T20:00:00,1.3
Z12,2026-09-27T21:00:00,0.02
Z12,2026-09-27T22:00:00,0.0
Z12,2026-09-27T23:00:00,0.0
Z12,2026-09-28T00:00:00,0.0
Z12,2026-09-28T01:00:00,0.0
Z12,2026-09-28T02:00:00,0.0
Z12,2026-09-28T03:00:00,0.0
Z12,2026-09-28T04:00:00,3.58
Z12,2026-09-28T05:00:00,0.0
Z12,2026-09-28T06:00:00,0.0
Z12,2026-09-28T07:00:00,0.72
Z12,2026-09-28T08:00:00,0.22
Z12,2026-09-28T09:00:00,1.03
Z12,2026-09-28T10:00:00,0.0
Z12,2026-09-28T11:00:00,0.0
Z12,2026-09-28T12:00:00,1.24
Z12,2026-09-28T13:00:00,0.03
Z12,2026-09-28T14:00:00,0.0
Z12,2026-09-28T15:00:00,0.02
Z12,2026-09-28T16:00:00,0.0
Z12,2026-09-28T17:00:00,0.76
Z12,2026-09-28T18:00:00,0.0
Z12,2026-09-28T19:00:00,0.1
Z12,2026-09-28T20:00:00,0.04
Z12,2026-09-28T21:00:00,0.0
Z12,2026-09-28T22:00:00,0.0
Z12,2026-09-28T23:00:00,0.0
Z12,2026-09-29T00:00:00,0.0
Z12,2026-09-29T01:00:00,0.0
Z12,2026-09-29T02:00:00,0.02
Z12,2026-09-29T03:00:00,0.0
Z12,2026-09-29T04:00:00,0.18
Z12,2026-09-29T05:00:00,0.0
Z12,2026-09-29T06:00:00,0.0
Z12,2026-09-29T07:00:00,0.0
Z12,2026-09-29T08:00:00,0.32
Z12,2026-09-29T09:00:00,0.0
Z12,2026-09-29T10:00:00,1.09
Z12,2026-09-29T11:00:00,0.03
Z12,2026-09-29T12:00:00,0.09
Z12,2026-09-29T13:00:00,0.0
Z12,2026-09-29T14:00:00,0.3
Z12,2026-09-29T15:00:00,0.0
Z12,2026-09-29T16:00:00,0.0
Z12,2026-09-29T17:00:00,0.0
Z12,2026-09-29T18:00:00,0.0
Z12,2026-09-29T19:00:00,0.06
Z12,2026-09-29T20:00:00,0.0
Z12,2026-09-29T21:00:00,0.0
Z12,2026-09-29T22:00:00,0.0
Z12,2026-09-29T23:00:00,1.33
Z12,2026-09-30T00:00:00,0.0
Z12,2026-09-30T01:00:00,0.0
Z12,2026-09-30T02:00:00,0.0
Z12,2026-09-30T03:00:00,0.0
Z12,2026-09-30T04:00:00,0.62
Z12,2026-09-30T05:00:00,0.01
Z12,2026-09-30T06:00:00,0.0
Z12,2026-09-30T07:00:00,0.06
Z12,2026-09-30T08:00:00,0.0
Z12,2026-09-30T09:00:00,0.0
Z12,2026-09-30T10:00:00,0.0
Z12,2026-09-30T11:00:00,0.01
Z12,2026-09-30T12:00:00,0.0
Z12,2026-09-30T13:00:00,0.0
Z12,2026-09-30T14:00:00,0.0
Z12,2026-09-30T15:00:00,0.01
Z12,2026-09-30T16:00:00,0.12
Z12,2026-09-30T17:00:00,0.0
Z12,2026-09-30T18:00:00,0.0
Z12,2026-09-30T19:00:00,0.0
Z12,2026-09-30T20:00:00,0.0
Z12,2026-09-30T21:00:00,2.24
Z12,2026-09-30T22:00:00,0.0
Z12,2026-09-30T23:00:00,0.0
Z12,2026-10-01T00:00:00,0.33
Z12,2026-10-01T01:00:00,0.69
Z12,2026-10-01T02:00:00,0.0
Z12,2026-10-01T03:00:00,0.0
Z12,2026-10-01T04:00:00,0.0
Z12,2026-10-01T05:00:00,2.11
Z12,2026-10-01T06:00:00,0.0
Z12,2026-10-01T07:00:00,0.18
Z12,2026-10-01T08:00:00,0.0
Z12,2026-10-01T09:00:00,0.5
Z12,2026-10-01T10:00:00,0.19
Z12,2026-10-01T11:00:00,2.75
Z12,2026-10-01T12:00:00,4.33
Z12,2026-10-01T13:00:00,0.03
Z12,2026-10-01T14:00:00,0.0
Z12,2026-10-01T15:00:00,0.02
Z12,2026-10-01T16:00:00,0.15
Z12,2026-10-01T17:00:00,0.0
Z12,2026-10-01T18:00:00,0.0
Z12,2026-10-01T19:00:00,0.0
Z12,2026-10-01T20:00:00,0.0
Z12,2026-10-01T21:00:00,0.25
Z12,2026-10-01T22:00:00,0.59
Z12,2026-10-01T23:00:00,0.0
Z12,2026-10-02T00:00:00,0.0
Z12,2026-10-02T01:00:00,0.0
Z12,2026-10-02T02:00:00,0.83
Z12,2026-10-02T03:00:00,0.0
Z12,2026-10-02T04:00:00,0.0
Z12,2026-10-02T05:00:00,0.0
Z12,2026-10-02T06:00:00,0.0
Z12,2026-10-02T07:00:00,0.43
Z12,2026-10-02T08:00:00,0.0
Z12,2026-10-02T09:00:00,0.0
Z12,2026-10-02T10:00:00,0.0
Z12,2026-10-02T11:00:00,0.0
Z12,2026-10-02T12:00:00,0.0
Z12,2026-10-02T13:00:00,0.0
Z12,2026-10-02T14:00:00,0.0
Z12,2026-10-02T15:00:00,0.0
Z12,2026-10-02T16:00:00,0.0
Z12,2026-10-02T17:00:00,0.0
Z12,2026-10-02T18:00:00,1.18
Z12,2026-10-02T19:00:00,0.02
Z12,2026-10-02T20:00:00,0.0
Z12,2026-10-02T21:00:00,0.05
Z12,2026-10-02T22:00:00,0.39
Z12,2026-10-02T23:00:00,0.0
Z12,2026-10-03T00:00:00,0.23
Z12,2026-10-03T01:00:00,0.12
Z12,2026-10-03T02:00:00,0.0
Z12,2026-10-03T03:00:00,0.0
Z12,2026-10-03T04:00:00,1.79
Z12,2026-10-03T05:00:00,0.01
Z12,2026-10-03T06:00:00,0.0
Z12,2026-10-03T07:00:00,0.04
Z12,2026-10-03T08:00:00,2.77
Z12,2026-10-03T09:00:00,0.1
Z13,2026-09-26T10:00:00,0.0
Z13,2026-09-26T11:00:00,0.0
Z13,2026-09-26T12:00:00,0.0
Z13,2026-09-26T13:00:00,0.35
Z13,2026-09-26T14:00:00,0.0
Z13,2026-09-26T15:00:00,0.0
Z13,2026-09-26T16:00:00,0.0
Z13,2026-09-26T17:00:00,1.32
Z13,2026-09-26T18:00:00,0.0
Z13,2026-09-26T19:00:00,3.19
Z13,2026-09-26T20:00:00,0.0
Z13,2026-09-26T21:00:00,0.0
Z13,2026-09-26T22:00:00,0.03
Z13,2026-09-26T23:00:00,0.28
Z13,2026-09-27T00:00:00,0.0
Z13,2026-09-27T01:00:00,0.0
Z13,2026-09-27T02:00:00,1.1
Z13,2026-09-27T03:00:00,0.0
Z13,2026-09-27T04:00:00,0.0
Z13,2026-09-27T05:00:00,0.0
Z13,2026-09-27T06:00:00,0.25
Z13,2026-09-27T07:00:00,0.0
Z13,2026-09-27T08:00:00,0.0
Z13,2026-09-27T09:00:00,0.0
Z13,2026-09-27T10:00:00,1.82
Z13,2026-09-27T11:00:00,0.0
Z13,2026-09-27T12:00:00,0.0
Z13,2026-09-27T13:00:00,0.0
Z13,2026-09-27T14:00:00,0.0
Z13,2026-09-27T15:00:00,0.0
Z13,2026-09-27T16:00:00,0.0
Z13,2026-09-27T17:00:00,0.0
Z13,2026-09-27T18:00:00,0.0
Z13,2026-09-27T19:00:00,0.0
Z13,2026-09-27T20:00:00,0.35
Z13,2026-09-27T21:00:00,0.0
Z13,2026-09-27T22:00:00,0.0
Z13,2026-09-27T23:00:00,0.0
Z13,2026-09-28T00:00:00,0.0
Z13,2026-09-28T01:00:00,0.08
Z13,2026-09-28T02:00:00,0.0
Z13,2026-09-28T03:00:00,0.0
Z13,2026-09-28T04:00:00,0.0
Z13,2026-09-28T05:00:00,0.0
Z13,2026-09-28T06:00:00,0.29
Z13,2026-09-28T07:00:00,0.0
Z13,2026-09-28T08:00:00,0.0
Z13,2026-09-28T09:00:00,0.0
Z13,2026-09-28T10:00:00,0.0
Z13,2026-09-28T11:00:00,0.0
Z13,2026-09-28T12:00:00,0.05
Z13,2026-09-28T13:00:00,0.0
Z13,2026-09-28T14:00:00,0.0
Z13,2026-09-28T15:00:00,0.04
Z13,2026-09-28T16:00:00,0.05
Z13,2026-09-28T17:00:00,0.25
Z13,2026-09-28T18:00:00,0.05
Z13,2026-09-28T19:00:00,0.78
Z13,2026-09-28T20:00:00,0.0
Z13,2026-09-28T21:00:00,0.0
Z13,2026-09-28T22:00:00,0.0
Z13,2026-09-28T23:00:00,3.02
Z13,2026-09-29T00:00:00,0.0
Z13,2026-09-29T01:00:00,1.93
Z13,2026-09-29T02:00:00,0.0
Z13,2026-09-29T03:00:00,0.0
Z13,2026-09-29T04:00:00,0.0
Z13,2026-09-29T05:00:00,0.0
Z13,2026-09-29T06:00:00,0.08
Z13,2026-09-29T07:00:00,2.51
Z13,2026-09-29T08:00:00,0.0
Z13,2026-09-29T09:00:00,0.0
Z13,2026-09-29T10:00:00,0.0
Z13,2026-09-29T11:00:00,0.5
Z13,2026-09-29T12:00:00,0.0
Z13,2026-09-29T13:00:00,0.0
Z13,2026-09-29T14:00:00,2.0
Z13,2026-09-29T15:00:00,0.03
Z13,2026-09-29T16:00:00,0.0
Z13,2026-09-29T17:00:00,0.0
Z13,2026-09-29T18:00:00,0.19
Z13,2026-09-29T19:00:00,2.66
Z13,2026-09-29T20:00:00,0.0
Z13,2026-09-29T21:00:00,0.0
Z13,2026-09-29T22:00:00,0.0
Z13,2026-09-29T23:00:00,0.0
Z13,2026-09-30T00:00:00,1.4
Z13,2026-09-30T01:00:00,0.0
Z13,2026-09-30T02:00:00,0.0
Z13,2026-09-30T03:00:00,0.02
Z13,2026-09-30T04:00:00,0.0
Z13,2026-09-30T05:00:00,0.46
Z13,2026-09-30T06:00:00,1.14
Z13,2026-09-30T07:00:00,0.0
Z13,2026-09-30T08:00:00,0.06
Z13,2026-09-30T09:00:00,0.0
Z13,2026-09-30T10:00:00,1.52
Z13,2026-09-30T11:00:00,0.0
Z13,2026-09-30T12:00:00,0.43
Z13,2026-09-30T13:00:00,0.97
Z13,2026-09-30T14:00:00,0.0
Z13,2026-09-30T15:00:00,0.08
Z13,2026-09-30T16:00:00,0.0
Z13,2026-09-30T17:00:00,0.0
Z13,2026-09-30T18:00:00,10.74
Z13,2026-09-30T19:00:00,0.0
Z13,2026-09-30T20:00:00,0.0
Z13,2026-09-30T21:00:00,0.0
Z13,2026-09-30T22:00:00,0.03
Z13,2026-09-30T23:00:00,0.0
Z13,2026-10-01T00:00:00,0.0
Z13,2026-10-01T01:00:00,0.0
Z13,2026-10-01T02:00:00,0.0
Z13,2026-10-01T03:00:00,0.0
Z13,2026-10-01T04:00:00,0.0
Z13,2026-10-01T05:00:00,0.28
Z13,2026-10-01T06:00:00,0.0
Z13,2026-10-01T07:00:00,0.0
Z13,2026-10-01T08:00:00,0.69
Z13,2026-10-01T09:00:00,0.0
Z13,2026-10-01T10:00:00,0.94
Z13,2026-10-01T11:00:00,1.0
Z13,2026-10-01T12:00:00,0.0
Z13,2026-10-01T13:00:00,0.0
Z13,2026-10-01T14:00:00,0.0
Z13,2026-10-01T15:00:00,0.01
Z13,2026-10-01T16:00:00,0.0
Z13,2026-10-01T17:00:00,0.0
Z13,2026-10-01T18:00:00,0.63
Z13,2026-10-01T19:00:00,0.0
Z13,2026-10-01T20:00:00,0.0
Z13,2026-10-01T21:00:00,0.0
Z13,2026-10-01T22:00:00,0.0
Z13,2026-10-01T23:00:00,1.12
Z13,2026-10-02T00:00:00,0.59
Z13,2026-10-02T01:00:00,0.0
Z13,2026-10-02T02:00:00,0.0
Z13,2026-10-02T03:00:00,0.0
Z13,2026-10-02T04:00:00,0.0
Z13,2026-10-02T05:00:00,26.59
Z13,2026-10-02T06:00:00,13.3
Z13,2026-10-02T07:00:00,14.11
Z13,2026-10-02T08:00:00,16.28
Z13,2026-10-02T09:00:00,20.55
Z13,2026-10-02T10:00:00,16.37
Z13,2026-10-02T11:00:00,13.65
Z13,2026-10-02T12:00:00,15.03
Z13,2026-10-02T13:00:00,18.97
Z13,2026-10-02T14:00:00,16.01
Z13,2026-10-02T15:00:00,46.11
Z13,2026-10-02T16:00:00,18.57
Z13,2026-10-02T17:00:00,19.76
Z13,2026-10-02T18:00:00,18.67
Z13,2026-10-02T19:00:00,0.0
Z13,2026-10-02T20:00:00,0.0
Z13,2026-10-02T21:00:00,0.6
Z13,2026-10-02T22:00:00,0.0
Z13,2026-10-02T23:00:00,0.0
Z13,2026-10-03T00:00:00,0.0
Z13,2026-10-03T01:00:00,0.0
Z13,2026-10-03T02:00:00,0.3
Z13,2026-10-03T03:00:00,0.0
Z13,2026-10-03T04:00:00,0.0
Z13,2026-10-03T05:00:00,0.0
Z13,2026-10-03T06:00:00,0.0
Z13,2026-10-03T07:00:00,0.0
Z13,2026-10-03T08:00:00,0.05
Z13,2026-10-03T09:00:00,0.0
Z14,2026-09-26T10:00:00,0.0
Z14,2026-09-26T11:00:00,0.77
Z14,2026-09-26T12:00:00,0.02
Z14,2026-09-26T13:00:00,0.0
Z14,2026-09-26T14:00:00,0.0
Z14,2026-09-26T15:00:00,0.0
Z14,2026-09-26T16:00:00,1.35
Z14,2026-09-26T17:00:00,0.0
Z14,2026-09-26T18:00:00,0.0
Z14,2026-09-26T19:00:00,0.0
Z14,2026-09-26T20:00:00,0.13
Z14,2026-09-26T21:00:00,1.26
Z14,2026-09-26T22:00:00,0.11
Z14,2026-09-26T23:00:00,2.85
Z14,2026-09-27T00:00:00,0.01
Z14,2026-09-27T01:00:00,0.0
Z14,2026-09-27T02:00:00,0.0
Z14,2026-09-27T03:00:00,0.0
Z14,2026-09-27T04:00:00,0.0
Z14,2026-09-27T05:00:00,0.05
Z14,2026-09-27T06:00:00,0.0
Z14,2026-09-27T07:00:00,0.64
Z14,2026-09-27T08:00:00,0.0
Z14,2026-09-27T09:00:00,0.52
Z14,2026-09-27T10:00:00,0.0
Z14,2026-09-27T11:00:00,0.32
Z14,2026-09-27T12:00:00,0.0
Z14,2026-09-27T13:00:00,0.0
Z14,2026-09-27T14:00:00,0.07
Z14,2026-09-27T15:00:00,0.0
Z14,2026-09-27T16:00:00,0.0
Z14,2026-09-27T17:00:00,0.01
Z14,2026-09-27T18:00:00,4.66
Z14,2026-09-27T19:00:00,0.01
Z14,2026-09-27T20:00:00,0.0
Z14,2026-09-27T21:00:00,0.0
Z14,2026-09-27T22:00:00,1.03
Z14,2026-09-27T23:00:00,0.0
Z14,2026-09-28T00:00:00,0.0
Z14,2026-09-28T01:00:00,0.0
Z14,2026-09-28T02:00:00,0.0
Z14,2026-09-28T03:00:00,0.08
Z14,2026-09-28T04:00:00,1.07
Z14,2026-09-28T05:00:00,0.0
Z14,2026-09-28T06:00:00,1.07
Z14,2026-09-28T07:00:00,0.0
Z14,2026-09-28T08:00:00,0.0
Z14,2026-09-28T09:00:00,2.51
Z14,2026-09-28T10:00:00,0.0
Z14,2026-09-28T11:00:00,0.0
Z14,2026-09-28T12:00:00,0.0
Z14,2026-09-28T13:00:00,0.0
Z14,2026-09-28T14:00:00,0.0
Z14,2026-09-28T15:00:00,0.0
Z14,2026-09-28T16:00:00,0.0
Z14,2026-09-28T17:00:00,0.0
Z14,2026-09-28T18:00:00,0.0
Z14,2026-09-28T19:00:00,0.0
Z14,2026-09-28T20:00:00,0.76
Z14,2026-09-28T21:00:00,0.39
Z14,2026-09-28T22:00:00,0.0
Z14,2026-09-28T23:00:00,0.31
Z14,2026-09-29T00:00:00,0.27
Z14,2026-09-29T01:00:00,0.0
Z14,2026-09-29T02:00:00,2.42
Z14,2026-09-29T03:00:00,1.62
Z14,2026-09-29T04:00:00,0.0
Z14,2026-09-29T05:00:00,0.0
Z14,2026-09-29T06:00:00,0.0
Z14,2026-09-29T07:00:00,4.75
Z14,2026-09-29T08:00:00,0.0
Z14,2026-09-29T09:00:00,0.41
Z14,2026-09-29T10:00:00,0.0
Z14,2026-09-29T11:00:00,0.06
Z14,2026-09-29T12:00:00,1.16
Z14,2026-09-29T13:00:00,0.66
Z14,2026-09-29T14:00:00,0.0
Z14,2026-09-29T15:00:00,0.0
Z14,2026-09-29T16:00:00,0.0
Z14,2026-09-29T17:00:00,1.28
Z14,2026-09-29T18:00:00,2.52
Z14,2026-09-29T19:00:00,0.0
Z14,2026-09-29T20:00:00,0.0
Z14,2026-09-29T21:00:00,0.04
Z14,2026-09-29T22:00:00,0.0
Z14,2026-09-29T23:00:00,0.0
Z14,2026-09-30T00:00:00,0.04
Z14,2026-09-30T01:00:00,0.25
Z14,2026-09-30T02:00:00,0.0
Z14,2026-09-30T03:00:00,0.0
Z14,2026-09-30T04:00:00,0.31
Z14,2026-09-30T05:00:00,0.0
Z14,2026-09-30T06:00:00,0.0
Z14,2026-09-30T07:00:00,0.0
Z14,2026-09-30T08:00:00,0.0
Z14,2026-09-30T09:00:00,0.41
Z14,2026-09-30T10:00:00,0.14
Z14,2026-09-30T11:00:00,0.4
Z14,2026-09-30T12:00:00,4.77
Z14,2026-09-30T13:00:00,3.21
Z14,2026-09-30T14:00:00,0.13
Z14,2026-09-30T15:00:00,0.63
Z14,2026-09-30T16:00:00,0.0
Z14,2026-09-30T17:00:00,0.0
Z14,2026-09-30T18:00:00,0.0
Z14,2026-09-30T19:00:00,0.91
Z14,2026-09-30T20:00:00,0.0
Z14,2026-09-30T21:00:00,0.0
Z14,2026-09-30T22:00:00,0.0
Z14,2026-09-30T23:00:00,0.0
Z14,2026-10-01T00:00:00,0.0
Z14,2026-10-01T01:00:00,0.04
Z14,2026-10-01T02:00:00,0.04
Z14,2026-10-01T03:00:00,2.42
Z14,2026-10-01T04:00:00,0.0
Z14,2026-10-01T05:00:00,0.15
Z14,2026-10-01T06:00:00,0.49
Z14,2026-10-01T07:00:00,0.0
Z14,2026-10-01T08:00:00,1.59
Z14,2026-10-01T09:00:00,0.0
Z14,2026-10-01T10:00:00,5.5
Z14,2026-10-01T11:00:00,0.0
Z14,2026-10-01T12:00:00,0.0
Z14,2026-10-01T13:00:00,0.78
Z14,2026-10-01T14:00:00,0.0
Z14,2026-10-01T15:00:00,0.0
Z14,2026-10-01T16:00:00,1.77
Z14,2026-10-01T17:00:00,0.0
Z14,2026-10-01T18:00:00,0.0
Z14,2026-10-01T19:00:00,0.0
Z14,2026-10-01T20:00:00,0.0
Z14,2026-10-01T21:00:00,0.0
Z14,2026-10-01T22:00:00,1.45
Z14,2026-10-01T23:00:00,22.65
Z14,2026-10-02T00:00:00,15.38
Z14,2026-10-02T01:00:00,20.39
Z14,2026-10-02T02:00:00,20.66
Z14,2026-10-02T03:00:00,13.87
Z14,2026-10-02T04:00:00,26.98
Z14,2026-10-02T05:00:00,37.43
Z14,2026-10-02T06:00:00,17.0
Z14,2026-10-02T07:00:00,28.94
Z14,2026-10-02T08:00:00,17.47
Z14,2026-10-02T09:00:00,20.87
Z14,2026-10-02T10:00:00,15.25
Z14,2026-10-02T11:00:00,21.57
Z14,2026-10-02T12:00:00,50.91
Z14,2026-10-02T13:00:00,0.0
Z14,2026-10-02T14:00:00,0.67
Z14,2026-10-02T15:00:00,0.0
Z14,2026-10-02T16:00:00,0.0
Z14,2026-10-02T17:00:00,0.0
Z14,2026-10-02T18:00:00,0.0
Z14,2026-10-02T19:00:00,0.0
Z14,2026-10-02T20:00:00,0.0
Z14,2026-10-02T21:00:00,0.67
Z14,2026-10-02T22:00:00,0.0
Z14,2026-10-02T23:00:00,0.0
Z14,2026-10-03T00:00:00,0.0
Z14,2026-10-03T01:00:00,0.0
Z14,2026-10-03T02:00:00,0.0
Z14,2026-10-03T03:00:00,0.0
Z14,2026-10-03T04:00:00,0.0
Z14,2026-10-03T05:00:00,0.0
Z14,2026-10-03T06:00:00,0.0
Z14,2026-10-03T07:00:00,0.57
Z14,2026-10-03T08:00:00,0.0
Z14,2026-10-03T09:00:00,0.0
Z15,2026-09-26T10:00:00,0.0
Z15,2026-09-26T11:00:00,0.0
Z15,2026-09-26T12:00:00,0.0
Z15,2026-09-26T13:00:00,0.41
Z15,2026-09-26T14:00:00,0.21
Z15,2026-09-26T15:00:00,0.0
Z15,2026-09-26T16:00:00,0.0
Z15,2026-09-26T17:00:00,0.0
Z15,2026-09-26T18:00:00,0.0
Z15,2026-09-26T19:00:00,0.0
Z15,2026-09-26T20:00:00,0.09
Z15,2026-09-26T21:00:00,0.98
Z15,2026-09-26T22:00:00,0.64
Z15,2026-09-26T23:00:00,0.0
Z15,2026-09-27T00:00:00,0.0
Z15,2026-09-27T01:00:00,0.0
Z15,2026-09-27T02:00:00,1.41
Z15,2026-09-27T03:00:00,1.87
Z15,2026-09-27T04:00:00,0.35
Z15,2026-09-27T05:00:00,0.08
Z15,2026-09-27T06:00:00,1.43
Z15,2026-09-27T07:00:00,0.76
Z15,2026-09-27T08:00:00,1.26
Z15,2026-09-27T09:00:00,0.0
Z15,2026-09-27T10:00:00,0.04
Z15,2026-09-27T11:00:00,0.06
Z15,2026-09-27T12:00:00,0.01
Z15,2026-09-27T13:00:00,0.0
Z15,2026-09-27T14:00:00,0.0
Z15,2026-09-27T15:00:00,0.05
Z15,2026-09-27T16:00:00,0.04
Z15,2026-09-27T17:00:00,0.0
Z15,2026-09-27T18:00:00,0.0
Z15,2026-09-27T19:00:00,0.0
Z15,2026-09-27T20:00:00,0.0
Z15,2026-09-27T21:00:00,0.0
Z15,2026-09-27T22:00:00,0.0
Z15,2026-09-27T23:00:00,0.0
Z15,2026-09-28T00:00:00,0.0
Z15,2026-09-28T01:00:00,0.51
Z15,2026-09-28T02:00:00,0.0
Z15,2026-09-28T03:00:00,0.12
Z15,2026-09-28T04:00:00,1.87
Z15,2026-09-28T05:00:00,0.0
Z15,2026-09-28T06:00:00,0.0
Z15,2026-09-28T07:00:00,0.0
Z15,2026-09-28T08:00:00,0.03
Z15,2026-09-28T09:00:00,0.0
Z15,2026-09-28T10:00:00,0.0
Z15,2026-09-28T11:00:00,0.37
Z15,2026-09-28T12:00:00,3.13
Z15,2026-09-28T13:00:00,0.0
Z15,2026-09-28T14:00:00,0.05
Z15,2026-09-28T15:00:00,5.16
Z15,2026-09-28T16:00:00,0.0
Z15,2026-09-28T17:00:00,0.01
Z15,2026-09-28T18:00:00,0.0
Z15,2026-09-28T19:00:00,0.0
Z15,2026-09-28T20:00:00,0.0
Z15,2026-09-28T21:00:00,0.0
Z15,2026-09-28T22:00:00,0.0
Z15,2026-09-28T23:00:00,0.0
Z15,2026-09-29T00:00:00,0.0
Z15,2026-09-29T01:00:00,0.0
Z15,2026-09-29T02:00:00,0.0
Z15,2026-09-29T03:00:00,0.0
Z15,2026-09-29T04:00:00,0.04
Z15,2026-09-29T05:00:00,0.78
Z15,2026-09-29T06:00:00,0.05
Z15,2026-09-29T07:00:00,0.01
Z15,2026-09-29T08:00:00,0.0
Z15,2026-09-29T09:00:00,0.26
Z15,2026-09-29T10:00:00,0.04
Z15,2026-09-29T11:00:00,0.0
Z15,2026-09-29T12:00:00,0.0
Z15,2026-09-29T13:00:00,1.99
Z15,2026-09-29T14:00:00,0.0
Z15,2026-09-29T15:00:00,0.0
Z15,2026-09-29T16:00:00,1.69
Z15,2026-09-29T17:00:00,0.0
Z15,2026-09-29T18:00:00,0.0
Z15,2026-09-29T19:00:00,0.0
Z15,2026-09-29T20:00:00,0.0
Z15,2026-09-29T21:00:00,0.0
Z15,2026-09-29T22:00:00,0.0
Z15,2026-09-29T23:00:00,0.0
Z15,2026-09-30T00:00:00,0.0
Z15,2026-09-30T01:00:00,0.14
Z15,2026-09-30T02:00:00,0.0
Z15,2026-09-30T03:00:00,0.0
Z15,2026-09-30T04:00:00,0.0
Z15,2026-09-30T05:00:00,0.0
Z15,2026-09-30T06:00:00,0.0
Z15,2026-09-30T07:00:00,0.64
Z15,2026-09-30T08:00:00,0.0
Z15,2026-09-30T09:00:00,0.0
Z15,2026-09-30T10:00:00,0.0
Z15,2026-09-30T11:00:00,0.02
Z15,2026-09-30T12:00:00,0.0
Z15,2026-09-30T13:00:00,0.0
Z15,2026-09-30T14:00:00,0.41
Z15,2026-09-30T15:00:00,0.0
Z15,2026-09-30T16:00:00,0.25
Z15,2026-09-30T17:00:00,0.0
Z15,2026-09-30T18:00:00,0.04
Z15,2026-09-30T19:00:00,1.13
Z15,2026-09-30T20:00:00,2.81
Z15,2026-09-30T21:00:00,0.43
Z15,2026-09-30T22:00:00,0.0
Z15,2026-09-30T23:00:00,0.76
Z15,2026-10-01T00:00:00,0.14
Z15,2026-10-01T01:00:00,0.0
Z15,2026-10-01T02:00:00,0.0
Z15,2026-10-01T03:00:00,0.18
Z15,2026-10-01T04:00:00,1.93
Z15,2026-10-01T05:00:00,0.03
Z15,2026-10-01T06:00:00,0.1
Z15,2026-10-01T07:00:00,0.0
Z15,2026-10-01T08:00:00,0.0
Z15,2026-10-01T09:00:00,1.96
Z15,2026-10-01T10:00:00,0.0
Z15,2026-10-01T11:00:00,0.0
Z15,2026-10-01T12:00:00,0.0
Z15,2026-10-01T13:00:00,0.0
Z15,2026-10-01T14:00:00,0.0
Z15,2026-10-01T15:00:00,0.0
Z15,2026-10-01T16:00:00,0.04
Z15,2026-10-01T17:00:00,0.0
Z15,2026-10-01T18:00:00,0.0
Z15,2026-10-01T19:00:00,0.03
Z15,2026-10-01T20:00:00,0.01
Z15,2026-10-01T21:00:00,1.2
Z15,2026-10-01T22:00:00,0.0
Z15,2026-10-01T23:00:00,0.0
Z15,2026-10-02T00:00:00,0.0
Z15,2026-10-02T01:00:00,0.07
Z15,2026-10-02T02:00:00,0.0
Z15,2026-10-02T03:00:00,0.19
Z15,2026-10-02T04:00:00,0.0
Z15,2026-10-02T05:00:00,0.13
Z15,2026-10-02T06:00:00,1.55
Z15,2026-10-02T07:00:00,0.05
Z15,2026-10-02T08:00:00,3.3
Z15,2026-10-02T09:00:00,0.0
Z15,2026-10-02T10:00:00,0.01
Z15,2026-10-02T11:00:00,0.0
Z15,2026-10-02T12:00:00,0.0
Z15,2026-10-02T13:00:00,0.0
Z15,2026-10-02T14:00:00,0.23
Z15,2026-10-02T15:00:00,0.0
Z15,2026-10-02T16:00:00,0.57
Z15,2026-10-02T17:00:00,0.59
Z15,2026-10-02T18:00:00,0.19
Z15,2026-10-02T19:00:00,0.0
Z15,2026-10-02T20:00:00,0.4
Z15,2026-10-02T21:00:00,0.0
Z15,2026-10-02T22:00:00,0.16
Z15,2026-10-02T23:00:00,0.0
Z15,2026-10-03T00:00:00,1.18
Z15,2026-10-03T01:00:00,0.0
Z15,2026-10-03T02:00:00,0.0
Z15,2026-10-03T03:00:00,0.0
Z15,2026-10-03T04:00:00,0.0
Z15,2026-10-03T05:00:00,0.44
Z15,2026-10-03T06:00:00,0.0
Z15,2026-10-03T07:00:00,0.0
Z15,2026-10-03T08:00:00,0.02
Z15,2026-10-03T09:00:00,0.0
Z16,2026-09-26T10:00:00,0.06
Z16,2026-09-26T11:00:00,0.0
Z16,2026-09-26T12:00:00,0.0
Z16,2026-09-26T13:00:00,0.0
Z16,2026-09-26T14:00:00,0.0
Z16,2026-09-26T15:00:00,0.0
Z16,2026-09-26T16:00:00,0.0
Z16,2026-09-26T17:00:00,0.0
Z16,2026-09-26T18:00:00,0.06
Z16,2026-09-26T19:00:00,0.0
Z16,2026-09-26T20:00:00,0.0
Z16,2026-09-26T21:00:00,1.21
Z16,2026-09-26T22:00:00,0.0
Z16,2026-09-26T23:00:00,0.0
Z16,2026-09-27T00:00:00,0.0
Z16,2026-09-27T01:00:00,0.68
Z16,2026-09-27T02:00:00,4.67
Z16,2026-09-27T03:00:00,0.0
Z16,2026-09-27T04:00:00,0.0
Z16,2026-09-27T05:00:00,0.0
Z16,2026-09-27T06:00:00,0.0
Z16,2026-09-27T07:00:00,0.0
Z16,2026-09-27T08:00:00,0.19
Z16,2026-09-27T09:00:00,0.24
Z16,2026-09-27T10:00:00,0.45
Z16,2026-09-27T11:00:00,0.06
Z16,2026-09-27T12:00:00,0.0
Z16,2026-09-27T13:00:00,0.45
Z16,2026-09-27T14:00:00,0.0
Z16,2026-09-27T15:00:00,0.0
Z16,2026-09-27T16:00:00,0.03
Z16,2026-09-27T17:00:00,0.18
Z16,2026-09-27T18:00:00,0.07
Z16,2026-09-27T19:00:00,0.0
Z16,2026-09-27T20:00:00,0.05
Z16,2026-09-27T21:00:00,0.71
Z16,2026-09-27T22:00:00,0.0
Z16,2026-09-27T23:00:00,0.22
Z16,2026-09-28T00:00:00,0.35
Z16,2026-09-28T01:00:00,0.0
Z16,2026-09-28T02:00:00,0.0
Z16,2026-09-28T03:00:00,0.0
Z16,2026-09-28T04:00:00,0.22
Z16,2026-09-28T05:00:00,0.0
Z16,2026-09-28T06:00:00,0.11
Z16,2026-09-28T07:00:00,0.0
Z16,2026-09-28T08:00:00,0.0
Z16,2026-09-28T09:00:00,0.0
Z16,2026-09-28T10:00:00,0.0
Z16,2026-09-28T11:00:00,0.0
Z16,2026-09-28T12:00:00,0.0
Z16,2026-09-28T13:00:00,0.0
Z16,2026-09-28T14:00:00,0.0
Z16,2026-09-28T15:00:00,0.12
Z16,2026-09-28T16:00:00,0.31
Z16,2026-09-28T17:00:00,0.12
Z16,2026-09-28T18:00:00,0.0
Z16,2026-09-28T19:00:00,0.02
Z16,2026-09-28T20:00:00,0.21
Z16,2026-09-28T21:00:00,0.0
Z16,2026-09-28T22:00:00,0.0
Z16,2026-09-28T23:00:00,0.46
Z16,2026-09-29T00:00:00,0.04
Z16,2026-09-29T01:00:00,0.23
Z16,2026-09-29T02:00:00,0.01
Z16,2026-09-29T03:00:00,0.0
Z16,2026-09-29T04:00:00,1.07
Z16,2026-09-29T05:00:00,0.0
Z16,2026-09-29T06:00:00,0.0
Z16,2026-09-29T07:00:00,0.0
Z16,2026-09-29T08:00:00,0.32
Z16,2026-09-29T09:00:00,0.0
Z16,2026-09-29T10:00:00,0.0
Z16,2026-09-29T11:00:00,0.49
Z16,2026-09-29T12:00:00,2.18
Z16,2026-09-29T13:00:00,0.0
Z16,2026-09-29T14:00:00,0.02
Z16,2026-09-29T15:00:00,0.11
Z16,2026-09-29T16:00:00,0.1
Z16,2026-09-29T17:00:00,7.79
Z16,2026-09-29T18:00:00,0.0
Z16,2026-09-29T19:00:00,0.0
Z16,2026-09-29T20:00:00,0.04
Z16,2026-09-29T21:00:00,0.0
Z16,2026-09-29T22:00:00,0.52
Z16,2026-09-29T23:00:00,0.0
Z16,2026-09-30T00:00:00,0.0
Z16,2026-09-30T01:00:00,0.0
Z16,2026-09-30T02:00:00,0.83
Z16,2026-09-30T03:00:00,0.0
Z16,2026-09-30T04:00:00,0.0
Z16,2026-09-30T05:00:00,1.18
Z16,2026-09-30T06:00:00,0.0
Z16,2026-09-30T07:00:00,0.0
Z16,2026-09-30T08:00:00,0.0
Z16,2026-09-30T09:00:00,0.0
Z16,2026-09-30T10:00:00,0.0
Z16,2026-09-30T11:00:00,0.0
Z16,2026-09-30T12:00:00,1.32
Z16,2026-09-30T13:00:00,0.0
Z16,2026-09-30T14:00:00,0.0
Z16,2026-09-30T15:00:00,0.0
Z16,2026-09-30T16:00:00,0.0
Z16,2026-09-30T17:00:00,0.0
Z16,2026-09-30T18:00:00,0.02
Z16,2026-09-30T19:00:00,0.1
Z16,2026-09-30T20:00:00,1.96
Z16,2026-09-30T21:00:00,0.0
Z16,2026-09-30T22:00:00,0.42
Z16,2026-09-30T23:00:00,0.0
Z16,2026-10-01T00:00:00,0.0
Z16,2026-10-01T01:00:00,0.0
Z16,2026-10-01T02:00:00,0.0
Z16,2026-10-01T03:00:00,0.0
Z16,2026-10-01T04:00:00,2.05
Z16,2026-10-01T05:00:00,0.0
Z16,2026-10-01T06:00:00,1.26
Z16,2026-10-01T07:00:00,2.45
Z16,2026-10-01T08:00:00,0.0
Z16,2026-10-01T09:00:00,0.85
Z16,2026-10-01T10:00:00,0.02
Z16,2026-10-01T11:00:00,0.0
Z16,2026-10-01T12:00:00,0.0
Z16,2026-10-01T13:00:00,0.0
Z16,2026-10-01T14:00:00,0.0
Z16,2026-10-01T15:00:00,0.0
Z16,2026-10-01T16:00:00,0.14
Z16,2026-10-01T17:00:00,0.0
Z16,2026-10-01T18:00:00,0.21
Z16,2026-10-01T19:00:00,0.0
Z16,2026-10-01T20:00:00,0.0
Z16,2026-10-01T21:00:00,0.0
Z16,2026-10-01T22:00:00,0.0
Z16,2026-10-01T23:00:00,1.64
Z16,2026-10-02T00:00:00,0.28
Z16,2026-10-02T01:00:00,0.0
Z16,2026-10-02T02:00:00,0.0
Z16,2026-10-02T03:00:00,0.09
Z16,2026-10-02T04:00:00,3.33
Z16,2026-10-02T05:00:00,0.8
Z16,2026-10-02T06:00:00,0.0
Z16,2026-10-02T07:00:00,1.51
Z16,2026-10-02T08:00:00,0.0
Z16,2026-10-02T09:00:00,0.0
Z16,2026-10-02T10:00:00,0.8
Z16,2026-10-02T11:00:00,1.69
Z16,2026-10-02T12:00:00,0.0
Z16,2026-10-02T13:00:00,0.0
Z16,2026-10-02T14:00:00,0.0
Z16,2026-10-02T15:00:00,0.0
Z16,2026-10-02T16:00:00,0.33
Z16,2026-10-02T17:00:00,0.0
Z16,2026-10-02T18:00:00,0.0
Z16,2026-10-02T19:00:00,0.22
Z16,2026-10-02T20:00:00,1.85
Z16,2026-10-02T21:00:00,0.0
Z16,2026-10-02T22:00:00,0.0
Z16,2026-10-02T23:00:00,0.01
Z16,2026-10-03T00:00:00,0.0
Z16,2026-10-03T01:00:00,0.0
Z16,2026-10-03T02:00:00,0.0
Z16,2026-10-03T03:00:00,0.0
Z16,2026-10-03T04:00:00,0.0
Z16,2026-10-03T05:00:00,0.01
Z16,2026-10-03T06:00:00,0.0
Z16,2026-10-03T07:00:00,1.04
Z16,2026-10-03T08:00:00,0.0
Z16,2026-10-03T09:00:00,0.9
Z17,2026-09-26T10:00:00,0.0
Z17,2026-09-26T11:00:00,0.0
Z17,2026-09-26T12:00:00,0.0
Z17,2026-09-26T13:00:00,0.07
Z17,2026-09-26T14:00:00,0.0
Z17,2026-09-26T15:00:00,0.09
Z17,2026-09-26T16:00:00,0.19
Z17,2026-09-26T17:00:00,0.0
Z17,2026-09-26T18:00:00,0.0
Z17,2026-09-26T19:00:00,0.01
Z17,2026-09-26T20:00:00,0.0
Z17,2026-09-26T21:00:00,0.0
Z17,2026-09-26T22:00:00,0.0
Z17,2026-09-26T23:00:00,0.02
Z17,2026-09-27T00:00:00,0.0
Z17,2026-09-27T01:00:00,0.0
Z17,2026-09-27T02:00:00,0.04
Z17,2026-09-27T03:00:00,0.0
Z17,2026-09-27T04:00:00,0.19
Z17,2026-09-27T05:00:00,0.1
Z17,2026-09-27T06:00:00,0.03
Z17,2026-09-27T07:00:00,0.1
Z17,2026-09-27T08:00:00,0.0
Z17,2026-09-27T09:00:00,0.0
Z17,2026-09-27T10:00:00,0.0
Z17,2026-09-27T11:00:00,0.06
Z17,2026-09-27T12:00:00,0.0
Z17,2026-09-27T13:00:00,0.09
Z17,2026-09-27T14:00:00,0.0
Z17,2026-09-27T15:00:00,0.0
Z17,2026-09-27T16:00:00,0.43
Z17,2026-09-27T17:00:00,0.49
Z17,2026-09-27T18:00:00,0.19
Z17,2026-09-27T19:00:00,0.01
Z17,2026-09-27T20:00:00,0.0
Z17,2026-09-27T21:00:00,0.0
Z17,2026-09-27T22:00:00,0.09
Z17,2026-09-27T23:00:00,0.0
Z17,2026-09-28T00:00:00,0.08
Z17,2026-09-28T01:00:00,0.02
Z17,2026-09-28T02:00:00,0.0
Z17,2026-09-28T03:00:00,0.0
Z17,2026-09-28T04:00:00,0.0
Z17,2026-09-28T05:00:00,0.09
Z17,2026-09-28T06:00:00,0.0
Z17,2026-09-28T07:00:00,0.0
Z17,2026-09-28T08:00:00,0.0
Z17,2026-09-28T09:00:00,0.12
Z17,2026-09-28T10:00:00,0.0
Z17,2026-09-28T11:00:00,0.01
Z17,2026-09-28T12:00:00,0.0
Z17,2026-09-28T13:00:00,0.19
Z17,2026-09-28T14:00:00,1.51
Z17,2026-09-28T15:00:00,0.0
Z17,2026-09-28T16:00:00,0.21
Z17,2026-09-28T17:00:00,0.0
Z17,2026-09-28T18:00:00,0.84
Z17,2026-09-28T19:00:00,0.0
Z17,2026-09-28T20:00:00,0.0
Z17,2026-09-28T21:00:00,0.0
Z17,2026-09-28T22:00:00,0.0
Z17,2026-09-28T23:00:00,0.0
Z17,2026-09-29T00:00:00,0.0
Z17,2026-09-29T01:00:00,0.0
Z17,2026-09-29T02:00:00,0.0
Z17,2026-09-29T03:00:00,0.0
Z17,2026-09-29T04:00:00,0.0
Z17,2026-09-29T05:00:00,0.0
Z17,2026-09-29T06:00:00,0.0
Z17,2026-09-29T07:00:00,0.12
Z17,2026-09-29T08:00:00,0.4
Z17,2026-09-29T09:00:00,0.0
Z17,2026-09-29T10:00:00,0.1
Z17,2026-09-29T11:00:00,0.0
Z17,2026-09-29T12:00:00,0.0
Z17,2026-09-29T13:00:00,0.0
Z17,2026-09-29T14:00:00,0.0
Z17,2026-09-29T15:00:00,0.0
Z17,2026-09-29T16:00:00,0.06
Z17,2026-09-29T17:00:00,0.0
Z17,2026-09-29T18:00:00,0.02
Z17,2026-09-29T19:00:00,0.41
Z17,2026-09-29T20:00:00,0.25
Z17,2026-09-29T21:00:00,0.0
Z17,2026-09-29T22:00:00,0.0
Z17,2026-09-29T23:00:00,0.0
Z17,2026-09-30T00:00:00,0.0
Z17,2026-09-30T01:00:00,0.0
Z17,2026-09-30T02:00:00,0.08
Z17,2026-09-30T03:00:00,0.0
Z17,2026-09-30T04:00:00,0.0
Z17,2026-09-30T05:00:00,0.0
Z17,2026-09-30T06:00:00,0.0
Z17,2026-09-30T07:00:00,0.0
Z17,2026-09-30T08:00:00,0.0
Z17,2026-09-30T09:00:00,0.0
Z17,2026-09-30T10:00:00,0.23
Z17,2026-09-30T11:00:00,0.09
Z17,2026-09-30T12:00:00,0.0
Z17,2026-09-30T13:00:00,0.82
Z17,2026-09-30T14:00:00,0.0
Z17,2026-09-30T15:00:00,0.0
Z17,2026-09-30T16:00:00,0.91
Z17,2026-09-30T17:00:00,0.0
Z17,2026-09-30T18:00:00,0.0
Z17,2026-09-30T19:00:00,1.07
Z17,2026-09-30T20:00:00,0.38
Z17,2026-09-30T21:00:00,0.07
Z17,2026-09-30T22:00:00,0.18
Z17,2026-09-30T23:00:00,0.04
Z17,2026-10-01T00:00:00,0.0
Z17,2026-10-01T01:00:00,0.0
Z17,2026-10-01T02:00:00,0.11
Z17,2026-10-01T03:00:00,0.0
Z17,2026-10-01T04:00:00,0.01
Z17,2026-10-01T05:00:00,0.0
Z17,2026-10-01T06:00:00,0.0
Z17,2026-10-01T07:00:00,0.0
Z17,2026-10-01T08:00:00,0.0
Z17,2026-10-01T09:00:00,0.03
Z17,2026-10-01T10:00:00,0.15
Z17,2026-10-01T11:00:00,0.06
Z17,2026-10-01T12:00:00,0.0
Z17,2026-10-01T13:00:00,0.0
Z17,2026-10-01T14:00:00,0.0
Z17,2026-10-01T15:00:00,0.0
Z17,2026-10-01T16:00:00,0.0
Z17,2026-10-01T17:00:00,0.0
Z17,2026-10-01T18:00:00,0.0
Z17,2026-10-01T19:00:00,0.0
Z17,2026-10-01T20:00:00,4.65
Z17,2026-10-01T21:00:00,0.08
Z17,2026-10-01T22:00:00,0.0
Z17,2026-10-01T23:00:00,0.27
Z17,2026-10-02T00:00:00,0.0
Z17,2026-10-02T01:00:00,0.0
Z17,2026-10-02T02:00:00,0.0
Z17,2026-10-02T03:00:00,0.0
Z17,2026-10-02T04:00:00,0.0
Z17,2026-10-02T05:00:00,0.01
Z17,2026-10-02T06:00:00,0.0
Z17,2026-10-02T07:00:00,0.0
Z17,2026-10-02T08:00:00,0.0
Z17,2026-10-02T09:00:00,0.61
Z17,2026-10-02T10:00:00,0.0
Z17,2026-10-02T11:00:00,0.0
Z17,2026-10-02T12:00:00,0.67
Z17,2026-10-02T13:00:00,8.59
Z17,2026-10-02T14:00:00,2.12
Z17,2026-10-02T15:00:00,3.34
Z17,2026-10-02T16:00:00,4.44
Z17,2026-10-02T17:00:00,9.22
Z17,2026-10-02T18:00:00,6.12
Z17,2026-10-02T19:00:00,4.35
Z17,2026-10-02T20:00:00,9.89
Z17,2026-10-02T21:00:00,8.67
Z17,2026-10-02T22:00:00,8.88
Z17,2026-10-02T23:00:00,5.13
Z17,2026-10-03T00:00:00,1.7
Z17,2026-10-03T01:00:00,6.66
Z17,2026-10-03T02:00:00,4.05
Z17,2026-10-03T03:00:00,0.24
Z17,2026-10-03T04:00:00,0.0
Z17,2026-10-03T05:00:00,0.0
Z17,2026-10-03T06:00:00,0.0
Z17,2026-10-03T07:00:00,0.0
Z17,2026-10-03T08:00:00,0.42
Z17,2026-10-03T09:00:00,0.0
Z18,2026-09-26T10:00:00,0.0
Z18,2026-09-26T11:00:00,0.03
Z18,2026-09-26T12:00:00,0.0
Z18,2026-09-26T13:00:00,0.0
Z18,2026-09-26T14:00:00,0.0
Z18,2026-09-26T15:00:00,0.47
Z18,2026-09-26T16:00:00,0.19
Z18,2026-09-26T17:00:00,0.04
Z18,2026-09-26T18:00:00,0.3
Z18,2026-09-26T19:00:00,0.0
Z18,2026-09-26T20:00:00,1.81
Z18,2026-09-26T21:00:00,0.0
Z18,2026-09-26T22:00:00,0.0
Z18,2026-09-26T23:00:00,0.0
Z18,2026-09-27T00:00:00,0.0
Z18,2026-09-27T01:00:00,0.0
Z18,2026-09-27T02:00:00,0.0
Z18,2026-09-27T03:00:00,0.36
Z18,2026-09-27T04:00:00,0.0
Z18,2026-09-27T05:00:00,0.0
Z18,2026-09-27T06:00:00,0.01
Z18,2026-09-27T07:00:00,0.0
Z18,2026-09-27T08:00:00,0.0
Z18,2026-09-27T09:00:00,0.0
Z18,2026-09-27T10:00:00,0.0
Z18,2026-09-27T11:00:00,0.0
Z18,2026-09-27T12:00:00,0.0
Z18,2026-09-27T13:00:00,0.01
Z18,2026-09-27T14:00:00,0.02
Z18,2026-09-27T15:00:00,0.03
Z18,2026-09-27T16:00:00,0.0
Z18,2026-09-27T17:00:00,0.0
Z18,2026-09-27T18:00:00,0.0
Z18,2026-09-27T19:00:00,0.02
Z18,2026-09-27T20:00:00,0.0
Z18,2026-09-27T21:00:00,0.03
Z18,2026-09-27T22:00:00,0.0
Z18,2026-09-27T23:00:00,0.3
Z18,2026-09-28T00:00:00,0.21
Z18,2026-09-28T01:00:00,0.04
Z18,2026-09-28T02:00:00,0.0
Z18,2026-09-28T03:00:00,0.05
Z18,2026-09-28T04:00:00,0.07
Z18,2026-09-28T05:00:00,0.05
Z18,2026-09-28T06:00:00,0.0
Z18,2026-09-28T07:00:00,0.0
Z18,2026-09-28T08:00:00,0.03
Z18,2026-09-28T09:00:00,0.0
Z18,2026-09-28T10:00:00,0.0
Z18,2026-09-28T11:00:00,0.0
Z18,2026-09-28T12:00:00,0.0
Z18,2026-09-28T13:00:00,0.0
Z18,2026-09-28T14:00:00,0.0
Z18,2026-09-28T15:00:00,0.0
Z18,2026-09-28T16:00:00,0.02
Z18,2026-09-28T17:00:00,0.0
Z18,2026-09-28T18:00:00,0.0
Z18,2026-09-28T19:00:00,0.0
Z18,2026-09-28T20:00:00,0.0
Z18,2026-09-28T21:00:00,0.0
Z18,2026-09-28T22:00:00,0.0
Z18,2026-09-28T23:00:00,0.0
Z18,2026-09-29T00:00:00,0.0
Z18,2026-09-29T01:00:00,0.0
Z18,2026-09-29T02:00:00,0.0
Z18,2026-09-29T03:00:00,1.47
Z18,2026-09-29T04:00:00,0.0
Z18,2026-09-29T05:00:00,0.0
Z18,2026-09-29T06:00:00,0.58
Z18,2026-09-29T07:00:00,0.0
Z18,2026-09-29T08:00:00,0.01
Z18,2026-09-29T09:00:00,0.27
Z18,2026-09-29T10:00:00,0.47
Z18,2026-09-29T11:00:00,0.04
Z18,2026-09-29T12:00:00,0.0
Z18,2026-09-29T13:00:00,0.01
Z18,2026-09-29T14:00:00,0.02
Z18,2026-09-29T15:00:00,0.0
Z18,2026-09-29T16:00:00,0.22
Z18,2026-09-29T17:00:00,0.0
Z18,2026-09-29T18:00:00,0.0
Z18,2026-09-29T19:00:00,0.0
Z18,2026-09-29T20:00:00,0.0
Z18,2026-09-29T21:00:00,0.0
Z18,2026-09-29T22:00:00,0.67
Z18,2026-09-29T23:00:00,0.0
Z18,2026-09-30T00:00:00,0.0
Z18,2026-09-30T01:00:00,0.07
Z18,2026-09-30T02:00:00,0.0
Z18,2026-09-30T03:00:00,1.21
Z18,2026-09-30T04:00:00,0.27
Z18,2026-09-30T05:00:00,0.0
Z18,2026-09-30T06:00:00,0.55
Z18,2026-09-30T07:00:00,0.01
Z18,2026-09-30T08:00:00,0.13
Z18,2026-09-30T09:00:00,0.0
Z18,2026-09-30T10:00:00,0.0
Z18,2026-09-30T11:00:00,0.98
Z18,2026-09-30T12:00:00,0.0
Z18,2026-09-30T13:00:00,0.0
Z18,2026-09-30T14:00:00,0.14
Z18,2026-09-30T15:00:00,0.03
Z18,2026-09-30T16:00:00,0.0
Z18,2026-09-30T17:00:00,0.15
Z18,2026-09-30T18:00:00,0.17
Z18,2026-09-30T19:00:00,0.0
Z18,2026-09-30T20:00:00,0.04
Z18,2026-09-30T21:00:00,0.05
Z18,2026-09-30T22:00:00,0.18
Z18,2026-09-30T23:00:00,0.8
Z18,2026-10-01T00:00:00,0.12
Z18,2026-10-01T01:00:00,0.0
Z18,2026-10-01T02:00:00,0.0
Z18,2026-10-01T03:00:00,1.4
Z18,2026-10-01T04:00:00,0.0
Z18,2026-10-01T05:00:00,0.0
Z18,2026-10-01T06:00:00,0.0
Z18,2026-10-01T07:00:00,0.0
Z18,2026-10-01T08:00:00,0.0
Z18,2026-10-01T09:00:00,0.0
Z18,2026-10-01T10:00:00,0.1
Z18,2026-10-01T11:00:00,0.0
Z18,2026-10-01T12:00:00,0.0
Z18,2026-10-01T13:00:00,0.0
Z18,2026-10-01T14:00:00,0.0
Z18,2026-10-01T15:00:00,0.0
Z18,2026-10-01T16:00:00,0.0
Z18,2026-10-01T17:00:00,0.0
Z18,2026-10-01T18:00:00,0.0
Z18,2026-10-01T19:00:00,0.0
Z18,2026-10-01T20:00:00,0.0
Z18,2026-10-01T21:00:00,0.14
Z18,2026-10-01T22:00:00,0.13
Z18,2026-10-01T23:00:00,0.01
Z18,2026-10-02T00:00:00,0.0
Z18,2026-10-02T01:00:00,0.01
Z18,2026-10-02T02:00:00,0.37
Z18,2026-10-02T03:00:00,0.17
Z18,2026-10-02T04:00:00,0.19
Z18,2026-10-02T05:00:00,0.43
Z18,2026-10-02T06:00:00,0.0
Z18,2026-10-02T07:00:00,0.0
Z18,2026-10-02T08:00:00,0.02
Z18,2026-10-02T09:00:00,0.0
Z18,2026-10-02T10:00:00,0.0
Z18,2026-10-02T11:00:00,0.0
Z18,2026-10-02T12:00:00,0.0
Z18,2026-10-02T13:00:00,0.0
Z18,2026-10-02T14:00:00,0.0
Z18,2026-10-02T15:00:00,0.09
Z18,2026-10-02T16:00:00,0.1
Z18,2026-10-02T17:00:00,0.0
Z18,2026-10-02T18:00:00,0.0
Z18,2026-10-02T19:00:00,0.01
Z18,2026-10-02T20:00:00,0.0
Z18,2026-10-02T21:00:00,0.0
Z18,2026-10-02T22:00:00,0.06
Z18,2026-10-02T23:00:00,0.0
Z18,2026-10-03T00:00:00,0.54
Z18,2026-10-03T01:00:00,0.0
Z18,2026-10-03T02:00:00,0.19
Z18,2026-10-03T03:00:00,0.0
Z18,2026-10-03T04:00:00,0.0
Z18,2026-10-03T05:00:00,0.0
Z18,2026-10-03T06:00:00,0.33
Z18,2026-10-03T07:00:00,0.31
Z18,2026-10-03T08:00:00,0.0
Z18,2026-10-03T09:00:00,0.0
Z19,2026-09-26T10:00:00,0.0
Z19,2026-09-26T11:00:00,0.0
Z19,2026-09-26T12:00:00,0.0
Z19,2026-09-26T13:00:00,0.79
Z19,2026-09-26T14:00:00,0.0
Z19,2026-09-26T15:00:00,0.0
Z19,2026-09-26T16:00:00,1.0
Z19,2026-09-26T17:00:00,0.26
Z19,2026-09-26T18:00:00,0.0
Z19,2026-09-26T19:00:00,0.0
Z19,2026-09-26T20:00:00,0.0
Z19,2026-09-26T21:00:00,0.11
Z19,2026-09-26T22:00:00,0.0
Z19,2026-09-26T23:00:00,0.0
Z19,2026-09-27T00:00:00,0.06
Z19,2026-09-27T01:00:00,0.69
Z19,2026-09-27T02:00:00,0.21
Z19,2026-09-27T03:00:00,0.01
Z19,2026-09-27T04:00:00,0.0
Z19,2026-09-27T05:00:00,0.0
Z19,2026-09-27T06:00:00,0.0
Z19,2026-09-27T07:00:00,0.0
Z19,2026-09-27T08:00:00,0.33
Z19,2026-09-27T09:00:00,0.0
Z19,2026-09-27T10:00:00,0.06
Z19,2026-09-27T11:00:00,0.16
Z19,2026-09-27T12:00:00,0.0
Z19,2026-09-27T13:00:00,0.0
Z19,2026-09-27T14:00:00,0.0
Z19,2026-09-27T15:00:00,0.0
Z19,2026-09-27T16:00:00,0.0
Z19,2026-09-27T17:00:00,0.0
Z19,2026-09-27T18:00:00,0.01
Z19,2026-09-27T19:00:00,0.01
Z19,2026-09-27T20:00:00,0.0
Z19,2026-09-27T21:00:00,0.0
Z19,2026-09-27T22:00:00,0.0
Z19,2026-09-27T23:00:00,0.0
Z19,2026-09-28T00:00:00,0.0
Z19,2026-09-28T01:00:00,0.6
Z19,2026-09-28T02:00:00,0.0
Z19,2026-09-28T03:00:00,0.0
Z19,2026-09-28T04:00:00,0.0
Z19,2026-09-28T05:00:00,0.0
Z19,2026-09-28T06:00:00,0.0
Z19,2026-09-28T07:00:00,0.0
Z19,2026-09-28T08:00:00,0.28
Z19,2026-09-28T09:00:00,0.08
Z19,2026-09-28T10:00:00,0.0
Z19,2026-09-28T11:00:00,0.0
Z19,2026-09-28T12:00:00,0.0
Z19,2026-09-28T13:00:00,0.0
Z19,2026-09-28T14:00:00,0.05
Z19,2026-09-28T15:00:00,0.0
Z19,2026-09-28T16:00:00,0.0
Z19,2026-09-28T17:00:00,0.0
Z19,2026-09-28T18:00:00,0.07
Z19,2026-09-28T19:00:00,0.0
Z19,2026-09-28T20:00:00,0.95
Z19,2026-09-28T21:00:00,0.0
Z19,2026-09-28T22:00:00,0.0
Z19,2026-09-28T23:00:00,0.0
Z19,2026-09-29T00:00:00,0.0
Z19,2026-09-29T01:00:00,0.0
Z19,2026-09-29T02:00:00,0.0
Z19,2026-09-29T03:00:00,0.23
Z19,2026-09-29T04:00:00,0.0
Z19,2026-09-29T05:00:00,0.0
Z19,2026-09-29T06:00:00,0.0
Z19,2026-09-29T07:00:00,0.07
Z19,2026-09-29T08:00:00,0.03
Z19,2026-09-29T09:00:00,0.0
Z19,2026-09-29T10:00:00,0.0
Z19,2026-09-29T11:00:00,0.0
Z19,2026-09-29T12:00:00,0.0
Z19,2026-09-29T13:00:00,0.15
Z19,2026-09-29T14:00:00,0.18
Z19,2026-09-29T15:00:00,0.0
Z19,2026-09-29T16:00:00,0.03
Z19,2026-09-29T17:00:00,0.0
Z19,2026-09-29T18:00:00,0.0
Z19,2026-09-29T19:00:00,0.0
Z19,2026-09-29T20:00:00,0.01
Z19,2026-09-29T21:00:00,0.77
Z19,2026-09-29T22:00:00,0.0
Z19,2026-09-29T23:00:00,0.0
Z19,2026-09-30T00:00:00,0.0
Z19,2026-09-30T01:00:00,1.29
Z19,2026-09-30T02:00:00,0.5
Z19,2026-09-30T03:00:00,0.0
Z19,2026-09-30T04:00:00,0.29
Z19,2026-09-30T05:00:00,0.0
Z19,2026-09-30T06:00:00,0.28
Z19,2026-09-30T07:00:00,0.1
Z19,2026-09-30T08:00:00,0.21
Z19,2026-09-30T09:00:00,0.0
Z19,2026-09-30T10:00:00,0.08
Z19,2026-09-30T11:00:00,0.0
Z19,2026-09-30T12:00:00,0.05
Z19,2026-09-30T13:00:00,0.02
Z19,2026-09-30T14:00:00,0.0
Z19,2026-09-30T15:00:00,0.0
Z19,2026-09-30T16:00:00,0.41
Z19,2026-09-30T17:00:00,0.0
Z19,2026-09-30T18:00:00,0.0
Z19,2026-09-30T19:00:00,0.52
Z19,2026-09-30T20:00:00,0.0
Z19,2026-09-30T21:00:00,0.0
Z19,2026-09-30T22:00:00,0.0
Z19,2026-09-30T23:00:00,0.0
Z19,2026-10-01T00:00:00,0.58
Z19,2026-10-01T01:00:00,0.0
Z19,2026-10-01T02:00:00,3.01
Z19,2026-10-01T03:00:00,0.0
Z19,2026-10-01T04:00:00,0.05
Z19,2026-10-01T05:00:00,0.17
Z19,2026-10-01T06:00:00,0.0
Z19,2026-10-01T07:00:00,2.03
Z19,2026-10-01T08:00:00,0.13
Z19,2026-10-01T09:00:00,0.0
Z19,2026-10-01T10:00:00,0.0
Z19,2026-10-01T11:00:00,0.0
Z19,2026-10-01T12:00:00,0.0
Z19,2026-10-01T13:00:00,0.0
Z19,2026-10-01T14:00:00,0.19
Z19,2026-10-01T15:00:00,0.0
Z19,2026-10-01T16:00:00,0.0
Z19,2026-10-01T17:00:00,0.25
Z19,2026-10-01T18:00:00,0.19
Z19,2026-10-01T19:00:00,0.04
Z19,2026-10-01T20:00:00,0.0
Z19,2026-10-01T21:00:00,0.0
Z19,2026-10-01T22:00:00,0.25
Z19,2026-10-01T23:00:00,0.08
Z19,2026-10-02T00:00:00,0.27
Z19,2026-10-02T01:00:00,0.43
Z19,2026-10-02T02:00:00,0.0
Z19,2026-10-02T03:00:00,0.0
Z19,2026-10-02T04:00:00,0.0
Z19,2026-10-02T05:00:00,0.0
Z19,2026-10-02T06:00:00,0.0
Z19,2026-10-02T07:00:00,0.0
Z19,2026-10-02T08:00:00,0.56
Z19,2026-10-02T09:00:00,7.82
Z19,2026-10-02T10:00:00,12.45
Z19,2026-10-02T11:00:00,7.65
Z19,2026-10-02T12:00:00,15.0
Z19,2026-10-02T13:00:00,19.88
Z19,2026-10-02T14:00:00,10.18
Z19,2026-10-02T15:00:00,11.07
Z19,2026-10-02T16:00:00,8.78
Z19,2026-10-02T17:00:00,14.4
Z19,2026-10-02T18:00:00,8.74
Z19,2026-10-02T19:00:00,6.3
Z19,2026-10-02T20:00:00,8.7
Z19,2026-10-02T21:00:00,9.75
Z19,2026-10-02T22:00:00,7.11
Z19,2026-10-02T23:00:00,0.0
Z19,2026-10-03T00:00:00,0.0
Z19,2026-10-03T01:00:00,0.04
Z19,2026-10-03T02:00:00,0.01
Z19,2026-10-03T03:00:00,0.0
Z19,2026-10-03T04:00:00,0.0
Z19,2026-10-03T05:00:00,0.0
Z19,2026-10-03T06:00:00,0.1
Z19,2026-10-03T07:00:00,0.0
Z19,2026-10-03T08:00:00,0.0
Z19,2026-10-03T09:00:00,0.64
Z20,2026-09-26T10:00:00,0.0
Z20,2026-09-26T11:00:00,0.0
Z20,2026-09-26T12:00:00,0.0
Z20,2026-09-26T13:00:00,0.1
Z20,2026-09-26T14:00:00,0.08
Z20,2026-09-26T15:00:00,0.0
Z20,2026-09-26T16:00:00,0.0
Z20,2026-09-26T17:00:00,0.69
Z20,2026-09-26T18:00:00,0.0
Z20,2026-09-26T19:00:00,1.18
Z20,2026-09-26T20:00:00,0.0
Z20,2026-09-26T21:00:00,1.97
Z20,2026-09-26T22:00:00,0.09
Z20,2026-09-26T23:00:00,0.01
Z20,2026-09-27T00:00:00,0.0
Z20,2026-09-27T01:00:00,0.0
Z20,2026-09-27T02:00:00,0.67
Z20,2026-09-27T03:00:00,0.0
Z20,2026-09-27T04:00:00,0.0
Z20,2026-09-27T05:00:00,0.06
Z20,2026-09-27T06:00:00,0.0
Z20,2026-09-27T07:00:00,0.38
Z20,2026-09-27T08:00:00,0.0
Z20,2026-09-27T09:00:00,0.1
Z20,2026-09-27T10:00:00,0.0
Z20,2026-09-27T11:00:00,0.32
Z20,2026-09-27T12:00:00,0.0
Z20,2026-09-27T13:00:00,0.0
Z20,2026-09-27T14:00:00,0.39
Z20,2026-09-27T15:00:00,0.0
Z20,2026-09-27T16:00:00,0.01
Z20,2026-09-27T17:00:00,1.28
Z20,2026-09-27T18:00:00,0.0
Z20,2026-09-27T19:00:00,0.0
Z20,2026-09-27T20:00:00,0.04
Z20,2026-09-27T21:00:00,0.0
Z20,2026-09-27T22:00:00,0.0
Z20,2026-09-27T23:00:00,0.0
Z20,2026-09-28T00:00:00,0.0
Z20,2026-09-28T01:00:00,0.01
Z20,2026-09-28T02:00:00,0.1
Z20,2026-09-28T03:00:00,0.0
Z20,2026-09-28T04:00:00,0.0
Z20,2026-09-28T05:00:00,0.0
Z20,2026-09-28T06:00:00,0.11
Z20,2026-09-28T07:00:00,0.0
Z20,2026-09-28T08:00:00,0.74
Z20,2026-09-28T09:00:00,0.42
Z20,2026-09-28T10:00:00,0.08
Z20,2026-09-28T11:00:00,0.0
Z20,2026-09-28T12:00:00,0.0
Z20,2026-09-28T13:00:00,0.07
Z20,2026-09-28T14:00:00,0.0
Z20,2026-09-28T15:00:00,0.01
Z20,2026-09-28T16:00:00,0.01
Z20,2026-09-28T17:00:00,0.28
Z20,2026-09-28T18:00:00,0.49
Z20,2026-09-28T19:00:00,0.0
Z20,2026-09-28T20:00:00,0.0
Z20,2026-09-28T21:00:00,0.49
Z20,2026-09-28T22:00:00,0.09
Z20,2026-09-28T23:00:00,0.22
Z20,2026-09-29T00:00:00,0.0
Z20,2026-09-29T01:00:00,0.53
Z20,2026-09-29T02:00:00,0.0
Z20,2026-09-29T03:00:00,0.68
Z20,2026-09-29T04:00:00,0.0
Z20,2026-09-29T05:00:00,1.7
Z20,2026-09-29T06:00:00,0.27
Z20,2026-09-29T07:00:00,0.0
Z20,2026-09-29T08:00:00,0.0
Z20,2026-09-29T09:00:00,0.0
Z20,2026-09-29T10:00:00,0.18
Z20,2026-09-29T11:00:00,0.0
Z20,2026-09-29T12:00:00,0.03
Z20,2026-09-29T13:00:00,0.0
Z20,2026-09-29T14:00:00,0.0
Z20,2026-09-29T15:00:00,0.0
Z20,2026-09-29T16:00:00,0.01
Z20,2026-09-29T17:00:00,0.0
Z20,2026-09-29T18:00:00,0.0
Z20,2026-09-29T19:00:00,0.0
Z20,2026-09-29T20:00:00,0.84
Z20,2026-09-29T21:00:00,0.05
Z20,2026-09-29T22:00:00,0.0
Z20,2026-09-29T23:00:00,0.08
Z20,2026-09-30T00:00:00,0.0
Z20,2026-09-30T01:00:00,0.0
Z20,2026-09-30T02:00:00,0.0
Z20,2026-09-30T03:00:00,0.0
Z20,2026-09-30T04:00:00,0.0
Z20,2026-09-30T05:00:00,0.11
Z20,2026-09-30T06:00:00,0.72
Z20,2026-09-30T07:00:00,0.01
Z20,2026-09-30T08:00:00,0.05
Z20,2026-09-30T09:00:00,0.01
Z20,2026-09-30T10:00:00,0.01
Z20,2026-09-30T11:00:00,0.78
Z20,2026-09-30T12:00:00,0.01
Z20,2026-09-30T13:00:00,0.0
Z20,2026-09-30T14:00:00,0.0
Z20,2026-09-30T15:00:00,0.0
Z20,2026-09-30T16:00:00,0.0
Z20,2026-09-30T17:00:00,0.0
Z20,2026-09-30T18:00:00,0.0
Z20,2026-09-30T19:00:00,0.0
Z20,2026-09-30T20:00:00,0.0
Z20,2026-09-30T21:00:00,0.0
Z20,2026-09-30T22:00:00,0.0
Z20,2026-09-30T23:00:00,0.18
Z20,2026-10-01T00:00:00,0.0
Z20,2026-10-01T01:00:00,0.0
Z20,2026-10-01T02:00:00,0.0
Z20,2026-10-01T03:00:00,0.0
Z20,2026-10-01T04:00:00,0.0
Z20,2026-10-01T05:00:00,0.0
Z20,2026-10-01T06:00:00,0.04
Z20,2026-10-01T07:00:00,0.01
Z20,2026-10-01T08:00:00,0.0
Z20,2026-10-01T09:00:00,0.79
Z20,2026-10-01T10:00:00,0.03
Z20,2026-10-01T11:00:00,0.66
Z20,2026-10-01T12:00:00,0.0
Z20,2026-10-01T13:00:00,0.0
Z20,2026-10-01T14:00:00,0.02
Z20,2026-10-01T15:00:00,0.03
Z20,2026-10-01T16:00:00,0.0
Z20,2026-10-01T17:00:00,0.0
Z20,2026-10-01T18:00:00,0.0
Z20,2026-10-01T19:00:00,0.01
Z20,2026-10-01T20:00:00,0.0
Z20,2026-10-01T21:00:00,0.01
Z20,2026-10-01T22:00:00,0.12
Z20,2026-10-01T23:00:00,0.0
Z20,2026-10-02T00:00:00,0.0
Z20,2026-10-02T01:00:00,0.02
Z20,2026-10-02T02:00:00,0.0
Z20,2026-10-02T03:00:00,0.0
Z20,2026-10-02T04:00:00,0.0
Z20,2026-10-02T05:00:00,0.0
Z20,2026-10-02T06:00:00,0.36
Z20,2026-10-02T07:00:00,0.0
Z20,2026-10-02T08:00:00,0.0
Z20,2026-10-02T09:00:00,0.0
Z20,2026-10-02T10:00:00,0.15
Z20,2026-10-02T11:00:00,0.0
Z20,2026-10-02T12:00:00,0.23
Z20,2026-10-02T13:00:00,0.0
Z20,2026-10-02T14:00:00,0.02
Z20,2026-10-02T15:00:00,0.09
Z20,2026-10-02T16:00:00,0.12
Z20,2026-10-02T17:00:00,0.0
Z20,2026-10-02T18:00:00,0.0
Z20,2026-10-02T19:00:00,0.15
Z20,2026-10-02T20:00:00,0.0
Z20,2026-10-02T21:00:00,0.0
Z20,2026-10-02T22:00:00,0.05
Z20,2026-10-02T23:00:00,0.12
Z20,2026-10-03T00:00:00,0.0
Z20,2026-10-03T01:00:00,0.0
Z20,2026-10-03T02:00:00,0.0
Z20,2026-10-03T03:00:00,0.32
Z20,2026-10-03T04:00:00,0.06
Z20,2026-10-03T05:00:00,0.06
Z20,2026-10-03T06:00:00,0.0
Z20,2026-10-03T07:00:00,0.98
Z20,2026-10-03T08:00:00,0.08
Z20,2026-10-03T09:00:00,0.0
Z21,2026-09-26T10:00:00,0.04
Z21,2026-09-26T11:00:00,0.0
Z21,2026-09-26T12:00:00,0.28
Z21,2026-09-26T13:00:00,0.0
Z21,2026-09-26T14:00:00,0.0
Z21,2026-09-26T15:00:00,0.0
Z21,2026-09-26T16:00:00,0.09
Z21,2026-09-26T17:00:00,0.03
Z21,2026-09-26T18:00:00,0.1
Z21,2026-09-26T19:00:00,0.0
Z21,2026-09-26T20:00:00,1.38
Z21,2026-09-26T21:00:00,0.0
Z21,2026-09-26T22:00:00,0.11
Z21,2026-09-26T23:00:00,0.0
Z21,2026-09-27T00:00:00,0.0
Z21,2026-09-27T01:00:00,0.0
Z21,2026-09-27T02:00:00,0.0
Z21,2026-09-27T03:00:00,0.0
Z21,2026-09-27T04:00:00,0.0
Z21,2026-09-27T05:00:00,1.22
Z21,2026-09-27T06:00:00,0.0
Z21,2026-09-27T07:00:00,0.0
Z21,2026-09-27T08:00:00,0.08
Z21,2026-09-27T09:00:00,0.0
Z21,2026-09-27T10:00:00,0.0
Z21,2026-09-27T11:00:00,0.0
Z21,2026-09-27T12:00:00,0.02
Z21,2026-09-27T13:00:00,0.01
Z21,2026-09-27T14:00:00,0.06
Z21,2026-09-27T15:00:00,0.0
Z21,2026-09-27T16:00:00,0.02
Z21,2026-09-27T17:00:00,0.37
Z21,2026-09-27T18:00:00,0.01
Z21,2026-09-27T19:00:00,0.06
Z21,2026-09-27T20:00:00,0.01
Z21,2026-09-27T21:00:00,0.0
Z21,2026-09-27T22:00:00,0.0
Z21,2026-09-27T23:00:00,0.0
Z21,2026-09-28T00:00:00,0.14
Z21,2026-09-28T01:00:00,0.0
Z21,2026-09-28T02:00:00,0.0
Z21,2026-09-28T03:00:00,0.0
Z21,2026-09-28T04:00:00,0.0
Z21,2026-09-28T05:00:00,0.0
Z21,2026-09-28T06:00:00,0.0
Z21,2026-09-28T07:00:00,0.0
Z21,2026-09-28T08:00:00,0.01
Z21,2026-09-28T09:00:00,0.07
Z21,2026-09-28T10:00:00,0.07
Z21,2026-09-28T11:00:00,0.0
Z21,2026-09-28T12:00:00,0.01
Z21,2026-09-28T13:00:00,0.0
Z21,2026-09-28T14:00:00,0.0
Z21,2026-09-28T15:00:00,0.0
Z21,2026-09-28T16:00:00,0.0
Z21,2026-09-28T17:00:00,0.0
Z21,2026-09-28T18:00:00,0.0
Z21,2026-09-28T19:00:00,0.0
Z21,2026-09-28T20:00:00,0.0
Z21,2026-09-28T21:00:00,0.0
Z21,2026-09-28T22:00:00,0.0
Z21,2026-09-28T23:00:00,0.57
Z21,2026-09-29T00:00:00,0.0
Z21,2026-09-29T01:00:00,0.01
Z21,2026-09-29T02:00:00,0.16
Z21,2026-09-29T03:00:00,0.0
Z21,2026-09-29T04:00:00,0.04
Z21,2026-09-29T05:00:00,0.0
Z21,2026-09-29T06:00:00,0.02
Z21,2026-09-29T07:00:00,0.0
Z21,2026-09-29T08:00:00,0.0
Z21,2026-09-29T09:00:00,0.0
Z21,2026-09-29T10:00:00,0.0
Z21,2026-09-29T11:00:00,0.0
Z21,2026-09-29T12:00:00,0.38
Z21,2026-09-29T13:00:00,0.0
Z21,2026-09-29T14:00:00,0.0
Z21,2026-09-29T15:00:00,0.0
Z21,2026-09-29T16:00:00,0.0
Z21,2026-09-29T17:00:00,0.0
Z21,2026-09-29T18:00:00,0.5
Z21,2026-09-29T19:00:00,0.05
Z21,2026-09-29T20:00:00,0.01
Z21,2026-09-29T21:00:00,0.06
Z21,2026-09-29T22:00:00,0.0
Z21,2026-09-29T23:00:00,0.0
Z21,2026-09-30T00:00:00,0.0
Z21,2026-09-30T01:00:00,0.0
Z21,2026-09-30T02:00:00,0.0
Z21,2026-09-30T03:00:00,0.0
Z21,2026-09-30T04:00:00,0.0
Z21,2026-09-30T05:00:00,0.01
Z21,2026-09-30T06:00:00,0.0
Z21,2026-09-30T07:00:00,0.1
Z21,2026-09-30T08:00:00,0.0
Z21,2026-09-30T09:00:00,0.0
Z21,2026-09-30T10:00:00,0.0
Z21,2026-09-30T11:00:00,0.05
Z21,2026-09-30T12:00:00,0.01
Z21,2026-09-30T13:00:00,0.0
Z21,2026-09-30T14:00:00,0.15
Z21,2026-09-30T15:00:00,0.0
Z21,2026-09-30T16:00:00,0.0
Z21,2026-09-30T17:00:00,0.0
Z21,2026-09-30T18:00:00,0.08
Z21,2026-09-30T19:00:00,0.03
Z21,2026-09-30T20:00:00,0.92
Z21,2026-09-30T21:00:00,0.0
Z21,2026-09-30T22:00:00,0.0
Z21,2026-09-30T23:00:00,0.4
Z21,2026-10-01T00:00:00,0.04
Z21,2026-10-01T01:00:00,0.0
Z21,2026-10-01T02:00:00,0.0
Z21,2026-10-01T03:00:00,0.0
Z21,2026-10-01T04:00:00,0.0
Z21,2026-10-01T05:00:00,0.01
Z21,2026-10-01T06:00:00,0.02
Z21,2026-10-01T07:00:00,0.0
Z21,2026-10-01T08:00:00,0.01
Z21,2026-10-01T09:00:00,0.07
Z21,2026-10-01T10:00:00,0.16
Z21,2026-10-01T11:00:00,0.04
Z21,2026-10-01T12:00:00,0.0
Z21,2026-10-01T13:00:00,0.0
Z21,2026-10-01T14:00:00,0.01
Z21,2026-10-01T15:00:00,0.0
Z21,2026-10-01T16:00:00,0.0
Z21,2026-10-01T17:00:00,0.0
Z21,2026-10-01T18:00:00,0.0
Z21,2026-10-01T19:00:00,0.04
Z21,2026-10-01T20:00:00,0.0
Z21,2026-10-01T21:00:00,0.0
Z21,2026-10-01T22:00:00,0.19
Z21,2026-10-01T23:00:00,0.22
Z21,2026-10-02T00:00:00,0.0
Z21,2026-10-02T01:00:00,0.0
Z21,2026-10-02T02:00:00,0.0
Z21,2026-10-02T03:00:00,0.0
Z21,2026-10-02T04:00:00,0.0
Z21,2026-10-02T05:00:00,0.0
Z21,2026-10-02T06:00:00,0.0
Z21,2026-10-02T07:00:00,0.0
Z21,2026-10-02T08:00:00,0.0
Z21,2026-10-02T09:00:00,0.02
Z21,2026-10-02T10:00:00,0.0
Z21,2026-10-02T11:00:00,0.0
Z21,2026-10-02T12:00:00,0.0
Z21,2026-10-02T13:00:00,0.0
Z21,2026-10-02T14:00:00,0.0
Z21,2026-10-02T15:00:00,0.0
Z21,2026-10-02T16:00:00,0.0
Z21,2026-10-02T17:00:00,0.0
Z21,2026-10-02T18:00:00,0.0
Z21,2026-10-02T19:00:00,0.0
Z21,2026-10-02T20:00:00,0.0
Z21,2026-10-02T21:00:00,0.0
Z21,2026-10-02T22:00:00,0.0
Z21,2026-10-02T23:00:00,0.56
Z21,2026-10-03T00:00:00,0.02
Z21,2026-10-03T01:00:00,0.0
Z21,2026-10-03T02:00:00,0.0
Z21,2026-10-03T03:00:00,0.0
Z21,2026-10-03T04:00:00,0.01
Z21,2026-10-03T05:00:00,0.0
Z21,2026-10-03T06:00:00,0.06
Z21,2026-10-03T07:00:00,0.15
Z21,2026-10-03T08:00:00,0.03
Z21,2026-10-03T09:00:00,0.0
Z22,2026-09-26T10:00:00,0.0
Z22,2026-09-26T11:00:00,0.17
Z22,2026-09-26T12:00:00,0.0
Z22,2026-09-26T13:00:00,0.09
Z22,2026-09-26T14:00:00,0.09
Z22,2026-09-26T15:00:00,0.0
Z22,2026-09-26T16:00:00,0.29
Z22,2026-09-26T17:00:00,0.4
Z22,2026-09-26T18:00:00,0.0
Z22,2026-09-26T19:00:00,0.0
Z22,2026-09-26T20:00:00,0.12
Z22,2026-09-26T21:00:00,0.0
Z22,2026-09-26T22:00:00,0.01
Z22,2026-09-26T23:00:00,0.0
Z22,2026-09-27T00:00:00,0.0
Z22,2026-09-27T01:00:00,0.76
Z22,2026-09-27T02:00:00,0.0
Z22,2026-09-27T03:00:00,0.33
Z22,2026-09-27T04:00:00,0.43
Z22,2026-09-27T05:00:00,0.52
Z22,2026-09-27T06:00:00,0.0
Z22,2026-09-27T07:00:00,0.08
Z22,2026-09-27T08:00:00,0.33
Z22,2026-09-27T09:00:00,0.0
Z22,2026-09-27T10:00:00,0.0
Z22,2026-09-27T11:00:00,0.0
Z22,2026-09-27T12:00:00,0.0
Z22,2026-09-27T13:00:00,0.06
Z22,2026-09-27T14:00:00,0.02
Z22,2026-09-27T15:00:00,1.0
Z22,2026-09-27T16:00:00,0.0
Z22,2026-09-27T17:00:00,0.0
Z22,2026-09-27T18:00:00,0.0
Z22,2026-09-27T19:00:00,0.0
Z22,2026-09-27T20:00:00,0.0
Z22,2026-09-27T21:00:00,0.0
Z22,2026-09-27T22:00:00,0.01
Z22,2026-09-27T23:00:00,0.0
Z22,2026-09-28T00:00:00,0.0
Z22,2026-09-28T01:00:00,0.01
Z22,2026-09-28T02:00:00,0.06
Z22,2026-09-28T03:00:00,0.0
Z22,2026-09-28T04:00:00,0.0
Z22,2026-09-28T05:00:00,0.0
Z22,2026-09-28T06:00:00,0.0
Z22,2026-09-28T07:00:00,0.09
Z22,2026-09-28T08:00:00,0.11
Z22,2026-09-28T09:00:00,0.02
Z22,2026-09-28T10:00:00,0.01
Z22,2026-09-28T11:00:00,0.65
Z22,2026-09-28T12:00:00,0.0
Z22,2026-09-28T13:00:00,0.0
Z22,2026-09-28T14:00:00,1.27
Z22,2026-09-28T15:00:00,0.24
Z22,2026-09-28T16:00:00,0.0
Z22,2026-09-28T17:00:00,0.02
Z22,2026-09-28T18:00:00,0.0
Z22,2026-09-28T19:00:00,0.0
Z22,2026-09-28T20:00:00,0.17
Z22,2026-09-28T21:00:00,0.0
Z22,2026-09-28T22:00:00,0.25
Z22,2026-09-28T23:00:00,0.0
Z22,2026-09-29T00:00:00,0.0
Z22,2026-09-29T01:00:00,0.0
Z22,2026-09-29T02:00:00,0.0
Z22,2026-09-29T03:00:00,0.0
Z22,2026-09-29T04:00:00,0.0
Z22,2026-09-29T05:00:00,0.0
Z22,2026-09-29T06:00:00,0.18
Z22,2026-09-29T07:00:00,0.0
Z22,2026-09-29T08:00:00,0.0
Z22,2026-09-29T09:00:00,0.0
Z22,2026-09-29T10:00:00,0.0
Z22,2026-09-29T11:00:00,0.0
Z22,2026-09-29T12:00:00,0.4
Z22,2026-09-29T13:00:00,0.0
Z22,2026-09-29T14:00:00,0.0
Z22,2026-09-29T15:00:00,0.09
Z22,2026-09-29T16:00:00,0.0
Z22,2026-09-29T17:00:00,0.0
Z22,2026-09-29T18:00:00,0.0
Z22,2026-09-29T19:00:00,0.45
Z22,2026-09-29T20:00:00,0.0
Z22,2026-09-29T21:00:00,0.4
Z22,2026-09-29T22:00:00,0.0
Z22,2026-09-29T23:00:00,0.08
Z22,2026-09-30T00:00:00,0.0
Z22,2026-09-30T01:00:00,0.57
Z22,2026-09-30T02:00:00,0.0
Z22,2026-09-30T03:00:00,0.02
Z22,2026-09-30T04:00:00,0.49
Z22,2026-09-30T05:00:00,0.0
Z22,2026-09-30T06:00:00,0.0
Z22,2026-09-30T07:00:00,0.0
Z22,2026-09-30T08:00:00,0.0
Z22,2026-09-30T09:00:00,0.21
Z22,2026-09-30T10:00:00,0.0
Z22,2026-09-30T11:00:00,0.0
Z22,2026-09-30T12:00:00,0.0
Z22,2026-09-30T13:00:00,0.05
Z22,2026-09-30T14:00:00,0.0
Z22,2026-09-30T15:00:00,0.03
Z22,2026-09-30T16:00:00,0.0
Z22,2026-09-30T17:00:00,0.0
Z22,2026-09-30T18:00:00,0.0
Z22,2026-09-30T19:00:00,0.01
Z22,2026-09-30T20:00:00,0.0
Z22,2026-09-30T21:00:00,0.15
Z22,2026-09-30T22:00:00,0.15
Z22,2026-09-30T23:00:00,0.3
Z22,2026-10-01T00:00:00,0.0
Z22,2026-10-01T01:00:00,0.51
Z22,2026-10-01T02:00:00,0.0
Z22,2026-10-01T03:00:00,0.0
Z22,2026-10-01T04:00:00,0.06
Z22,2026-10-01T05:00:00,0.0
Z22,2026-10-01T06:00:00,0.0
Z22,2026-10-01T07:00:00,0.36
Z22,2026-10-01T08:00:00,0.0
Z22,2026-10-01T09:00:00,0.32
Z22,2026-10-01T10:00:00,0.36
Z22,2026-10-01T11:00:00,0.09
Z22,2026-10-01T12:00:00,0.0
Z22,2026-10-01T13:00:00,0.66
Z22,2026-10-01T14:00:00,0.0
Z22,2026-10-01T15:00:00,0.07
Z22,2026-10-01T16:00:00,0.0
Z22,2026-10-01T17:00:00,0.6
Z22,2026-10-01T18:00:00,0.13
Z22,2026-10-01T19:00:00,0.0
Z22,2026-10-01T20:00:00,0.34
Z22,2026-10-01T21:00:00,0.01
Z22,2026-10-01T22:00:00,0.06
Z22,2026-10-01T23:00:00,0.07
Z22,2026-10-02T00:00:00,0.0
Z22,2026-10-02T01:00:00,0.0
Z22,2026-10-02T02:00:00,0.0
Z22,2026-10-02T03:00:00,0.13
Z22,2026-10-02T04:00:00,0.0
Z22,2026-10-02T05:00:00,0.0
Z22,2026-10-02T06:00:00,0.0
Z22,2026-10-02T07:00:00,0.0
Z22,2026-10-02T08:00:00,0.02
Z22,2026-10-02T09:00:00,0.0
Z22,2026-10-02T10:00:00,1.55
Z22,2026-10-02T11:00:00,0.13
Z22,2026-10-02T12:00:00,0.02
Z22,2026-10-02T13:00:00,0.29
Z22,2026-10-02T14:00:00,0.12
Z22,2026-10-02T15:00:00,0.0
Z22,2026-10-02T16:00:00,0.0
Z22,2026-10-02T17:00:00,0.0
Z22,2026-10-02T18:00:00,0.0
Z22,2026-10-02T19:00:00,0.01
Z22,2026-10-02T20:00:00,0.0
Z22,2026-10-02T21:00:00,0.0
Z22,2026-10-02T22:00:00,0.0
Z22,2026-10-02T23:00:00,0.0
Z22,2026-10-03T00:00:00,0.0
Z22,2026-10-03T01:00:00,0.0
Z22,2026-10-03T02:00:00,0.0
Z22,2026-10-03T03:00:00,0.27
Z22,2026-10-03T04:00:00,1.88
Z22,2026-10-03T05:00:00,0.0
Z22,2026-10-03T06:00:00,0.84
Z22,2026-10-03T07:00:00,0.0
Z22,2026-10-03T08:00:00,0.0
Z22,2026-10-03T09:00:00,0.02
Z23,2026-09-26T10:00:00,1.1
Z23,2026-09-26T11:00:00,0.0
Z23,2026-09-26T12:00:00,0.0
Z23,2026-09-26T13:00:00,2.21
Z23,2026-09-26T14:00:00,0.0
Z23,2026-09-26T15:00:00,0.01
Z23,2026-09-26T16:00:00,3.72
Z23,2026-09-26T17:00:00,0.3
Z23,2026-09-26T18:00:00,0.55
Z23,2026-09-26T19:00:00,0.0
Z23,2026-09-26T20:00:00,0.78
Z23,2026-09-26T21:00:00,2.44
Z23,2026-09-26T22:00:00,1.11
Z23,2026-09-26T23:00:00,0.0
Z23,2026-09-27T00:00:00,0.0
Z23,2026-09-27T01:00:00,1.58
Z23,2026-09-27T02:00:00,0.63
Z23,2026-09-27T03:00:00,2.79
Z23,2026-09-27T04:00:00,0.0
Z23,2026-09-27T05:00:00,0.0
Z23,2026-09-27T06:00:00,2.21
Z23,2026-09-27T07:00:00,3.72
Z23,2026-09-27T08:00:00,0.0
Z23,2026-09-27T09:00:00,0.06
Z23,2026-09-27T10:00:00,0.0
Z23,2026-09-27T11:00:00,0.03
Z23,2026-09-27T12:00:00,0.0
Z23,2026-09-27T13:00:00,0.0
Z23,2026-09-27T14:00:00,0.39
Z23,2026-09-27T15:00:00,0.0
Z23,2026-09-27T16:00:00,0.0
Z23,2026-09-27T17:00:00,0.0
Z23,2026-09-27T18:00:00,0.0
Z23,2026-09-27T19:00:00,0.05
Z23,2026-09-27T20:00:00,1.1
Z23,2026-09-27T21:00:00,0.0
Z23,2026-09-27T22:00:00,0.0
Z23,2026-09-27T23:00:00,1.26
Z23,2026-09-28T00:00:00,0.0
Z23,2026-09-28T01:00:00,0.0
Z23,2026-09-28T02:00:00,0.0
Z23,2026-09-28T03:00:00,0.0
Z23,2026-09-28T04:00:00,0.15
Z23,2026-09-28T05:00:00,0.0
Z23,2026-09-28T06:00:00,1.15
Z23,2026-09-28T07:00:00,0.18
Z23,2026-09-28T08:00:00,0.0
Z23,2026-09-28T09:00:00,0.0
Z23,2026-09-28T10:00:00,0.0
Z23,2026-09-28T11:00:00,0.0
Z23,2026-09-28T12:00:00,0.0
Z23,2026-09-28T13:00:00,0.07
Z23,2026-09-28T14:00:00,0.89
Z23,2026-09-28T15:00:00,0.0
Z23,2026-09-28T16:00:00,0.0
Z23,2026-09-28T17:00:00,0.27
Z23,2026-09-28T18:00:00,0.0
Z23,2026-09-28T19:00:00,0.0
Z23,2026-09-28T20:00:00,0.0
Z23,2026-09-28T21:00:00,0.0
Z23,2026-09-28T22:00:00,0.0
Z23,2026-09-28T23:00:00,5.29
Z23,2026-09-29T00:00:00,0.0
Z23,2026-09-29T01:00:00,0.0
Z23,2026-09-29T02:00:00,0.3
Z23,2026-09-29T03:00:00,0.0
Z23,2026-09-29T04:00:00,0.0
Z23,2026-09-29T05:00:00,0.0
Z23,2026-09-29T06:00:00,0.15
Z23,2026-09-29T07:00:00,0.0
Z23,2026-09-29T08:00:00,1.4
Z23,2026-09-29T09:00:00,0.0
Z23,2026-09-29T10:00:00,0.0
Z23,2026-09-29T11:00:00,0.0
Z23,2026-09-29T12:00:00,0.0
Z23,2026-09-29T13:00:00,0.02
Z23,2026-09-29T14:00:00,0.0
Z23,2026-09-29T15:00:00,0.0
Z23,2026-09-29T16:00:00,0.0
Z23,2026-09-29T17:00:00,0.0
Z23,2026-09-29T18:00:00,0.02
Z23,2026-09-29T19:00:00,0.17
Z23,2026-09-29T20:00:00,1.47
Z23,2026-09-29T21:00:00,0.57
Z23,2026-09-29T22:00:00,0.0
Z23,2026-09-29T23:00:00,0.38
Z23,2026-09-30T00:00:00,0.05
Z23,2026-09-30T01:00:00,1.38
Z23,2026-09-30T02:00:00,0.0
Z23,2026-09-30T03:00:00,1.81
Z23,2026-09-30T04:00:00,0.01
Z23,2026-09-30T05:00:00,3.57
Z23,2026-09-30T06:00:00,0.15
Z23,2026-09-30T07:00:00,0.0
Z23,2026-09-30T08:00:00,0.14
Z23,2026-09-30T09:00:00,2.53
Z23,2026-09-30T10:00:00,0.04
Z23,2026-09-30T11:00:00,0.0
Z23,2026-09-30T12:00:00,0.0
Z23,2026-09-30T13:00:00,0.0
Z23,2026-09-30T14:00:00,0.0
Z23,2026-09-30T15:00:00,0.0
Z23,2026-09-30T16:00:00,0.0
Z23,2026-09-30T17:00:00,0.0
Z23,2026-09-30T18:00:00,0.13
Z23,2026-09-30T19:00:00,0.01
Z23,2026-09-30T20:00:00,0.0
Z23,2026-09-30T21:00:00,7.45
Z23,2026-09-30T22:00:00,0.0
Z23,2026-09-30T23:00:00,2.85
Z23,2026-10-01T00:00:00,0.0
Z23,2026-10-01T01:00:00,0.0
Z23,2026-10-01T02:00:00,0.0
Z23,2026-10-01T03:00:00,0.0
Z23,2026-10-01T04:00:00,0.36
Z23,2026-10-01T05:00:00,0.0
Z23,2026-10-01T06:00:00,0.0
Z23,2026-10-01T07:00:00,0.61
Z23,2026-10-01T08:00:00,0.53
Z23,2026-10-01T09:00:00,0.26
Z23,2026-10-01T10:00:00,0.0
Z23,2026-10-01T11:00:00,0.0
Z23,2026-10-01T12:00:00,0.0
Z23,2026-10-01T13:00:00,0.0
Z23,2026-10-01T14:00:00,0.0
Z23,2026-10-01T15:00:00,0.0
Z23,2026-10-01T16:00:00,0.0
Z23,2026-10-01T17:00:00,0.6
Z23,2026-10-01T18:00:00,0.04
Z23,2026-10-01T19:00:00,0.02
Z23,2026-10-01T20:00:00,0.52
Z23,2026-10-01T21:00:00,0.02
Z23,2026-10-01T22:00:00,0.04
Z23,2026-10-01T23:00:00,0.0
Z23,2026-10-02T00:00:00,1.96
Z23,2026-10-02T01:00:00,1.65
Z23,2026-10-02T02:00:00,0.0
Z23,2026-10-02T03:00:00,0.0
Z23,2026-10-02T04:00:00,0.0
Z23,2026-10-02T05:00:00,0.86
Z23,2026-10-02T06:00:00,0.0
Z23,2026-10-02T07:00:00,3.52
Z23,2026-10-02T08:00:00,3.06
Z23,2026-10-02T09:00:00,0.0
Z23,2026-10-02T10:00:00,0.0
Z23,2026-10-02T11:00:00,0.0
Z23,2026-10-02T12:00:00,0.0
Z23,2026-10-02T13:00:00,0.0
Z23,2026-10-02T14:00:00,0.0
Z23,2026-10-02T15:00:00,2.52
Z23,2026-10-02T16:00:00,0.0
Z23,2026-10-02T17:00:00,0.08
Z23,2026-10-02T18:00:00,0.0
Z23,2026-10-02T19:00:00,0.89
Z23,2026-10-02T20:00:00,0.0
Z23,2026-10-02T21:00:00,0.02
Z23,2026-10-02T22:00:00,0.0
Z23,2026-10-02T23:00:00,1.12
Z23,2026-10-03T00:00:00,1.35
Z23,2026-10-03T01:00:00,0.0
Z23,2026-10-03T02:00:00,0.0
Z23,2026-10-03T03:00:00,0.01
Z23,2026-10-03T04:00:00,0.28
Z23,2026-10-03T05:00:00,0.0
Z23,2026-10-03T06:00:00,0.0
Z23,2026-10-03T07:00:00,0.0
Z23,2026-10-03T08:00:00,0.0
Z23,2026-10-03T09:00:00,0.32
Z24,2026-09-26T10:00:00,0.29
Z24,2026-09-26T11:00:00,0.0
Z24,2026-09-26T12:00:00,0.0
Z24,2026-09-26T13:00:00,0.0
Z24,2026-09-26T14:00:00,0.0
Z24,2026-09-26T15:00:00,0.0
Z24,2026-09-26T16:00:00,0.39
Z24,2026-09-26T17:00:00,0.0
Z24,2026-09-26T18:00:00,0.04
Z24,2026-09-26T19:00:00,0.0
Z24,2026-09-26T20:00:00,0.07
Z24,2026-09-26T21:00:00,0.0
Z24,2026-09-26T22:00:00,0.0
Z24,2026-09-26T23:00:00,0.05
Z24,2026-09-27T00:00:00,0.0
Z24,2026-09-27T01:00:00,0.0
Z24,2026-09-27T02:00:00,0.0
Z24,2026-09-27T03:00:00,0.0
Z24,2026-09-27T04:00:00,0.02
Z24,2026-09-27T05:00:00,0.16
Z24,2026-09-27T06:00:00,0.0
Z24,2026-09-27T07:00:00,0.01
Z24,2026-09-27T08:00:00,0.02
Z24,2026-09-27T09:00:00,0.0
Z24,2026-09-27T10:00:00,0.0
Z24,2026-09-27T11:00:00,0.74
Z24,2026-09-27T12:00:00,0.0
Z24,2026-09-27T13:00:00,0.0
Z24,2026-09-27T14:00:00,0.0
Z24,2026-09-27T15:00:00,0.0
Z24,2026-09-27T16:00:00,0.21
Z24,2026-09-27T17:00:00,0.0
Z24,2026-09-27T18:00:00,0.0
Z24,2026-09-27T19:00:00,0.0
Z24,2026-09-27T20:00:00,0.0
Z24,2026-09-27T21:00:00,0.0
Z24,2026-09-27T22:00:00,0.0
Z24,2026-09-27T23:00:00,0.76
Z24,2026-09-28T00:00:00,0.0
Z24,2026-09-28T01:00:00,2.59
Z24,2026-09-28T02:00:00,0.74
Z24,2026-09-28T03:00:00,2.38
Z24,2026-09-28T04:00:00,0.0
Z24,2026-09-28T05:00:00,1.44
Z24,2026-09-28T06:00:00,0.0
Z24,2026-09-28T07:00:00,0.0
Z24,2026-09-28T08:00:00,0.47
Z24,2026-09-28T09:00:00,0.0
Z24,2026-09-28T10:00:00,0.0
Z24,2026-09-28T11:00:00,0.04
Z24,2026-09-28T12:00:00,0.23
Z24,2026-09-28T13:00:00,0.0
Z24,2026-09-28T14:00:00,0.0
Z24,2026-09-28T15:00:00,0.0
Z24,2026-09-28T16:00:00,0.12
Z24,2026-09-28T17:00:00,0.05
Z24,2026-09-28T18:00:00,0.0
Z24,2026-09-28T19:00:00,0.0
Z24,2026-09-28T20:00:00,0.0
Z24,2026-09-28T21:00:00,0.21
Z24,2026-09-28T22:00:00,0.0
Z24,2026-09-28T23:00:00,0.43
Z24,2026-09-29T00:00:00,0.0
Z24,2026-09-29T01:00:00,0.37
Z24,2026-09-29T02:00:00,0.0
Z24,2026-09-29T03:00:00,0.0
Z24,2026-09-29T04:00:00,0.0
Z24,2026-09-29T05:00:00,0.0
Z24,2026-09-29T06:00:00,0.0
Z24,2026-09-29T07:00:00,0.0
Z24,2026-09-29T08:00:00,0.0
Z24,2026-09-29T09:00:00,0.0
Z24,2026-09-29T10:00:00,0.0
Z24,2026-09-29T11:00:00,0.77
Z24,2026-09-29T12:00:00,0.0
Z24,2026-09-29T13:00:00,0.0
Z24,2026-09-29T14:00:00,0.0
Z24,2026-09-29T15:00:00,0.88
Z24,2026-09-29T16:00:00,0.0
Z24,2026-09-29T17:00:00,0.0
Z24,2026-09-29T18:00:00,0.0
Z24,2026-09-29T19:00:00,0.0
Z24,2026-09-29T20:00:00,0.0
Z24,2026-09-29T21:00:00,0.16
Z24,2026-09-29T22:00:00,0.0
Z24,2026-09-29T23:00:00,0.0
Z24,2026-09-30T00:00:00,0.01
Z24,2026-09-30T01:00:00,0.0
Z24,2026-09-30T02:00:00,0.0
Z24,2026-09-30T03:00:00,0.01
Z24,2026-09-30T04:00:00,0.0
Z24,2026-09-30T05:00:00,0.09
Z24,2026-09-30T06:00:00,0.7
Z24,2026-09-30T07:00:00,0.0
Z24,2026-09-30T08:00:00,0.14
Z24,2026-09-30T09:00:00,0.0
Z24,2026-09-30T10:00:00,0.84
Z24,2026-09-30T11:00:00,0.0
Z24,2026-09-30T12:00:00,0.0
Z24,2026-09-30T13:00:00,0.0
Z24,2026-09-30T14:00:00,0.0
Z24,2026-09-30T15:00:00,0.0
Z24,2026-09-30T16:00:00,0.0
Z24,2026-09-30T17:00:00,1.47
Z24,2026-09-30T18:00:00,0.78
Z24,2026-09-30T19:00:00,0.0
Z24,2026-09-30T20:00:00,0.0
Z24,2026-09-30T21:00:00,0.0
Z24,2026-09-30T22:00:00,1.66
Z24,2026-09-30T23:00:00,0.0
Z24,2026-10-01T00:00:00,0.0
Z24,2026-10-01T01:00:00,0.0
Z24,2026-10-01T02:00:00,0.13
Z24,2026-10-01T03:00:00,0.0
Z24,2026-10-01T04:00:00,0.05
Z24,2026-10-01T05:00:00,0.0
Z24,2026-10-01T06:00:00,0.0
Z24,2026-10-01T07:00:00,0.08
Z24,2026-10-01T08:00:00,0.2
Z24,2026-10-01T09:00:00,0.08
Z24,2026-10-01T10:00:00,0.0
Z24,2026-10-01T11:00:00,0.01
Z24,2026-10-01T12:00:00,0.02
Z24,2026-10-01T13:00:00,0.0
Z24,2026-10-01T14:00:00,0.0
Z24,2026-10-01T15:00:00,0.0
Z24,2026-10-01T16:00:00,2.18
Z24,2026-10-01T17:00:00,0.0
Z24,2026-10-01T18:00:00,0.0
Z24,2026-10-01T19:00:00,0.0
Z24,2026-10-01T20:00:00,0.0
Z24,2026-10-01T21:00:00,0.27
Z24,2026-10-01T22:00:00,0.0
Z24,2026-10-01T23:00:00,0.0
Z24,2026-10-02T00:00:00,0.04
Z24,2026-10-02T01:00:00,0.0
Z24,2026-10-02T02:00:00,0.02
Z24,2026-10-02T03:00:00,0.0
Z24,2026-10-02T04:00:00,0.59
Z24,2026-10-02T05:00:00,0.01
Z24,2026-10-02T06:00:00,0.0
Z24,2026-10-02T07:00:00,0.0
Z24,2026-10-02T08:00:00,0.0
Z24,2026-10-02T09:00:00,8.67
Z24,2026-10-02T10:00:00,8.57
Z24,2026-10-02T11:00:00,9.94
Z24,2026-10-02T12:00:00,15.7
Z24,2026-10-02T13:00:00,4.27
Z24,2026-10-02T14:00:00,5.6
Z24,2026-10-02T15:00:00,15.56
Z24,2026-10-02T16:00:00,5.01
Z24,2026-10-02T17:00:00,6.4
Z24,2026-10-02T18:00:00,3.59
Z24,2026-10-02T19:00:00,21.96
Z24,2026-10-02T20:00:00,12.45
Z24,2026-10-02T21:00:00,14.19
Z24,2026-10-02T22:00:00,5.8
Z24,2026-10-02T23:00:00,0.23
Z24,2026-10-03T00:00:00,0.0
Z24,2026-10-03T01:00:00,0.0
Z24,2026-10-03T02:00:00,0.0
Z24,2026-10-03T03:00:00,0.0
Z24,2026-10-03T04:00:00,0.0
Z24,2026-10-03T05:00:00,0.0
Z24,2026-10-03T06:00:00,0.12
Z24,2026-10-03T07:00:00,0.0
Z24,2026-10-03T08:00:00,0.0
Z24,2026-10-03T09:00:00,0.0
Z25,2026-09-26T10:00:00,0.93
Z25,2026-09-26T11:00:00,0.0
Z25,2026-09-26T12:00:00,0.0
Z25,2026-09-26T13:00:00,0.0
Z25,2026-09-26T14:00:00,0.16
Z25,2026-09-26T15:00:00,0.87
Z25,2026-09-26T16:00:00,0.0
Z25,2026-09-26T17:00:00,0.0
Z25,2026-09-26T18:00:00,0.82
Z25,2026-09-26T19:00:00,0.05
Z25,2026-09-26T20:00:00,0.2
Z25,2026-09-26T21:00:00,1.0
Z25,2026-09-26T22:00:00,0.13
Z25,2026-09-26T23:00:00,0.0
Z25,2026-09-27T00:00:00,0.0
Z25,2026-09-27T01:00:00,0.0
Z25,2026-09-27T02:00:00,0.06
Z25,2026-09-27T03:00:00,0.59
Z25,2026-09-27T04:00:00,1.17
Z25,2026-09-27T05:00:00,0.36
Z25,2026-09-27T06:00:00,0.0
Z25,2026-09-27T07:00:00,0.16
Z25,2026-09-27T08:00:00,0.0
Z25,2026-09-27T09:00:00,0.0
Z25,2026-09-27T10:00:00,0.05
Z25,2026-09-27T11:00:00,0.0
Z25,2026-09-27T12:00:00,0.0
Z25,2026-09-27T13:00:00,0.02
Z25,2026-09-27T14:00:00,0.0
Z25,2026-09-27T15:00:00,0.0
Z25,2026-09-27T16:00:00,0.0
Z25,2026-09-27T17:00:00,0.0
Z25,2026-09-27T18:00:00,0.0
Z25,2026-09-27T19:00:00,0.05
Z25,2026-09-27T20:00:00,0.0
Z25,2026-09-27T21:00:00,0.0
Z25,2026-09-27T22:00:00,0.0
Z25,2026-09-27T23:00:00,0.0
Z25,2026-09-28T00:00:00,0.0
Z25,2026-09-28T01:00:00,0.0
Z25,2026-09-28T02:00:00,0.0
Z25,2026-09-28T03:00:00,0.0
Z25,2026-09-28T04:00:00,0.0
Z25,2026-09-28T05:00:00,0.02
Z25,2026-09-28T06:00:00,0.17
Z25,2026-09-28T07:00:00,0.0
Z25,2026-09-28T08:00:00,0.0
Z25,2026-09-28T09:00:00,0.0
Z25,2026-09-28T10:00:00,0.0
Z25,2026-09-28T11:00:00,0.04
Z25,2026-09-28T12:00:00,0.0
Z25,2026-09-28T13:00:00,0.0
Z25,2026-09-28T14:00:00,0.0
Z25,2026-09-28T15:00:00,0.17
Z25,2026-09-28T16:00:00,0.0
Z25,2026-09-28T17:00:00,0.75
Z25,2026-09-28T18:00:00,0.06
Z25,2026-09-28T19:00:00,0.0
Z25,2026-09-28T20:00:00,0.0
Z25,2026-09-28T21:00:00,0.51
Z25,2026-09-28T22:00:00,0.0
Z25,2026-09-28T23:00:00,0.03
Z25,2026-09-29T00:00:00,1.01
Z25,2026-09-29T01:00:00,0.0
Z25,2026-09-29T02:00:00,1.97
Z25,2026-09-29T03:00:00,0.0
Z25,2026-09-29T04:00:00,0.0
Z25,2026-09-29T05:00:00,0.0
Z25,2026-09-29T06:00:00,0.0
Z25,2026-09-29T07:00:00,0.04
Z25,2026-09-29T08:00:00,0.1
Z25,2026-09-29T09:00:00,0.0
Z25,2026-09-29T10:00:00,0.0
Z25,2026-09-29T11:00:00,0.93
Z25,2026-09-29T12:00:00,1.57
Z25,2026-09-29T13:00:00,0.49
Z25,2026-09-29T14:00:00,0.0
Z25,2026-09-29T15:00:00,0.0
Z25,2026-09-29T16:00:00,0.78
Z25,2026-09-29T17:00:00,0.0
Z25,2026-09-29T18:00:00,0.78
Z25,2026-09-29T19:00:00,0.0
Z25,2026-09-29T20:00:00,0.0
Z25,2026-09-29T21:00:00,0.0
Z25,2026-09-29T22:00:00,0.0
Z25,2026-09-29T23:00:00,0.0
Z25,2026-09-30T00:00:00,0.01
Z25,2026-09-30T01:00:00,0.0
Z25,2026-09-30T02:00:00,0.0
Z25,2026-09-30T03:00:00,0.17
Z25,2026-09-30T04:00:00,0.0
Z25,2026-09-30T05:00:00,0.09
Z25,2026-09-30T06:00:00,0.0
Z25,2026-09-30T07:00:00,0.0
Z25,2026-09-30T08:00:00,0.0
Z25,2026-09-30T09:00:00,0.0
Z25,2026-09-30T10:00:00,0.21
Z25,2026-09-30T11:00:00,0.0
Z25,2026-09-30T12:00:00,0.09
Z25,2026-09-30T13:00:00,0.0
Z25,2026-09-30T14:00:00,0.14
Z25,2026-09-30T15:00:00,3.09
Z25,2026-09-30T16:00:00,0.0
Z25,2026-09-30T17:00:00,0.0
Z25,2026-09-30T18:00:00,0.0
Z25,2026-09-30T19:00:00,0.03
Z25,2026-09-30T20:00:00,0.38
Z25,2026-09-30T21:00:00,0.0
Z25,2026-09-30T22:00:00,0.0
Z25,2026-09-30T23:00:00,0.0
Z25,2026-10-01T00:00:00,0.06
Z25,2026-10-01T01:00:00,0.0
Z25,2026-10-01T02:00:00,0.0
Z25,2026-10-01T03:00:00,0.0
Z25,2026-10-01T04:00:00,0.44
Z25,2026-10-01T05:00:00,0.78
Z25,2026-10-01T06:00:00,0.64
Z25,2026-10-01T07:00:00,0.07
Z25,2026-10-01T08:00:00,0.15
Z25,2026-10-01T09:00:00,0.0
Z25,2026-10-01T10:00:00,0.0
Z25,2026-10-01T11:00:00,0.0
Z25,2026-10-01T12:00:00,0.0
Z25,2026-10-01T13:00:00,0.23
Z25,2026-10-01T14:00:00,0.02
Z25,2026-10-01T15:00:00,0.06
Z25,2026-10-01T16:00:00,0.0
Z25,2026-10-01T17:00:00,0.17
Z25,2026-10-01T18:00:00,0.0
Z25,2026-10-01T19:00:00,0.0
Z25,2026-10-01T20:00:00,0.0
Z25,2026-10-01T21:00:00,0.23
Z25,2026-10-01T22:00:00,0.0
Z25,2026-10-01T23:00:00,0.27
Z25,2026-10-02T00:00:00,0.0
Z25,2026-10-02T01:00:00,0.0
Z25,2026-10-02T02:00:00,0.0
Z25,2026-10-02T03:00:00,0.18
Z25,2026-10-02T04:00:00,0.0
Z25,2026-10-02T05:00:00,0.0
Z25,2026-10-02T06:00:00,0.0
Z25,2026-10-02T07:00:00,0.0
Z25,2026-10-02T08:00:00,0.0
Z25,2026-10-02T09:00:00,0.0
Z25,2026-10-02T10:00:00,0.0
Z25,2026-10-02T11:00:00,0.34
Z25,2026-10-02T12:00:00,0.25
Z25,2026-10-02T13:00:00,1.41
Z25,2026-10-02T14:00:00,2.31
Z25,2026-10-02T15:00:00,0.0
Z25,2026-10-02T16:00:00,0.0
Z25,2026-10-02T17:00:00,0.29
Z25,2026-10-02T18:00:00,0.0
Z25,2026-10-02T19:00:00,0.0
Z25,2026-10-02T20:00:00,0.0
Z25,2026-10-02T21:00:00,0.0
Z25,2026-10-02T22:00:00,0.0
Z25,2026-10-02T23:00:00,0.0
Z25,2026-10-03T00:00:00,0.0
Z25,2026-10-03T01:00:00,0.0
Z25,2026-10-03T02:00:00,0.02
Z25,2026-10-03T03:00:00,0.0
Z25,2026-10-03T04:00:00,0.0
Z25,2026-10-03T05:00:00,0.0
Z25,2026-10-03T06:00:00,0.0
Z25,2026-10-03T07:00:00,0.0
Z25,2026-10-03T08:00:00,0.0
Z25,2026-10-03T09:00:00,0.23
Z26,2026-09-26T10:00:00,0.0
Z26,2026-09-26T11:00:00,2.31
Z26,2026-09-26T12:00:00,0.0
Z26,2026-09-26T13:00:00,0.0
Z26,2026-09-26T14:00:00,0.02
Z26,2026-09-26T15:00:00,0.0
Z26,2026-09-26T16:00:00,0.0
Z26,2026-09-26T17:00:00,0.07
Z26,2026-09-26T18:00:00,0.0
Z26,2026-09-26T19:00:00,0.0
Z26,2026-09-26T20:00:00,1.69
Z26,2026-09-26T21:00:00,0.0
Z26,2026-09-26T22:00:00,0.0
Z26,2026-09-26T23:00:00,0.0
Z26,2026-09-27T00:00:00,0.0
Z26,2026-09-27T01:00:00,0.25
Z26,2026-09-27T02:00:00,0.0
Z26,2026-09-27T03:00:00,0.0
Z26,2026-09-27T04:00:00,0.0
Z26,2026-09-27T05:00:00,0.0
Z26,2026-09-27T06:00:00,0.0
Z26,2026-09-27T07:00:00,0.0
Z26,2026-09-27T08:00:00,0.0
Z26,2026-09-27T09:00:00,0.0
Z26,2026-09-27T10:00:00,0.0
Z26,2026-09-27T11:00:00,0.0
Z26,2026-09-27T12:00:00,0.16
Z26,2026-09-27T13:00:00,0.0
Z26,2026-09-27T14:00:00,0.0
Z26,2026-09-27T15:00:00,0.0
Z26,2026-09-27T16:00:00,0.0
Z26,2026-09-27T17:00:00,0.04
Z26,2026-09-27T18:00:00,0.0
Z26,2026-09-27T19:00:00,0.97
Z26,2026-09-27T20:00:00,0.12
Z26,2026-09-27T21:00:00,0.06
Z26,2026-09-27T22:00:00,0.45
Z26,2026-09-27T23:00:00,0.27
Z26,2026-09-28T00:00:00,0.0
Z26,2026-09-28T01:00:00,0.0
Z26,2026-09-28T02:00:00,0.0
Z26,2026-09-28T03:00:00,0.06
Z26,2026-09-28T04:00:00,1.39
Z26,2026-09-28T05:00:00,0.09
Z26,2026-09-28T06:00:00,0.0
Z26,2026-09-28T07:00:00,1.72
Z26,2026-09-28T08:00:00,0.0
Z26,2026-09-28T09:00:00,0.0
Z26,2026-09-28T10:00:00,0.12
Z26,2026-09-28T11:00:00,0.11
Z26,2026-09-28T12:00:00,0.0
Z26,2026-09-28T13:00:00,0.0
Z26,2026-09-28T14:00:00,0.0
Z26,2026-09-28T15:00:00,0.0
Z26,2026-09-28T16:00:00,0.08
Z26,2026-09-28T17:00:00,0.0
Z26,2026-09-28T18:00:00,0.0
Z26,2026-09-28T19:00:00,0.0
Z26,2026-09-28T20:00:00,0.0
Z26,2026-09-28T21:00:00,0.0
Z26,2026-09-28T22:00:00,0.0
Z26,2026-09-28T23:00:00,0.03
Z26,2026-09-29T00:00:00,0.0
Z26,2026-09-29T01:00:00,0.01
Z26,2026-09-29T02:00:00,0.67
Z26,2026-09-29T03:00:00,0.15
Z26,2026-09-29T04:00:00,2.41
Z26,2026-09-29T05:00:00,0.0
Z26,2026-09-29T06:00:00,0.0
Z26,2026-09-29T07:00:00,0.15
Z26,2026-09-29T08:00:00,0.0
Z26,2026-09-29T09:00:00,0.0
Z26,2026-09-29T10:00:00,0.71
Z26,2026-09-29T11:00:00,0.18
Z26,2026-09-29T12:00:00,0.05
Z26,2026-09-29T13:00:00,0.0
Z26,2026-09-29T14:00:00,0.41
Z26,2026-09-29T15:00:00,0.0
Z26,2026-09-29T16:00:00,0.8
Z26,2026-09-29T17:00:00,0.0
Z26,2026-09-29T18:00:00,0.35
Z26,2026-09-29T19:00:00,0.53
Z26,2026-09-29T20:00:00,0.19
Z26,2026-09-29T21:00:00,0.0
Z26,2026-09-29T22:00:00,0.0
Z26,2026-09-29T23:00:00,0.06
Z26,2026-09-30T00:00:00,0.0
Z26,2026-09-30T01:00:00,0.0
Z26,2026-09-30T02:00:00,0.0
Z26,2026-09-30T03:00:00,0.83
Z26,2026-09-30T04:00:00,1.12
Z26,2026-09-30T05:00:00,0.0
Z26,2026-09-30T06:00:00,0.0
Z26,2026-09-30T07:00:00,0.0
Z26,2026-09-30T08:00:00,0.0
Z26,2026-09-30T09:00:00,0.0
Z26,2026-09-30T10:00:00,0.0
Z26,2026-09-30T11:00:00,0.1
Z26,2026-09-30T12:00:00,0.0
Z26,2026-09-30T13:00:00,0.0
Z26,2026-09-30T14:00:00,0.27
Z26,2026-09-30T15:00:00,0.03
Z26,2026-09-30T16:00:00,0.0
Z26,2026-09-30T17:00:00,0.0
Z26,2026-09-30T18:00:00,0.06
Z26,2026-09-30T19:00:00,0.0
Z26,2026-09-30T20:00:00,0.07
Z26,2026-09-30T21:00:00,0.0
Z26,2026-09-30T22:00:00,0.0
Z26,2026-09-30T23:00:00,0.0
Z26,2026-10-01T00:00:00,4.01
Z26,2026-10-01T01:00:00,0.04
Z26,2026-10-01T02:00:00,0.0
Z26,2026-10-01T03:00:00,0.0
Z26,2026-10-01T04:00:00,0.0
Z26,2026-10-01T05:00:00,1.46
Z26,2026-10-01T06:00:00,0.03
Z26,2026-10-01T07:00:00,0.0
Z26,2026-10-01T08:00:00,0.0
Z26,2026-10-01T09:00:00,3.94
Z26,2026-10-01T10:00:00,0.0
Z26,2026-10-01T11:00:00,0.06
Z26,2026-10-01T12:00:00,0.0
Z26,2026-10-01T13:00:00,0.0
Z26,2026-10-01T14:00:00,3.5
Z26,2026-10-01T15:00:00,2.61
Z26,2026-10-01T16:00:00,0.0
Z26,2026-10-01T17:00:00,0.0
Z26,2026-10-01T18:00:00,1.15
Z26,2026-10-01T19:00:00,0.2
Z26,2026-10-01T20:00:00,0.56
Z26,2026-10-01T21:00:00,0.0
Z26,2026-10-01T22:00:00,0.02
Z26,2026-10-01T23:00:00,0.0
Z26,2026-10-02T00:00:00,0.0
Z26,2026-10-02T01:00:00,0.14
Z26,2026-10-02T02:00:00,0.0
Z26,2026-10-02T03:00:00,0.0
Z26,2026-10-02T04:00:00,0.0
Z26,2026-10-02T05:00:00,0.0
Z26,2026-10-02T06:00:00,0.0
Z26,2026-10-02T07:00:00,0.0
Z26,2026-10-02T08:00:00,0.02
Z26,2026-10-02T09:00:00,0.0
Z26,2026-10-02T10:00:00,0.0
Z26,2026-10-02T11:00:00,0.0
Z26,2026-10-02T12:00:00,0.0
Z26,2026-10-02T13:00:00,0.0
Z26,2026-10-02T14:00:00,0.0
Z26,2026-10-02T15:00:00,0.0
Z26,2026-10-02T16:00:00,0.38
Z26,2026-10-02T17:00:00,0.02
Z26,2026-10-02T18:00:00,0.0
Z26,2026-10-02T19:00:00,0.02
Z26,2026-10-02T20:00:00,0.0
Z26,2026-10-02T21:00:00,0.7
Z26,2026-10-02T22:00:00,0.0
Z26,2026-10-02T23:00:00,0.0
Z26,2026-10-03T00:00:00,0.0
Z26,2026-10-03T01:00:00,0.0
Z26,2026-10-03T02:00:00,0.23
Z26,2026-10-03T03:00:00,0.0
Z26,2026-10-03T04:00:00,0.0
Z26,2026-10-03T05:00:00,0.0
Z26,2026-10-03T06:00:00,1.74
Z26,2026-10-03T07:00:00,0.0
Z26,2026-10-03T08:00:00,0.0
Z26,2026-10-03T09:00:00,0.0
Z27,2026-09-26T10:00:00,1.14
Z27,2026-09-26T11:00:00,0.02
Z27,2026-09-26T12:00:00,0.0
Z27,2026-09-26T13:00:00,2.19
Z27,2026-09-26T14:00:00,0.0
Z27,2026-09-26T15:00:00,0.0
Z27,2026-09-26T16:00:00,0.0
Z27,2026-09-26T17:00:00,0.0
Z27,2026-09-26T18:00:00,0.0
Z27,2026-09-26T19:00:00,0.28
Z27,2026-09-26T20:00:00,0.0
Z27,2026-09-26T21:00:00,0.0
Z27,2026-09-26T22:00:00,0.02
Z27,2026-09-26T23:00:00,0.28
Z27,2026-09-27T00:00:00,0.03
Z27,2026-09-27T01:00:00,0.39
Z27,2026-09-27T02:00:00,0.0
Z27,2026-09-27T03:00:00,0.72
Z27,2026-09-27T04:00:00,0.0
Z27,2026-09-27T05:00:00,0.0
Z27,2026-09-27T06:00:00,0.0
Z27,2026-09-27T07:00:00,0.01
Z27,2026-09-27T08:00:00,0.34
Z27,2026-09-27T09:00:00,0.0
Z27,2026-09-27T10:00:00,0.0
Z27,2026-09-27T11:00:00,0.0
Z27,2026-09-27T12:00:00,0.0
Z27,2026-09-27T13:00:00,0.01
Z27,2026-09-27T14:00:00,0.0
Z27,2026-09-27T15:00:00,0.0
Z27,2026-09-27T16:00:00,0.0
Z27,2026-09-27T17:00:00,0.0
Z27,2026-09-27T18:00:00,0.0
Z27,2026-09-27T19:00:00,0.02
Z27,2026-09-27T20:00:00,0.69
Z27,2026-09-27T21:00:00,0.0
Z27,2026-09-27T22:00:00,0.0
Z27,2026-09-27T23:00:00,0.0
Z27,2026-09-28T00:00:00,0.0
Z27,2026-09-28T01:00:00,0.0
Z27,2026-09-28T02:00:00,0.0
Z27,2026-09-28T03:00:00,0.09
Z27,2026-09-28T04:00:00,0.1
Z27,2026-09-28T05:00:00,0.0
Z27,2026-09-28T06:00:00,0.67
Z27,2026-09-28T07:00:00,0.0
Z27,2026-09-28T08:00:00,0.0
Z27,2026-09-28T09:00:00,0.12
Z27,2026-09-28T10:00:00,0.13
Z27,2026-09-28T11:00:00,0.0
Z27,2026-09-28T12:00:00,1.33
Z27,2026-09-28T13:00:00,0.0
Z27,2026-09-28T14:00:00,0.0
Z27,2026-09-28T15:00:00,0.0
Z27,2026-09-28T16:00:00,0.0
Z27,2026-09-28T17:00:00,0.0
Z27,2026-09-28T18:00:00,0.52
Z27,2026-09-28T19:00:00,0.89
Z27,2026-09-28T20:00:00,0.0
Z27,2026-09-28T21:00:00,0.0
Z27,2026-09-28T22:00:00,0.0
Z27,2026-09-28T23:00:00,0.68
Z27,2026-09-29T00:00:00,0.0
Z27,2026-09-29T01:00:00,0.0
Z27,2026-09-29T02:00:00,0.0
Z27,2026-09-29T03:00:00,0.0
Z27,2026-09-29T04:00:00,3.58
Z27,2026-09-29T05:00:00,1.32
Z27,2026-09-29T06:00:00,0.01
Z27,2026-09-29T07:00:00,0.18
Z27,2026-09-29T08:00:00,0.0
Z27,2026-09-29T09:00:00,0.17
Z27,2026-09-29T10:00:00,0.61
Z27,2026-09-29T11:00:00,0.0
Z27,2026-09-29T12:00:00,0.0
Z27,2026-09-29T13:00:00,0.67
Z27,2026-09-29T14:00:00,0.0
Z27,2026-09-29T15:00:00,0.0
Z27,2026-09-29T16:00:00,0.0
Z27,2026-09-29T17:00:00,0.0
Z27,2026-09-29T18:00:00,0.0
Z27,2026-09-29T19:00:00,0.37
Z27,2026-09-29T20:00:00,0.0
Z27,2026-09-29T21:00:00,0.0
Z27,2026-09-29T22:00:00,0.18
Z27,2026-09-29T23:00:00,0.0
Z27,2026-09-30T00:00:00,0.0
Z27,2026-09-30T01:00:00,0.0
Z27,2026-09-30T02:00:00,0.0
Z27,2026-09-30T03:00:00,0.0
Z27,2026-09-30T04:00:00,1.19
Z27,2026-09-30T05:00:00,0.0
Z27,2026-09-30T06:00:00,0.0
Z27,2026-09-30T07:00:00,0.0
Z27,2026-09-30T08:00:00,2.49
Z27,2026-09-30T09:00:00,0.27
Z27,2026-09-30T10:00:00,0.17
Z27,2026-09-30T11:00:00,0.0
Z27,2026-09-30T12:00:00,0.0
Z27,2026-09-30T13:00:00,0.0
Z27,2026-09-30T14:00:00,2.83
Z27,2026-09-30T15:00:00,0.28
Z27,2026-09-30T16:00:00,0.12
Z27,2026-09-30T17:00:00,0.05
Z27,2026-09-30T18:00:00,0.0
Z27,2026-09-30T19:00:00,0.0
Z27,2026-09-30T20:00:00,0.0
Z27,2026-09-30T21:00:00,0.0
Z27,2026-09-30T22:00:00,0.0
Z27,2026-09-30T23:00:00,0.0
Z27,2026-10-01T00:00:00,0.0
Z27,2026-10-01T01:00:00,0.84
Z27,2026-10-01T02:00:00,0.22
Z27,2026-10-01T03:00:00,1.63
Z27,2026-10-01T04:00:00,0.0
Z27,2026-10-01T05:00:00,0.0
Z27,2026-10-01T06:00:00,0.0
Z27,2026-10-01T07:00:00,0.35
Z27,2026-10-01T08:00:00,0.0
Z27,2026-10-01T09:00:00,0.76
Z27,2026-10-01T10:00:00,1.68
Z27,2026-10-01T11:00:00,0.0
Z27,2026-10-01T12:00:00,0.0
Z27,2026-10-01T13:00:00,0.0
Z27,2026-10-01T14:00:00,0.08
Z27,2026-10-01T15:00:00,0.01
Z27,2026-10-01T16:00:00,1.35
Z27,2026-10-01T17:00:00,0.02
Z27,2026-10-01T18:00:00,0.13
Z27,2026-10-01T19:00:00,1.75
Z27,2026-10-01T20:00:00,0.0
Z27,2026-10-01T21:00:00,0.0
Z27,2026-10-01T22:00:00,1.26
Z27,2026-10-01T23:00:00,0.19
Z27,2026-10-02T00:00:00,0.0
Z27,2026-10-02T01:00:00,0.02
Z27,2026-10-02T02:00:00,1.13
Z27,2026-10-02T03:00:00,0.12
Z27,2026-10-02T04:00:00,0.58
Z27,2026-10-02T05:00:00,0.35
Z27,2026-10-02T06:00:00,0.42
Z27,2026-10-02T07:00:00,0.01
Z27,2026-10-02T08:00:00,2.2
Z27,2026-10-02T09:00:00,0.0
Z27,2026-10-02T10:00:00,0.0
Z27,2026-10-02T11:00:00,0.45
Z27,2026-10-02T12:00:00,0.0
Z27,2026-10-02T13:00:00,13.03
Z27,2026-10-02T14:00:00,31.62
Z27,2026-10-02T15:00:00,13.23
Z27,2026-10-02T16:00:00,14.64
Z27,2026-10-02T17:00:00,30.95
Z27,2026-10-02T18:00:00,29.44
Z27,2026-10-02T19:00:00,4.79
Z27,2026-10-02T20:00:00,11.1
Z27,2026-10-02T21:00:00,28.61
Z27,2026-10-02T22:00:00,11.09
Z27,2026-10-02T23:00:00,13.74
Z27,2026-10-03T00:00:00,16.02
Z27,2026-10-03T01:00:00,22.41
Z27,2026-10-03T02:00:00,33.54
Z27,2026-10-03T03:00:00,0.0
Z27,2026-10-03T04:00:00,0.0
Z27,2026-10-03T05:00:00,0.0
Z27,2026-10-03T06:00:00,0.0
Z27,2026-10-03T07:00:00,0.5
Z27,2026-10-03T08:00:00,0.0
Z27,2026-10-03T09:00:00,0.07
Z28,2026-09-26T10:00:00,0.0
Z28,2026-09-26T11:00:00,0.0
Z28,2026-09-26T12:00:00,0.01
Z28,2026-09-26T13:00:00,0.0
Z28,2026-09-26T14:00:00,0.0
Z28,2026-09-26T15:00:00,0.0
Z28,2026-09-26T16:00:00,0.0
Z28,2026-09-26T17:00:00,0.0
Z28,2026-09-26T18:00:00,0.91
Z28,2026-09-26T19:00:00,0.3
Z28,2026-09-26T20:00:00,0.92
Z28,2026-09-26T21:00:00,0.16
Z28,2026-09-26T22:00:00,3.46
Z28,2026-09-26T23:00:00,0.0
Z28,2026-09-27T00:00:00,0.0
Z28,2026-09-27T01:00:00,0.0
Z28,2026-09-27T02:00:00,0.0
Z28,2026-09-27T03:00:00,0.0
Z28,2026-09-27T04:00:00,0.79
Z28,2026-09-27T05:00:00,0.0
Z28,2026-09-27T06:00:00,0.07
Z28,2026-09-27T07:00:00,0.56
Z28,2026-09-27T08:00:00,0.0
Z28,2026-09-27T09:00:00,0.0
Z28,2026-09-27T10:00:00,0.0
Z28,2026-09-27T11:00:00,0.02
Z28,2026-09-27T12:00:00,0.0
Z28,2026-09-27T13:00:00,0.0
Z28,2026-09-27T14:00:00,0.0
Z28,2026-09-27T15:00:00,0.78
Z28,2026-09-27T16:00:00,0.02
Z28,2026-09-27T17:00:00,0.0
Z28,2026-09-27T18:00:00,0.07
Z28,2026-09-27T19:00:00,1.86
Z28,2026-09-27T20:00:00,0.01
Z28,2026-09-27T21:00:00,0.0
Z28,2026-09-27T22:00:00,0.0
Z28,2026-09-27T23:00:00,0.01
Z28,2026-09-28T00:00:00,0.0
Z28,2026-09-28T01:00:00,0.0
Z28,2026-09-28T02:00:00,0.48
Z28,2026-09-28T03:00:00,0.0
Z28,2026-09-28T04:00:00,0.0
Z28,2026-09-28T05:00:00,0.0
Z28,2026-09-28T06:00:00,0.27
Z28,2026-09-28T07:00:00,0.02
Z28,2026-09-28T08:00:00,0.49
Z28,2026-09-28T09:00:00,0.0
Z28,2026-09-28T10:00:00,0.0
Z28,2026-09-28T11:00:00,0.15
Z28,2026-09-28T12:00:00,0.0
Z28,2026-09-28T13:00:00,0.0
Z28,2026-09-28T14:00:00,0.0
Z28,2026-09-28T15:00:00,0.0
Z28,2026-09-28T16:00:00,0.0
Z28,2026-09-28T17:00:00,0.0
Z28,2026-09-28T18:00:00,0.09
Z28,2026-09-28T19:00:00,0.0
Z28,2026-09-28T20:00:00,0.0
Z28,2026-09-28T21:00:00,0.0
Z28,2026-09-28T22:00:00,0.01
Z28,2026-09-28T23:00:00,0.0
Z28,2026-09-29T00:00:00,0.0
Z28,2026-09-29T01:00:00,0.08
Z28,2026-09-29T02:00:00,0.0
Z28,2026-09-29T03:00:00,0.01
Z28,2026-09-29T04:00:00,0.09
Z28,2026-09-29T05:00:00,0.0
Z28,2026-09-29T06:00:00,0.0
Z28,2026-09-29T07:00:00,0.17
Z28,2026-09-29T08:00:00,0.0
Z28,2026-09-29T09:00:00,0.0
Z28,2026-09-29T10:00:00,0.0
Z28,2026-09-29T11:00:00,0.0
Z28,2026-09-29T12:00:00,0.0
Z28,2026-09-29T13:00:00,0.0
Z28,2026-09-29T14:00:00,0.06
Z28,2026-09-29T15:00:00,0.0
Z28,2026-09-29T16:00:00,0.03
Z28,2026-09-29T17:00:00,0.0
Z28,2026-09-29T18:00:00,0.0
Z28,2026-09-29T19:00:00,0.35
Z28,2026-09-29T20:00:00,0.0
Z28,2026-09-29T21:00:00,0.64
Z28,2026-09-29T22:00:00,0.0
Z28,2026-09-29T23:00:00,1.19
Z28,2026-09-30T00:00:00,0.0
Z28,2026-09-30T01:00:00,0.0
Z28,2026-09-30T02:00:00,0.55
Z28,2026-09-30T03:00:00,0.19
Z28,2026-09-30T04:00:00,0.0
Z28,2026-09-30T05:00:00,0.0
Z28,2026-09-30T06:00:00,0.2
Z28,2026-09-30T07:00:00,0.0
Z28,2026-09-30T08:00:00,0.37
Z28,2026-09-30T09:00:00,0.0
Z28,2026-09-30T10:00:00,0.1
Z28,2026-09-30T11:00:00,0.0
Z28,2026-09-30T12:00:00,0.0
Z28,2026-09-30T13:00:00,0.0
Z28,2026-09-30T14:00:00,0.0
Z28,2026-09-30T15:00:00,0.1
Z28,2026-09-30T16:00:00,0.0
Z28,2026-09-30T17:00:00,0.02
Z28,2026-09-30T18:00:00,0.0
Z28,2026-09-30T19:00:00,2.43
Z28,2026-09-30T20:00:00,0.0
Z28,2026-09-30T21:00:00,0.0
Z28,2026-09-30T22:00:00,0.0
Z28,2026-09-30T23:00:00,0.0
Z28,2026-10-01T00:00:00,0.01
Z28,2026-10-01T01:00:00,0.17
Z28,2026-10-01T02:00:00,0.0
Z28,2026-10-01T03:00:00,0.94
Z28,2026-10-01T04:00:00,0.0
Z28,2026-10-01T05:00:00,0.02
Z28,2026-10-01T06:00:00,0.0
Z28,2026-10-01T07:00:00,0.0
Z28,2026-10-01T08:00:00,0.22
Z28,2026-10-01T09:00:00,0.0
Z28,2026-10-01T10:00:00,0.0
Z28,2026-10-01T11:00:00,0.66
Z28,2026-10-01T12:00:00,0.0
Z28,2026-10-01T13:00:00,0.0
Z28,2026-10-01T14:00:00,0.14
Z28,2026-10-01T15:00:00,0.02
Z28,2026-10-01T16:00:00,0.0
Z28,2026-10-01T17:00:00,0.0
Z28,2026-10-01T18:00:00,0.0
Z28,2026-10-01T19:00:00,0.03
Z28,2026-10-01T20:00:00,0.0
Z28,2026-10-01T21:00:00,0.55
Z28,2026-10-01T22:00:00,0.0
Z28,2026-10-01T23:00:00,0.0
Z28,2026-10-02T00:00:00,0.07
Z28,2026-10-02T01:00:00,0.0
Z28,2026-10-02T02:00:00,0.0
Z28,2026-10-02T03:00:00,0.0
Z28,2026-10-02T04:00:00,0.06
Z28,2026-10-02T05:00:00,0.0
Z28,2026-10-02T06:00:00,0.0
Z28,2026-10-02T07:00:00,1.39
Z28,2026-10-02T08:00:00,12.72
Z28,2026-10-02T09:00:00,6.8
Z28,2026-10-02T10:00:00,4.64
Z28,2026-10-02T11:00:00,9.61
Z28,2026-10-02T12:00:00,9.86
Z28,2026-10-02T13:00:00,9.97
Z28,2026-10-02T14:00:00,15.41
Z28,2026-10-02T15:00:00,17.4
Z28,2026-10-02T16:00:00,27.31
Z28,2026-10-02T17:00:00,7.26
Z28,2026-10-02T18:00:00,29.93
Z28,2026-10-02T19:00:00,13.8
Z28,2026-10-02T20:00:00,4.93
Z28,2026-10-02T21:00:00,6.14
Z28,2026-10-02T22:00:00,0.0
Z28,2026-10-02T23:00:00,0.09
Z28,2026-10-03T00:00:00,0.48
Z28,2026-10-03T01:00:00,0.0
Z28,2026-10-03T02:00:00,0.45
Z28,2026-10-03T03:00:00,0.0
Z28,2026-10-03T04:00:00,0.0
Z28,2026-10-03T05:00:00,1.08
Z28,2026-10-03T06:00:00,0.0
Z28,2026-10-03T07:00:00,0.0
Z28,2026-10-03T08:00:00,0.0
Z28,2026-10-03T09:00:00,0.0
Z29,2026-09-26T10:00:00,0.0
Z29,2026-09-26T11:00:00,4.62
Z29,2026-09-26T12:00:00,0.0
Z29,2026-09-26T13:00:00,0.0
Z29,2026-09-26T14:00:00,0.0
Z29,2026-09-26T15:00:00,0.83
Z29,2026-09-26T16:00:00,0.0
Z29,2026-09-26T17:00:00,0.0
Z29,2026-09-26T18:00:00,0.0
Z29,2026-09-26T19:00:00,4.54
Z29,2026-09-26T20:00:00,0.24
Z29,2026-09-26T21:00:00,0.16
Z29,2026-09-26T22:00:00,0.0
Z29,2026-09-26T23:00:00,1.39
Z29,2026-09-27T00:00:00,0.0
Z29,2026-09-27T01:00:00,0.0
Z29,2026-09-27T02:00:00,1.25
Z29,2026-09-27T03:00:00,0.0
Z29,2026-09-27T04:00:00,0.17
Z29,2026-09-27T05:00:00,4.92
Z29,2026-09-27T06:00:00,0.0
Z29,2026-09-27T07:00:00,0.0
Z29,2026-09-27T08:00:00,0.01
Z29,2026-09-27T09:00:00,0.0
Z29,2026-09-27T10:00:00,0.0
Z29,2026-09-27T11:00:00,0.0
Z29,2026-09-27T12:00:00,0.03
Z29,2026-09-27T13:00:00,0.24
Z29,2026-09-27T14:00:00,0.0
Z29,2026-09-27T15:00:00,0.68
Z29,2026-09-27T16:00:00,0.0
Z29,2026-09-27T17:00:00,0.0
Z29,2026-09-27T18:00:00,0.0
Z29,2026-09-27T19:00:00,0.58
Z29,2026-09-27T20:00:00,0.13
Z29,2026-09-27T21:00:00,0.03
Z29,2026-09-27T22:00:00,0.01
Z29,2026-09-27T23:00:00,0.0
Z29,2026-09-28T00:00:00,0.0
Z29,2026-09-28T01:00:00,0.0
Z29,2026-09-28T02:00:00,0.91
Z29,2026-09-28T03:00:00,0.35
Z29,2026-09-28T04:00:00,0.0
Z29,2026-09-28T05:00:00,0.0
Z29,2026-09-28T06:00:00,0.0
Z29,2026-09-28T07:00:00,0.41
Z29,2026-09-28T08:00:00,0.0
Z29,2026-09-28T09:00:00,0.35
Z29,2026-09-28T10:00:00,0.0
Z29,2026-09-28T11:00:00,0.0
Z29,2026-09-28T12:00:00,0.0
Z29,2026-09-28T13:00:00,0.0
Z29,2026-09-28T14:00:00,0.0
Z29,2026-09-28T15:00:00,0.92
Z29,2026-09-28T16:00:00,0.0
Z29,2026-09-28T17:00:00,0.03
Z29,2026-09-28T18:00:00,1.21
Z29,2026-09-28T19:00:00,0.0
Z29,2026-09-28T20:00:00,0.0
Z29,2026-09-28T21:00:00,0.26
Z29,2026-09-28T22:00:00,0.0
Z29,2026-09-28T23:00:00,0.0
Z29,2026-09-29T00:00:00,0.0
Z29,2026-09-29T01:00:00,0.0
Z29,2026-09-29T02:00:00,0.0
Z29,2026-09-29T03:00:00,0.31
Z29,2026-09-29T04:00:00,0.0
Z29,2026-09-29T05:00:00,0.0
Z29,2026-09-29T06:00:00,0.0
Z29,2026-09-29T07:00:00,0.0
Z29,2026-09-29T08:00:00,0.0
Z29,2026-09-29T09:00:00,0.0
Z29,2026-09-29T10:00:00,2.81
Z29,2026-09-29T11:00:00,5.13
Z29,2026-09-29T12:00:00,0.0
Z29,2026-09-29T13:00:00,0.0
Z29,2026-09-29T14:00:00,1.53
Z29,2026-09-29T15:00:00,0.0
Z29,2026-09-29T16:00:00,0.0
Z29,2026-09-29T17:00:00,0.0
Z29,2026-09-29T18:00:00,0.1
Z29,2026-09-29T19:00:00,0.19
Z29,2026-09-29T20:00:00,0.37
Z29,2026-09-29T21:00:00,1.54
Z29,2026-09-29T22:00:00,0.6
Z29,2026-09-29T23:00:00,0.0
Z29,2026-09-30T00:00:00,0.0
Z29,2026-09-30T01:00:00,0.0
Z29,2026-09-30T02:00:00,0.0
Z29,2026-09-30T03:00:00,0.24
Z29,2026-09-30T04:00:00,0.0
Z29,2026-09-30T05:00:00,1.34
Z29,2026-09-30T06:00:00,0.0
Z29,2026-09-30T07:00:00,0.1
Z29,2026-09-30T08:00:00,0.0
Z29,2026-09-30T09:00:00,0.0
Z29,2026-09-30T10:00:00,4.7
Z29,2026-09-30T11:00:00,0.79
Z29,2026-09-30T12:00:00,0.0
Z29,2026-09-30T13:00:00,0.12
Z29,2026-09-30T14:00:00,0.0
Z29,2026-09-30T15:00:00,0.5
Z29,2026-09-30T16:00:00,2.49
Z29,2026-09-30T17:00:00,0.0
Z29,2026-09-30T18:00:00,0.0
Z29,2026-09-30T19:00:00,0.0
Z29,2026-09-30T20:00:00,0.0
Z29,2026-09-30T21:00:00,0.0
Z29,2026-09-30T22:00:00,0.01
Z29,2026-09-30T23:00:00,0.0
Z29,2026-10-01T00:00:00,0.12
Z29,2026-10-01T01:00:00,0.0
Z29,2026-10-01T02:00:00,0.0
Z29,2026-10-01T03:00:00,0.39
Z29,2026-10-01T04:00:00,0.0
Z29,2026-10-01T05:00:00,0.08
Z29,2026-10-01T06:00:00,0.0
Z29,2026-10-01T07:00:00,1.2
Z29,2026-10-01T08:00:00,0.0
Z29,2026-10-01T09:00:00,0.24
Z29,2026-10-01T10:00:00,0.0
Z29,2026-10-01T11:00:00,0.0
Z29,2026-10-01T12:00:00,0.09
Z29,2026-10-01T13:00:00,0.0
Z29,2026-10-01T14:00:00,0.0
Z29,2026-10-01T15:00:00,0.0
Z29,2026-10-01T16:00:00,0.0
Z29,2026-10-01T17:00:00,6.37
Z29,2026-10-01T18:00:00,0.0
Z29,2026-10-01T19:00:00,0.0
Z29,2026-10-01T20:00:00,0.67
Z29,2026-10-01T21:00:00,0.0
Z29,2026-10-01T22:00:00,0.0
Z29,2026-10-01T23:00:00,0.05
Z29,2026-10-02T00:00:00,0.0
Z29,2026-10-02T01:00:00,0.0
Z29,2026-10-02T02:00:00,0.3
Z29,2026-10-02T03:00:00,0.24
Z29,2026-10-02T04:00:00,0.0
Z29,2026-10-02T05:00:00,0.0
Z29,2026-10-02T06:00:00,0.0
Z29,2026-10-02T07:00:00,0.0
Z29,2026-10-02T08:00:00,0.0
Z29,2026-10-02T09:00:00,0.0
Z29,2026-10-02T10:00:00,0.73
Z29,2026-10-02T11:00:00,0.02
Z29,2026-10-02T12:00:00,0.5
Z29,2026-10-02T13:00:00,0.0
Z29,2026-10-02T14:00:00,0.01
Z29,2026-10-02T15:00:00,0.0
Z29,2026-10-02T16:00:00,0.0
Z29,2026-10-02T17:00:00,0.14
Z29,2026-10-02T18:00:00,1.27
Z29,2026-10-02T19:00:00,0.0
Z29,2026-10-02T20:00:00,1.0
Z29,2026-10-02T21:00:00,0.15
Z29,2026-10-02T22:00:00,0.48
Z29,2026-10-02T23:00:00,0.0
Z29,2026-10-03T00:00:00,0.04
Z29,2026-10-03T01:00:00,0.0
Z29,2026-10-03T02:00:00,2.48
Z29,2026-10-03T03:00:00,0.0
Z29,2026-10-03T04:00:00,0.0
Z29,2026-10-03T05:00:00,0.0
Z29,2026-10-03T06:00:00,0.0
Z29,2026-10-03T07:00:00,0.18
Z29,2026-10-03T08:00:00,0.0
Z29,2026-10-03T09:00:00,0.4
Z30,2026-09-26T10:00:00,0.47
Z30,2026-09-26T11:00:00,0.0
Z30,2026-09-26T12:00:00,0.0
Z30,2026-09-26T13:00:00,0.0
Z30,2026-09-26T14:00:00,0.0
Z30,2026-09-26T15:00:00,0.0
Z30,2026-09-26T16:00:00,0.0
Z30,2026-09-26T17:00:00,0.0
Z30,2026-09-26T18:00:00,0.0
Z30,2026-09-26T19:00:00,0.32
Z30,2026-09-26T20:00:00,1.62
Z30,2026-09-26T21:00:00,0.0
Z30,2026-09-26T22:00:00,0.11
Z30,2026-09-26T23:00:00,0.96
Z30,2026-09-27T00:00:00,0.0
Z30,2026-09-27T01:00:00,0.0
Z30,2026-09-27T02:00:00,0.0
Z30,2026-09-27T03:00:00,4.72
Z30,2026-09-27T04:00:00,0.02
Z30,2026-09-27T05:00:00,0.0
Z30,2026-09-27T06:00:00,0.33
Z30,2026-09-27T07:00:00,0.0
Z30,2026-09-27T08:00:00,0.02
Z30,2026-09-27T09:00:00,0.0
Z30,2026-09-27T10:00:00,0.0
Z30,2026-09-27T11:00:00,0.0
Z30,2026-09-27T12:00:00,0.0
Z30,2026-09-27T13:00:00,0.11
Z30,2026-09-27T14:00:00,0.5
Z30,2026-09-27T15:00:00,0.31
Z30,2026-09-27T16:00:00,0.37
Z30,2026-09-27T17:00:00,0.0
Z30,2026-09-27T18:00:00,0.48
Z30,2026-09-27T19:00:00,0.0
Z30,2026-09-27T20:00:00,0.0
Z30,2026-09-27T21:00:00,0.43
Z30,2026-09-27T22:00:00,0.0
Z30,2026-09-27T23:00:00,0.0
Z30,2026-09-28T00:00:00,0.0
Z30,2026-09-28T01:00:00,0.0
Z30,2026-09-28T02:00:00,0.0
Z30,2026-09-28T03:00:00,0.94
Z30,2026-09-28T04:00:00,0.0
Z30,2026-09-28T05:00:00,0.0
Z30,2026-09-28T06:00:00,0.0
Z30,2026-09-28T07:00:00,0.02
Z30,2026-09-28T08:00:00,0.53
Z30,2026-09-28T09:00:00,1.59
Z30,2026-09-28T10:00:00,0.0
Z30,2026-09-28T11:00:00,0.0
Z30,2026-09-28T12:00:00,0.0
Z30,2026-09-28T13:00:00,0.0
Z30,2026-09-28T14:00:00,0.03
Z30,2026-09-28T15:00:00,0.0
Z30,2026-09-28T16:00:00,0.5
Z30,2026-09-28T17:00:00,0.93
Z30,2026-09-28T18:00:00,0.49
Z30,2026-09-28T19:00:00,0.02
Z30,2026-09-28T20:00:00,0.0
Z30,2026-09-28T21:00:00,0.0
Z30,2026-09-28T22:00:00,0.0
Z30,2026-09-28T23:00:00,0.12
Z30,2026-09-29T00:00:00,0.0
Z30,2026-09-29T01:00:00,0.01
Z30,2026-09-29T02:00:00,0.0
Z30,2026-09-29T03:00:00,0.42
Z30,2026-09-29T04:00:00,0.0
Z30,2026-09-29T05:00:00,0.3
Z30,2026-09-29T06:00:00,0.0
Z30,2026-09-29T07:00:00,0.0
Z30,2026-09-29T08:00:00,0.89
Z30,2026-09-29T09:00:00,0.0
Z30,2026-09-29T10:00:00,1.41
Z30,2026-09-29T11:00:00,0.15
Z30,2026-09-29T12:00:00,0.0
Z30,2026-09-29T13:00:00,0.0
Z30,2026-09-29T14:00:00,0.01
Z30,2026-09-29T15:00:00,1.45
Z30,2026-09-29T16:00:00,0.08
Z30,2026-09-29T17:00:00,0.1
Z30,2026-09-29T18:00:00,0.02
Z30,2026-09-29T19:00:00,0.0
Z30,2026-09-29T20:00:00,0.0
Z30,2026-09-29T21:00:00,0.0
Z30,2026-09-29T22:00:00,0.0
Z30,2026-09-29T23:00:00,0.0
Z30,2026-09-30T00:00:00,0.03
Z30,2026-09-30T01:00:00,0.28
Z30,2026-09-30T02:00:00,0.0
Z30,2026-09-30T03:00:00,0.0
Z30,2026-09-30T04:00:00,0.0
Z30,2026-09-30T05:00:00,0.0
Z30,2026-09-30T06:00:00,0.0
Z30,2026-09-30T07:00:00,0.48
Z30,2026-09-30T08:00:00,0.0
Z30,2026-09-30T09:00:00,0.0
Z30,2026-09-30T10:00:00,0.0
Z30,2026-09-30T11:00:00,0.4
Z30,2026-09-30T12:00:00,0.27
Z30,2026-09-30T13:00:00,0.03
Z30,2026-09-30T14:00:00,1.33
Z30,2026-09-30T15:00:00,2.69
Z30,2026-09-30T16:00:00,0.06
Z30,2026-09-30T17:00:00,0.0
Z30,2026-09-30T18:00:00,0.0
Z30,2026-09-30T19:00:00,1.5
Z30,2026-09-30T20:00:00,0.03
Z30,2026-09-30T21:00:00,1.95
Z30,2026-09-30T22:00:00,0.98
Z30,2026-09-30T23:00:00,0.1
Z30,2026-10-01T00:00:00,1.11
Z30,2026-10-01T01:00:00,2.61
Z30,2026-10-01T02:00:00,0.0
Z30,2026-10-01T03:00:00,0.08
Z30,2026-10-01T04:00:00,1.09
Z30,2026-10-01T05:00:00,0.0
Z30,2026-10-01T06:00:00,0.44
Z30,2026-10-01T07:00:00,0.0
Z30,2026-10-01T08:00:00,0.0
Z30,2026-10-01T09:00:00,0.61
Z30,2026-10-01T10:00:00,0.0
Z30,2026-10-01T11:00:00,0.05
Z30,2026-10-01T12:00:00,0.0
Z30,2026-10-01T13:00:00,0.05
Z30,2026-10-01T14:00:00,0.0
Z30,2026-10-01T15:00:00,0.0
Z30,2026-10-01T16:00:00,0.0
Z30,2026-10-01T17:00:00,0.0
Z30,2026-10-01T18:00:00,0.0
Z30,2026-10-01T19:00:00,0.57
Z30,2026-10-01T20:00:00,0.0
Z30,2026-10-01T21:00:00,0.26
Z30,2026-10-01T22:00:00,0.0
Z30,2026-10-01T23:00:00,0.0
Z30,2026-10-02T00:00:00,0.95
Z30,2026-10-02T01:00:00,0.33
Z30,2026-10-02T02:00:00,0.17
Z30,2026-10-02T03:00:00,0.0
Z30,2026-10-02T04:00:00,0.75
Z30,2026-10-02T05:00:00,1.27
Z30,2026-10-02T06:00:00,0.0
Z30,2026-10-02T07:00:00,0.82
Z30,2026-10-02T08:00:00,0.0
Z30,2026-10-02T09:00:00,0.15
Z30,2026-10-02T10:00:00,0.0
Z30,2026-10-02T11:00:00,0.0
Z30,2026-10-02T12:00:00,0.0
Z30,2026-10-02T13:00:00,0.48
Z30,2026-10-02T14:00:00,0.11
Z30,2026-10-02T15:00:00,11.13
Z30,2026-10-02T16:00:00,23.27
Z30,2026-10-02T17:00:00,33.36
Z30,2026-10-02T18:00:00,10.62
Z30,2026-10-02T19:00:00,61.41
Z30,2026-10-02T20:00:00,8.27
Z30,2026-10-02T21:00:00,24.45
Z30,2026-10-02T22:00:00,19.22
Z30,2026-10-02T23:00:00,41.49
Z30,2026-10-03T00:00:00,28.0
Z30,2026-10-03T01:00:00,13.65
Z30,2026-10-03T02:00:00,13.08
Z30,2026-10-03T03:00:00,13.42
Z30,2026-10-03T04:00:00,6.84
Z30,2026-10-03T05:00:00,0.16
Z30,2026-10-03T06:00:00,0.0
Z30,2026-10-03T07:00:00,0.0
Z30,2026-10-03T08:00:00,0.1
Z30,2026-10-03T09:00:00,0.0
Z31,2026-09-26T10:00:00,0.0
Z31,2026-09-26T11:00:00,0.0
Z31,2026-09-26T12:00:00,2.1
Z31,2026-09-26T13:00:00,0.0
Z31,2026-09-26T14:00:00,0.14
Z31,2026-09-26T15:00:00,0.0
Z31,2026-09-26T16:00:00,0.01
Z31,2026-09-26T17:00:00,0.0
Z31,2026-09-26T18:00:00,1.39
Z31,2026-09-26T19:00:00,0.01
Z31,2026-09-26T20:00:00,0.0
Z31,2026-09-26T21:00:00,2.27
Z31,2026-09-26T22:00:00,0.04
Z31,2026-09-26T23:00:00,0.0
Z31,2026-09-27T00:00:00,2.59
Z31,2026-09-27T01:00:00,0.97
Z31,2026-09-27T02:00:00,0.0
Z31,2026-09-27T03:00:00,0.0
Z31,2026-09-27T04:00:00,0.0
Z31,2026-09-27T05:00:00,0.0
Z31,2026-09-27T06:00:00,0.87
Z31,2026-09-27T07:00:00,0.61
Z31,2026-09-27T08:00:00,2.81
Z31,2026-09-27T09:00:00,0.21
Z31,2026-09-27T10:00:00,0.72
Z31,2026-09-27T11:00:00,0.0
Z31,2026-09-27T12:00:00,0.15
Z31,2026-09-27T13:00:00,0.07
Z31,2026-09-27T14:00:00,0.12
Z31,2026-09-27T15:00:00,0.0
Z31,2026-09-27T16:00:00,1.69
Z31,2026-09-27T17:00:00,0.13
Z31,2026-09-27T18:00:00,0.27
Z31,2026-09-27T19:00:00,0.0
Z31,2026-09-27T20:00:00,0.31
Z31,2026-09-27T21:00:00,0.0
Z31,2026-09-27T22:00:00,0.5
Z31,2026-09-27T23:00:00,0.0
Z31,2026-09-28T00:00:00,0.0
Z31,2026-09-28T01:00:00,0.92
Z31,2026-09-28T02:00:00,0.0
Z31,2026-09-28T03:00:00,0.0
Z31,2026-09-28T04:00:00,0.0
Z31,2026-09-28T05:00:00,0.0
Z31,2026-09-28T06:00:00,0.0
Z31,2026-09-28T07:00:00,0.0
Z31,2026-09-28T08:00:00,0.01
Z31,2026-09-28T09:00:00,0.0
Z31,2026-09-28T10:00:00,0.0
Z31,2026-09-28T11:00:00,0.0
Z31,2026-09-28T12:00:00,0.65
Z31,2026-09-28T13:00:00,0.0
Z31,2026-09-28T14:00:00,1.95
Z31,2026-09-28T15:00:00,0.0
Z31,2026-09-28T16:00:00,0.0
Z31,2026-09-28T17:00:00,0.0
Z31,2026-09-28T18:00:00,0.0
Z31,2026-09-28T19:00:00,0.0
Z31,2026-09-28T20:00:00,3.81
Z31,2026-09-28T21:00:00,2.06
Z31,2026-09-28T22:00:00,0.0
Z31,2026-09-28T23:00:00,0.0
Z31,2026-09-29T00:00:00,0.41
Z31,2026-09-29T01:00:00,0.07
Z31,2026-09-29T02:00:00,0.3
Z31,2026-09-29T03:00:00,0.0
Z31,2026-09-29T04:00:00,2.23
Z31,2026-09-29T05:00:00,0.0
Z31,2026-09-29T06:00:00,0.47
Z31,2026-09-29T07:00:00,0.0
Z31,2026-09-29T08:00:00,0.0
Z31,2026-09-29T09:00:00,0.0
Z31,2026-09-29T10:00:00,0.05
Z31,2026-09-29T11:00:00,0.0
Z31,2026-09-29T12:00:00,3.19
Z31,2026-09-29T13:00:00,1.52
Z31,2026-09-29T14:00:00,0.06
Z31,2026-09-29T15:00:00,0.0
Z31,2026-09-29T16:00:00,0.01
Z31,2026-09-29T17:00:00,0.0
Z31,2026-09-29T18:00:00,0.0
Z31,2026-09-29T19:00:00,0.0
Z31,2026-09-29T20:00:00,0.0
Z31,2026-09-29T21:00:00,0.0
Z31,2026-09-29T22:00:00,0.0
Z31,2026-09-29T23:00:00,0.0
Z31,2026-09-30T00:00:00,0.0
Z31,2026-09-30T01:00:00,0.89
Z31,2026-09-30T02:00:00,0.0
Z31,2026-09-30T03:00:00,0.0
Z31,2026-09-30T04:00:00,0.0
Z31,2026-09-30T05:00:00,0.0
Z31,2026-09-30T06:00:00,0.0
Z31,2026-09-30T07:00:00,0.0
Z31,2026-09-30T08:00:00,2.48
Z31,2026-09-30T09:00:00,0.04
Z31,2026-09-30T10:00:00,0.0
Z31,2026-09-30T11:00:00,0.11
Z31,2026-09-30T12:00:00,1.83
Z31,2026-09-30T13:00:00,0.0
Z31,2026-09-30T14:00:00,0.65
Z31,2026-09-30T15:00:00,0.0
Z31,2026-09-30T16:00:00,0.59
Z31,2026-09-30T17:00:00,0.0
Z31,2026-09-30T18:00:00,0.27
Z31,2026-09-30T19:00:00,0.49
Z31,2026-09-30T20:00:00,0.0
Z31,2026-09-30T21:00:00,0.0
Z31,2026-09-30T22:00:00,0.0
Z31,2026-09-30T23:00:00,0.3
Z31,2026-10-01T00:00:00,0.0
Z31,2026-10-01T01:00:00,0.4
Z31,2026-10-01T02:00:00,0.0
Z31,2026-10-01T03:00:00,0.0
Z31,2026-10-01T04:00:00,0.0
Z31,2026-10-01T05:00:00,0.0
Z31,2026-10-01T06:00:00,0.0
Z31,2026-10-01T07:00:00,0.0
Z31,2026-10-01T08:00:00,0.05
Z31,2026-10-01T09:00:00,1.55
Z31,2026-10-01T10:00:00,0.32
Z31,2026-10-01T11:00:00,0.02
Z31,2026-10-01T12:00:00,0.03
Z31,2026-10-01T13:00:00,0.0
Z31,2026-10-01T14:00:00,0.0
Z31,2026-10-01T15:00:00,0.0
Z31,2026-10-01T16:00:00,0.0
Z31,2026-10-01T17:00:00,0.61
Z31,2026-10-01T18:00:00,0.0
Z31,2026-10-01T19:00:00,0.0
Z31,2026-10-01T20:00:00,0.0
Z31,2026-10-01T21:00:00,0.0
Z31,2026-10-01T22:00:00,0.0
Z31,2026-10-01T23:00:00,1.38
Z31,2026-10-02T00:00:00,0.0
Z31,2026-10-02T01:00:00,0.0
Z31,2026-10-02T02:00:00,0.0
Z31,2026-10-02T03:00:00,0.0
Z31,2026-10-02T04:00:00,0.42
Z31,2026-10-02T05:00:00,14.47
Z31,2026-10-02T06:00:00,17.23
Z31,2026-10-02T07:00:00,42.44
Z31,2026-10-02T08:00:00,8.77
Z31,2026-10-02T09:00:00,15.77
Z31,2026-10-02T10:00:00,22.55
Z31,2026-10-02T11:00:00,19.68
Z31,2026-10-02T12:00:00,14.46
Z31,2026-10-02T13:00:00,11.6
Z31,2026-10-02T14:00:00,22.76
Z31,2026-10-02T15:00:00,21.68
Z31,2026-10-02T16:00:00,51.57
Z31,2026-10-02T17:00:00,24.23
Z31,2026-10-02T18:00:00,13.8
Z31,2026-10-02T19:00:00,0.0
Z31,2026-10-02T20:00:00,0.0
Z31,2026-10-02T21:00:00,0.0
Z31,2026-10-02T22:00:00,0.01
Z31,2026-10-02T23:00:00,0.0
Z31,2026-10-03T00:00:00,0.51
Z31,2026-10-03T01:00:00,0.0
Z31,2026-10-03T02:00:00,0.0
Z31,2026-10-03T03:00:00,3.36
Z31,2026-10-03T04:00:00,0.0
Z31,2026-10-03T05:00:00,0.09
Z31,2026-10-03T06:00:00,1.18
Z31,2026-10-03T07:00:00,0.66
Z31,2026-10-03T08:00:00,0.0
Z31,2026-10-03T09:00:00,0.01
Z32,2026-09-26T10:00:00,0.0
Z32,2026-09-26T11:00:00,0.0
Z32,2026-09-26T12:00:00,0.0
Z32,2026-09-26T13:00:00,0.0
Z32,2026-09-26T14:00:00,0.11
Z32,2026-09-26T15:00:00,0.3
Z32,2026-09-26T16:00:00,0.0
Z32,2026-09-26T17:00:00,0.0
Z32,2026-09-26T18:00:00,0.0
Z32,2026-09-26T19:00:00,0.0
Z32,2026-09-26T20:00:00,0.0
Z32,2026-09-26T21:00:00,0.0
Z32,2026-09-26T22:00:00,0.0
Z32,2026-09-26T23:00:00,0.0
Z32,2026-09-27T00:00:00,0.0
Z32,2026-09-27T01:00:00,1.35
Z32,2026-09-27T02:00:00,0.0
Z32,2026-09-27T03:00:00,0.0
Z32,2026-09-27T04:00:00,0.09
Z32,2026-09-27T05:00:00,0.01
Z32,2026-09-27T06:00:00,0.77
Z32,2026-09-27T07:00:00,0.0
Z32,2026-09-27T08:00:00,0.0
Z32,2026-09-27T09:00:00,0.0
Z32,2026-09-27T10:00:00,0.0
Z32,2026-09-27T11:00:00,3.75
Z32,2026-09-27T12:00:00,0.03
Z32,2026-09-27T13:00:00,0.0
Z32,2026-09-27T14:00:00,0.0
Z32,2026-09-27T15:00:00,0.72
Z32,2026-09-27T16:00:00,0.08
Z32,2026-09-27T17:00:00,0.0
Z32,2026-09-27T18:00:00,0.25
Z32,2026-09-27T19:00:00,0.78
Z32,2026-09-27T20:00:00,0.0
Z32,2026-09-27T21:00:00,0.0
Z32,2026-09-27T22:00:00,0.0
Z32,2026-09-27T23:00:00,0.01
Z32,2026-09-28T00:00:00,1.4
Z32,2026-09-28T01:00:00,0.0
Z32,2026-09-28T02:00:00,0.0
Z32,2026-09-28T03:00:00,0.95
Z32,2026-09-28T04:00:00,0.0
Z32,2026-09-28T05:00:00,0.0
Z32,2026-09-28T06:00:00,0.0
Z32,2026-09-28T07:00:00,0.0
Z32,2026-09-28T08:00:00,0.35
Z32,2026-09-28T09:00:00,0.0
Z32,2026-09-28T10:00:00,1.18
Z32,2026-09-28T11:00:00,0.0
Z32,2026-09-28T12:00:00,0.01
Z32,2026-09-28T13:00:00,0.0
Z32,2026-09-28T14:00:00,0.0
Z32,2026-09-28T15:00:00,0.0
Z32,2026-09-28T16:00:00,0.0
Z32,2026-09-28T17:00:00,0.11
Z32,2026-09-28T18:00:00,0.33
Z32,2026-09-28T19:00:00,0.0
Z32,2026-09-28T20:00:00,0.0
Z32,2026-09-28T21:00:00,0.0
Z32,2026-09-28T22:00:00,0.0
Z32,2026-09-28T23:00:00,0.0
Z32,2026-09-29T00:00:00,0.0
Z32,2026-09-29T01:00:00,0.0
Z32,2026-09-29T02:00:00,0.18
Z32,2026-09-29T03:00:00,0.35
Z32,2026-09-29T04:00:00,0.0
Z32,2026-09-29T05:00:00,0.0
Z32,2026-09-29T06:00:00,0.0
Z32,2026-09-29T07:00:00,0.0
Z32,2026-09-29T08:00:00,0.0
Z32,2026-09-29T09:00:00,0.0
Z32,2026-09-29T10:00:00,0.0
Z32,2026-09-29T11:00:00,1.18
Z32,2026-09-29T12:00:00,1.29
Z32,2026-09-29T13:00:00,0.27
Z32,2026-09-29T14:00:00,0.0
Z32,2026-09-29T15:00:00,0.0
Z32,2026-09-29T16:00:00,0.0
Z32,2026-09-29T17:00:00,0.0
Z32,2026-09-29T18:00:00,0.0
Z32,2026-09-29T19:00:00,0.03
Z32,2026-09-29T20:00:00,0.52
Z32,2026-09-29T21:00:00,0.0
Z32,2026-09-29T22:00:00,0.0
Z32,2026-09-29T23:00:00,0.04
Z32,2026-09-30T00:00:00,0.0
Z32,2026-09-30T01:00:00,0.0
Z32,2026-09-30T02:00:00,0.0
Z32,2026-09-30T03:00:00,0.0
Z32,2026-09-30T04:00:00,0.0
Z32,2026-09-30T05:00:00,0.46
Z32,2026-09-30T06:00:00,0.0
Z32,2026-09-30T07:00:00,0.0
Z32,2026-09-30T08:00:00,0.0
Z32,2026-09-30T09:00:00,0.02
Z32,2026-09-30T10:00:00,0.05
Z32,2026-09-30T11:00:00,0.34
Z32,2026-09-30T12:00:00,0.0
Z32,2026-09-30T13:00:00,0.72
Z32,2026-09-30T14:00:00,0.0
Z32,2026-09-30T15:00:00,0.0
Z32,2026-09-30T16:00:00,0.17
Z32,2026-09-30T17:00:00,2.25
Z32,2026-09-30T18:00:00,0.23
Z32,2026-09-30T19:00:00,0.12
Z32,2026-09-30T20:00:00,0.04
Z32,2026-09-30T21:00:00,0.13
Z32,2026-09-30T22:00:00,0.0
Z32,2026-09-30T23:00:00,0.0
Z32,2026-10-01T00:00:00,0.0
Z32,2026-10-01T01:00:00,0.95
Z32,2026-10-01T02:00:00,0.0
Z32,2026-10-01T03:00:00,0.0
Z32,2026-10-01T04:00:00,0.0
Z32,2026-10-01T05:00:00,0.0
Z32,2026-10-01T06:00:00,0.0
Z32,2026-10-01T07:00:00,0.0
Z32,2026-10-01T08:00:00,0.0
Z32,2026-10-01T09:00:00,0.38
Z32,2026-10-01T10:00:00,0.07
Z32,2026-10-01T11:00:00,0.0
Z32,2026-10-01T12:00:00,0.0
Z32,2026-10-01T13:00:00,0.0
Z32,2026-10-01T14:00:00,0.0
Z32,2026-10-01T15:00:00,0.0
Z32,2026-10-01T16:00:00,0.0
Z32,2026-10-01T17:00:00,0.0
Z32,2026-10-01T18:00:00,0.16
Z32,2026-10-01T19:00:00,0.0
Z32,2026-10-01T20:00:00,0.34
Z32,2026-10-01T21:00:00,0.17
Z32,2026-10-01T22:00:00,0.0
Z32,2026-10-01T23:00:00,0.0
Z32,2026-10-02T00:00:00,0.0
Z32,2026-10-02T01:00:00,1.91
Z32,2026-10-02T02:00:00,1.88
Z32,2026-10-02T03:00:00,0.0
Z32,2026-10-02T04:00:00,0.18
Z32,2026-10-02T05:00:00,0.0
Z32,2026-10-02T06:00:00,0.34
Z32,2026-10-02T07:00:00,0.0
Z32,2026-10-02T08:00:00,2.9
Z32,2026-10-02T09:00:00,0.06
Z32,2026-10-02T10:00:00,1.13
Z32,2026-10-02T11:00:00,0.0
Z32,2026-10-02T12:00:00,0.0
Z32,2026-10-02T13:00:00,0.0
Z32,2026-10-02T14:00:00,0.46
Z32,2026-10-02T15:00:00,0.03
Z32,2026-10-02T16:00:00,0.78
Z32,2026-10-02T17:00:00,0.82
Z32,2026-10-02T18:00:00,0.17
Z32,2026-10-02T19:00:00,0.0
Z32,2026-10-02T20:00:00,0.13
Z32,2026-10-02T21:00:00,0.0
Z32,2026-10-02T22:00:00,0.0
Z32,2026-10-02T23:00:00,0.0
Z32,2026-10-03T00:00:00,0.01
Z32,2026-10-03T01:00:00,0.0
Z32,2026-10-03T02:00:00,0.0
Z32,2026-10-03T03:00:00,0.0
Z32,2026-10-03T04:00:00,0.0
Z32,2026-10-03T05:00:00,0.0
Z32,2026-10-03T06:00:00,0.12
Z32,2026-10-03T07:00:00,1.94
Z32,2026-10-03T08:00:00,0.0
Z32,2026-10-03T09:00:00,0.13
Z33,2026-09-26T10:00:00,0.06
Z33,2026-09-26T11:00:00,0.0
Z33,2026-09-26T12:00:00,0.12
Z33,2026-09-26T13:00:00,0.39
Z33,2026-09-26T14:00:00,0.0
Z33,2026-09-26T15:00:00,0.12
Z33,2026-09-26T16:00:00,1.37
Z33,2026-09-26T17:00:00,0.0
Z33,2026-09-26T18:00:00,0.0
Z33,2026-09-26T19:00:00,0.0
Z33,2026-09-26T20:00:00,0.0
Z33,2026-09-26T21:00:00,0.0
Z33,2026-09-26T22:00:00,0.0
Z33,2026-09-26T23:00:00,0.0
Z33,2026-09-27T00:00:00,0.0
Z33,2026-09-27T01:00:00,0.0
Z33,2026-09-27T02:00:00,0.0
Z33,2026-09-27T03:00:00,0.1
Z33,2026-09-27T04:00:00,0.02
Z33,2026-09-27T05:00:00,0.0
Z33,2026-09-27T06:00:00,0.0
Z33,2026-09-27T07:00:00,0.0
Z33,2026-09-27T08:00:00,0.0
Z33,2026-09-27T09:00:00,0.13
Z33,2026-09-27T10:00:00,0.06
Z33,2026-09-27T11:00:00,0.0
Z33,2026-09-27T12:00:00,0.0
Z33,2026-09-27T13:00:00,0.02
Z33,2026-09-27T14:00:00,0.01
Z33,2026-09-27T15:00:00,0.0
Z33,2026-09-27T16:00:00,0.0
Z33,2026-09-27T17:00:00,0.0
Z33,2026-09-27T18:00:00,0.0
Z33,2026-09-27T19:00:00,0.0
Z33,2026-09-27T20:00:00,0.65
Z33,2026-09-27T21:00:00,0.0
Z33,2026-09-27T22:00:00,0.0
Z33,2026-09-27T23:00:00,0.0
Z33,2026-09-28T00:00:00,0.01
Z33,2026-09-28T01:00:00,0.0
Z33,2026-09-28T02:00:00,0.0
Z33,2026-09-28T03:00:00,0.48
Z33,2026-09-28T04:00:00,0.0
Z33,2026-09-28T05:00:00,0.0
Z33,2026-09-28T06:00:00,0.01
Z33,2026-09-28T07:00:00,0.0
Z33,2026-09-28T08:00:00,0.0
Z33,2026-09-28T09:00:00,0.76
Z33,2026-09-28T10:00:00,0.0
Z33,2026-09-28T11:00:00,0.0
Z33,2026-09-28T12:00:00,0.0
Z33,2026-09-28T13:00:00,0.22
Z33,2026-09-28T14:00:00,0.29
Z33,2026-09-28T15:00:00,0.0
Z33,2026-09-28T16:00:00,0.64
Z33,2026-09-28T17:00:00,0.0
Z33,2026-09-28T18:00:00,0.19
Z33,2026-09-28T19:00:00,0.03
Z33,2026-09-28T20:00:00,0.0
Z33,2026-09-28T21:00:00,0.0
Z33,2026-09-28T22:00:00,0.0
Z33,2026-09-28T23:00:00,0.13
Z33,2026-09-29T00:00:00,0.0
Z33,2026-09-29T01:00:00,0.0
Z33,2026-09-29T02:00:00,0.0
Z33,2026-09-29T03:00:00,0.17
Z33,2026-09-29T04:00:00,0.0
Z33,2026-09-29T05:00:00,0.18
Z33,2026-09-29T06:00:00,0.0
Z33,2026-09-29T07:00:00,0.03
Z33,2026-09-29T08:00:00,0.05
Z33,2026-09-29T09:00:00,0.0
Z33,2026-09-29T10:00:00,0.0
Z33,2026-09-29T11:00:00,0.0
Z33,2026-09-29T12:00:00,0.0
Z33,2026-09-29T13:00:00,0.35
Z33,2026-09-29T14:00:00,0.0
Z33,2026-09-29T15:00:00,1.01
Z33,2026-09-29T16:00:00,0.05
Z33,2026-09-29T17:00:00,0.0
Z33,2026-09-29T18:00:00,0.0
Z33,2026-09-29T19:00:00,0.01
Z33,2026-09-29T20:00:00,0.01
Z33,2026-09-29T21:00:00,0.23
Z33,2026-09-29T22:00:00,0.0
Z33,2026-09-29T23:00:00,0.0
Z33,2026-09-30T00:00:00,0.0
Z33,2026-09-30T01:00:00,0.0
Z33,2026-09-30T02:00:00,0.0
Z33,2026-09-30T03:00:00,0.0
Z33,2026-09-30T04:00:00,0.0
Z33,2026-09-30T05:00:00,0.15
Z33,2026-09-30T06:00:00,0.0
Z33,2026-09-30T07:00:00,0.0
Z33,2026-09-30T08:00:00,0.0
Z33,2026-09-30T09:00:00,0.06
Z33,2026-09-30T10:00:00,0.25
Z33,2026-09-30T11:00:00,0.07
Z33,2026-09-30T12:00:00,0.0
Z33,2026-09-30T13:00:00,0.0
Z33,2026-09-30T14:00:00,0.0
Z33,2026-09-30T15:00:00,0.0
Z33,2026-09-30T16:00:00,0.26
Z33,2026-09-30T17:00:00,0.08
Z33,2026-09-30T18:00:00,0.21
Z33,2026-09-30T19:00:00,0.0
Z33,2026-09-30T20:00:00,0.0
Z33,2026-09-30T21:00:00,0.03
Z33,2026-09-30T22:00:00,0.0
Z33,2026-09-30T23:00:00,0.02
Z33,2026-10-01T00:00:00,0.48
Z33,2026-10-01T01:00:00,0.01
Z33,2026-10-01T02:00:00,0.0
Z33,2026-10-01T03:00:00,0.0
Z33,2026-10-01T04:00:00,0.0
Z33,2026-10-01T05:00:00,0.1
Z33,2026-10-01T06:00:00,0.0
Z33,2026-10-01T07:00:00,0.0
Z33,2026-10-01T08:00:00,0.0
Z33,2026-10-01T09:00:00,0.0
Z33,2026-10-01T10:00:00,0.06
Z33,2026-10-01T11:00:00,0.02
Z33,2026-10-01T12:00:00,0.0
Z33,2026-10-01T13:00:00,0.0
Z33,2026-10-01T14:00:00,0.0
Z33,2026-10-01T15:00:00,0.46
Z33,2026-10-01T16:00:00,0.15
Z33,2026-10-01T17:00:00,0.05
Z33,2026-10-01T18:00:00,0.16
Z33,2026-10-01T19:00:00,0.12
Z33,2026-10-01T20:00:00,0.0
Z33,2026-10-01T21:00:00,0.07
Z33,2026-10-01T22:00:00,0.05
Z33,2026-10-01T23:00:00,0.19
Z33,2026-10-02T00:00:00,0.0
Z33,2026-10-02T01:00:00,0.01
Z33,2026-10-02T02:00:00,0.0
Z33,2026-10-02T03:00:00,0.0
Z33,2026-10-02T04:00:00,0.0
Z33,2026-10-02T05:00:00,0.0
Z33,2026-10-02T06:00:00,0.0
Z33,2026-10-02T07:00:00,0.0
Z33,2026-10-02T08:00:00,0.66
Z33,2026-10-02T09:00:00,0.0
Z33,2026-10-02T10:00:00,0.0
Z33,2026-10-02T11:00:00,0.0
Z33,2026-10-02T12:00:00,0.0
Z33,2026-10-02T13:00:00,0.0
Z33,2026-10-02T14:00:00,0.24
Z33,2026-10-02T15:00:00,0.0
Z33,2026-10-02T16:00:00,1.16
Z33,2026-10-02T17:00:00,0.0
Z33,2026-10-02T18:00:00,0.0
Z33,2026-10-02T19:00:00,0.0
Z33,2026-10-02T20:00:00,0.0
Z33,2026-10-02T21:00:00,0.04
Z33,2026-10-02T22:00:00,0.61
Z33,2026-10-02T23:00:00,0.0
Z33,2026-10-03T00:00:00,0.0
Z33,2026-10-03T01:00:00,0.03
Z33,2026-10-03T02:00:00,0.15
Z33,2026-10-03T03:00:00,0.01
Z33,2026-10-03T04:00:00,0.0
Z33,2026-10-03T05:00:00,0.18
Z33,2026-10-03T06:00:00,0.0
Z33,2026-10-03T07:00:00,0.51
Z33,2026-10-03T08:00:00,0.0
Z33,2026-10-03T09:00:00,1.28
Z34,2026-09-26T10:00:00,0.07
Z34,2026-09-26T11:00:00,0.34
Z34,2026-09-26T12:00:00,0.0
Z34,2026-09-26T13:00:00,0.0
Z34,2026-09-26T14:00:00,0.0
Z34,2026-09-26T15:00:00,0.0
Z34,2026-09-26T16:00:00,0.0
Z34,2026-09-26T17:00:00,0.04
Z34,2026-09-26T18:00:00,0.0
Z34,2026-09-26T19:00:00,0.15
Z34,2026-09-26T20:00:00,0.0
Z34,2026-09-26T21:00:00,0.0
Z34,2026-09-26T22:00:00,0.0
Z34,2026-09-26T23:00:00,0.0
Z34,2026-09-27T00:00:00,0.0
Z34,2026-09-27T01:00:00,0.0
Z34,2026-09-27T02:00:00,0.01
Z34,2026-09-27T03:00:00,0.0
Z34,2026-09-27T04:00:00,0.0
Z34,2026-09-27T05:00:00,0.0
Z34,2026-09-27T06:00:00,0.0
Z34,2026-09-27T07:00:00,0.01
Z34,2026-09-27T08:00:00,0.0
Z34,2026-09-27T09:00:00,0.0
Z34,2026-09-27T10:00:00,0.0
Z34,2026-09-27T11:00:00,0.0
Z34,2026-09-27T12:00:00,0.0
Z34,2026-09-27T13:00:00,0.13
Z34,2026-09-27T14:00:00,0.52
Z34,2026-09-27T15:00:00,0.0
Z34,2026-09-27T16:00:00,0.0
Z34,2026-09-27T17:00:00,0.0
Z34,2026-09-27T18:00:00,0.0
Z34,2026-09-27T19:00:00,1.24
Z34,2026-09-27T20:00:00,0.0
Z34,2026-09-27T21:00:00,0.96
Z34,2026-09-27T22:00:00,0.0
Z34,2026-09-27T23:00:00,0.0
Z34,2026-09-28T00:00:00,0.0
Z34,2026-09-28T01:00:00,0.0
Z34,2026-09-28T02:00:00,0.0
Z34,2026-09-28T03:00:00,0.0
Z34,2026-09-28T04:00:00,0.0
Z34,2026-09-28T05:00:00,0.35
Z34,2026-09-28T06:00:00,0.0
Z34,2026-09-28T07:00:00,0.06
Z34,2026-09-28T08:00:00,0.0
Z34,2026-09-28T09:00:00,0.13
Z34,2026-09-28T10:00:00,0.0
Z34,2026-09-28T11:00:00,0.0
Z34,2026-09-28T12:00:00,0.0
Z34,2026-09-28T13:00:00,0.24
Z34,2026-09-28T14:00:00,0.0
Z34,2026-09-28T15:00:00,0.0
Z34,2026-09-28T16:00:00,0.0
Z34,2026-09-28T17:00:00,0.0
Z34,2026-09-28T18:00:00,3.83
Z34,2026-09-28T19:00:00,0.0
Z34,2026-09-28T20:00:00,0.0
Z34,2026-09-28T21:00:00,0.0
Z34,2026-09-28T22:00:00,0.0
Z34,2026-09-28T23:00:00,0.0
Z34,2026-09-29T00:00:00,0.0
Z34,2026-09-29T01:00:00,0.0
Z34,2026-09-29T02:00:00,0.24
Z34,2026-09-29T03:00:00,0.09
Z34,2026-09-29T04:00:00,0.23
Z34,2026-09-29T05:00:00,0.07
Z34,2026-09-29T06:00:00,0.0
Z34,2026-09-29T07:00:00,0.0
Z34,2026-09-29T08:00:00,1.36
Z34,2026-09-29T09:00:00,0.0
Z34,2026-09-29T10:00:00,0.28
Z34,2026-09-29T11:00:00,0.0
Z34,2026-09-29T12:00:00,0.0
Z34,2026-09-29T13:00:00,0.0
Z34,2026-09-29T14:00:00,0.0
Z34,2026-09-29T15:00:00,0.03
Z34,2026-09-29T16:00:00,0.02
Z34,2026-09-29T17:00:00,0.29
Z34,2026-09-29T18:00:00,0.0
Z34,2026-09-29T19:00:00,0.0
Z34,2026-09-29T20:00:00,0.0
Z34,2026-09-29T21:00:00,0.03
Z34,2026-09-29T22:00:00,0.4
Z34,2026-09-29T23:00:00,0.0
Z34,2026-09-30T00:00:00,0.21
Z34,2026-09-30T01:00:00,0.58
Z34,2026-09-30T02:00:00,0.0
Z34,2026-09-30T03:00:00,0.11
Z34,2026-09-30T04:00:00,0.11
Z34,2026-09-30T05:00:00,0.0
Z34,2026-09-30T06:00:00,0.0
Z34,2026-09-30T07:00:00,0.0
Z34,2026-09-30T08:00:00,0.0
Z34,2026-09-30T09:00:00,0.0
Z34,2026-09-30T10:00:00,0.0
Z34,2026-09-30T11:00:00,0.0
Z34,2026-09-30T12:00:00,0.02
Z34,2026-09-30T13:00:00,0.0
Z34,2026-09-30T14:00:00,0.34
Z34,2026-09-30T15:00:00,0.19
Z34,2026-09-30T16:00:00,0.42
Z34,2026-09-30T17:00:00,0.0
Z34,2026-09-30T18:00:00,0.13
Z34,2026-09-30T19:00:00,0.1
Z34,2026-09-30T20:00:00,0.0
Z34,2026-09-30T21:00:00,0.45
Z34,2026-09-30T22:00:00,0.0
Z34,2026-09-30T23:00:00,0.0
Z34,2026-10-01T00:00:00,0.02
Z34,2026-10-01T01:00:00,0.0
Z34,2026-10-01T02:00:00,0.0
Z34,2026-10-01T03:00:00,0.0
Z34,2026-10-01T04:00:00,0.0
Z34,2026-10-01T05:00:00,0.02
Z34,2026-10-01T06:00:00,0.0
Z34,2026-10-01T07:00:00,0.0
Z34,2026-10-01T08:00:00,0.01
Z34,2026-10-01T09:00:00,0.0
Z34,2026-10-01T10:00:00,0.11
Z34,2026-10-01T11:00:00,0.0
Z34,2026-10-01T12:00:00,0.62
Z34,2026-10-01T13:00:00,0.05
Z34,2026-10-01T14:00:00,0.0
Z34,2026-10-01T15:00:00,0.0
Z34,2026-10-01T16:00:00,0.0
Z34,2026-10-01T17:00:00,0.0
Z34,2026-10-01T18:00:00,1.06
Z34,2026-10-01T19:00:00,0.0
Z34,2026-10-01T20:00:00,0.12
Z34,2026-10-01T21:00:00,0.02
Z34,2026-10-01T22:00:00,0.0
Z34,2026-10-01T23:00:00,0.0
Z34,2026-10-02T00:00:00,0.23
Z34,2026-10-02T01:00:00,0.5
Z34,2026-10-02T02:00:00,0.3
Z34,2026-10-02T03:00:00,0.09
Z34,2026-10-02T04:00:00,0.05
Z34,2026-10-02T05:00:00,0.0
Z34,2026-10-02T06:00:00,0.09
Z34,2026-10-02T07:00:00,0.0
Z34,2026-10-02T08:00:00,0.0
Z34,2026-10-02T09:00:00,0.0
Z34,2026-10-02T10:00:00,8.46
Z34,2026-10-02T11:00:00,15.14
Z34,2026-10-02T12:00:00,3.1
Z34,2026-10-02T13:00:00,10.84
Z34,2026-10-02T14:00:00,4.61
Z34,2026-10-02T15:00:00,8.65
Z34,2026-10-02T16:00:00,10.47
Z34,2026-10-02T17:00:00,4.43
Z34,2026-10-02T18:00:00,16.64
Z34,2026-10-02T19:00:00,6.51
Z34,2026-10-02T20:00:00,8.65
Z34,2026-10-02T21:00:00,11.16
Z34,2026-10-02T22:00:00,11.52
Z34,2026-10-02T23:00:00,6.42
Z34,2026-10-03T00:00:00,0.0
Z34,2026-10-03T01:00:00,0.0
Z34,2026-10-03T02:00:00,0.0
Z34,2026-10-03T03:00:00,0.0
Z34,2026-10-03T04:00:00,0.0
Z34,2026-10-03T05:00:00,0.03
Z34,2026-10-03T06:00:00,0.0
Z34,2026-10-03T07:00:00,0.22
Z34,2026-10-03T08:00:00,0.0
Z34,2026-10-03T09:00:00,0.0
Z35,2026-09-26T10:00:00,0.0
Z35,2026-09-26T11:00:00,0.53
Z35,2026-09-26T12:00:00,0.0
Z35,2026-09-26T13:00:00,0.03
Z35,2026-09-26T14:00:00,2.04
Z35,2026-09-26T15:00:00,0.47
Z35,2026-09-26T16:00:00,0.16
Z35,2026-09-26T17:00:00,0.0
Z35,2026-09-26T18:00:00,0.01
Z35,2026-09-26T19:00:00,0.0
Z35,2026-09-26T20:00:00,0.0
Z35,2026-09-26T21:00:00,0.0
Z35,2026-09-26T22:00:00,0.11
Z35,2026-09-26T23:00:00,0.0
Z35,2026-09-27T00:00:00,0.0
Z35,2026-09-27T01:00:00,0.0
Z35,2026-09-27T02:00:00,2.79
Z35,2026-09-27T03:00:00,1.39
Z35,2026-09-27T04:00:00,0.0
Z35,2026-09-27T05:00:00,3.32
Z35,2026-09-27T06:00:00,0.01
Z35,2026-09-27T07:00:00,0.0
Z35,2026-09-27T08:00:00,0.09
Z35,2026-09-27T09:00:00,0.0
Z35,2026-09-27T10:00:00,0.0
Z35,2026-09-27T11:00:00,0.0
Z35,2026-09-27T12:00:00,0.0
Z35,2026-09-27T13:00:00,0.0
Z35,2026-09-27T14:00:00,0.0
Z35,2026-09-27T15:00:00,7.54
Z35,2026-09-27T16:00:00,1.55
Z35,2026-09-27T17:00:00,0.0
Z35,2026-09-27T18:00:00,0.0
Z35,2026-09-27T19:00:00,0.0
Z35,2026-09-27T20:00:00,0.0
Z35,2026-09-27T21:00:00,0.55
Z35,2026-09-27T22:00:00,0.01
Z35,2026-09-27T23:00:00,0.0
Z35,2026-09-28T00:00:00,0.5
Z35,2026-09-28T01:00:00,0.0
Z35,2026-09-28T02:00:00,0.0
Z35,2026-09-28T03:00:00,0.0
Z35,2026-09-28T04:00:00,0.0
Z35,2026-09-28T05:00:00,0.68
Z35,2026-09-28T06:00:00,0.0
Z35,2026-09-28T07:00:00,0.0
Z35,2026-09-28T08:00:00,1.62
Z35,2026-09-28T09:00:00,0.03
Z35,2026-09-28T10:00:00,1.06
Z35,2026-09-28T11:00:00,0.04
Z35,2026-09-28T12:00:00,1.13
Z35,2026-09-28T13:00:00,0.0
Z35,2026-09-28T14:00:00,0.0
Z35,2026-09-28T15:00:00,0.0
Z35,2026-09-28T16:00:00,0.0
Z35,2026-09-28T17:00:00,0.25
Z35,2026-09-28T18:00:00,1.03
Z35,2026-09-28T19:00:00,0.0
Z35,2026-09-28T20:00:00,1.4
Z35,2026-09-28T21:00:00,0.45
Z35,2026-09-28T22:00:00,0.26
Z35,2026-09-28T23:00:00,0.0
Z35,2026-09-29T00:00:00,0.0
Z35,2026-09-29T01:00:00,0.0
Z35,2026-09-29T02:00:00,0.91
Z35,2026-09-29T03:00:00,0.0
Z35,2026-09-29T04:00:00,0.0
Z35,2026-09-29T05:00:00,0.05
Z35,2026-09-29T06:00:00,0.29
Z35,2026-09-29T07:00:00,0.0
Z35,2026-09-29T08:00:00,0.7
Z35,2026-09-29T09:00:00,0.0
Z35,2026-09-29T10:00:00,0.04
Z35,2026-09-29T11:00:00,0.0
Z35,2026-09-29T12:00:00,0.0
Z35,2026-09-29T13:00:00,0.01
Z35,2026-09-29T14:00:00,0.0
Z35,2026-09-29T15:00:00,0.0
Z35,2026-09-29T16:00:00,0.05
Z35,2026-09-29T17:00:00,0.01
Z35,2026-09-29T18:00:00,0.0
Z35,2026-09-29T19:00:00,0.0
Z35,2026-09-29T20:00:00,0.07
Z35,2026-09-29T21:00:00,0.0
Z35,2026-09-29T22:00:00,0.0
Z35,2026-09-29T23:00:00,0.0
Z35,2026-09-30T00:00:00,0.0
Z35,2026-09-30T01:00:00,0.0
Z35,2026-09-30T02:00:00,0.36
Z35,2026-09-30T03:00:00,1.6
Z35,2026-09-30T04:00:00,0.76
Z35,2026-09-30T05:00:00,0.01
Z35,2026-09-30T06:00:00,0.22
Z35,2026-09-30T07:00:00,0.06
Z35,2026-09-30T08:00:00,0.33
Z35,2026-09-30T09:00:00,2.61
Z35,2026-09-30T10:00:00,0.0
Z35,2026-09-30T11:00:00,0.0
Z35,2026-09-30T12:00:00,0.0
Z35,2026-09-30T13:00:00,0.0
Z35,2026-09-30T14:00:00,0.03
Z35,2026-09-30T15:00:00,0.0
Z35,2026-09-30T16:00:00,0.0
Z35,2026-09-30T17:00:00,0.0
Z35,2026-09-30T18:00:00,0.82
Z35,2026-09-30T19:00:00,0.0
Z35,2026-09-30T20:00:00,0.0
Z35,2026-09-30T21:00:00,1.07
Z35,2026-09-30T22:00:00,0.0
Z35,2026-09-30T23:00:00,1.96
Z35,2026-10-01T00:00:00,0.0
Z35,2026-10-01T01:00:00,0.83
Z35,2026-10-01T02:00:00,0.06
Z35,2026-10-01T03:00:00,4.54
Z35,2026-10-01T04:00:00,0.0
Z35,2026-10-01T05:00:00,3.21
Z35,2026-10-01T06:00:00,0.0
Z35,2026-10-01T07:00:00,0.0
Z35,2026-10-01T08:00:00,0.04
Z35,2026-10-01T09:00:00,0.16
Z35,2026-10-01T10:00:00,0.0
Z35,2026-10-01T11:00:00,0.0
Z35,2026-10-01T12:00:00,0.79
Z35,2026-10-01T13:00:00,0.0
Z35,2026-10-01T14:00:00,0.0
Z35,2026-10-01T15:00:00,0.08
Z35,2026-10-01T16:00:00,0.46
Z35,2026-10-01T17:00:00,0.0
Z35,2026-10-01T18:00:00,0.08
Z35,2026-10-01T19:00:00,0.35
Z35,2026-10-01T20:00:00,0.0
Z35,2026-10-01T21:00:00,0.0
Z35,2026-10-01T22:00:00,0.4
Z35,2026-10-01T23:00:00,0.0
Z35,2026-10-02T00:00:00,0.1
Z35,2026-10-02T01:00:00,0.0
Z35,2026-10-02T02:00:00,0.18
Z35,2026-10-02T03:00:00,2.95
Z35,2026-10-02T04:00:00,0.0
Z35,2026-10-02T05:00:00,0.1
Z35,2026-10-02T06:00:00,0.0
Z35,2026-10-02T07:00:00,1.03
Z35,2026-10-02T08:00:00,0.0
Z35,2026-10-02T09:00:00,0.0
Z35,2026-10-02T10:00:00,2.64
Z35,2026-10-02T11:00:00,0.02
Z35,2026-10-02T12:00:00,0.0
Z35,2026-10-02T13:00:00,0.1
Z35,2026-10-02T14:00:00,0.69
Z35,2026-10-02T15:00:00,0.0
Z35,2026-10-02T16:00:00,0.0
Z35,2026-10-02T17:00:00,0.0
Z35,2026-10-02T18:00:00,0.0
Z35,2026-10-02T19:00:00,0.0
Z35,2026-10-02T20:00:00,1.96
Z35,2026-10-02T21:00:00,0.0
Z35,2026-10-02T22:00:00,0.48
Z35,2026-10-02T23:00:00,0.0
Z35,2026-10-03T00:00:00,0.0
Z35,2026-10-03T01:00:00,0.0
Z35,2026-10-03T02:00:00,0.0
Z35,2026-10-03T03:00:00,0.0
Z35,2026-10-03T04:00:00,0.0
Z35,2026-10-03T05:00:00,0.17
Z35,2026-10-03T06:00:00,0.0
Z35,2026-10-03T07:00:00,0.0
Z35,2026-10-03T08:00:00,0.0
Z35,2026-10-03T09:00:00,0.0
Z36,2026-09-26T10:00:00,0.0
Z36,2026-09-26T11:00:00,0.0
Z36,2026-09-26T12:00:00,0.0
Z36,2026-09-26T13:00:00,0.0
Z36,2026-09-26T14:00:00,0.0
Z36,2026-09-26T15:00:00,0.0
Z36,2026-09-26T16:00:00,0.0
Z36,2026-09-26T17:00:00,0.01
Z36,2026-09-26T18:00:00,0.0
Z36,2026-09-26T19:00:00,0.0
Z36,2026-09-26T20:00:00,0.0
Z36,2026-09-26T21:00:00,0.0
Z36,2026-09-26T22:00:00,0.11
Z36,2026-09-26T23:00:00,0.0
Z36,2026-09-27T00:00:00,0.0
Z36,2026-09-27T01:00:00,1.28
Z36,2026-09-27T02:00:00,0.0
Z36,2026-09-27T03:00:00,0.0
Z36,2026-09-27T04:00:00,0.0
Z36,2026-09-27T05:00:00,0.0
Z36,2026-09-27T06:00:00,0.14
Z36,2026-09-27T07:00:00,0.0
Z36,2026-09-27T08:00:00,0.0
Z36,2026-09-27T09:00:00,0.0
Z36,2026-09-27T10:00:00,0.36
Z36,2026-09-27T11:00:00,0.38
Z36,2026-09-27T12:00:00,0.0
Z36,2026-09-27T13:00:00,0.02
Z36,2026-09-27T14:00:00,0.31
Z36,2026-09-27T15:00:00,0.0
Z36,2026-09-27T16:00:00,0.0
Z36,2026-09-27T17:00:00,0.0
Z36,2026-09-27T18:00:00,0.52
Z36,2026-09-27T19:00:00,0.0
Z36,2026-09-27T20:00:00,0.68
Z36,2026-09-27T21:00:00,0.02
Z36,2026-09-27T22:00:00,0.0
Z36,2026-09-27T23:00:00,0.0
Z36,2026-09-28T00:00:00,0.0
Z36,2026-09-28T01:00:00,0.0
Z36,2026-09-28T02:00:00,0.0
Z36,2026-09-28T03:00:00,0.0
Z36,2026-09-28T04:00:00,0.02
Z36,2026-09-28T05:00:00,0.04
Z36,2026-09-28T06:00:00,0.06
Z36,2026-09-28T07:00:00,0.0
Z36,2026-09-28T08:00:00,0.0
Z36,2026-09-28T09:00:00,0.11
Z36,2026-09-28T10:00:00,0.0
Z36,2026-09-28T11:00:00,0.05
Z36,2026-09-28T12:00:00,0.0
Z36,2026-09-28T13:00:00,0.29
Z36,2026-09-28T14:00:00,0.0
Z36,2026-09-28T15:00:00,0.0
Z36,2026-09-28T16:00:00,0.0
Z36,2026-09-28T17:00:00,0.16
Z36,2026-09-28T18:00:00,0.0
Z36,2026-09-28T19:00:00,0.0
Z36,2026-09-28T20:00:00,0.19
Z36,2026-09-28T21:00:00,1.5
Z36,2026-09-28T22:00:00,0.25
Z36,2026-09-28T23:00:00,0.0
Z36,2026-09-29T00:00:00,0.0
Z36,2026-09-29T01:00:00,0.0
Z36,2026-09-29T02:00:00,0.36
Z36,2026-09-29T03:00:00,0.53
Z36,2026-09-29T04:00:00,0.0
Z36,2026-09-29T05:00:00,0.0
Z36,2026-09-29T06:00:00,0.0
Z36,2026-09-29T07:00:00,0.0
Z36,2026-09-29T08:00:00,0.03
Z36,2026-09-29T09:00:00,0.0
Z36,2026-09-29T10:00:00,0.0
Z36,2026-09-29T11:00:00,0.0
Z36,2026-09-29T12:00:00,0.0
Z36,2026-09-29T13:00:00,0.0
Z36,2026-09-29T14:00:00,0.0
Z36,2026-09-29T15:00:00,0.03
Z36,2026-09-29T16:00:00,0.0
Z36,2026-09-29T17:00:00,0.0
Z36,2026-09-29T18:00:00,0.0
Z36,2026-09-29T19:00:00,0.0
Z36,2026-09-29T20:00:00,0.01
Z36,2026-09-29T21:00:00,0.17
Z36,2026-09-29T22:00:00,0.0
Z36,2026-09-29T23:00:00,0.96
Z36,2026-09-30T00:00:00,0.01
Z36,2026-09-30T01:00:00,0.0
Z36,2026-09-30T02:00:00,0.0
Z36,2026-09-30T03:00:00,0.25
Z36,2026-09-30T04:00:00,0.05
Z36,2026-09-30T05:00:00,2.74
Z36,2026-09-30T06:00:00,0.0
Z36,2026-09-30T07:00:00,0.53
Z36,2026-09-30T08:00:00,0.0
Z36,2026-09-30T09:00:00,0.36
Z36,2026-09-30T10:00:00,0.56
Z36,2026-09-30T11:00:00,0.25
Z36,2026-09-30T12:00:00,0.12
Z36,2026-09-30T13:00:00,0.11
Z36,2026-09-30T14:00:00,0.23
Z36,2026-09-30T15:00:00,0.0
Z36,2026-09-30T16:00:00,0.0
Z36,2026-09-30T17:00:00,0.44
Z36,2026-09-30T18:00:00,0.0
Z36,2026-09-30T19:00:00,0.0
Z36,2026-09-30T20:00:00,0.1
Z36,2026-09-30T21:00:00,1.05
Z36,2026-09-30T22:00:00,0.0
Z36,2026-09-30T23:00:00,0.05
Z36,2026-10-01T00:00:00,0.0
Z36,2026-10-01T01:00:00,0.18
Z36,2026-10-01T02:00:00,0.04
Z36,2026-10-01T03:00:00,0.03
Z36,2026-10-01T04:00:00,0.0
Z36,2026-10-01T05:00:00,0.25
Z36,2026-10-01T06:00:00,0.0
Z36,2026-10-01T07:00:00,0.0
Z36,2026-10-01T08:00:00,0.0
Z36,2026-10-01T09:00:00,0.04
Z36,2026-10-01T10:00:00,0.03
Z36,2026-10-01T11:00:00,0.2
Z36,2026-10-01T12:00:00,0.0
Z36,2026-10-01T13:00:00,0.0
Z36,2026-10-01T14:00:00,0.0
Z36,2026-10-01T15:00:00,0.49
Z36,2026-10-01T16:00:00,0.0
Z36,2026-10-01T17:00:00,0.0
Z36,2026-10-01T18:00:00,0.0
Z36,2026-10-01T19:00:00,3.54
Z36,2026-10-01T20:00:00,0.0
Z36,2026-10-01T21:00:00,0.0
Z36,2026-10-01T22:00:00,0.0
Z36,2026-10-01T23:00:00,0.0
Z36,2026-10-02T00:00:00,0.0
Z36,2026-10-02T01:00:00,0.38
Z36,2026-10-02T02:00:00,0.13
Z36,2026-10-02T03:00:00,0.0
Z36,2026-10-02T04:00:00,0.0
Z36,2026-10-02T05:00:00,0.0
Z36,2026-10-02T06:00:00,0.0
Z36,2026-10-02T07:00:00,0.0
Z36,2026-10-02T08:00:00,0.15
Z36,2026-10-02T09:00:00,0.0
Z36,2026-10-02T10:00:00,0.0
Z36,2026-10-02T11:00:00,0.0
Z36,2026-10-02T12:00:00,0.0
Z36,2026-10-02T13:00:00,0.06
Z36,2026-10-02T14:00:00,0.0
Z36,2026-10-02T15:00:00,0.06
Z36,2026-10-02T16:00:00,0.47
Z36,2026-10-02T17:00:00,0.0
Z36,2026-10-02T18:00:00,0.02
Z36,2026-10-02T19:00:00,0.35
Z36,2026-10-02T20:00:00,0.31
Z36,2026-10-02T21:00:00,0.49
Z36,2026-10-02T22:00:00,0.0
Z36,2026-10-02T23:00:00,0.0
Z36,2026-10-03T00:00:00,0.0
Z36,2026-10-03T01:00:00,0.0
Z36,2026-10-03T02:00:00,0.0
Z36,2026-10-03T03:00:00,0.01
Z36,2026-10-03T04:00:00,0.0
Z36,2026-10-03T05:00:00,0.33
Z36,2026-10-03T06:00:00,0.0
Z36,2026-10-03T07:00:00,0.0
Z36,2026-10-03T08:00:00,0.0
Z36,2026-10-03T09:00:00,0.0
Z37,2026-09-26T10:00:00,0.0
Z37,2026-09-26T11:00:00,0.0
Z37,2026-09-26T12:00:00,0.01
Z37,2026-09-26T13:00:00,0.0
Z37,2026-09-26T14:00:00,0.0
Z37,2026-09-26T15:00:00,0.0
Z37,2026-09-26T16:00:00,0.0
Z37,2026-09-26T17:00:00,0.0
Z37,2026-09-26T18:00:00,0.74
Z37,2026-09-26T19:00:00,0.0
Z37,2026-09-26T20:00:00,0.0
Z37,2026-09-26T21:00:00,0.57
Z37,2026-09-26T22:00:00,0.0
Z37,2026-09-26T23:00:00,0.0
Z37,2026-09-27T00:00:00,0.0
Z37,2026-09-27T01:00:00,0.0
Z37,2026-09-27T02:00:00,0.0
Z37,2026-09-27T03:00:00,0.0
Z37,2026-09-27T04:00:00,0.07
Z37,2026-09-27T05:00:00,0.0
Z37,2026-09-27T06:00:00,0.0
Z37,2026-09-27T07:00:00,0.0
Z37,2026-09-27T08:00:00,0.0
Z37,2026-09-27T09:00:00,0.01
Z37,2026-09-27T10:00:00,0.0
Z37,2026-09-27T11:00:00,0.0
Z37,2026-09-27T12:00:00,0.1
Z37,2026-09-27T13:00:00,0.0
Z37,2026-09-27T14:00:00,0.0
Z37,2026-09-27T15:00:00,0.05
Z37,2026-09-27T16:00:00,0.01
Z37,2026-09-27T17:00:00,0.0
Z37,2026-09-27T18:00:00,2.37
Z37,2026-09-27T19:00:00,0.0
Z37,2026-09-27T20:00:00,0.0
Z37,2026-09-27T21:00:00,0.0
Z37,2026-09-27T22:00:00,0.0
Z37,2026-09-27T23:00:00,0.0
Z37,2026-09-28T00:00:00,0.0
Z37,2026-09-28T01:00:00,0.0
Z37,2026-09-28T02:00:00,0.11
Z37,2026-09-28T03:00:00,0.0
Z37,2026-09-28T04:00:00,0.0
Z37,2026-09-28T05:00:00,0.0
Z37,2026-09-28T06:00:00,0.0
Z37,2026-09-28T07:00:00,0.0
Z37,2026-09-28T08:00:00,0.0
Z37,2026-09-28T09:00:00,0.0
Z37,2026-09-28T10:00:00,0.0
Z37,2026-09-28T11:00:00,0.97
Z37,2026-09-28T12:00:00,0.0
Z37,2026-09-28T13:00:00,0.0
Z37,2026-09-28T14:00:00,1.35
Z37,2026-09-28T15:00:00,0.0
Z37,2026-09-28T16:00:00,0.0
Z37,2026-09-28T17:00:00,0.0
Z37,2026-09-28T18:00:00,0.0
Z37,2026-09-28T19:00:00,0.62
Z37,2026-09-28T20:00:00,0.03
Z37,2026-09-28T21:00:00,4.03
Z37,2026-09-28T22:00:00,0.0
Z37,2026-09-28T23:00:00,0.18
Z37,2026-09-29T00:00:00,0.0
Z37,2026-09-29T01:00:00,0.0
Z37,2026-09-29T02:00:00,0.0
Z37,2026-09-29T03:00:00,0.0
Z37,2026-09-29T04:00:00,0.14
Z37,2026-09-29T05:00:00,0.0
Z37,2026-09-29T06:00:00,0.0
Z37,2026-09-29T07:00:00,0.0
Z37,2026-09-29T08:00:00,0.0
Z37,2026-09-29T09:00:00,0.0
Z37,2026-09-29T10:00:00,0.0
Z37,2026-09-29T11:00:00,0.0
Z37,2026-09-29T12:00:00,0.0
Z37,2026-09-29T13:00:00,0.2
Z37,2026-09-29T14:00:00,0.0
Z37,2026-09-29T15:00:00,0.0
Z37,2026-09-29T16:00:00,0.0
Z37,2026-09-29T17:00:00,0.0
Z37,2026-09-29T18:00:00,0.0
Z37,2026-09-29T19:00:00,0.0
Z37,2026-09-29T20:00:00,0.0
Z37,2026-09-29T21:00:00,0.0
Z37,2026-09-29T22:00:00,0.0
Z37,2026-09-29T23:00:00,0.63
Z37,2026-09-30T00:00:00,0.0
Z37,2026-09-30T01:00:00,0.0
Z37,2026-09-30T02:00:00,0.07
Z37,2026-09-30T03:00:00,0.03
Z37,2026-09-30T04:00:00,0.01
Z37,2026-09-30T05:00:00,0.06
Z37,2026-09-30T06:00:00,0.1
Z37,2026-09-30T07:00:00,0.0
Z37,2026-09-30T08:00:00,0.04
Z37,2026-09-30T09:00:00,0.32
Z37,2026-09-30T10:00:00,0.0
Z37,2026-09-30T11:00:00,0.03
Z37,2026-09-30T12:00:00,0.05
Z37,2026-09-30T13:00:00,0.27
Z37,2026-09-30T14:00:00,0.0
Z37,2026-09-30T15:00:00,0.0
Z37,2026-09-30T16:00:00,0.0
Z37,2026-09-30T17:00:00,2.86
Z37,2026-09-30T18:00:00,0.0
Z37,2026-09-30T19:00:00,0.0
Z37,2026-09-30T20:00:00,0.49
Z37,2026-09-30T21:00:00,0.79
Z37,2026-09-30T22:00:00,0.0
Z37,2026-09-30T23:00:00,0.0
Z37,2026-10-01T00:00:00,0.46
Z37,2026-10-01T01:00:00,0.0
Z37,2026-10-01T02:00:00,0.02
Z37,2026-10-01T03:00:00,0.0
Z37,2026-10-01T04:00:00,2.25
Z37,2026-10-01T05:00:00,0.0
Z37,2026-10-01T06:00:00,1.64
Z37,2026-10-01T07:00:00,0.0
Z37,2026-10-01T08:00:00,0.0
Z37,2026-10-01T09:00:00,0.0
Z37,2026-10-01T10:00:00,0.0
Z37,2026-10-01T11:00:00,0.0
Z37,2026-10-01T12:00:00,0.0
Z37,2026-10-01T13:00:00,0.0
Z37,2026-10-01T14:00:00,0.0
Z37,2026-10-01T15:00:00,0.0
Z37,2026-10-01T16:00:00,0.41
Z37,2026-10-01T17:00:00,0.0
Z37,2026-10-01T18:00:00,0.0
Z37,2026-10-01T19:00:00,0.65
Z37,2026-10-01T20:00:00,0.0
Z37,2026-10-01T21:00:00,0.0
Z37,2026-10-01T22:00:00,0.0
Z37,2026-10-01T23:00:00,0.0
Z37,2026-10-02T00:00:00,0.68
Z37,2026-10-02T01:00:00,0.0
Z37,2026-10-02T02:00:00,1.29
Z37,2026-10-02T03:00:00,0.0
Z37,2026-10-02T04:00:00,0.0
Z37,2026-10-02T05:00:00,0.4
Z37,2026-10-02T06:00:00,0.3
Z37,2026-10-02T07:00:00,0.0
Z37,2026-10-02T08:00:00,0.0
Z37,2026-10-02T09:00:00,0.0
Z37,2026-10-02T10:00:00,0.0
Z37,2026-10-02T11:00:00,0.0
Z37,2026-10-02T12:00:00,0.0
Z37,2026-10-02T13:00:00,0.0
Z37,2026-10-02T14:00:00,0.0
Z37,2026-10-02T15:00:00,0.0
Z37,2026-10-02T16:00:00,0.0
Z37,2026-10-02T17:00:00,0.0
Z37,2026-10-02T18:00:00,1.7
Z37,2026-10-02T19:00:00,0.0
Z37,2026-10-02T20:00:00,0.0
Z37,2026-10-02T21:00:00,0.0
Z37,2026-10-02T22:00:00,0.0
Z37,2026-10-02T23:00:00,0.0
Z37,2026-10-03T00:00:00,1.25
Z37,2026-10-03T01:00:00,0.0
Z37,2026-10-03T02:00:00,0.0
Z37,2026-10-03T03:00:00,0.03
Z37,2026-10-03T04:00:00,0.0
Z37,2026-10-03T05:00:00,2.38
Z37,2026-10-03T06:00:00,0.0
Z37,2026-10-03T07:00:00,0.0
Z37,2026-10-03T08:00:00,0.0
Z37,2026-10-03T09:00:00,0.0
Z38,2026-09-26T10:00:00,0.0
Z38,2026-09-26T11:00:00,0.0
Z38,2026-09-26T12:00:00,0.0
Z38,2026-09-26T13:00:00,0.0
Z38,2026-09-26T14:00:00,0.0
Z38,2026-09-26T15:00:00,1.59
Z38,2026-09-26T16:00:00,0.0
Z38,2026-09-26T17:00:00,0.0
Z38,2026-09-26T18:00:00,0.0
Z38,2026-09-26T19:00:00,0.0
Z38,2026-09-26T20:00:00,0.0
Z38,2026-09-26T21:00:00,0.01
Z38,2026-09-26T22:00:00,0.47
Z38,2026-09-26T23:00:00,0.83
Z38,2026-09-27T00:00:00,0.03
Z38,2026-09-27T01:00:00,0.07
Z38,2026-09-27T02:00:00,0.0
Z38,2026-09-27T03:00:00,0.0
Z38,2026-09-27T04:00:00,0.77
Z38,2026-09-27T05:00:00,0.0
Z38,2026-09-27T06:00:00,0.0
Z38,2026-09-27T07:00:00,0.01
Z38,2026-09-27T08:00:00,0.52
Z38,2026-09-27T09:00:00,0.06
Z38,2026-09-27T10:00:00,0.0
Z38,2026-09-27T11:00:00,0.02
Z38,2026-09-27T12:00:00,6.91
Z38,2026-09-27T13:00:00,0.0
Z38,2026-09-27T14:00:00,0.0
Z38,2026-09-27T15:00:00,0.0
Z38,2026-09-27T16:00:00,0.02
Z38,2026-09-27T17:00:00,0.0
Z38,2026-09-27T18:00:00,0.66
Z38,2026-09-27T19:00:00,0.01
Z38,2026-09-27T20:00:00,0.0
Z38,2026-09-27T21:00:00,0.0
Z38,2026-09-27T22:00:00,0.01
Z38,2026-09-27T23:00:00,0.0
Z38,2026-09-28T00:00:00,0.0
Z38,2026-09-28T01:00:00,0.0
Z38,2026-09-28T02:00:00,0.0
Z38,2026-09-28T03:00:00,0.19
Z38,2026-09-28T04:00:00,0.0
Z38,2026-09-28T05:00:00,2.36
Z38,2026-09-28T06:00:00,0.0
Z38,2026-09-28T07:00:00,0.0
Z38,2026-09-28T08:00:00,0.02
Z38,2026-09-28T09:00:00,0.0
Z38,2026-09-28T10:00:00,0.0
Z38,2026-09-28T11:00:00,0.0
Z38,2026-09-28T12:00:00,0.0
Z38,2026-09-28T13:00:00,0.0
Z38,2026-09-28T14:00:00,0.32
Z38,2026-09-28T15:00:00,0.0
Z38,2026-09-28T16:00:00,0.0
Z38,2026-09-28T17:00:00,1.18
Z38,2026-09-28T18:00:00,0.05
Z38,2026-09-28T19:00:00,0.0
Z38,2026-09-28T20:00:00,2.02
Z38,2026-09-28T21:00:00,0.0
Z38,2026-09-28T22:00:00,0.0
Z38,2026-09-28T23:00:00,0.0
Z38,2026-09-29T00:00:00,0.0
Z38,2026-09-29T01:00:00,0.0
Z38,2026-09-29T02:00:00,0.0
Z38,2026-09-29T03:00:00,0.0
Z38,2026-09-29T04:00:00,0.13
Z38,2026-09-29T05:00:00,0.0
Z38,2026-09-29T06:00:00,0.09
Z38,2026-09-29T07:00:00,0.0
Z38,2026-09-29T08:00:00,0.0
Z38,2026-09-29T09:00:00,0.0
Z38,2026-09-29T10:00:00,0.02
Z38,2026-09-29T11:00:00,0.0
Z38,2026-09-29T12:00:00,0.16
Z38,2026-09-29T13:00:00,1.7
Z38,2026-09-29T14:00:00,0.15
Z38,2026-09-29T15:00:00,1.35
Z38,2026-09-29T16:00:00,0.08
Z38,2026-09-29T17:00:00,0.0
Z38,2026-09-29T18:00:00,0.69
Z38,2026-09-29T19:00:00,0.0
Z38,2026-09-29T20:00:00,0.0
Z38,2026-09-29T21:00:00,0.0
Z38,2026-09-29T22:00:00,0.0
Z38,2026-09-29T23:00:00,2.24
Z38,2026-09-30T00:00:00,0.0
Z38,2026-09-30T01:00:00,0.0
Z38,2026-09-30T02:00:00,0.0
Z38,2026-09-30T03:00:00,0.0
Z38,2026-09-30T04:00:00,0.0
Z38,2026-09-30T05:00:00,0.25
Z38,2026-09-30T06:00:00,0.0
Z38,2026-09-30T07:00:00,0.0
Z38,2026-09-30T08:00:00,0.0
Z38,2026-09-30T09:00:00,0.0
Z38,2026-09-30T10:00:00,0.0
Z38,2026-09-30T11:00:00,0.0
Z38,2026-09-30T12:00:00,0.01
Z38,2026-09-30T13:00:00,0.0
Z38,2026-09-30T14:00:00,0.51
Z38,2026-09-30T15:00:00,0.0
Z38,2026-09-30T16:00:00,0.0
Z38,2026-09-30T17:00:00,0.0
Z38,2026-09-30T18:00:00,0.0
Z38,2026-09-30T19:00:00,0.0
Z38,2026-09-30T20:00:00,0.06
Z38,2026-09-30T21:00:00,0.0
Z38,2026-09-30T22:00:00,0.0
Z38,2026-09-30T23:00:00,0.0
Z38,2026-10-01T00:00:00,0.0
Z38,2026-10-01T01:00:00,0.0
Z38,2026-10-01T02:00:00,0.26
Z38,2026-10-01T03:00:00,0.0
Z38,2026-10-01T04:00:00,0.0
Z38,2026-10-01T05:00:00,0.0
Z38,2026-10-01T06:00:00,0.0
Z38,2026-10-01T07:00:00,0.0
Z38,2026-10-01T08:00:00,0.0
Z38,2026-10-01T09:00:00,0.0
Z38,2026-10-01T10:00:00,0.0
Z38,2026-10-01T11:00:00,0.0
Z38,2026-10-01T12:00:00,0.35
Z38,2026-10-01T13:00:00,0.0
Z38,2026-10-01T14:00:00,2.94
Z38,2026-10-01T15:00:00,0.29
Z38,2026-10-01T16:00:00,0.0
Z38,2026-10-01T17:00:00,1.62
Z38,2026-10-01T18:00:00,0.06
Z38,2026-10-01T19:00:00,0.18
Z38,2026-10-01T20:00:00,0.23
Z38,2026-10-01T21:00:00,0.0
Z38,2026-10-01T22:00:00,0.0
Z38,2026-10-01T23:00:00,0.0
Z38,2026-10-02T00:00:00,0.0
Z38,2026-10-02T01:00:00,2.75
Z38,2026-10-02T02:00:00,0.0
Z38,2026-10-02T03:00:00,0.0
Z38,2026-10-02T04:00:00,0.0
Z38,2026-10-02T05:00:00,0.19
Z38,2026-10-02T06:00:00,0.11
Z38,2026-10-02T07:00:00,1.64
Z38,2026-10-02T08:00:00,0.0
Z38,2026-10-02T09:00:00,0.01
Z38,2026-10-02T10:00:00,0.0
Z38,2026-10-02T11:00:00,30.96
Z38,2026-10-02T12:00:00,37.04
Z38,2026-10-02T13:00:00,21.51
Z38,2026-10-02T14:00:00,39.94
Z38,2026-10-02T15:00:00,10.83
Z38,2026-10-02T16:00:00,8.57
Z38,2026-10-02T17:00:00,17.33
Z38,2026-10-02T18:00:00,9.12
Z38,2026-10-02T19:00:00,28.13
Z38,2026-10-02T20:00:00,22.9
Z38,2026-10-02T21:00:00,12.82
Z38,2026-10-02T22:00:00,21.25
Z38,2026-10-02T23:00:00,13.76
Z38,2026-10-03T00:00:00,16.63
Z38,2026-10-03T01:00:00,0.0
Z38,2026-10-03T02:00:00,0.0
Z38,2026-10-03T03:00:00,0.05
Z38,2026-10-03T04:00:00,0.15
Z38,2026-10-03T05:00:00,0.7
Z38,2026-10-03T06:00:00,0.14
Z38,2026-10-03T07:00:00,0.0
Z38,2026-10-03T08:00:00,0.0
Z38,2026-10-03T09:00:00,0.0
Z39,2026-09-26T10:00:00,0.0
Z39,2026-09-26T11:00:00,0.02
Z39,2026-09-26T12:00:00,0.0
Z39,2026-09-26T13:00:00,0.27
Z39,2026-09-26T14:00:00,1.77
Z39,2026-09-26T15:00:00,0.0
Z39,2026-09-26T16:00:00,0.0
Z39,2026-09-26T17:00:00,0.0
Z39,2026-09-26T18:00:00,0.0
Z39,2026-09-26T19:00:00,0.0
Z39,2026-09-26T20:00:00,0.0
Z39,2026-09-26T21:00:00,0.0
Z39,2026-09-26T22:00:00,0.16
Z39,2026-09-26T23:00:00,0.06
Z39,2026-09-27T00:00:00,0.0
Z39,2026-09-27T01:00:00,0.0
Z39,2026-09-27T02:00:00,0.0
Z39,2026-09-27T03:00:00,0.2
Z39,2026-09-27T04:00:00,0.0
Z39,2026-09-27T05:00:00,0.33
Z39,2026-09-27T06:00:00,0.12
Z39,2026-09-27T07:00:00,0.42
Z39,2026-09-27T08:00:00,0.0
Z39,2026-09-27T09:00:00,0.01
Z39,2026-09-27T10:00:00,0.0
Z39,2026-09-27T11:00:00,0.03
Z39,2026-09-27T12:00:00,0.15
Z39,2026-09-27T13:00:00,0.03
Z39,2026-09-27T14:00:00,0.34
Z39,2026-09-27T15:00:00,0.0
Z39,2026-09-27T16:00:00,0.0
Z39,2026-09-27T17:00:00,0.0
Z39,2026-09-27T18:00:00,0.67
Z39,2026-09-27T19:00:00,0.05
Z39,2026-09-27T20:00:00,0.0
Z39,2026-09-27T21:00:00,0.0
Z39,2026-09-27T22:00:00,0.0
Z39,2026-09-27T23:00:00,1.12
Z39,2026-09-28T00:00:00,0.11
Z39,2026-09-28T01:00:00,0.0
Z39,2026-09-28T02:00:00,2.18
Z39,2026-09-28T03:00:00,0.16
Z39,2026-09-28T04:00:00,0.16
Z39,2026-09-28T05:00:00,0.0
Z39,2026-09-28T06:00:00,0.0
Z39,2026-09-28T07:00:00,0.0
Z39,2026-09-28T08:00:00,0.0
Z39,2026-09-28T09:00:00,0.0
Z39,2026-09-28T10:00:00,0.0
Z39,2026-09-28T11:00:00,0.0
Z39,2026-09-28T12:00:00,0.95
Z39,2026-09-28T13:00:00,0.28
Z39,2026-09-28T14:00:00,0.04
Z39,2026-09-28T15:00:00,0.0
Z39,2026-09-28T16:00:00,0.03
Z39,2026-09-28T17:00:00,0.0
Z39,2026-09-28T18:00:00,0.0
Z39,2026-09-28T19:00:00,1.21
Z39,2026-09-28T20:00:00,0.6
Z39,2026-09-28T21:00:00,0.0
Z39,2026-09-28T22:00:00,0.0
Z39,2026-09-28T23:00:00,0.0
Z39,2026-09-29T00:00:00,3.51
Z39,2026-09-29T01:00:00,0.27
Z39,2026-09-29T02:00:00,0.0
Z39,2026-09-29T03:00:00,0.0
Z39,2026-09-29T04:00:00,0.0
Z39,2026-09-29T05:00:00,0.0
Z39,2026-09-29T06:00:00,0.23
Z39,2026-09-29T07:00:00,0.13
Z39,2026-09-29T08:00:00,0.29
Z39,2026-09-29T09:00:00,0.0
Z39,2026-09-29T10:00:00,0.0
Z39,2026-09-29T11:00:00,0.03
Z39,2026-09-29T12:00:00,0.0
Z39,2026-09-29T13:00:00,0.0
Z39,2026-09-29T14:00:00,0.67
Z39,2026-09-29T15:00:00,0.0
Z39,2026-09-29T16:00:00,0.19
Z39,2026-09-29T17:00:00,0.0
Z39,2026-09-29T18:00:00,0.0
Z39,2026-09-29T19:00:00,0.0
Z39,2026-09-29T20:00:00,0.0
Z39,2026-09-29T21:00:00,0.01
Z39,2026-09-29T22:00:00,0.0
Z39,2026-09-29T23:00:00,0.07
Z39,2026-09-30T00:00:00,0.05
Z39,2026-09-30T01:00:00,0.12
Z39,2026-09-30T02:00:00,2.02
Z39,2026-09-30T03:00:00,0.76
Z39,2026-09-30T04:00:00,0.0
Z39,2026-09-30T05:00:00,0.0
Z39,2026-09-30T06:00:00,1.77
Z39,2026-09-30T07:00:00,0.0
Z39,2026-09-30T08:00:00,0.0
Z39,2026-09-30T09:00:00,0.53
Z39,2026-09-30T10:00:00,0.0
Z39,2026-09-30T11:00:00,0.0
Z39,2026-09-30T12:00:00,0.36
Z39,2026-09-30T13:00:00,0.01
Z39,2026-09-30T14:00:00,0.56
Z39,2026-09-30T15:00:00,0.0
Z39,2026-09-30T16:00:00,0.36
Z39,2026-09-30T17:00:00,0.29
Z39,2026-09-30T18:00:00,0.28
Z39,2026-09-30T19:00:00,0.44
Z39,2026-09-30T20:00:00,0.0
Z39,2026-09-30T21:00:00,0.0
Z39,2026-09-30T22:00:00,0.0
Z39,2026-09-30T23:00:00,0.0
Z39,2026-10-01T00:00:00,0.0
Z39,2026-10-01T01:00:00,0.0
Z39,2026-10-01T02:00:00,0.03
Z39,2026-10-01T03:00:00,0.0
Z39,2026-10-01T04:00:00,0.19
Z39,2026-10-01T05:00:00,0.0
Z39,2026-10-01T06:00:00,0.0
Z39,2026-10-01T07:00:00,0.0
Z39,2026-10-01T08:00:00,0.38
Z39,2026-10-01T09:00:00,0.0
Z39,2026-10-01T10:00:00,1.94
Z39,2026-10-01T11:00:00,0.94
Z39,2026-10-01T12:00:00,0.19
Z39,2026-10-01T13:00:00,0.0
Z39,2026-10-01T14:00:00,0.0
Z39,2026-10-01T15:00:00,0.0
Z39,2026-10-01T16:00:00,0.0
Z39,2026-10-01T17:00:00,0.0
Z39,2026-10-01T18:00:00,0.0
Z39,2026-10-01T19:00:00,0.0
Z39,2026-10-01T20:00:00,0.0
Z39,2026-10-01T21:00:00,0.0
Z39,2026-10-01T22:00:00,0.0
Z39,2026-10-01T23:00:00,0.22
Z39,2026-10-02T00:00:00,0.0
Z39,2026-10-02T01:00:00,0.0
Z39,2026-10-02T02:00:00,0.0
Z39,2026-10-02T03:00:00,0.0
Z39,2026-10-02T04:00:00,0.0
Z39,2026-10-02T05:00:00,0.0
Z39,2026-10-02T06:00:00,0.2
Z39,2026-10-02T07:00:00,0.0
Z39,2026-10-02T08:00:00,0.04
Z39,2026-10-02T09:00:00,0.0
Z39,2026-10-02T10:00:00,0.0
Z39,2026-10-02T11:00:00,0.61
Z39,2026-10-02T12:00:00,0.0
Z39,2026-10-02T13:00:00,0.41
Z39,2026-10-02T14:00:00,0.0
Z39,2026-10-02T15:00:00,0.0
Z39,2026-10-02T16:00:00,0.0
Z39,2026-10-02T17:00:00,0.0
Z39,2026-10-02T18:00:00,1.38
Z39,2026-10-02T19:00:00,0.5
Z39,2026-10-02T20:00:00,0.0
Z39,2026-10-02T21:00:00,0.08
Z39,2026-10-02T22:00:00,0.0
Z39,2026-10-02T23:00:00,0.0
Z39,2026-10-03T00:00:00,0.91
Z39,2026-10-03T01:00:00,0.14
Z39,2026-10-03T02:00:00,0.0
Z39,2026-10-03T03:00:00,0.0
Z39,2026-10-03T04:00:00,0.02
Z39,2026-10-03T05:00:00,0.0
Z39,2026-10-03T06:00:00,0.12
Z39,2026-10-03T07:00:00,0.0
Z39,2026-10-03T08:00:00,0.03
Z39,2026-10-03T09:00:00,0.0
Z40,2026-09-26T10:00:00,0.07
Z40,2026-09-26T11:00:00,0.17
Z40,2026-09-26T12:00:00,0.19
Z40,2026-09-26T13:00:00,0.0
Z40,2026-09-26T14:00:00,2.37
Z40,2026-09-26T15:00:00,0.01
Z40,2026-09-26T16:00:00,0.0
Z40,2026-09-26T17:00:00,0.0
Z40,2026-09-26T18:00:00,0.0
Z40,2026-09-26T19:00:00,0.0
Z40,2026-09-26T20:00:00,0.12
Z40,2026-09-26T21:00:00,0.0
Z40,2026-09-26T22:00:00,0.0
Z40,2026-09-26T23:00:00,0.0
Z40,2026-09-27T00:00:00,0.0
Z40,2026-09-27T01:00:00,0.0
Z40,2026-09-27T02:00:00,0.42
Z40,2026-09-27T03:00:00,0.01
Z40,2026-09-27T04:00:00,0.0
Z40,2026-09-27T05:00:00,0.0
Z40,2026-09-27T06:00:00,0.0
Z40,2026-09-27T07:00:00,0.0
Z40,2026-09-27T08:00:00,0.01
Z40,2026-09-27T09:00:00,0.16
Z40,2026-09-27T10:00:00,0.0
Z40,2026-09-27T11:00:00,0.0
Z40,2026-09-27T12:00:00,0.0
Z40,2026-09-27T13:00:00,0.0
Z40,2026-09-27T14:00:00,0.0
Z40,2026-09-27T15:00:00,0.0
Z40,2026-09-27T16:00:00,0.57
Z40,2026-09-27T17:00:00,0.0
Z40,2026-09-27T18:00:00,0.0
Z40,2026-09-27T19:00:00,0.0
Z40,2026-09-27T20:00:00,0.0
Z40,2026-09-27T21:00:00,0.0
Z40,2026-09-27T22:00:00,0.0
Z40,2026-09-27T23:00:00,0.06
Z40,2026-09-28T00:00:00,0.0
Z40,2026-09-28T01:00:00,0.29
Z40,2026-09-28T02:00:00,0.0
Z40,2026-09-28T03:00:00,0.0
Z40,2026-09-28T04:00:00,0.0
Z40,2026-09-28T05:00:00,1.73
Z40,2026-09-28T06:00:00,0.95
Z40,2026-09-28T07:00:00,0.65
Z40,2026-09-28T08:00:00,0.8
Z40,2026-09-28T09:00:00,0.0
Z40,2026-09-28T10:00:00,0.0
Z40,2026-09-28T11:00:00,0.0
Z40,2026-09-28T12:00:00,0.01
Z40,2026-09-28T13:00:00,0.0
Z40,2026-09-28T14:00:00,0.08
Z40,2026-09-28T15:00:00,0.43
Z40,2026-09-28T16:00:00,0.0
Z40,2026-09-28T17:00:00,0.14
Z40,2026-09-28T18:00:00,0.0
Z40,2026-09-28T19:00:00,0.0
Z40,2026-09-28T20:00:00,0.0
Z40,2026-09-28T21:00:00,0.06
Z40,2026-09-28T22:00:00,0.0
Z40,2026-09-28T23:00:00,0.65
Z40,2026-09-29T00:00:00,0.11
Z40,2026-09-29T01:00:00,0.0
Z40,2026-09-29T02:00:00,0.29
Z40,2026-09-29T03:00:00,0.0
Z40,2026-09-29T04:00:00,0.0
Z40,2026-09-29T05:00:00,0.0
Z40,2026-09-29T06:00:00,0.28
Z40,2026-09-29T07:00:00,0.25
Z40,2026-09-29T08:00:00,0.0
Z40,2026-09-29T09:00:00,0.0
Z40,2026-09-29T10:00:00,0.0
Z40,2026-09-29T11:00:00,0.39
Z40,2026-09-29T12:00:00,0.0
Z40,2026-09-29T13:00:00,0.0
Z40,2026-09-29T14:00:00,1.37
Z40,2026-09-29T15:00:00,0.04
Z40,2026-09-29T16:00:00,0.0
Z40,2026-09-29T17:00:00,0.0
Z40,2026-09-29T18:00:00,1.62
Z40,2026-09-29T19:00:00,0.0
Z40,2026-09-29T20:00:00,0.0
Z40,2026-09-29T21:00:00,0.74
Z40,2026-09-29T22:00:00,0.03
Z40,2026-09-29T23:00:00,0.0
Z40,2026-09-30T00:00:00,0.0
Z40,2026-09-30T01:00:00,0.06
Z40,2026-09-30T02:00:00,0.0
Z40,2026-09-30T03:00:00,0.0
Z40,2026-09-30T04:00:00,2.64
Z40,2026-09-30T05:00:00,0.0
Z40,2026-09-30T06:00:00,0.52
Z40,2026-09-30T07:00:00,0.2
Z40,2026-09-30T08:00:00,0.58
Z40,2026-09-30T09:00:00,0.0
Z40,2026-09-30T10:00:00,0.0
Z40,2026-09-30T11:00:00,0.0
Z40,2026-09-30T12:00:00,1.17
Z40,2026-09-30T13:00:00,0.0
Z40,2026-09-30T14:00:00,0.03
Z40,2026-09-30T15:00:00,0.0
Z40,2026-09-30T16:00:00,0.0
Z40,2026-09-30T17:00:00,0.0
Z40,2026-09-30T18:00:00,0.0
Z40,2026-09-30T19:00:00,0.0
Z40,2026-09-30T20:00:00,0.0
Z40,2026-09-30T21:00:00,0.0
Z40,2026-09-30T22:00:00,0.94
Z40,2026-09-30T23:00:00,0.13
Z40,2026-10-01T00:00:00,0.0
Z40,2026-10-01T01:00:00,0.0
Z40,2026-10-01T02:00:00,0.0
Z40,2026-10-01T03:00:00,0.0
Z40,2026-10-01T04:00:00,0.0
Z40,2026-10-01T05:00:00,0.02
Z40,2026-10-01T06:00:00,0.13
Z40,2026-10-01T07:00:00,0.0
Z40,2026-10-01T08:00:00,0.0
Z40,2026-10-01T09:00:00,1.37
Z40,2026-10-01T10:00:00,0.13
Z40,2026-10-01T11:00:00,0.09
Z40,2026-10-01T12:00:00,0.09
Z40,2026-10-01T13:00:00,0.0
Z40,2026-10-01T14:00:00,0.0
Z40,2026-10-01T15:00:00,0.0
Z40,2026-10-01T16:00:00,0.26
Z40,2026-10-01T17:00:00,0.0
Z40,2026-10-01T18:00:00,0.0
Z40,2026-10-01T19:00:00,0.0
Z40,2026-10-01T20:00:00,0.0
Z40,2026-10-01T21:00:00,0.0
Z40,2026-10-01T22:00:00,0.0
Z40,2026-10-01T23:00:00,0.0
Z40,2026-10-02T00:00:00,0.0
Z40,2026-10-02T01:00:00,0.28
Z40,2026-10-02T02:00:00,0.41
Z40,2026-10-02T03:00:00,0.0
Z40,2026-10-02T04:00:00,0.0
Z40,2026-10-02T05:00:00,0.0
Z40,2026-10-02T06:00:00,0.0
Z40,2026-10-02T07:00:00,0.0
Z40,2026-10-02T08:00:00,0.0
Z40,2026-10-02T09:00:00,0.43
Z40,2026-10-02T10:00:00,0.5
Z40,2026-10-02T11:00:00,0.0
Z40,2026-10-02T12:00:00,0.0
Z40,2026-10-02T13:00:00,0.03
Z40,2026-10-02T14:00:00,0.47
Z40,2026-10-02T15:00:00,0.0
Z40,2026-10-02T16:00:00,0.0
Z40,2026-10-02T17:00:00,0.21
Z40,2026-10-02T18:00:00,0.0
Z40,2026-10-02T19:00:00,0.15
Z40,2026-10-02T20:00:00,0.0
Z40,2026-10-02T21:00:00,0.0
Z40,2026-10-02T22:00:00,0.0
Z40,2026-10-02T23:00:00,0.0
Z40,2026-10-03T00:00:00,0.0
Z40,2026-10-03T01:00:00,0.0
Z40,2026-10-03T02:00:00,0.0
Z40,2026-10-03T03:00:00,0.0
Z40,2026-10-03T04:00:00,0.0
Z40,2026-10-03T05:00:00,0.0
Z40,2026-10-03T06:00:00,0.0
Z40,2026-10-03T07:00:00,2.22
Z40,2026-10-03T08:00:00,0.2
Z40,2026-10-03T09:00:00,0.32
Z41,2026-09-26T10:00:00,0.0
Z41,2026-09-26T11:00:00,0.34
Z41,2026-09-26T12:00:00,0.0
Z41,2026-09-26T13:00:00,0.0
Z41,2026-09-26T14:00:00,0.0
Z41,2026-09-26T15:00:00,0.0
Z41,2026-09-26T16:00:00,0.0
Z41,2026-09-26T17:00:00,0.0
Z41,2026-09-26T18:00:00,0.0
Z41,2026-09-26T19:00:00,0.16
Z41,2026-09-26T20:00:00,6.74
Z41,2026-09-26T21:00:00,0.0
Z41,2026-09-26T22:00:00,0.0
Z41,2026-09-26T23:00:00,0.01
Z41,2026-09-27T00:00:00,0.0
Z41,2026-09-27T01:00:00,0.0
Z41,2026-09-27T02:00:00,0.0
Z41,2026-09-27T03:00:00,0.36
Z41,2026-09-27T04:00:00,0.0
Z41,2026-09-27T05:00:00,0.0
Z41,2026-09-27T06:00:00,0.0
Z41,2026-09-27T07:00:00,2.88
Z41,2026-09-27T08:00:00,0.0
Z41,2026-09-27T09:00:00,0.03
Z41,2026-09-27T10:00:00,0.0
Z41,2026-09-27T11:00:00,0.0
Z41,2026-09-27T12:00:00,0.0
Z41,2026-09-27T13:00:00,0.68
Z41,2026-09-27T14:00:00,0.46
Z41,2026-09-27T15:00:00,0.15
Z41,2026-09-27T16:00:00,0.0
Z41,2026-09-27T17:00:00,0.0
Z41,2026-09-27T18:00:00,1.22
Z41,2026-09-27T19:00:00,0.0
Z41,2026-09-27T20:00:00,0.25
Z41,2026-09-27T21:00:00,0.34
Z41,2026-09-27T22:00:00,0.33
Z41,2026-09-27T23:00:00,0.0
Z41,2026-09-28T00:00:00,0.33
Z41,2026-09-28T01:00:00,0.05
Z41,2026-09-28T02:00:00,0.02
Z41,2026-09-28T03:00:00,0.0
Z41,2026-09-28T04:00:00,0.0
Z41,2026-09-28T05:00:00,0.0
Z41,2026-09-28T06:00:00,0.0
Z41,2026-09-28T07:00:00,0.01
Z41,2026-09-28T08:00:00,0.0
Z41,2026-09-28T09:00:00,0.08
Z41,2026-09-28T10:00:00,0.0
Z41,2026-09-28T11:00:00,0.0
Z41,2026-09-28T12:00:00,0.55
Z41,2026-09-28T13:00:00,0.4
Z41,2026-09-28T14:00:00,0.13
Z41,2026-09-28T15:00:00,0.02
Z41,2026-09-28T16:00:00,0.0
Z41,2026-09-28T17:00:00,0.0
Z41,2026-09-28T18:00:00,0.01
Z41,2026-09-28T19:00:00,0.08
Z41,2026-09-28T20:00:00,0.0
Z41,2026-09-28T21:00:00,0.0
Z41,2026-09-28T22:00:00,0.0
Z41,2026-09-28T23:00:00,0.0
Z41,2026-09-29T00:00:00,0.0
Z41,2026-09-29T01:00:00,0.0
Z41,2026-09-29T02:00:00,0.0
Z41,2026-09-29T03:00:00,0.3
Z41,2026-09-29T04:00:00,0.09
Z41,2026-09-29T05:00:00,0.0
Z41,2026-09-29T06:00:00,0.19
Z41,2026-09-29T07:00:00,0.06
Z41,2026-09-29T08:00:00,0.67
Z41,2026-09-29T09:00:00,0.12
Z41,2026-09-29T10:00:00,0.04
Z41,2026-09-29T11:00:00,0.0
Z41,2026-09-29T12:00:00,0.0
Z41,2026-09-29T13:00:00,0.84
Z41,2026-09-29T14:00:00,0.0
Z41,2026-09-29T15:00:00,0.0
Z41,2026-09-29T16:00:00,0.0
Z41,2026-09-29T17:00:00,0.07
Z41,2026-09-29T18:00:00,0.71
Z41,2026-09-29T19:00:00,0.0
Z41,2026-09-29T20:00:00,0.0
Z41,2026-09-29T21:00:00,0.0
Z41,2026-09-29T22:00:00,0.5
Z41,2026-09-29T23:00:00,0.0
Z41,2026-09-30T00:00:00,0.72
Z41,2026-09-30T01:00:00,0.0
Z41,2026-09-30T02:00:00,0.0
Z41,2026-09-30T03:00:00,0.85
Z41,2026-09-30T04:00:00,0.0
Z41,2026-09-30T05:00:00,0.0
Z41,2026-09-30T06:00:00,0.0
Z41,2026-09-30T07:00:00,0.0
Z41,2026-09-30T08:00:00,0.0
Z41,2026-09-30T09:00:00,0.04
Z41,2026-09-30T10:00:00,0.0
Z41,2026-09-30T11:00:00,0.0
Z41,2026-09-30T12:00:00,0.0
Z41,2026-09-30T13:00:00,0.02
Z41,2026-09-30T14:00:00,0.0
Z41,2026-09-30T15:00:00,0.03
Z41,2026-09-30T16:00:00,0.26
Z41,2026-09-30T17:00:00,0.0
Z41,2026-09-30T18:00:00,0.0
Z41,2026-09-30T19:00:00,0.0
Z41,2026-09-30T20:00:00,0.07
Z41,2026-09-30T21:00:00,0.0
Z41,2026-09-30T22:00:00,0.0
Z41,2026-09-30T23:00:00,0.66
Z41,2026-10-01T00:00:00,0.0
Z41,2026-10-01T01:00:00,0.0
Z41,2026-10-01T02:00:00,0.21
Z41,2026-10-01T03:00:00,0.0
Z41,2026-10-01T04:00:00,0.0
Z41,2026-10-01T05:00:00,2.88
Z41,2026-10-01T06:00:00,0.0
Z41,2026-10-01T07:00:00,0.0
Z41,2026-10-01T08:00:00,0.0
Z41,2026-10-01T09:00:00,0.0
Z41,2026-10-01T10:00:00,0.0
Z41,2026-10-01T11:00:00,0.0
Z41,2026-10-01T12:00:00,0.1
Z41,2026-10-01T13:00:00,0.01
Z41,2026-10-01T14:00:00,0.01
Z41,2026-10-01T15:00:00,0.0
Z41,2026-10-01T16:00:00,0.0
Z41,2026-10-01T17:00:00,0.05
Z41,2026-10-01T18:00:00,0.0
Z41,2026-10-01T19:00:00,0.0
Z41,2026-10-01T20:00:00,0.0
Z41,2026-10-01T21:00:00,0.0
Z41,2026-10-01T22:00:00,0.0
Z41,2026-10-01T23:00:00,0.0
Z41,2026-10-02T00:00:00,0.0
Z41,2026-10-02T01:00:00,0.0
Z41,2026-10-02T02:00:00,0.0
Z41,2026-10-02T03:00:00,0.0
Z41,2026-10-02T04:00:00,0.0
Z41,2026-10-02T05:00:00,0.45
Z41,2026-10-02T06:00:00,0.0
Z41,2026-10-02T07:00:00,1.57
Z41,2026-10-02T08:00:00,0.73
Z41,2026-10-02T09:00:00,14.47
Z41,2026-10-02T10:00:00,25.34
Z41,2026-10-02T11:00:00,6.35
Z41,2026-10-02T12:00:00,12.68
Z41,2026-10-02T13:00:00,12.14
Z41,2026-10-02T14:00:00,13.06
Z41,2026-10-02T15:00:00,19.64
Z41,2026-10-02T16:00:00,7.94
Z41,2026-10-02T17:00:00,14.85
Z41,2026-10-02T18:00:00,18.36
Z41,2026-10-02T19:00:00,5.44
Z41,2026-10-02T20:00:00,10.34
Z41,2026-10-02T21:00:00,42.18
Z41,2026-10-02T22:00:00,9.79
Z41,2026-10-02T23:00:00,2.64
Z41,2026-10-03T00:00:00,0.28
Z41,2026-10-03T01:00:00,1.02
Z41,2026-10-03T02:00:00,0.0
Z41,2026-10-03T03:00:00,0.0
Z41,2026-10-03T04:00:00,0.81
Z41,2026-10-03T05:00:00,0.0
Z41,2026-10-03T06:00:00,0.0
Z41,2026-10-03T07:00:00,0.0
Z41,2026-10-03T08:00:00,0.0
Z41,2026-10-03T09:00:00,0.0
Z42,2026-09-26T10:00:00,0.0
Z42,2026-09-26T11:00:00,0.0
Z42,2026-09-26T12:00:00,0.0
Z42,2026-09-26T13:00:00,0.0
Z42,2026-09-26T14:00:00,0.08
Z42,2026-09-26T15:00:00,0.13
Z42,2026-09-26T16:00:00,0.0
Z42,2026-09-26T17:00:00,1.11
Z42,2026-09-26T18:00:00,0.0
Z42,2026-09-26T19:00:00,0.0
Z42,2026-09-26T20:00:00,0.0
Z42,2026-09-26T21:00:00,0.0
Z42,2026-09-26T22:00:00,0.0
Z42,2026-09-26T23:00:00,0.0
Z42,2026-09-27T00:00:00,0.0
Z42,2026-09-27T01:00:00,0.0
Z42,2026-09-27T02:00:00,0.02
Z42,2026-09-27T03:00:00,0.0
Z42,2026-09-27T04:00:00,0.0
Z42,2026-09-27T05:00:00,0.0
Z42,2026-09-27T06:00:00,0.0
Z42,2026-09-27T07:00:00,0.16
Z42,2026-09-27T08:00:00,0.88
Z42,2026-09-27T09:00:00,1.01
Z42,2026-09-27T10:00:00,1.29
Z42,2026-09-27T11:00:00,0.15
Z42,2026-09-27T12:00:00,2.3
Z42,2026-09-27T13:00:00,0.0
Z42,2026-09-27T14:00:00,0.06
Z42,2026-09-27T15:00:00,0.39
Z42,2026-09-27T16:00:00,0.0
Z42,2026-09-27T17:00:00,0.0
Z42,2026-09-27T18:00:00,0.0
Z42,2026-09-27T19:00:00,0.03
Z42,2026-09-27T20:00:00,0.22
Z42,2026-09-27T21:00:00,0.2
Z42,2026-09-27T22:00:00,0.1
Z42,2026-09-27T23:00:00,0.0
Z42,2026-09-28T00:00:00,0.0
Z42,2026-09-28T01:00:00,0.04
Z42,2026-09-28T02:00:00,0.0
Z42,2026-09-28T03:00:00,0.07
Z42,2026-09-28T04:00:00,0.0
Z42,2026-09-28T05:00:00,0.02
Z42,2026-09-28T06:00:00,0.03
Z42,2026-09-28T07:00:00,0.0
Z42,2026-09-28T08:00:00,0.0
Z42,2026-09-28T09:00:00,1.08
Z42,2026-09-28T10:00:00,3.68
Z42,2026-09-28T11:00:00,0.34
Z42,2026-09-28T12:00:00,0.04
Z42,2026-09-28T13:00:00,0.0
Z42,2026-09-28T14:00:00,0.01
Z42,2026-09-28T15:00:00,0.0
Z42,2026-09-28T16:00:00,0.0
Z42,2026-09-28T17:00:00,0.34
Z42,2026-09-28T18:00:00,0.0
Z42,2026-09-28T19:00:00,0.0
Z42,2026-09-28T20:00:00,4.47
Z42,2026-09-28T21:00:00,0.0
Z42,2026-09-28T22:00:00,0.83
Z42,2026-09-28T23:00:00,0.05
Z42,2026-09-29T00:00:00,4.68
Z42,2026-09-29T01:00:00,0.75
Z42,2026-09-29T02:00:00,0.0
Z42,2026-09-29T03:00:00,0.0
Z42,2026-09-29T04:00:00,1.44
Z42,2026-09-29T05:00:00,0.01
Z42,2026-09-29T06:00:00,2.08
Z42,2026-09-29T07:00:00,0.0
Z42,2026-09-29T08:00:00,0.18
Z42,2026-09-29T09:00:00,0.04
Z42,2026-09-29T10:00:00,0.0
Z42,2026-09-29T11:00:00,0.0
Z42,2026-09-29T12:00:00,0.0
Z42,2026-09-29T13:00:00,0.0
Z42,2026-09-29T14:00:00,0.96
Z42,2026-09-29T15:00:00,0.0
Z42,2026-09-29T16:00:00,0.0
Z42,2026-09-29T17:00:00,0.72
Z42,2026-09-29T18:00:00,0.32
Z42,2026-09-29T19:00:00,0.0
Z42,2026-09-29T20:00:00,0.0
Z42,2026-09-29T21:00:00,0.0
Z42,2026-09-29T22:00:00,0.0
Z42,2026-09-29T23:00:00,0.0
Z42,2026-09-30T00:00:00,0.0
Z42,2026-09-30T01:00:00,0.11
Z42,2026-09-30T02:00:00,0.0
Z42,2026-09-30T03:00:00,0.0
Z42,2026-09-30T04:00:00,0.13
Z42,2026-09-30T05:00:00,0.0
Z42,2026-09-30T06:00:00,0.0
Z42,2026-09-30T07:00:00,0.06
Z42,2026-09-30T08:00:00,0.21
Z42,2026-09-30T09:00:00,0.0
Z42,2026-09-30T10:00:00,0.0
Z42,2026-09-30T11:00:00,0.0
Z42,2026-09-30T12:00:00,0.0
Z42,2026-09-30T13:00:00,0.28
Z42,2026-09-30T14:00:00,0.0
Z42,2026-09-30T15:00:00,0.0
Z42,2026-09-30T16:00:00,0.0
Z42,2026-09-30T17:00:00,0.0
Z42,2026-09-30T18:00:00,0.0
Z42,2026-09-30T19:00:00,0.0
Z42,2026-09-30T20:00:00,0.13
Z42,2026-09-30T21:00:00,0.0
Z42,2026-09-30T22:00:00,0.0
Z42,2026-09-30T23:00:00,0.0
Z42,2026-10-01T00:00:00,0.0
Z42,2026-10-01T01:00:00,0.0
Z42,2026-10-01T02:00:00,0.0
Z42,2026-10-01T03:00:00,0.0
Z42,2026-10-01T04:00:00,0.0
Z42,2026-10-01T05:00:00,0.0
Z42,2026-10-01T06:00:00,1.52
Z42,2026-10-01T07:00:00,0.0
Z42,2026-10-01T08:00:00,0.4
Z42,2026-10-01T09:00:00,2.06
Z42,2026-10-01T10:00:00,0.0
Z42,2026-10-01T11:00:00,0.0
Z42,2026-10-01T12:00:00,1.04
Z42,2026-10-01T13:00:00,0.56
Z42,2026-10-01T14:00:00,0.96
Z42,2026-10-01T15:00:00,0.0
Z42,2026-10-01T16:00:00,0.17
Z42,2026-10-01T17:00:00,0.64
Z42,2026-10-01T18:00:00,0.34
Z42,2026-10-01T19:00:00,0.0
Z42,2026-10-01T20:00:00,0.0
Z42,2026-10-01T21:00:00,0.0
Z42,2026-10-01T22:00:00,0.22
Z42,2026-10-01T23:00:00,0.0
Z42,2026-10-02T00:00:00,0.0
Z42,2026-10-02T01:00:00,0.56
Z42,2026-10-02T02:00:00,0.0
Z42,2026-10-02T03:00:00,0.0
Z42,2026-10-02T04:00:00,0.0
Z42,2026-10-02T05:00:00,0.0
Z42,2026-10-02T06:00:00,0.03
Z42,2026-10-02T07:00:00,0.0
Z42,2026-10-02T08:00:00,0.03
Z42,2026-10-02T09:00:00,0.54
Z42,2026-10-02T10:00:00,0.0
Z42,2026-10-02T11:00:00,1.03
Z42,2026-10-02T12:00:00,7.6
Z42,2026-10-02T13:00:00,13.22
Z42,2026-10-02T14:00:00,28.85
Z42,2026-10-02T15:00:00,15.06
Z42,2026-10-02T16:00:00,17.97
Z42,2026-10-02T17:00:00,6.66
Z42,2026-10-02T18:00:00,11.95
Z42,2026-10-02T19:00:00,17.56
Z42,2026-10-02T20:00:00,16.07
Z42,2026-10-02T21:00:00,10.71
Z42,2026-10-02T22:00:00,20.51
Z42,2026-10-02T23:00:00,3.17
Z42,2026-10-03T00:00:00,4.53
Z42,2026-10-03T01:00:00,17.91
Z42,2026-10-03T02:00:00,0.0
Z42,2026-10-03T03:00:00,0.93
Z42,2026-10-03T04:00:00,0.22
Z42,2026-10-03T05:00:00,0.0
Z42,2026-10-03T06:00:00,0.61
Z42,2026-10-03T07:00:00,0.09
Z42,2026-10-03T08:00:00,0.0
Z42,2026-10-03T09:00:00,0.24
Z43,2026-09-26T10:00:00,0.0
Z43,2026-09-26T11:00:00,0.0
Z43,2026-09-26T12:00:00,0.0
Z43,2026-09-26T13:00:00,0.0
Z43,2026-09-26T14:00:00,0.0
Z43,2026-09-26T15:00:00,0.18
Z43,2026-09-26T16:00:00,0.0
Z43,2026-09-26T17:00:00,0.0
Z43,2026-09-26T18:00:00,0.05
Z43,2026-09-26T19:00:00,1.91
Z43,2026-09-26T20:00:00,0.0
Z43,2026-09-26T21:00:00,0.0
Z43,2026-09-26T22:00:00,0.0
Z43,2026-09-26T23:00:00,0.0
Z43,2026-09-27T00:00:00,0.0
Z43,2026-09-27T01:00:00,0.01
Z43,2026-09-27T02:00:00,0.0
Z43,2026-09-27T03:00:00,0.0
Z43,2026-09-27T04:00:00,0.06
Z43,2026-09-27T05:00:00,0.0
Z43,2026-09-27T06:00:00,0.1
Z43,2026-09-27T07:00:00,0.0
Z43,2026-09-27T08:00:00,0.0
Z43,2026-09-27T09:00:00,0.02
Z43,2026-09-27T10:00:00,0.0
Z43,2026-09-27T11:00:00,0.0
Z43,2026-09-27T12:00:00,0.15
Z43,2026-09-27T13:00:00,0.0
Z43,2026-09-27T14:00:00,0.0
Z43,2026-09-27T15:00:00,0.0
Z43,2026-09-27T16:00:00,0.02
Z43,2026-09-27T17:00:00,0.0
Z43,2026-09-27T18:00:00,0.0
Z43,2026-09-27T19:00:00,0.0
Z43,2026-09-27T20:00:00,0.02
Z43,2026-09-27T21:00:00,0.0
Z43,2026-09-27T22:00:00,0.0
Z43,2026-09-27T23:00:00,0.02
Z43,2026-09-28T00:00:00,0.0
Z43,2026-09-28T01:00:00,0.0
Z43,2026-09-28T02:00:00,0.0
Z43,2026-09-28T03:00:00,0.3
Z43,2026-09-28T04:00:00,0.04
Z43,2026-09-28T05:00:00,0.2
Z43,2026-09-28T06:00:00,0.0
Z43,2026-09-28T07:00:00,0.0
Z43,2026-09-28T08:00:00,0.0
Z43,2026-09-28T09:00:00,0.0
Z43,2026-09-28T10:00:00,0.0
Z43,2026-09-28T11:00:00,0.0
Z43,2026-09-28T12:00:00,0.92
Z43,2026-09-28T13:00:00,0.0
Z43,2026-09-28T14:00:00,0.0
Z43,2026-09-28T15:00:00,0.01
Z43,2026-09-28T16:00:00,0.01
Z43,2026-09-28T17:00:00,1.04
Z43,2026-09-28T18:00:00,0.97
Z43,2026-09-28T19:00:00,0.02
Z43,2026-09-28T20:00:00,0.0
Z43,2026-09-28T21:00:00,0.08
Z43,2026-09-28T22:00:00,0.05
Z43,2026-09-28T23:00:00,0.0
Z43,2026-09-29T00:00:00,1.95
Z43,2026-09-29T01:00:00,0.6
Z43,2026-09-29T02:00:00,0.01
Z43,2026-09-29T03:00:00,0.0
Z43,2026-09-29T04:00:00,0.07
Z43,2026-09-29T05:00:00,0.4
Z43,2026-09-29T06:00:00,0.0
Z43,2026-09-29T07:00:00,0.36
Z43,2026-09-29T08:00:00,0.0
Z43,2026-09-29T09:00:00,0.05
Z43,2026-09-29T10:00:00,0.01
Z43,2026-09-29T11:00:00,0.0
Z43,2026-09-29T12:00:00,0.0
Z43,2026-09-29T13:00:00,0.46
Z43,2026-09-29T14:00:00,0.0
Z43,2026-09-29T15:00:00,0.0
Z43,2026-09-29T16:00:00,0.0
Z43,2026-09-29T17:00:00,0.52
Z43,2026-09-29T18:00:00,0.09
Z43,2026-09-29T19:00:00,0.0
Z43,2026-09-29T20:00:00,0.3
Z43,2026-09-29T21:00:00,0.0
Z43,2026-09-29T22:00:00,0.0
Z43,2026-09-29T23:00:00,0.12
Z43,2026-09-30T00:00:00,0.0
Z43,2026-09-30T01:00:00,0.0
Z43,2026-09-30T02:00:00,0.0
Z43,2026-09-30T03:00:00,0.0
Z43,2026-09-30T04:00:00,0.0
Z43,2026-09-30T05:00:00,0.23
Z43,2026-09-30T06:00:00,2.57
Z43,2026-09-30T07:00:00,0.27
Z43,2026-09-30T08:00:00,0.06
Z43,2026-09-30T09:00:00,0.0
Z43,2026-09-30T10:00:00,0.0
Z43,2026-09-30T11:00:00,0.0
Z43,2026-09-30T12:00:00,0.0
Z43,2026-09-30T13:00:00,2.66
Z43,2026-09-30T14:00:00,0.06
Z43,2026-09-30T15:00:00,0.0
Z43,2026-09-30T16:00:00,0.0
Z43,2026-09-30T17:00:00,0.0
Z43,2026-09-30T18:00:00,0.0
Z43,2026-09-30T19:00:00,0.0
Z43,2026-09-30T20:00:00,0.0
Z43,2026-09-30T21:00:00,0.02
Z43,2026-09-30T22:00:00,0.0
Z43,2026-09-30T23:00:00,0.0
Z43,2026-10-01T00:00:00,0.0
Z43,2026-10-01T01:00:00,0.0
Z43,2026-10-01T02:00:00,0.61
Z43,2026-10-01T03:00:00,0.0
Z43,2026-10-01T04:00:00,0.0
Z43,2026-10-01T05:00:00,0.12
Z43,2026-10-01T06:00:00,0.0
Z43,2026-10-01T07:00:00,0.0
Z43,2026-10-01T08:00:00,0.71
Z43,2026-10-01T09:00:00,0.0
Z43,2026-10-01T10:00:00,0.32
Z43,2026-10-01T11:00:00,0.0
Z43,2026-10-01T12:00:00,0.0
Z43,2026-10-01T13:00:00,0.0
Z43,2026-10-01T14:00:00,0.0
Z43,2026-10-01T15:00:00,0.0
Z43,2026-10-01T16:00:00,0.0
Z43,2026-10-01T17:00:00,0.04
Z43,2026-10-01T18:00:00,0.07
Z43,2026-10-01T19:00:00,0.91
Z43,2026-10-01T20:00:00,0.0
Z43,2026-10-01T21:00:00,0.01
Z43,2026-10-01T22:00:00,2.9
Z43,2026-10-01T23:00:00,0.0
Z43,2026-10-02T00:00:00,0.07
Z43,2026-10-02T01:00:00,0.21
Z43,2026-10-02T02:00:00,0.0
Z43,2026-10-02T03:00:00,0.51
Z43,2026-10-02T04:00:00,0.0
Z43,2026-10-02T05:00:00,0.01
Z43,2026-10-02T06:00:00,6.54
Z43,2026-10-02T07:00:00,10.9
Z43,2026-10-02T08:00:00,17.58
Z43,2026-10-02T09:00:00,9.5
Z43,2026-10-02T10:00:00,12.46
Z43,2026-10-02T11:00:00,29.3
Z43,2026-10-02T12:00:00,18.57
Z43,2026-10-02T13:00:00,12.72
Z43,2026-10-02T14:00:00,10.49
Z43,2026-10-02T15:00:00,20.8
Z43,2026-10-02T16:00:00,34.35
Z43,2026-10-02T17:00:00,22.24
Z43,2026-10-02T18:00:00,12.71
Z43,2026-10-02T19:00:00,7.48
Z43,2026-10-02T20:00:00,0.0
Z43,2026-10-02T21:00:00,0.0
Z43,2026-10-02T22:00:00,0.0
Z43,2026-10-02T23:00:00,0.0
Z43,2026-10-03T00:00:00,0.08
Z43,2026-10-03T01:00:00,0.6
Z43,2026-10-03T02:00:00,0.33
Z43,2026-10-03T03:00:00,0.0
Z43,2026-10-03T04:00:00,0.0
Z43,2026-10-03T05:00:00,0.33
Z43,2026-10-03T06:00:00,0.0
Z43,2026-10-03T07:00:00,0.0
Z43,2026-10-03T08:00:00,0.0
Z43,2026-10-03T09:00:00,0.0
Z44,2026-09-26T10:00:00,0.0
Z44,2026-09-26T11:00:00,0.0
Z44,2026-09-26T12:00:00,0.0
Z44,2026-09-26T13:00:00,0.0
Z44,2026-09-26T14:00:00,0.12
Z44,2026-09-26T15:00:00,0.0
Z44,2026-09-26T16:00:00,0.15
Z44,2026-09-26T17:00:00,0.0
Z44,2026-09-26T18:00:00,0.02
Z44,2026-09-26T19:00:00,0.24
Z44,2026-09-26T20:00:00,0.0
Z44,2026-09-26T21:00:00,0.01
Z44,2026-09-26T22:00:00,0.0
Z44,2026-09-26T23:00:00,0.0
Z44,2026-09-27T00:00:00,0.01
Z44,2026-09-27T01:00:00,0.23
Z44,2026-09-27T02:00:00,0.05
Z44,2026-09-27T03:00:00,0.0
Z44,2026-09-27T04:00:00,0.0
Z44,2026-09-27T05:00:00,0.0
Z44,2026-09-27T06:00:00,0.0
Z44,2026-09-27T07:00:00,0.33
Z44,2026-09-27T08:00:00,0.54
Z44,2026-09-27T09:00:00,0.0
Z44,2026-09-27T10:00:00,0.05
Z44,2026-09-27T11:00:00,0.13
Z44,2026-09-27T12:00:00,0.0
Z44,2026-09-27T13:00:00,0.0
Z44,2026-09-27T14:00:00,0.14
Z44,2026-09-27T15:00:00,0.0
Z44,2026-09-27T16:00:00,0.0
Z44,2026-09-27T17:00:00,0.01
Z44,2026-09-27T18:00:00,0.0
Z44,2026-09-27T19:00:00,0.0
Z44,2026-09-27T20:00:00,0.0
Z44,2026-09-27T21:00:00,0.0
Z44,2026-09-27T22:00:00,0.02
Z44,2026-09-27T23:00:00,0.17
Z44,2026-09-28T00:00:00,0.0
Z44,2026-09-28T01:00:00,0.04
Z44,2026-09-28T02:00:00,0.0
Z44,2026-09-28T03:00:00,0.0
Z44,2026-09-28T04:00:00,0.96
Z44,2026-09-28T05:00:00,0.09
Z44,2026-09-28T06:00:00,0.19
Z44,2026-09-28T07:00:00,0.0
Z44,2026-09-28T08:00:00,0.0
Z44,2026-09-28T09:00:00,0.0
Z44,2026-09-28T10:00:00,0.96
Z44,2026-09-28T11:00:00,0.38
Z44,2026-09-28T12:00:00,0.0
Z44,2026-09-28T13:00:00,0.39
Z44,2026-09-28T14:00:00,0.0
Z44,2026-09-28T15:00:00,0.0
Z44,2026-09-28T16:00:00,0.0
Z44,2026-09-28T17:00:00,0.22
Z44,2026-09-28T18:00:00,0.08
Z44,2026-09-28T19:00:00,0.0
Z44,2026-09-28T20:00:00,0.0
Z44,2026-09-28T21:00:00,0.0
Z44,2026-09-28T22:00:00,0.01
Z44,2026-09-28T23:00:00,0.0
Z44,2026-09-29T00:00:00,0.0
Z44,2026-09-29T01:00:00,0.0
Z44,2026-09-29T02:00:00,0.0
Z44,2026-09-29T03:00:00,0.02
Z44,2026-09-29T04:00:00,0.0
Z44,2026-09-29T05:00:00,0.03
Z44,2026-09-29T06:00:00,0.01
Z44,2026-09-29T07:00:00,0.0
Z44,2026-09-29T08:00:00,0.0
Z44,2026-09-29T09:00:00,0.01
Z44,2026-09-29T10:00:00,0.0
Z44,2026-09-29T11:00:00,0.0
Z44,2026-09-29T12:00:00,0.0
Z44,2026-09-29T13:00:00,0.02
Z44,2026-09-29T14:00:00,0.0
Z44,2026-09-29T15:00:00,0.09
Z44,2026-09-29T16:00:00,0.1
Z44,2026-09-29T17:00:00,0.45
Z44,2026-09-29T18:00:00,0.01
Z44,2026-09-29T19:00:00,0.0
Z44,2026-09-29T20:00:00,0.59
Z44,2026-09-29T21:00:00,0.0
Z44,2026-09-29T22:00:00,0.0
Z44,2026-09-29T23:00:00,0.0
Z44,2026-09-30T00:00:00,0.0
Z44,2026-09-30T01:00:00,0.62
Z44,2026-09-30T02:00:00,0.0
Z44,2026-09-30T03:00:00,0.0
Z44,2026-09-30T04:00:00,0.03
Z44,2026-09-30T05:00:00,0.0
Z44,2026-09-30T06:00:00,0.0
Z44,2026-09-30T07:00:00,0.0
Z44,2026-09-30T08:00:00,0.0
Z44,2026-09-30T09:00:00,0.15
Z44,2026-09-30T10:00:00,0.0
Z44,2026-09-30T11:00:00,0.0
Z44,2026-09-30T12:00:00,0.0
Z44,2026-09-30T13:00:00,0.0
Z44,2026-09-30T14:00:00,0.0
Z44,2026-09-30T15:00:00,0.0
Z44,2026-09-30T16:00:00,0.01
Z44,2026-09-30T17:00:00,0.0
Z44,2026-09-30T18:00:00,0.0
Z44,2026-09-30T19:00:00,0.53
Z44,2026-09-30T20:00:00,0.12
Z44,2026-09-30T21:00:00,0.05
Z44,2026-09-30T22:00:00,0.01
Z44,2026-09-30T23:00:00,0.0
Z44,2026-10-01T00:00:00,0.0
Z44,2026-10-01T01:00:00,0.04
Z44,2026-10-01T02:00:00,0.0
Z44,2026-10-01T03:00:00,0.0
Z44,2026-10-01T04:00:00,0.0
Z44,2026-10-01T05:00:00,0.0
Z44,2026-10-01T06:00:00,0.24
Z44,2026-10-01T07:00:00,0.0
Z44,2026-10-01T08:00:00,0.0
Z44,2026-10-01T09:00:00,0.0
Z44,2026-10-01T10:00:00,0.0
Z44,2026-10-01T11:00:00,0.21
Z44,2026-10-01T12:00:00,0.01
Z44,2026-10-01T13:00:00,0.0
Z44,2026-10-01T14:00:00,0.0
Z44,2026-10-01T15:00:00,0.19
Z44,2026-10-01T16:00:00,0.0
Z44,2026-10-01T17:00:00,0.0
Z44,2026-10-01T18:00:00,0.71
Z44,2026-10-01T19:00:00,0.0
Z44,2026-10-01T20:00:00,0.04
Z44,2026-10-01T21:00:00,0.03
Z44,2026-10-01T22:00:00,0.0
Z44,2026-10-01T23:00:00,4.51
Z44,2026-10-02T00:00:00,7.81
Z44,2026-10-02T01:00:00,4.08
Z44,2026-10-02T02:00:00,4.4
Z44,2026-10-02T03:00:00,8.83
Z44,2026-10-02T04:00:00,6.98
Z44,2026-10-02T05:00:00,6.27
Z44,2026-10-02T06:00:00,6.33
Z44,2026-10-02T07:00:00,5.54
Z44,2026-10-02T08:00:00,8.57
Z44,2026-10-02T09:00:00,1.6
Z44,2026-10-02T10:00:00,5.4
Z44,2026-10-02T11:00:00,6.11
Z44,2026-10-02T12:00:00,7.31
Z44,2026-10-02T13:00:00,0.0
Z44,2026-10-02T14:00:00,0.0
Z44,2026-10-02T15:00:00,0.47
Z44,2026-10-02T16:00:00,0.66
Z44,2026-10-02T17:00:00,0.0
Z44,2026-10-02T18:00:00,0.0
Z44,2026-10-02T19:00:00,0.01
Z44,2026-10-02T20:00:00,0.48
Z44,2026-10-02T21:00:00,0.0
Z44,2026-10-02T22:00:00,0.0
Z44,2026-10-02T23:00:00,0.0
Z44,2026-10-03T00:00:00,0.0
Z44,2026-10-03T01:00:00,0.0
Z44,2026-10-03T02:00:00,0.0
Z44,2026-10-03T03:00:00,0.0
Z44,2026-10-03T04:00:00,0.0
Z44,2026-10-03T05:00:00,0.44
Z44,2026-10-03T06:00:00,0.0
Z44,2026-10-03T07:00:00,0.0
Z44,2026-10-03T08:00:00,0.01
Z44,2026-10-03T09:00:00,0.0
Z45,2026-09-26T10:00:00,0.0
Z45,2026-09-26T11:00:00,0.0
Z45,2026-09-26T12:00:00,0.65
Z45,2026-09-26T13:00:00,0.0
Z45,2026-09-26T14:00:00,0.0
Z45,2026-09-26T15:00:00,0.0
Z45,2026-09-26T16:00:00,0.0
Z45,2026-09-26T17:00:00,0.0
Z45,2026-09-26T18:00:00,0.0
Z45,2026-09-26T19:00:00,0.0
Z45,2026-09-26T20:00:00,0.0
Z45,2026-09-26T21:00:00,0.01
Z45,2026-09-26T22:00:00,0.04
Z45,2026-09-26T23:00:00,0.16
Z45,2026-09-27T00:00:00,0.0
Z45,2026-09-27T01:00:00,0.0
Z45,2026-09-27T02:00:00,0.24
Z45,2026-09-27T03:00:00,0.65
Z45,2026-09-27T04:00:00,0.0
Z45,2026-09-27T05:00:00,0.17
Z45,2026-09-27T06:00:00,0.0
Z45,2026-09-27T07:00:00,0.0
Z45,2026-09-27T08:00:00,0.0
Z45,2026-09-27T09:00:00,0.01
Z45,2026-09-27T10:00:00,0.0
Z45,2026-09-27T11:00:00,0.05
Z45,2026-09-27T12:00:00,0.0
Z45,2026-09-27T13:00:00,0.0
Z45,2026-09-27T14:00:00,0.03
Z45,2026-09-27T15:00:00,0.09
Z45,2026-09-27T16:00:00,0.0
Z45,2026-09-27T17:00:00,0.0
Z45,2026-09-27T18:00:00,0.0
Z45,2026-09-27T19:00:00,0.0
Z45,2026-09-27T20:00:00,0.05
Z45,2026-09-27T21:00:00,0.0
Z45,2026-09-27T22:00:00,0.1
Z45,2026-09-27T23:00:00,0.01
Z45,2026-09-28T00:00:00,0.13
Z45,2026-09-28T01:00:00,0.04
Z45,2026-09-28T02:00:00,0.0
Z45,2026-09-28T03:00:00,0.03
Z45,2026-09-28T04:00:00,0.04
Z45,2026-09-28T05:00:00,0.0
Z45,2026-09-28T06:00:00,0.0
Z45,2026-09-28T07:00:00,0.0
Z45,2026-09-28T08:00:00,0.02
Z45,2026-09-28T09:00:00,0.0
Z45,2026-09-28T10:00:00,0.01
Z45,2026-09-28T11:00:00,0.0
Z45,2026-09-28T12:00:00,0.0
Z45,2026-09-28T13:00:00,0.0
Z45,2026-09-28T14:00:00,0.0
Z45,2026-09-28T15:00:00,0.13
Z45,2026-09-28T16:00:00,0.0
Z45,2026-09-28T17:00:00,0.02
Z45,2026-09-28T18:00:00,0.31
Z45,2026-09-28T19:00:00,0.0
Z45,2026-09-28T20:00:00,1.23
Z45,2026-09-28T21:00:00,0.0
Z45,2026-09-28T22:00:00,0.0
Z45,2026-09-28T23:00:00,0.0
Z45,2026-09-29T00:00:00,0.0
Z45,2026-09-29T01:00:00,0.01
Z45,2026-09-29T02:00:00,0.0
Z45,2026-09-29T03:00:00,0.0
Z45,2026-09-29T04:00:00,0.02
Z45,2026-09-29T05:00:00,0.56
Z45,2026-09-29T06:00:00,0.0
Z45,2026-09-29T07:00:00,0.0
Z45,2026-09-29T08:00:00,0.09
Z45,2026-09-29T09:00:00,0.1
Z45,2026-09-29T10:00:00,0.0
Z45,2026-09-29T11:00:00,0.32
Z45,2026-09-29T12:00:00,0.0
Z45,2026-09-29T13:00:00,0.0
Z45,2026-09-29T14:00:00,0.0
Z45,2026-09-29T15:00:00,0.44
Z45,2026-09-29T16:00:00,1.29
Z45,2026-09-29T17:00:00,0.0
Z45,2026-09-29T18:00:00,0.0
Z45,2026-09-29T19:00:00,1.05
Z45,2026-09-29T20:00:00,0.57
Z45,2026-09-29T21:00:00,0.0
Z45,2026-09-29T22:00:00,0.0
Z45,2026-09-29T23:00:00,0.07
Z45,2026-09-30T00:00:00,0.13
Z45,2026-09-30T01:00:00,0.17
Z45,2026-09-30T02:00:00,0.0
Z45,2026-09-30T03:00:00,0.0
Z45,2026-09-30T04:00:00,0.55
Z45,2026-09-30T05:00:00,0.0
Z45,2026-09-30T06:00:00,0.01
Z45,2026-09-30T07:00:00,0.07
Z45,2026-09-30T08:00:00,0.0
Z45,2026-09-30T09:00:00,0.12
Z45,2026-09-30T10:00:00,0.0
Z45,2026-09-30T11:00:00,0.0
Z45,2026-09-30T12:00:00,0.0
Z45,2026-09-30T13:00:00,0.0
Z45,2026-09-30T14:00:00,0.0
Z45,2026-09-30T15:00:00,0.0
Z45,2026-09-30T16:00:00,0.09
Z45,2026-09-30T17:00:00,0.0
Z45,2026-09-30T18:00:00,0.01
Z45,2026-09-30T19:00:00,0.19
Z45,2026-09-30T20:00:00,0.08
Z45,2026-09-30T21:00:00,0.0
Z45,2026-09-30T22:00:00,0.09
Z45,2026-09-30T23:00:00,0.01
Z45,2026-10-01T00:00:00,0.02
Z45,2026-10-01T01:00:00,0.0
Z45,2026-10-01T02:00:00,0.0
Z45,2026-10-01T03:00:00,1.24
Z45,2026-10-01T04:00:00,0.0
Z45,2026-10-01T05:00:00,0.48
Z45,2026-10-01T06:00:00,0.01
Z45,2026-10-01T07:00:00,0.22
Z45,2026-10-01T08:00:00,0.0
Z45,2026-10-01T09:00:00,0.0
Z45,2026-10-01T10:00:00,0.02
Z45,2026-10-01T11:00:00,0.0
Z45,2026-10-01T12:00:00,0.0
Z45,2026-10-01T13:00:00,0.0
Z45,2026-10-01T14:00:00,0.0
Z45,2026-10-01T15:00:00,0.0
Z45,2026-10-01T16:00:00,0.12
Z45,2026-10-01T17:00:00,0.06
Z45,2026-10-01T18:00:00,0.0
Z45,2026-10-01T19:00:00,0.01
Z45,2026-10-01T20:00:00,0.0
Z45,2026-10-01T21:00:00,0.0
Z45,2026-10-01T22:00:00,0.01
Z45,2026-10-01T23:00:00,0.0
Z45,2026-10-02T00:00:00,0.0
Z45,2026-10-02T01:00:00,0.0
Z45,2026-10-02T02:00:00,0.0
Z45,2026-10-02T03:00:00,0.0
Z45,2026-10-02T04:00:00,0.0
Z45,2026-10-02T05:00:00,0.0
Z45,2026-10-02T06:00:00,0.1
Z45,2026-10-02T07:00:00,0.0
Z45,2026-10-02T08:00:00,0.0
Z45,2026-10-02T09:00:00,0.0
Z45,2026-10-02T10:00:00,0.0
Z45,2026-10-02T11:00:00,0.0
Z45,2026-10-02T12:00:00,0.19
Z45,2026-10-02T13:00:00,0.0
Z45,2026-10-02T14:00:00,0.16
Z45,2026-10-02T15:00:00,0.02
Z45,2026-10-02T16:00:00,0.0
Z45,2026-10-02T17:00:00,0.05
Z45,2026-10-02T18:00:00,0.0
Z45,2026-10-02T19:00:00,0.0
Z45,2026-10-02T20:00:00,0.0
Z45,2026-10-02T21:00:00,0.0
Z45,2026-10-02T22:00:00,0.01
Z45,2026-10-02T23:00:00,0.0
Z45,2026-10-03T00:00:00,0.0
Z45,2026-10-03T01:00:00,0.06
Z45,2026-10-03T02:00:00,0.04
Z45,2026-10-03T03:00:00,0.11
Z45,2026-10-03T04:00:00,0.02
Z45,2026-10-03T05:00:00,0.0
Z45,2026-10-03T06:00:00,0.0
Z45,2026-10-03T07:00:00,0.0
Z45,2026-10-03T08:00:00,0.05
Z45,2026-10-03T09:00:00,0.0
Z46,2026-09-26T10:00:00,0.0
Z46,2026-09-26T11:00:00,0.01
Z46,2026-09-26T12:00:00,0.0
Z46,2026-09-26T13:00:00,0.0
Z46,2026-09-26T14:00:00,0.0
Z46,2026-09-26T15:00:00,0.0
Z46,2026-09-26T16:00:00,0.0
Z46,2026-09-26T17:00:00,0.0
Z46,2026-09-26T18:00:00,0.07
Z46,2026-09-26T19:00:00,0.0
Z46,2026-09-26T20:00:00,0.0
Z46,2026-09-26T21:00:00,0.0
Z46,2026-09-26T22:00:00,0.78
Z46,2026-09-26T23:00:00,0.0
Z46,2026-09-27T00:00:00,0.56
Z46,2026-09-27T01:00:00,0.7
Z46,2026-09-27T02:00:00,0.0
Z46,2026-09-27T03:00:00,0.0
Z46,2026-09-27T04:00:00,1.55
Z46,2026-09-27T05:00:00,0.84
Z46,2026-09-27T06:00:00,0.0
Z46,2026-09-27T07:00:00,0.06
Z46,2026-09-27T08:00:00,0.0
Z46,2026-09-27T09:00:00,0.01
Z46,2026-09-27T10:00:00,0.0
Z46,2026-09-27T11:00:00,0.13
Z46,2026-09-27T12:00:00,1.12
Z46,2026-09-27T13:00:00,0.95
Z46,2026-09-27T14:00:00,0.0
Z46,2026-09-27T15:00:00,0.02
Z46,2026-09-27T16:00:00,0.29
Z46,2026-09-27T17:00:00,2.99
Z46,2026-09-27T18:00:00,0.0
Z46,2026-09-27T19:00:00,0.0
Z46,2026-09-27T20:00:00,0.02
Z46,2026-09-27T21:00:00,0.0
Z46,2026-09-27T22:00:00,0.0
Z46,2026-09-27T23:00:00,0.0
Z46,2026-09-28T00:00:00,0.0
Z46,2026-09-28T01:00:00,0.0
Z46,2026-09-28T02:00:00,0.0
Z46,2026-09-28T03:00:00,0.05
Z46,2026-09-28T04:00:00,0.01
Z46,2026-09-28T05:00:00,0.0
Z46,2026-09-28T06:00:00,0.0
Z46,2026-09-28T07:00:00,0.0
Z46,2026-09-28T08:00:00,0.0
Z46,2026-09-28T09:00:00,0.4
Z46,2026-09-28T10:00:00,0.01
Z46,2026-09-28T11:00:00,1.06
Z46,2026-09-28T12:00:00,0.0
Z46,2026-09-28T13:00:00,0.0
Z46,2026-09-28T14:00:00,0.01
Z46,2026-09-28T15:00:00,0.0
Z46,2026-09-28T16:00:00,0.0
Z46,2026-09-28T17:00:00,0.0
Z46,2026-09-28T18:00:00,0.19
Z46,2026-09-28T19:00:00,0.0
Z46,2026-09-28T20:00:00,0.0
Z46,2026-09-28T21:00:00,0.0
Z46,2026-09-28T22:00:00,0.68
Z46,2026-09-28T23:00:00,0.02
Z46,2026-09-29T00:00:00,0.0
Z46,2026-09-29T01:00:00,0.04
Z46,2026-09-29T02:00:00,0.01
Z46,2026-09-29T03:00:00,0.0
Z46,2026-09-29T04:00:00,0.0
Z46,2026-09-29T05:00:00,0.57
Z46,2026-09-29T06:00:00,0.0
Z46,2026-09-29T07:00:00,0.0
Z46,2026-09-29T08:00:00,0.67
Z46,2026-09-29T09:00:00,0.0
Z46,2026-09-29T10:00:00,0.0
Z46,2026-09-29T11:00:00,0.0
Z46,2026-09-29T12:00:00,0.0
Z46,2026-09-29T13:00:00,0.03
Z46,2026-09-29T14:00:00,0.0
Z46,2026-09-29T15:00:00,0.0
Z46,2026-09-29T16:00:00,0.41
Z46,2026-09-29T17:00:00,0.0
Z46,2026-09-29T18:00:00,0.0
Z46,2026-09-29T19:00:00,0.0
Z46,2026-09-29T20:00:00,0.0
Z46,2026-09-29T21:00:00,0.0
Z46,2026-09-29T22:00:00,0.0
Z46,2026-09-29T23:00:00,0.01
Z46,2026-09-30T00:00:00,0.0
Z46,2026-09-30T01:00:00,1.4
Z46,2026-09-30T02:00:00,0.0
Z46,2026-09-30T03:00:00,0.0
Z46,2026-09-30T04:00:00,0.06
Z46,2026-09-30T05:00:00,0.27
Z46,2026-09-30T06:00:00,0.14
Z46,2026-09-30T07:00:00,0.23
Z46,2026-09-30T08:00:00,0.0
Z46,2026-09-30T09:00:00,0.09
Z46,2026-09-30T10:00:00,0.0
Z46,2026-09-30T11:00:00,0.0
Z46,2026-09-30T12:00:00,0.0
Z46,2026-09-30T13:00:00,0.0
Z46,2026-09-30T14:00:00,0.52
Z46,2026-09-30T15:00:00,0.0
Z46,2026-09-30T16:00:00,0.0
Z46,2026-09-30T17:00:00,0.02
Z46,2026-09-30T18:00:00,0.0
Z46,2026-09-30T19:00:00,0.0
Z46,2026-09-30T20:00:00,0.03
Z46,2026-09-30T21:00:00,0.0
Z46,2026-09-30T22:00:00,0.15
Z46,2026-09-30T23:00:00,0.0
Z46,2026-10-01T00:00:00,0.18
Z46,2026-10-01T01:00:00,0.0
Z46,2026-10-01T02:00:00,0.0
Z46,2026-10-01T03:00:00,0.01
Z46,2026-10-01T04:00:00,0.82
Z46,2026-10-01T05:00:00,0.6
Z46,2026-10-01T06:00:00,0.0
Z46,2026-10-01T07:00:00,0.0
Z46,2026-10-01T08:00:00,2.49
Z46,2026-10-01T09:00:00,0.0
Z46,2026-10-01T10:00:00,0.04
Z46,2026-10-01T11:00:00,0.0
Z46,2026-10-01T12:00:00,0.0
Z46,2026-10-01T13:00:00,0.0
Z46,2026-10-01T14:00:00,0.0
Z46,2026-10-01T15:00:00,0.0
Z46,2026-10-01T16:00:00,0.0
Z46,2026-10-01T17:00:00,0.63
Z46,2026-10-01T18:00:00,0.0
Z46,2026-10-01T19:00:00,0.24
Z46,2026-10-01T20:00:00,1.15
Z46,2026-10-01T21:00:00,0.0
Z46,2026-10-01T22:00:00,0.0
Z46,2026-10-01T23:00:00,0.0
Z46,2026-10-02T00:00:00,0.0
Z46,2026-10-02T01:00:00,0.01
Z46,2026-10-02T02:00:00,0.0
Z46,2026-10-02T03:00:00,13.67
Z46,2026-10-02T04:00:00,8.05
Z46,2026-10-02T05:00:00,10.44
Z46,2026-10-02T06:00:00,5.83
Z46,2026-10-02T07:00:00,14.35
Z46,2026-10-02T08:00:00,13.35
Z46,2026-10-02T09:00:00,6.21
Z46,2026-10-02T10:00:00,7.66
Z46,2026-10-02T11:00:00,7.57
Z46,2026-10-02T12:00:00,6.89
Z46,2026-10-02T13:00:00,13.83
Z46,2026-10-02T14:00:00,11.37
Z46,2026-10-02T15:00:00,6.24
Z46,2026-10-02T16:00:00,22.01
Z46,2026-10-02T17:00:00,0.08
Z46,2026-10-02T18:00:00,0.15
Z46,2026-10-02T19:00:00,0.0
Z46,2026-10-02T20:00:00,0.0
Z46,2026-10-02T21:00:00,1.34
Z46,2026-10-02T22:00:00,0.0
Z46,2026-10-02T23:00:00,0.0
Z46,2026-10-03T00:00:00,0.0
Z46,2026-10-03T01:00:00,0.0
Z46,2026-10-03T02:00:00,0.0
Z46,2026-10-03T03:00:00,0.0
Z46,2026-10-03T04:00:00,0.22
Z46,2026-10-03T05:00:00,0.01
Z46,2026-10-03T06:00:00,0.0
Z46,2026-10-03T07:00:00,0.04
Z46,2026-10-03T08:00:00,0.05
Z46,2026-10-03T09:00:00,0.0
Z47,2026-09-26T10:00:00,0.0
Z47,2026-09-26T11:00:00,0.0
Z47,2026-09-26T12:00:00,1.6
Z47,2026-09-26T13:00:00,2.13
Z47,2026-09-26T14:00:00,0.0
Z47,2026-09-26T15:00:00,0.43
Z47,2026-09-26T16:00:00,0.0
Z47,2026-09-26T17:00:00,1.26
Z47,2026-09-26T18:00:00,0.02
Z47,2026-09-26T19:00:00,0.0
Z47,2026-09-26T20:00:00,2.16
Z47,2026-09-26T21:00:00,0.0
Z47,2026-09-26T22:00:00,0.0
Z47,2026-09-26T23:00:00,0.0
Z47,2026-09-27T00:00:00,0.42
Z47,2026-09-27T01:00:00,0.0
Z47,2026-09-27T02:00:00,3.23
Z47,2026-09-27T03:00:00,0.0
Z47,2026-09-27T04:00:00,0.06
Z47,2026-09-27T05:00:00,0.02
Z47,2026-09-27T06:00:00,0.0
Z47,2026-09-27T07:00:00,0.56
Z47,2026-09-27T08:00:00,1.64
Z47,2026-09-27T09:00:00,0.08
Z47,2026-09-27T10:00:00,0.0
Z47,2026-09-27T11:00:00,0.02
Z47,2026-09-27T12:00:00,0.0
Z47,2026-09-27T13:00:00,0.01
Z47,2026-09-27T14:00:00,0.66
Z47,2026-09-27T15:00:00,0.0
Z47,2026-09-27T16:00:00,0.0
Z47,2026-09-27T17:00:00,0.02
Z47,2026-09-27T18:00:00,0.24
Z47,2026-09-27T19:00:00,0.0
Z47,2026-09-27T20:00:00,0.0
Z47,2026-09-27T21:00:00,0.5
Z47,2026-09-27T22:00:00,1.19
Z47,2026-09-27T23:00:00,0.0
Z47,2026-09-28T00:00:00,0.01
Z47,2026-09-28T01:00:00,0.05
Z47,2026-09-28T02:00:00,0.0
Z47,2026-09-28T03:00:00,0.58
Z47,2026-09-28T04:00:00,0.2
Z47,2026-09-28T05:00:00,0.0
Z47,2026-09-28T06:00:00,0.0
Z47,2026-09-28T07:00:00,0.2
Z47,2026-09-28T08:00:00,0.0
Z47,2026-09-28T09:00:00,0.01
Z47,2026-09-28T10:00:00,0.77
Z47,2026-09-28T11:00:00,0.64
Z47,2026-09-28T12:00:00,0.13
Z47,2026-09-28T13:00:00,0.0
Z47,2026-09-28T14:00:00,0.0
Z47,2026-09-28T15:00:00,0.0
Z47,2026-09-28T16:00:00,3.12
Z47,2026-09-28T17:00:00,0.0
Z47,2026-09-28T18:00:00,0.0
Z47,2026-09-28T19:00:00,0.01
Z47,2026-09-28T20:00:00,3.56
Z47,2026-09-28T21:00:00,0.0
Z47,2026-09-28T22:00:00,0.0
Z47,2026-09-28T23:00:00,0.0
Z47,2026-09-29T00:00:00,0.0
Z47,2026-09-29T01:00:00,0.0
Z47,2026-09-29T02:00:00,0.0
Z47,2026-09-29T03:00:00,0.0
Z47,2026-09-29T04:00:00,0.24
Z47,2026-09-29T05:00:00,0.0
Z47,2026-09-29T06:00:00,0.0
Z47,2026-09-29T07:00:00,0.0
Z47,2026-09-29T08:00:00,0.85
Z47,2026-09-29T09:00:00,0.0
Z47,2026-09-29T10:00:00,0.05
Z47,2026-09-29T11:00:00,0.0
Z47,2026-09-29T12:00:00,0.0
Z47,2026-09-29T13:00:00,0.01
Z47,2026-09-29T14:00:00,0.0
Z47,2026-09-29T15:00:00,0.0
Z47,2026-09-29T16:00:00,0.1
Z47,2026-09-29T17:00:00,0.0
Z47,2026-09-29T18:00:00,0.0
Z47,2026-09-29T19:00:00,0.0
Z47,2026-09-29T20:00:00,0.94
Z47,2026-09-29T21:00:00,0.0
Z47,2026-09-29T22:00:00,0.0
Z47,2026-09-29T23:00:00,0.0
Z47,2026-09-30T00:00:00,0.0
Z47,2026-09-30T01:00:00,0.0
Z47,2026-09-30T02:00:00,0.0
Z47,2026-09-30T03:00:00,0.0
Z47,2026-09-30T04:00:00,0.02
Z47,2026-09-30T05:00:00,0.0
Z47,2026-09-30T06:00:00,0.0
Z47,2026-09-30T07:00:00,0.49
Z47,2026-09-30T08:00:00,0.0
Z47,2026-09-30T09:00:00,0.0
Z47,2026-09-30T10:00:00,0.0
Z47,2026-09-30T11:00:00,0.0
Z47,2026-09-30T12:00:00,0.0
Z47,2026-09-30T13:00:00,2.23
Z47,2026-09-30T14:00:00,1.32
Z47,2026-09-30T15:00:00,0.01
Z47,2026-09-30T16:00:00,0.0
Z47,2026-09-30T17:00:00,0.33
Z47,2026-09-30T18:00:00,0.0
Z47,2026-09-30T19:00:00,0.0
Z47,2026-09-30T20:00:00,0.01
Z47,2026-09-30T21:00:00,0.02
Z47,2026-09-30T22:00:00,1.0
Z47,2026-09-30T23:00:00,0.0
Z47,2026-10-01T00:00:00,0.0
Z47,2026-10-01T01:00:00,0.0
Z47,2026-10-01T02:00:00,0.04
Z47,2026-10-01T03:00:00,0.0
Z47,2026-10-01T04:00:00,0.0
Z47,2026-10-01T05:00:00,0.0
Z47,2026-10-01T06:00:00,0.0
Z47,2026-10-01T07:00:00,0.0
Z47,2026-10-01T08:00:00,0.0
Z47,2026-10-01T09:00:00,0.09
Z47,2026-10-01T10:00:00,0.0
Z47,2026-10-01T11:00:00,0.0
Z47,2026-10-01T12:00:00,1.28
Z47,2026-10-01T13:00:00,0.0
Z47,2026-10-01T14:00:00,1.28
Z47,2026-10-01T15:00:00,0.0
Z47,2026-10-01T16:00:00,0.0
Z47,2026-10-01T17:00:00,0.0
Z47,2026-10-01T18:00:00,6.23
Z47,2026-10-01T19:00:00,0.0
Z47,2026-10-01T20:00:00,0.0
Z47,2026-10-01T21:00:00,0.03
Z47,2026-10-01T22:00:00,0.0
Z47,2026-10-01T23:00:00,0.0
Z47,2026-10-02T00:00:00,0.0
Z47,2026-10-02T01:00:00,0.0
Z47,2026-10-02T02:00:00,0.0
Z47,2026-10-02T03:00:00,6.44
Z47,2026-10-02T04:00:00,0.0
Z47,2026-10-02T05:00:00,0.0
Z47,2026-10-02T06:00:00,0.41
Z47,2026-10-02T07:00:00,0.17
Z47,2026-10-02T08:00:00,0.0
Z47,2026-10-02T09:00:00,0.0
Z47,2026-10-02T10:00:00,0.21
Z47,2026-10-02T11:00:00,0.02
Z47,2026-10-02T12:00:00,0.0
Z47,2026-10-02T13:00:00,0.0
Z47,2026-10-02T14:00:00,0.0
Z47,2026-10-02T15:00:00,0.0
Z47,2026-10-02T16:00:00,0.0
Z47,2026-10-02T17:00:00,0.03
Z47,2026-10-02T18:00:00,0.0
Z47,2026-10-02T19:00:00,0.0
Z47,2026-10-02T20:00:00,0.0
Z47,2026-10-02T21:00:00,0.47
Z47,2026-10-02T22:00:00,0.0
Z47,2026-10-02T23:00:00,0.59
Z47,2026-10-03T00:00:00,0.0
Z47,2026-10-03T01:00:00,0.0
Z47,2026-10-03T02:00:00,0.24
Z47,2026-10-03T03:00:00,0.03
Z47,2026-10-03T04:00:00,0.34
Z47,2026-10-03T05:00:00,0.87
Z47,2026-10-03T06:00:00,0.0
Z47,2026-10-03T07:00:00,0.0
Z47,2026-10-03T08:00:00,1.47
Z47,2026-10-03T09:00:00,0.0
Z48,2026-09-26T10:00:00,0.01
Z48,2026-09-26T11:00:00,0.29
Z48,2026-09-26T12:00:00,0.0
Z48,2026-09-26T13:00:00,0.0
Z48,2026-09-26T14:00:00,0.29
Z48,2026-09-26T15:00:00,0.0
Z48,2026-09-26T16:00:00,0.0
Z48,2026-09-26T17:00:00,0.31
Z48,2026-09-26T18:00:00,0.64
Z48,2026-09-26T19:00:00,0.16
Z48,2026-09-26T20:00:00,0.0
Z48,2026-09-26T21:00:00,0.0
Z48,2026-09-26T22:00:00,0.0
Z48,2026-09-26T23:00:00,0.0
Z48,2026-09-27T00:00:00,0.0
Z48,2026-09-27T01:00:00,0.0
Z48,2026-09-27T02:00:00,0.0
Z48,2026-09-27T03:00:00,0.9
Z48,2026-09-27T04:00:00,0.0
Z48,2026-09-27T05:00:00,2.66
Z48,2026-09-27T06:00:00,4.59
Z48,2026-09-27T07:00:00,0.0
Z48,2026-09-27T08:00:00,0.0
Z48,2026-09-27T09:00:00,0.21
Z48,2026-09-27T10:00:00,0.0
Z48,2026-09-27T11:00:00,0.0
Z48,2026-09-27T12:00:00,0.11
Z48,2026-09-27T13:00:00,1.25
Z48,2026-09-27T14:00:00,0.0
Z48,2026-09-27T15:00:00,0.49
Z48,2026-09-27T16:00:00,0.15
Z48,2026-09-27T17:00:00,0.0
Z48,2026-09-27T18:00:00,0.0
Z48,2026-09-27T19:00:00,0.12
Z48,2026-09-27T20:00:00,0.0
Z48,2026-09-27T21:00:00,3.31
Z48,2026-09-27T22:00:00,0.12
Z48,2026-09-27T23:00:00,1.28
Z48,2026-09-28T00:00:00,1.18
Z48,2026-09-28T01:00:00,1.54
Z48,2026-09-28T02:00:00,0.0
Z48,2026-09-28T03:00:00,0.0
Z48,2026-09-28T04:00:00,0.0
Z48,2026-09-28T05:00:00,0.27
Z48,2026-09-28T06:00:00,0.0
Z48,2026-09-28T07:00:00,0.0
Z48,2026-09-28T08:00:00,0.01
Z48,2026-09-28T09:00:00,0.65
Z48,2026-09-28T10:00:00,0.02
Z48,2026-09-28T11:00:00,1.02
Z48,2026-09-28T12:00:00,0.02
Z48,2026-09-28T13:00:00,0.0
Z48,2026-09-28T14:00:00,0.0
Z48,2026-09-28T15:00:00,0.0
Z48,2026-09-28T16:00:00,0.06
Z48,2026-09-28T17:00:00,0.0
Z48,2026-09-28T18:00:00,0.18
Z48,2026-09-28T19:00:00,0.24
Z48,2026-09-28T20:00:00,1.1
Z48,2026-09-28T21:00:00,0.0
Z48,2026-09-28T22:00:00,0.02
Z48,2026-09-28T23:00:00,0.0
Z48,2026-09-29T00:00:00,0.0
Z48,2026-09-29T01:00:00,0.2
Z48,2026-09-29T02:00:00,0.0
Z48,2026-09-29T03:00:00,0.15
Z48,2026-09-29T04:00:00,0.0
Z48,2026-09-29T05:00:00,0.0
Z48,2026-09-29T06:00:00,0.15
Z48,2026-09-29T07:00:00,0.0
Z48,2026-09-29T08:00:00,0.0
Z48,2026-09-29T09:00:00,0.24
Z48,2026-09-29T10:00:00,0.0
Z48,2026-09-29T11:00:00,0.0
Z48,2026-09-29T12:00:00,0.0
Z48,2026-09-29T13:00:00,0.0
Z48,2026-09-29T14:00:00,0.67
Z48,2026-09-29T15:00:00,0.9
Z48,2026-09-29T16:00:00,0.0
Z48,2026-09-29T17:00:00,0.26
Z48,2026-09-29T18:00:00,0.0
Z48,2026-09-29T19:00:00,0.0
Z48,2026-09-29T20:00:00,0.7
Z48,2026-09-29T21:00:00,0.01
Z48,2026-09-29T22:00:00,0.0
Z48,2026-09-29T23:00:00,0.0
Z48,2026-09-30T00:00:00,0.0
Z48,2026-09-30T01:00:00,0.0
Z48,2026-09-30T02:00:00,0.0
Z48,2026-09-30T03:00:00,0.0
Z48,2026-09-30T04:00:00,0.04
Z48,2026-09-30T05:00:00,0.0
Z48,2026-09-30T06:00:00,0.0
Z48,2026-09-30T07:00:00,0.0
Z48,2026-09-30T08:00:00,1.31
Z48,2026-09-30T09:00:00,0.27
Z48,2026-09-30T10:00:00,0.0
Z48,2026-09-30T11:00:00,0.0
Z48,2026-09-30T12:00:00,0.0
Z48,2026-09-30T13:00:00,0.0
Z48,2026-09-30T14:00:00,0.06
Z48,2026-09-30T15:00:00,0.05
Z48,2026-09-30T16:00:00,0.0
Z48,2026-09-30T17:00:00,0.76
Z48,2026-09-30T18:00:00,0.0
Z48,2026-09-30T19:00:00,0.0
Z48,2026-09-30T20:00:00,0.0
Z48,2026-09-30T21:00:00,0.02
Z48,2026-09-30T22:00:00,1.27
Z48,2026-09-30T23:00:00,0.21
Z48,2026-10-01T00:00:00,0.0
Z48,2026-10-01T01:00:00,0.0
Z48,2026-10-01T02:00:00,0.0
Z48,2026-10-01T03:00:00,0.02
Z48,2026-10-01T04:00:00,0.0
Z48,2026-10-01T05:00:00,1.6
Z48,2026-10-01T06:00:00,0.0
Z48,2026-10-01T07:00:00,0.11
Z48,2026-10-01T08:00:00,0.13
Z48,2026-10-01T09:00:00,0.0
Z48,2026-10-01T10:00:00,0.0
Z48,2026-10-01T11:00:00,0.0
Z48,2026-10-01T12:00:00,0.0
Z48,2026-10-01T13:00:00,1.19
Z48,2026-10-01T14:00:00,0.48
Z48,2026-10-01T15:00:00,0.0
Z48,2026-10-01T16:00:00,0.3
Z48,2026-10-01T17:00:00,0.0
Z48,2026-10-01T18:00:00,0.0
Z48,2026-10-01T19:00:00,0.09
Z48,2026-10-01T20:00:00,0.0
Z48,2026-10-01T21:00:00,0.0
Z48,2026-10-01T22:00:00,0.05
Z48,2026-10-01T23:00:00,0.0
Z48,2026-10-02T00:00:00,0.02
Z48,2026-10-02T01:00:00,0.0
Z48,2026-10-02T02:00:00,0.0
Z48,2026-10-02T03:00:00,0.0
Z48,2026-10-02T04:00:00,0.0
Z48,2026-10-02T05:00:00,0.01
Z48,2026-10-02T06:00:00,0.0
Z48,2026-10-02T07:00:00,0.0
Z48,2026-10-02T08:00:00,0.0
Z48,2026-10-02T09:00:00,0.0
Z48,2026-10-02T10:00:00,27.09
Z48,2026-10-02T11:00:00,15.71
Z48,2026-10-02T12:00:00,25.05
Z48,2026-10-02T13:00:00,16.05
Z48,2026-10-02T14:00:00,10.04
Z48,2026-10-02T15:00:00,9.63
Z48,2026-10-02T16:00:00,16.25
Z48,2026-10-02T17:00:00,11.29
Z48,2026-10-02T18:00:00,13.27
Z48,2026-10-02T19:00:00,12.57
Z48,2026-10-02T20:00:00,13.9
Z48,2026-10-02T21:00:00,14.29
Z48,2026-10-02T22:00:00,26.99
Z48,2026-10-02T23:00:00,23.27
Z48,2026-10-03T00:00:00,0.13
Z48,2026-10-03T01:00:00,0.0
Z48,2026-10-03T02:00:00,0.0
Z48,2026-10-03T03:00:00,0.12
Z48,2026-10-03T04:00:00,0.0
Z48,2026-10-03T05:00:00,0.67
Z48,2026-10-03T06:00:00,0.0
Z48,2026-10-03T07:00:00,0.0
Z48,2026-10-03T08:00:00,0.1
Z48,2026-10-03T09:00:00,0.07
