lat,lon,elevation,slope,aspect,curvature,ruggedness,soil_code,geology_code,ndvi,dist_road_km,ls_density,occurrence
26.601967057346606,91.35270985838834,391.94977845171354,24.53675761156861,351.22404658923216,0.12784040316728537,0.44329876337983487,2,0,0.4464520930367556,0.14087261359561642,0.10890236280239596,0
25.912485136427524,93.8479504862604,1819.2128397490878,21.031672420512038,22.974212197503117,0.8784503013072725,0.4131445617623028,0,3,0.47743268200729055,3.675940528288925,0.12270858632142592,0
26.62543253449094,89.76515160103779,578.2974254093983,21.802775257423818,245.89762316728365,2.1416476008704612,0.37509325269078403,1,1,0.453520908915382,0.9221766725149424,0.06415567371905141,0
23.188583978278,91.59208202046857,1455.1709485042252,9.205036889103042,299.7641505808215,-1.1711951703625372,0.26557387802784005,3,3,0.6417890381520095,2.244079302914855,0.02800491202364232,0
26.117226171067372,89.40839114346052,2539.4655702566292,23.6163985001037,239.34630837313156,-1.4571558198556664,0.4243772875484788,2,1,0.4850019873161984,0.7226844458698258,0.012963360322360132,0
26.0425356974895,91.56212533993036,2067.6267920018317,4.526845657153825,199.2885842368785,0.711226579792855,0.20953899842306528,2,0,0.5167766773203779,1.2427661749858863,0.1507961375109591,0
27.02303628832128,90.02060665812472,1010.1406490767192,8.57625236855974,238.28994530168222,-0.42725264633653426,0.1953060010327019,3,2,0.5443176228503571,0.2688345016773767,0.01424808327402921,1
22.62037398760946,89.08531109504167,599.9425150041656,6.9105634263687135,180.37611903721088,0.48074665890590895,0.2051909449318659,1,1,0.5822726127883038,0.4011836287448722,0.05310196092685465,0
24.41760683593297,89.06972447555465,2916.6001411935817,6.224401744475609,251.89456817186985,-0.3781625540393897,0.319372279557422,1,3,0.7327528023240756,2.135698512001933,0.038021888615494735,0
23.010872099413547,94.36691557753497,1048.4655348670226,25.726285778559756,208.51904481908255,-0.5941499556967944,0.2976170374129269,0,3,0.5046913123685155,2.342493980775386,0.017094993045862605,0
25.5957192352375,92.72400291010634,229.0039389718667,7.921005047849147,177.83669492802682,0.8351112459145785,0.21195075982940934,2,0,0.38602265022188686,1.6155983190675822,0.14880727897906235,0
25.579624040412092,90.75465372947644,3071.5335610484804,23.06488492441276,173.62923729944407,0.3135138474501953,0.5870166836724123,1,1,1.0,3.227889874885389,0.04630755520823069,0
25.009493825601854,90.23534181009731,1460.6255269456447,9.283472349923548,7.780348756918953,1.0659802307876436,0.20922673211527265,2,0,0.4135823244913539,0.33617299225550856,0.2784647608936616,0
23.990539054346744,92.78624712549737,433.99693246327934,40.32522319915285,329.7642642495388,-1.1849437664170246,0.6617369496482013,0,2,0.9831245518383296,3.799510763331127,0.03583204003610748,0
24.18083613196039,94.69384606795334,893.4917807595685,20.07587108165707,336.9756852176268,0.44607220148208054,0.3332698995820244,1,1,0.3699712366224685,1.903661816521551,0.14174534661483917,0
27.22120020165618,94.30740315803611,2493.238539544063,18.96708362401466,238.19805474039399,1.1062887100598888,0.4436551382495352,2,2,0.6329821986999431,4.880933174224186,0.10444733859758099,1
23.150617041780876,93.9022323688119,1958.0866537146148,14.304745117437827,314.84233470148723,1.405381825144631,0.15188584950538261,3,3,0.5289710778852739,2.1776723531455002,0.019770508939601878,0
22.57386232485347,89.99276419499256,477.6807643484465,16.9040596030526,182.27877538342787,-0.8432302702928711,0.15525923299750777,1,0,0.5398577806738538,1.5273387440243944,0.17300200420527728,0
23.19460608325376,89.30439972372724,1032.9409445209133,21.279598990375383,175.890256326552,0.5381154370039261,0.6262016959239192,2,1,0.47473032989927344,0.06887364689094967,0.15049398538863012,0
25.860068091909753,89.1883331243799,3095.3189276438634,16.903092801634692,214.5753191643742,-0.8532433505588201,0.2949543518003174,1,1,0.4936727374865724,0.12079196545117699,0.0037184975627439242,1
26.8959716588785,93.67931107411356,1978.649044170034,2.8353185064148043,312.386023359364,2.2110419605921727,0.0,0,1,0.802294931542676,2.753530491986417,0.21408836436965825,0
24.90565347500439,90.11095715918383,2631.3631666141223,6.410420318658276,37.900108747484985,-1.1715666288253417,0.07297106285496094,1,0,0.9111655759930066,0.9757600163559004,0.011338919217881528,0
27.381143504183488,89.5759561977793,458.0191973626004,12.590182212939393,7.613285881118412,-0.2663874900089551,0.28662912770272625,3,0,0.684876934058125,0.7105094718765531,0.06926325182679285,0
24.185352813845864,91.7794205406445,234.77269223965502,16.000826894291592,65.33942745474867,2.8140838632647833,0.633991784225421,2,2,0.6694523794601701,0.08299421181661466,0.03588947545220173,0
25.275890628203477,89.16086736887415,2967.0097939559923,30.738395345487532,35.68073096875518,0.9274384815581808,0.6829309576419051,0,3,0.5151255346590091,2.7634523845635965,0.17276116298428026,0
26.628680679264086,89.37458935468545,2758.4736467799285,13.655944037804996,166.6077716136657,-0.23685026450968424,0.299595743961967,0,1,0.5330553753621678,0.836165632430089,0.04227281643231367,0
23.73262068480303,90.88882676574833,1276.3386471534798,26.043866353614995,246.86760436414033,-0.33445617235587666,0.7158840162771437,2,3,0.9118160889737899,1.2802230445415057,0.06002810550498719,0
26.99737059050021,92.74181771364066,2062.044650729624,25.560968942428307,103.73602110568622,0.989583934594853,0.33447383538133635,2,2,0.5656828096490712,2.2267275671626443,0.009642762351956186,1
26.346292829838564,89.04920592235288,3072.5287623181493,5.0111537105530255,288.3183033906348,1.5112284332767216,0.1958531458457149,3,3,0.4175308740407282,1.4800254909042105,0.27406027077736583,0
23.003760747091327,92.50507705015679,1874.534593504934,10.421912763723729,167.75465507324185,0.3043667290302598,0.21924329125936126,3,3,0.8909177426972172,3.148631880547537,0.06721757113822592,0
23.13458801905595,89.26117317835072,1397.6857324501764,35.25567885051923,278.7557098110636,0.8137636899662105,0.8653843104087404,2,3,0.6421921606857652,1.031983927459212,0.049216069209396335,0
24.166531895082592,89.5244757160625,1457.502515316135,20.058128060649395,137.99513619986755,1.4814555476589732,0.2896243268911033,3,3,0.6364151145296149,0.9721668679522925,0.06622424798857837,1
27.729147188098906,93.16544153402369,2736.654405491426,25.746622750030483,229.34659823683472,-2.003522292066514,0.7555706092281809,0,2,0.6194184799817459,1.097332249118571,0.1347937174357002,0
24.065402834323677,91.48056253169058,2947.169876098218,9.412236593899149,281.2658527553457,-1.4127658838923665,0.0,0,3,0.5150803139450996,2.8379406119720407,0.001757280429231532,0
27.795255071513466,92.82695078469249,2880.803536579538,17.393064782140222,10.439821153608992,-0.7046732628698824,0.32091958356808564,3,3,0.7476951255751354,7.771828253954764,0.21781880952563093,0
22.69166236562189,88.53529392183655,2584.593613664187,25.58147238943767,85.87901542585985,-2.3336161198483047,0.4098897817654769,2,3,0.5487208680511365,4.434008541126494,0.2250796953727151,1
26.94129515887353,88.76098344705593,1664.0460695982583,9.583037864494113,268.267726198384,0.09212665843410921,0.06605102371576294,1,0,0.33350342773829705,0.5748612692356887,0.1484540619921027,0
26.262494895590912,94.87133110184143,2010.5578067753518,5.91895966312238,15.246198568860155,-0.1310866506877266,0.0,1,0,0.49109987169442837,1.4589445698878896,0.1391113871529135,0
24.930371405029994,93.59652616421916,549.903789461654,14.216496253954858,340.5688032809142,-0.3427861508643793,0.0628012525522374,2,2,0.5403321290224942,2.2923662647928214,0.0073683340085183395,1
25.194269513768795,91.12622353981497,515.6932906055725,43.7394503951038,100.10719648125266,1.0762401574663856,0.747939852986974,3,2,0.5953446873683058,2.3451485443219644,0.10904591864915836,1
23.653431191493898,92.32399061465856,1397.0401368862672,7.359160819879534,170.6877630324613,1.1059933699072981,0.0028695489463466117,1,2,0.5267259174569414,3.0795308514173376,0.010773471950560463,0
24.17593500466743,93.6183094429087,2040.638690917277,28.850983740394952,129.83664040209155,0.2230797426252751,0.792001850798825,2,3,0.7045398771593634,0.8595170835508206,0.07148215656743104,0
26.739313177048334,90.54392949633731,459.155845439332,9.02287867112134,25.94129294625973,1.08528700444591,0.2354372845080113,0,1,0.6817138042755653,0.7468501978199599,0.06119077397458649,0
26.436270603642953,88.59543848314046,1254.0108768937994,3.3470435709985416,55.30064366182853,-0.7194802332847904,0.0,2,1,0.5021708085721257,0.8615241920355583,0.1925767715555381,1
26.238653737065267,91.02097101856373,748.0787416669485,16.99460169511854,189.031789068214,0.668326018107997,0.23663619156775687,1,3,0.8932086505723185,2.829758324945267,0.05962522232483364,0
27.748704820929245,89.42037327569703,348.1527793031736,34.07249061133544,271.91886220610803,0.2582288233226952,0.9161575154771944,3,0,0.43059802273350745,2.7439391992496533,0.004766117127769696,1
23.734117110201645,90.39838564704444,1629.1989251370665,11.280407600446894,30.28152044047753,-1.686468151234102,0.101673732054345,3,2,0.567739207419044,4.947709973667177,0.05929012270759181,0
22.807974953123672,90.88295450206198,2717.8845071902783,23.973016662943312,173.7261030914258,0.2964180008086595,0.7847213286685264,1,2,0.5447250206997761,2.6101680992392744,0.19466535811873897,1
24.30513121663508,91.74231023045465,1335.512770774776,11.475558882286586,330.2415621186034,0.051142058552161786,0.1146808860312748,0,1,0.7330942810141705,0.10716622070577153,0.4155219240630377,0
24.87549883976142,90.49897797073511,961.8685304625229,5.592193708109457,253.09204765160132,0.189843392837443,0.0,3,2,0.8246309973106977,1.4140149679296432,0.10224532589532219,0
26.319688517607265,94.76087295307097,453.7226206692753,13.29072793684917,263.66886107776355,-1.176614719429302,0.1401950481242045,3,2,0.8900009067299317,8.402866828470032,0.07940397619212047,0
26.388893536420955,93.37489299657925,226.93557688573125,12.195549602262226,279.8435259105043,-0.520588412855411,0.3658011852082912,3,1,0.2805068292644169,0.9583585262983139,0.06341966252617345,0
22.94954214325271,92.11050111589546,2650.007580914038,10.537917332442003,13.30946179242272,-1.6855973173848082,0.2914635126380777,1,0,0.6423497000858874,1.2172707026445266,0.1575556889763214,1
27.086919704695013,93.30630454509732,827.0589663680256,24.06255471637604,223.8831984150885,-0.44065242156974244,0.48606724542316104,3,2,0.48846013185684956,0.19462009080256654,0.26001332124340487,0
27.246864871333592,92.86548325756308,1178.8974125694945,7.816685691257819,307.2040816118614,-0.40526926544933184,0.0,1,1,0.5484798690286795,2.7875306694762543,0.10629827466920719,0
22.949501433549546,90.72252510054679,3196.104447206971,5.37021166178112,106.69034052401938,-0.33732516206850605,0.0861037510744942,0,2,0.2884791110087007,0.8208859230259363,0.06504214139428231,1
25.133657959490854,89.3733849365349,726.1350168352228,38.53699093645824,6.360761159968393,-0.8690472478647824,0.7973492359247059,3,1,0.5417174932284119,3.10930852876799,0.05173965972349204,1
25.366540175808243,90.34951568822686,1108.562464601699,15.213845602640538,327.2633331922615,-0.5227186961696804,0.0,0,2,0.6490265559493631,1.4664984762592541,0.01795981239684456,0
24.209209439993927,89.51037016654224,2555.1207179382595,52.53881974729051,282.17667937525687,0.816775867200791,1.1445391751330332,3,3,0.5061618746452887,1.5476748430155483,0.511424098785985,0
26.674226132015498,89.70366574219818,2124.058592348395,25.066276128590896,343.92579414761195,0.3140772238697992,0.46446129756988275,0,0,0.1946800876885716,0.13705251655608447,0.010617975414156931,0
23.804153040976175,88.92594782046949,1068.9668419886102,8.604058307805241,18.34577372695898,-1.0308137202711538,0.16353798497407548,3,0,0.4243274130993171,0.962106384592626,0.009803101949326702,0
24.588866619043916,91.20796261494947,2774.570147596722,15.866661417899099,0.44390250428692823,-0.21069001436315682,0.1349495897423624,0,1,0.7234348263494391,3.654804448307603,0.06259158847687486,0
23.879847280100826,90.59618786629025,2218.10090874232,2.442487201545272,82.1710351668314,0.2825869829192965,0.16394733010008947,1,0,0.39848354245130524,1.3822530709288054,0.014291854913393643,0
22.751082306029055,89.39833491565045,683.7981219151907,18.882896953721072,11.262064644592037,-1.6198719943917699,0.04056765577329313,1,0,0.8137905167871485,5.0370136180063465,0.4996501216169816,0
22.525129382432933,94.04690148572539,2496.1059032193803,40.86590665452803,307.97695504461086,0.011451291670654416,0.7724284275077722,2,1,0.9687760171553916,0.9775365150266673,0.20067992430866122,1
24.187515324490835,93.69488789456969,1383.480890746633,20.739531566380478,114.3488283708822,0.6369062833722101,0.46590934252792543,2,1,0.6150517939339003,0.500591480326331,0.330664526461572,0
26.252883549123016,93.30077251197298,1940.8746988881876,33.354270974444496,45.36948302878555,0.20279727689777938,0.5030647139195925,0,0,0.610869467116395,2.861194051612211,0.0005967154349131702,1
22.58787295005705,94.95504978254829,2881.6368192376904,26.4580035266124,316.9369080459692,-0.20291398479554773,0.36679599092400494,0,1,0.46570231380254756,2.8686660092327285,0.010505068019238147,0
26.017191547299866,93.93559364947691,816.969673029242,14.8277927068768,314.5998592453685,0.0389132069014598,0.16979905494216332,0,2,0.6620288828550643,2.349660616080097,0.029118943094502206,0
25.50477031519275,93.4297445417009,1695.2074608451458,6.643310632316345,4.489156058836765,-0.5778941080776558,0.17079893489181172,1,1,0.48694810492943263,2.246227538305662,0.06402145054024182,0
26.117682470508868,89.47093201639298,718.5801779884201,7.231208489262504,309.23382980077696,0.31818948767457844,0.0,1,1,0.2648678724163479,3.091146325749103,0.007200435324713813,0
25.240203280301976,93.32115666837828,2902.317201721924,36.69314292392599,311.60611415557014,-0.8943460460775288,0.6849235577250639,0,0,0.9307296015877536,0.11334938991823798,0.19940324107357865,1
24.498866805885108,93.17553146899036,1089.3107146589646,15.10316241766012,219.14680640336883,0.8512855748447891,0.19597356886048284,0,2,0.5348701433248185,3.4523084501979984,0.022056953727511375,0
24.49919170927992,91.06169538685528,2222.1424275203995,16.13741817512941,122.21199151520497,0.6665726686095336,0.17544545052804314,0,0,0.5894859761054372,3.3853716915545795,0.21406711778523208,0
23.57106693872103,89.70747987666206,904.263503549056,12.334817495521559,16.2623221161935,-1.0078929496235447,0.3553387515288654,0,2,0.25944967440385613,1.2544533874759827,0.09317931108921264,0
24.062301932745076,93.47122309194702,3152.1626855773375,15.727392093075085,353.6520059176317,-1.1719715929007948,0.15054926317839432,1,0,0.8240905281563602,0.7356710920585889,0.009108379761432356,0
26.982723876351358,92.5089151640025,885.0919706406117,11.13390954195236,57.7123289936129,1.0493396105434072,0.12127559498684189,2,2,0.6861975969336831,1.7644673627437644,0.07665735040215874,1
26.528079350243384,93.52029441988469,474.0315460754278,37.152337855874755,322.60394967250693,-1.2770164449702281,0.7535346942667189,0,3,0.46468394739356994,1.4989151704938137,0.008545468313185117,1
23.79987255702301,93.11659380868392,1151.898651783339,30.23190683670037,191.1061419436132,1.3634287120856987,0.32251837253789883,1,0,0.44393905386178323,5.099478331059789,0.2041063375534503,0
25.243606062824963,91.68895145082716,1447.14556256284,14.39403674256209,47.431739841144285,0.006016680436071459,0.3551293447472157,0,1,0.8965309195685993,0.3317357478947877,0.059775595450652225,1
23.60090144276316,90.1456999398229,2942.230063650507,27.094338769790085,115.75187693363942,0.49076670899381886,0.7219327141346998,3,1,0.5359743031972137,0.039259703023343334,0.15661614683185762,1
24.98442427417395,89.49370129382119,255.3307380604947,21.149699857509447,123.26532365182632,-0.48403013157267616,0.7594320440106367,0,3,0.673446511838628,1.4500867753311324,0.1543041419280274,1
24.821344895477974,92.65358872021707,970.7787964888809,15.653617571600806,22.342718354455883,0.9243577571874341,0.31826413255980446,1,0,0.5808872524879363,0.8810293004855357,0.28899510674112444,0
24.19152942142277,93.22017083449536,1959.0556058195702,29.447681412131036,170.20223019323936,0.4633698060326869,0.3593463396541148,2,0,0.7324049566371073,4.586437266116835,0.007962079871260616,0
24.88305324864021,94.30116998296762,1037.6888715275772,13.214330116768721,341.11281587975725,1.794370054600359,0.46150778306126017,1,1,0.6634896293447418,0.30615447809763896,0.15954774485315643,1
27.307557532620397,91.22545642153077,1365.2856715161404,15.426151578636452,158.41803896407887,0.002993291199955732,0.3595545281029797,1,2,0.5325285366784303,4.582473205344181,0.006831941379507204,0
24.230698266160434,89.78576400718478,864.7091694010567,11.578127673660042,240.42569718527508,0.05217331865753347,0.19048497764126526,3,0,0.7115463537868462,1.339549616781302,0.16136738642876744,0
23.573368761998186,92.02351372717968,2038.9822864332025,2.734766491527319,115.37681820408582,1.1876343927211208,0.08511158706840147,1,2,0.6873290002582328,0.734364938046752,0.2095260619836372,0
25.734205455496202,91.38562876157384,1098.8685888511086,25.263411030960448,196.03742473488225,0.6985663453715051,0.5205571037251076,3,1,0.44534291665639736,4.47062977013432,0.1005997668594923,1
26.96961129453849,94.85832879996966,2464.029285084186,6.656681654047554,173.01874713923036,-1.3773156555203674,0.35393581805447105,2,2,0.6740109452428733,1.6783571402569535,0.16012054551768895,0
24.67290665759273,89.92256795716511,619.868511001121,11.931303025344715,2.7025318079999527,-1.0719625522902192,0.30687961855902224,0,3,0.5860758876322463,2.110276573437214,0.04660805154072182,0
24.567331727829604,94.99096184757745,1410.6810308950598,8.618827311081708,223.08066934915013,-0.5865850850709007,0.3876715697184501,2,0,0.5727754235856524,2.88700510573941,0.07277189479337774,1
27.189700015383714,92.81244617198907,646.7047780250351,5.838899600525092,152.45834208467537,-0.5960888996561666,0.11805383601897489,1,2,0.6324655097447517,3.7693226723410205,0.004725568871166533,0
26.357569484534206,94.84831650840783,1416.8084669279133,31.51429330277708,18.510895640494567,0.5196605733465026,0.4656852148734851,1,3,0.35595348519722025,2.369188458307804,0.11203980723986094,1
24.20419211587677,93.36733506783585,2868.3961605625395,13.483030818091285,51.80713058828098,0.07898871634000969,0.43971268817533093,1,0,0.6633662049245264,0.3332582614488878,0.001234579774531307,1
22.50274934407824,91.33605828801271,2121.998580044152,13.79879973179304,296.3258342698271,-0.09844600230787963,0.23939157810926015,0,3,0.43904267664369406,1.4445262418610934,0.18616799155816144,0
22.991607210349823,91.0641298666019,2432.2196347440135,32.23537278014388,181.504297580693,0.0037962516214591325,0.9025267060603565,1,1,0.23972176600103778,0.5538541109944263,0.13518694219836816,0
23.130224844579992,89.05888527572114,2651.6336307013894,12.52274391232389,143.46238445071646,0.9626575724868413,0.2913516677612971,3,2,0.7256070310200008,1.342361498554402,0.1047289696189831,0
27.67065692289052,94.17358323203216,2133.8290251946964,5.741504600601973,104.07008938974901,-1.5073256477730475,0.0,2,2,1.0,4.9635512401876145,0.006609410058704624,0
22.762133426873884,92.4101299409641,1397.833870675885,3.640714414234207,272.8477147438298,-1.6002058490434774,0.0,0,1,0.6659177276011087,2.12560491362527,0.028888197846914456,0
25.48970422635028,92.89824048631264,758.0591304063031,23.036226431287588,322.0241391787612,0.3653637420637676,0.5526693356969417,3,3,0.8757202003081894,1.006228498917893,0.34139754662768096,0
22.815279468571703,89.89865878508667,2206.533728547769,43.9211476887256,77.07322416121927,-1.0582810508376372,0.6800417837807601,0,1,0.6756408077054255,1.132305670982134,0.1143277102267336,1
24.19810517906573,90.84493146236865,920.9022496968969,8.837093467780566,219.77462424304386,-0.4890774681189237,0.148848367777704,0,3,0.12269249971454366,0.16929409648817423,0.05975624722698889,0
25.783717058444655,89.29279826736254,2641.4074605378746,32.80940087459171,189.38178967896752,0.7825588257151592,0.521053468196148,0,1,0.7311685621333822,4.186503524051353,0.10001372064924881,1
26.772812116857043,89.60721775878038,1630.383436439002,7.327771146941883,349.5185022764656,0.08650554192146179,0.1956069032572349,3,2,0.6047853614386978,1.12164434220679,0.034248709645321396,0
23.047402439267362,94.12993994115163,1366.8750698368099,8.057946020455919,155.34684132744766,0.06798662605108885,0.09933651364057325,3,3,0.5691183881610573,0.5973466916227789,0.1401125914782134,0
25.51005142127101,91.50181642442337,1094.218194751636,19.144816725390736,124.46309007454774,-0.03853826184341251,0.6438435407974665,1,0,0.7798805398454081,0.7724709041741888,0.038029847192036004,0
25.482163776046743,93.41100702607727,2975.265064837654,14.894817031590387,215.06203046658266,0.5935546949055667,0.5284411887194544,2,3,0.5325099558271557,0.3510058188585013,4.842279774812031e-05,1
22.70427259641421,92.9227222368545,2404.7258797893946,19.834599003715475,306.77232134490544,-2.0141025948652898,0.5160677783572756,1,0,0.6450803340469369,0.5715465523205868,0.05541788184925759,0
24.47722111405768,92.17300641909958,2502.214500482117,17.72104350767015,178.77257238466137,0.2576404209211606,0.48124333642568107,0,3,0.4809449593847731,2.2070898700564747,0.2461680066953715,0
27.15418135067435,90.9340155869181,3144.6473185853174,24.581135729331052,218.59611497786597,1.2329019341026966,0.07492357247733517,0,1,0.38759985987589335,1.954288755202167,0.18349676492538447,0
24.007304813239067,90.47467801966464,1713.4180756784058,41.57723840674882,166.92325728534038,1.190413563293744,0.7174684409242716,2,2,0.5959953969271421,1.857000854592441,0.003894373142154104,0
24.9471541450779,91.89463081088542,684.2703393381344,4.935365796113244,123.89078810280529,-1.074766013817714,0.2301888565344929,0,1,0.6741548847828157,3.9684853876659956,0.013688783985204858,0
25.95384818005547,94.16415906381789,1436.3367086776086,13.995246482887032,12.923598962649208,-0.5267153919462082,0.1250453767245135,1,3,0.6588318246698441,1.9554226934643724,0.037101935912767135,0
27.285842513052526,88.79324584711031,464.2635849830647,22.16561857601409,21.53676143422771,1.9129548077317522,0.5132390208498784,2,2,0.5087210495229164,4.238302751836648,0.09299545988512618,0
24.85858509072616,88.91026160957516,687.0268241858469,4.31758956252588,102.9770286625423,-1.1269879102008638,0.28564645127793303,2,3,0.7727262946350132,4.290807088748189,0.24966330564243666,0
23.172756860991875,93.6726256735853,2886.6568865935924,22.090241492390238,349.8493747128161,1.2260339099106798,0.011746586780393253,1,1,0.5703628150420887,1.128247177797869,0.10698365427435555,0
22.975692146831335,89.00333455419285,2985.1219144883235,19.52755431448755,220.39956309382288,-0.542557820111825,0.4598829596413447,3,0,0.9352171610510784,0.7471788025307602,0.0389467733233927,0
27.461737737693042,94.85175274444332,576.1656808670514,30.608175610065892,22.79825233292091,-0.5806514027455847,0.7163641039455791,1,3,0.7173146654525472,1.7343147941212698,0.056068753211040136,0
26.743093189571407,92.5156279052863,1178.492404845436,5.0297478175781745,32.60846107275817,2.2292736105559734,0.2499184987933612,2,3,0.6050439936646578,6.385610762250543,0.11581747837498657,0
23.468886483284177,90.58477177319743,1447.755215108043,17.843070104073735,82.31241695836127,0.6546595284477861,0.4686862380602221,2,3,0.43278194991649566,0.14278685558515725,0.23113207154339516,1
25.253612869981378,91.80325394605859,1607.4698992788037,12.064605781133054,172.06076906633916,-0.664626000063131,0.2953808672711873,2,2,0.8589669868246615,5.527360429734693,0.004937384217213469,0
27.701351636640908,91.54853301358237,287.0255375800874,13.180326791966024,295.9968765937705,-0.10522413425087113,0.20431991408879974,3,1,0.5794422194799893,3.564097537115248,0.12302070254719116,0
24.34267026463029,92.8064423633803,1249.8281967791745,27.41114896820173,153.02943630508722,0.9885532424653152,0.554261454664104,0,2,0.3551534940679211,0.3677713400943438,0.18390915818964174,1
23.19512239667896,89.7907938129535,2873.5324492902264,15.868912308234979,98.13113906972102,2.0959987502254394,0.09880755922676612,3,0,0.9070534824980215,0.18908978064869558,0.06624894017454708,0
27.178975499980616,93.44354914774414,1208.8161577305202,24.892325861040916,172.22577339120406,0.3283679728315381,0.5246576617137674,0,1,0.5959166504413835,2.6151463479771784,0.10580302989774562,0
22.870637646827365,91.62730016146047,2626.7265982781378,19.375729847090685,161.36662794141853,-0.5662949155810063,0.2938240857095369,1,1,0.6594521902109866,0.5565764193092002,0.022869947613583214,0
23.776913716995853,93.38657461000008,505.7600256365347,44.63629556000305,157.97581264870152,0.8956052433143455,0.5931059072665821,3,0,0.6378524323955064,1.4659193923709475,0.09089811345653688,1
25.907891643706414,94.1366197979436,2858.316346273593,6.5143263547613515,327.09896876003114,-0.42446270978189776,0.29211838294968784,3,0,0.5693300837959,6.1829726398067635,0.13507701405913858,0
24.659020655673753,92.19308778339386,436.83702011301347,27.67176437870411,81.06395979799636,0.7492229272008546,0.3003331334120795,3,3,0.8729463564105604,2.841139698007107,0.09764870107545631,0
24.628806660249694,90.24255318133358,1168.386748186015,33.42835075197967,200.52064147732207,0.5511917287016942,0.7278933809939697,0,0,0.4696183465065238,7.354020612839721,0.03175198415048768,1
26.920840727611175,92.92864157248299,2617.163424682689,9.870214051100257,95.29621582303345,-0.3920397958707315,0.21839292782787215,1,2,0.3935702252098606,1.0458757985973892,0.025942012069440246,0
27.611950096537768,90.21988443475003,884.407724782019,24.267570837213448,279.2847911173526,0.3415086855368029,0.4834106015287308,2,3,0.3727699262057102,0.014819980399890223,0.11053692215464471,1
27.768612193997605,88.75118801387475,2610.816282979099,30.715371266480833,32.05512182701916,-0.11936619927687682,0.371170397583394,0,1,0.7696978442205495,1.851440495089106,0.06105453419197535,1
25.040910496471223,94.10179371580409,3147.260231761312,14.356469555697787,148.26363850835054,0.32084964632460716,0.3229195097532223,0,0,0.40783312157192053,3.559525314361348,0.029570088144099345,1
24.981626450175995,89.8036560635901,997.2320932750014,13.13053888632966,286.5817611453135,-0.21768469343465674,0.2050406388704314,2,1,0.5545726575027929,0.7057292591595002,0.0028718755881009415,0
27.502131350949668,91.11331068802095,602.0188677738566,19.389258664005624,230.1301225282212,0.7618547740424635,0.5641111597564294,1,3,0.803769411914552,1.5936362800692876,0.010705521263523782,0
22.767840739845305,94.13825300663679,2455.8973394722634,6.776871048265902,46.18557306400326,0.2830685880099896,0.29821469510481297,0,2,0.7752874329091156,1.6842787946910514,0.03448544252000869,0
26.447285917428797,93.83328863508093,838.8494410223864,2.0879254868166908,181.03497731292717,-0.11916883732792043,0.21718923183041638,3,1,0.4750550589937802,2.740725378801466,0.007595010220491647,0
26.403573053820008,92.9068170415428,2565.2200016063994,13.793322620844547,345.82546282637975,0.7517964658354561,0.29515969129058084,0,3,0.4019756003296249,0.8492025697445774,0.09580954737584887,0
27.72913235837512,89.10975085605021,980.5590626321979,18.29627531678665,283.6054262299942,-0.08932040270073452,0.12621765004422597,1,3,0.6810037212159298,6.573201544211647,0.0541839969733569,0
25.71372305314234,92.7801249945564,782.489462572129,9.888653409745077,256.29041181188836,-0.5378113463571395,0.38203619003692424,1,0,0.7152384586791766,2.2607847941973525,0.0031325510494526736,0
24.601112047433503,94.64346386986003,898.5991101643131,11.3111704187279,311.97917957532206,-0.5318774939427574,0.03886441277285008,2,2,0.516161730325546,0.6149457277977313,0.036275839846482714,0
22.6440653075372,94.73034941084045,2406.383640354472,11.636217954515379,191.38065073035818,1.9029074622741677,0.16470861433501865,0,2,0.7844859047625719,1.3803355783088678,0.32699078378836677,0
24.352687140695778,92.26096042928141,2898.967331653879,14.916597509941983,331.88310233971214,-0.5284261311155256,0.3892756236151459,1,0,0.7885167514932765,0.5623769830956467,0.004986771594142374,1
27.74606226678583,88.98137494189898,1898.7446719031236,16.975499526192447,278.7901936449597,0.03752323233959842,0.3258793510799545,1,2,0.5614124802530794,7.58806225568026,0.16908184490631528,0
24.334138261395093,91.53974094092638,908.1817221414284,14.213678602873866,55.27135668133709,1.477393664974669,0.3602610451860154,2,1,0.7208210420904657,3.751826052930744,0.029741451045496914,0
26.55462934744363,90.4998255314637,2920.369530473025,26.439408264347637,106.20691513646234,-0.5656387483550389,0.6936668986191247,1,2,0.9077899117221728,1.5409905717549066,0.1386045373102481,0
23.21592289875288,93.00801305231367,329.61871348998966,9.526405446611292,160.86198326909494,-0.14428437852025486,0.008020346174264809,3,0,0.4348043632648474,5.302605617262193,0.06374503687411656,0
26.897674523662033,92.04768885730651,1647.5020988088925,16.716049812160676,223.09898017667047,0.29691587073611253,0.1323006139262787,3,2,0.39814241171689413,0.5918037979841034,0.002447915646348894,0
25.233143424166453,91.63034532983929,1551.793657552426,8.169320538835914,346.3919958724927,-1.5920130022414554,0.2086192567986539,1,0,0.30149959819519584,0.002761901692407599,0.07269213800746753,1
26.576985680880576,93.26753187819894,578.2776887817756,13.016280164146682,338.787462515291,-0.4430121532414673,0.254369660930887,0,1,0.5452031826857999,1.9159288486053143,0.21997346736488432,1
23.722599364237645,94.38764704394269,2734.1635933438038,15.994483431624925,359.57829994372975,-1.9738338698589637,0.36096024543102645,1,1,0.6306318497745478,4.299841329946403,0.17836728315321146,0
25.88684421440277,94.08980853406044,1738.479359721604,24.782335072397743,299.8213396781444,0.6737943936677578,0.6247261576421717,0,3,0.4423002136389676,1.1848342903043243,0.25989871358651,1
23.92639165383087,90.58552548143672,1667.0587400069076,20.415906017181932,229.2013007698702,-0.25870590168573016,0.6300599607010475,3,1,0.4942822627025198,0.6897265692710132,0.008106018626446736,0
27.007760658283196,91.40083520077287,1817.3414900322643,3.1876525839744883,7.616164112385655,0.661378189891708,0.0,1,2,0.54611917660469,0.38262932484160245,0.009666365813060008,0
25.583154679181188,88.64120246207658,1980.3556391058323,28.56008904601336,160.08769008386844,-1.0846106224362382,0.783078741414418,1,3,0.6521793856653121,0.042640689435445474,0.03799424610062796,1
27.29069220061604,92.07170848320038,2145.957357135054,18.420869199572188,260.9340560088743,-1.194365480724459,0.20874647207251792,3,1,0.7313691820227953,1.9295341075406924,0.0407096897492483,0
23.68940423117584,88.7987611207109,157.1571889131008,34.36989325721072,158.1042647541365,0.2667361679766415,0.5278639057290068,2,3,0.3189834740060015,3.9213555884791322,0.030022337378369013,0
25.017618953223113,92.42213872366946,793.1299947157454,2.808405751820775,163.76198462374998,0.45301875631217164,0.0,0,3,0.5001769669847195,0.1729759006473331,0.03167022212269451,0
22.594663083628458,94.51225607259515,2465.359820007919,7.107953014920483,349.2725661251436,0.43545833595741784,0.025094042101741987,0,2,0.6993345788756326,1.5962819636707357,0.01889565656486486,0
25.758104744197933,91.21214846408147,2393.287082355066,28.295690733831087,27.006230646555238,1.0269057463206197,0.277688135094326,2,1,0.5900816221723879,1.6266819069559033,0.06113742085038543,0
26.38555971516559,90.89842559645224,1538.1590869411552,24.302667072767665,339.32462411316163,1.2935099684593703,0.28353847373639013,3,3,0.5940069468869512,3.9878980833560695,0.01495966914780095,0
25.778901243262485,94.52335817252833,3160.669121867146,16.94720998484842,54.21538340748126,-1.8028561964178826,0.22612006948684038,3,1,0.4431811070353534,1.1896111715580997,0.14694101795096737,1
24.011148722200502,90.67780470378338,2712.4691033000636,10.409772122311486,160.7002171717354,-1.2026965859010301,0.16524052206645334,0,0,0.6295777186887449,0.6056481220077023,0.012239088444606569,0
23.309257709359528,92.96897057821417,533.341530456591,21.239095842145545,158.78787466222232,0.796544030519997,0.3894067802707837,1,1,0.6188442053798626,2.395384228844105,0.05347692696750135,0
25.952075493322248,89.20633531022774,1515.2967012815618,18.224644534504748,141.86591070064821,-0.5604494688030756,0.3691499707633781,3,2,0.45852421057235604,0.20279144269279967,0.09753804014403124,1
24.327605674813842,91.23832082994116,3021.4531775064197,6.03042097116559,8.016775426656002,0.9651704927286658,0.1337885649854209,3,1,0.6546907366147613,3.005419321716508,0.06602732345841271,0
27.699325500174997,88.77524974099158,554.9040229437227,10.322365921831437,121.06289895385021,1.1226782545637386,0.19231813213400376,0,1,0.8139811405836973,0.6637953919173796,0.11316695690908152,0
27.683642452676295,91.58669943709208,924.0091811527036,15.90030665474136,181.46300636323832,-0.660300116021989,0.405283698990889,0,3,0.602642425180148,2.6466082191963105,0.0834506688784949,0
25.174089770430868,94.08695014676061,2751.973626595433,5.4778353365732535,140.36020879413925,-0.4780830577538245,0.3057936977634516,0,0,0.7187071585653413,0.283338413861749,0.06743299731562152,0
23.560972182099757,92.92022708015129,916.7738273868848,27.885128287267953,127.87842028363193,0.6600374917903349,0.8451692972556706,1,1,0.35175313475725417,3.8752705700404593,0.164227844311592,1
23.63330335277339,94.35059330793393,1633.260694320804,7.3266731638404465,44.61769959871601,2.857438423139865,0.20150113526254151,1,3,0.5112852415987993,6.651098337240834,0.045623242511902036,0
26.28200903250931,94.95325172225789,1709.4184282343965,39.503963810637416,191.96993153941497,-0.17287108244343635,0.9347618785486483,1,0,0.6955249088444518,0.4228194221248923,0.00879361126416482,1
23.073722039816744,90.06161816381767,965.9999178005604,13.571621326309366,69.45902513765357,-0.03447486503463288,0.2794953109747626,3,1,0.4352775612936898,0.17239221743948047,0.001185235606509091,1
23.571205790829275,93.418221278208,1663.0800021670827,28.2535740955499,191.45658808005632,-0.6293444843345044,0.6352444493474465,0,3,0.713292721098396,4.9340496804752,0.1374304197403304,0
26.564440510968147,93.74159173717321,392.4586581829319,26.138815757095625,357.9369044987818,0.2566587307122617,0.26560343081749427,1,2,0.7389373726265691,1.2476377373410736,0.11344686310329775,1
25.692774341384673,94.0695925474577,1383.9503169372786,9.384630713923526,15.28486301811538,0.9112380445689469,0.21747940738069807,3,1,0.553342333323285,5.617256348007742,0.0028342143884013057,0
27.236838582196242,91.26881127128352,1395.004187724803,22.078950271212612,92.65403269985259,-0.028017784895743934,0.470556242396232,3,1,0.5057208998625776,1.5204592720753283,0.03652633088562723,1
23.86062533613638,94.80351526240156,2698.223319973943,12.574461799374653,51.15741330659136,0.2489339103966579,0.3784348453336525,0,3,0.8266406728802524,0.7061235031510145,0.058623735482623965,0
23.110486082565583,92.16510562256354,1953.3537029392312,9.935173747216464,293.7244375667139,-0.36437729289324183,0.21780784629280212,1,1,0.7316686334293682,0.89702786171374,0.5137750506733211,0
27.24206148308808,89.70883372919211,2325.9932435661763,19.48429729339563,159.35616545769295,-0.5215386447863833,0.2480929171596123,2,3,0.704249189741013,1.881477191221877,0.006623262812152058,0
27.38849548429382,89.07043598801508,1201.0111496810027,9.801034634661196,162.88208454051286,-0.2996530640553656,0.013530135399813181,2,3,0.6093056978571506,2.409485192143172,0.011643168243677532,0
22.705382057100675,92.74924807174999,391.46572672337413,47.08008777151824,341.9464967697108,-1.7405029890278156,0.9442019498030608,1,0,0.5156833743780975,0.3751305241541273,0.024542711432880518,1
24.073402973189296,88.89409982423113,1296.356003535966,8.071266411001442,70.90543534320945,-0.18030702284953407,0.16353614065105457,1,1,0.45358972577759826,5.532850490732411,0.2989738257988984,0
24.508000168644173,92.31887670161296,2920.3724872043877,29.098518143196408,285.7221447323137,0.6108449164108543,0.5168402978750952,3,2,0.7763253614080752,0.4310930697412862,0.01903217470684048,0
25.4786486259782,89.32266464880574,2342.637241969588,16.11075297683361,312.97025767626855,0.0926794460290038,0.20696171060448532,1,3,0.45707216249420635,7.001459775279328,0.0005002047323879265,0
25.447808573028283,89.90575051368408,1402.6896850005583,48.394260580011725,67.71752212368646,-1.2869074405363745,1.2053096286162346,1,0,0.41209006713564444,6.4087771161507625,0.16496213220252723,1
23.558913132488104,90.40002503229495,1992.6182130628567,31.320948690423172,110.74625475268692,0.4922969119380367,0.5333411807111642,0,2,0.46596779584105863,0.041454876208522284,0.21865761381102705,1
27.529030912890363,93.41726981022752,1452.0229102122266,23.568559043134066,116.87172015972011,0.3319954934569346,0.508373653304293,1,2,0.6991663885608372,3.2253558791343018,0.1228585881047289,1
23.45774283756409,90.78878308051597,2468.6357656060004,25.04731308919795,178.6639474185249,-0.4554812488548173,0.5634014840048023,3,0,0.7136294514218837,0.05470040114194183,0.07673086925744049,1
27.725957638306106,89.85823744864999,1643.7947014587858,42.5094082472432,208.95778699302411,0.013355591543672855,1.0159292382885228,1,0,0.6825406445181904,3.769703886046653,0.23919038717615113,1
24.458729513690816,92.1903463941094,314.3283036449549,4.973746154915167,262.0371211194679,-0.42660498305909955,0.2742165898765225,0,0,1.0,1.1497917091579846,0.011718970854334883,1
22.62590948422309,88.86587728438295,1799.6472853603848,8.767946240606118,153.44791314482043,-0.4932218455059107,0.46566610234148886,0,2,0.8323852299331443,0.09242965007632364,0.1505381149876917,0
22.77427365170059,91.6047170022243,2224.165320035012,16.554373700002213,94.7942216123348,0.4049823189246768,0.6662454109296965,1,2,0.6755036807135847,0.7895705955453353,0.10669941856934616,0
23.829520325772148,90.87280710475093,1966.5701146836248,21.615369274233352,48.163113213787966,0.999674019871989,0.2969907147575094,0,0,0.6469357891454101,0.036662769722404766,0.010817690417487485,1
26.53993214600861,94.91671115827101,322.7727141069762,25.648602934483055,213.16781696532004,-0.1900716729007449,0.20475786253836709,2,0,0.7461124277993703,1.3415575533049098,0.027115127216146857,0
23.15680723159363,92.10916152935036,2434.52714822358,23.270416722854918,321.31493812623137,-1.1851845805323176,0.13744203764451324,2,2,0.6583182461289859,1.295161298192417,0.19538122480344106,0
26.11404829685549,94.83483768613219,1610.0578017409073,12.790754391824233,38.62334070854169,1.1193971619983802,0.19764689450409106,0,0,0.742003419008983,0.17042404816965512,0.041810099588388876,0
26.556202486874774,89.13007452163053,312.72465703746263,12.7702381024713,249.06494206283503,0.042631024437746814,0.24239905692310743,0,3,0.7422613047212467,6.6430306388879465,0.07011800438313957,0
26.195550407698626,94.72031530010007,1455.0969308193824,4.846846143270788,272.2034915075068,-1.9608455984695325,0.2028323848702382,0,0,0.6555838698326698,3.776931538970071,0.04938960827630896,0
22.760092452938647,91.12779696614791,2137.735281481958,10.481700919085453,259.277770440959,0.28117316564347944,0.10500043739226285,3,2,0.7036772766745236,4.696103918774252,0.053866144980998634,0
23.947729665845255,91.92809857427785,380.2650432628825,2.1953686229061913,213.2189821599856,-1.7027786118933097,0.0,3,3,0.8442173683435134,1.6116244382561784,0.021746237255089146,0
24.865125112154942,94.11670429979975,1241.52039736995,3.8148245039470496,18.136705783879567,0.10093679173515462,0.24636488096354278,0,1,0.4961672748333037,1.3089101666098986,0.07794456499479087,0
23.060475728546024,90.69898590991927,2494.7679986694816,7.95282140633215,288.97379140567637,-0.9831019276582751,0.2005185827647062,0,0,0.5766474834260694,4.990461676396315,0.18634315890416733,0
25.42694153782325,89.8763171680448,205.02116494192518,25.44538777133167,245.8853843216392,0.7689658715737455,0.6317733807634542,2,1,0.5274307181525912,3.309286441730077,0.07487657588846915,0
25.32180119447821,92.67506317586498,470.29015137897113,27.876385562658974,34.831043409994564,-1.2594130667061334,0.3605525535231889,1,0,0.38600157235243104,0.9006406166116894,0.04782028152904377,0
23.36499542900427,92.16155557103676,2927.8365552668965,23.40155516337616,54.357527316624356,0.3277464699519495,0.5556564642703667,3,3,0.6065665360105617,6.800392591818931,0.12460893143599241,1
26.159626421454412,88.60713430387501,2522.544102147507,41.21349430384362,135.82146206209075,-0.10029766744340833,0.8071215608761602,1,2,0.7526325738234659,2.2115901656515,0.03661510307367337,0
25.29598783483507,90.9393079080077,1090.9632596439696,25.391667263321626,105.82576953284556,1.0906599360881322,0.8394294768754185,0,2,0.20534217165466645,0.4806034341663472,0.03615471261622086,0
22.632713075927473,90.20552507276857,2014.7753277162806,28.057367241296756,244.19181902461494,1.5217004527369589,0.6149667574118732,2,2,0.5447171268445586,0.1267439569773124,0.005089668262786207,0
25.97147839826776,94.97110944730754,2428.1271339359296,17.243280596717184,297.6389380849963,0.555240074279424,0.08814463797477484,1,2,0.9208128826868481,1.882553866436113,0.030057309035386393,0
22.637892238823323,93.93529838122554,112.0718537815111,42.638468194757756,160.29241399297464,1.0823519297917354,0.7714718538612262,0,1,0.6975951514303661,2.949729381846153,0.2521954643634895,0
25.958606434365535,89.3086675267224,375.0769283244564,8.900246614765855,146.46810218069754,0.6312383280671477,0.2500411051720821,1,1,0.5423027318992414,0.24893839592143205,0.1817645803823068,0
22.66738105267289,89.43702146798883,2164.7621277343605,45.08683006518315,126.44025388606741,-0.10823333832297323,0.8366924785305347,2,1,0.6700267662780773,0.8656494794286658,0.07890002471449982,1
23.546654874875376,94.09576009538645,2820.1786417952044,35.491385827412635,345.4546543414181,1.6823835853400984,0.8798630219795964,3,2,0.6362420735786859,1.9431052653113783,0.08925041280584751,1
24.029330936893047,90.06854319685394,2852.061194713051,23.124767496017157,226.8547089387785,0.3812713900809755,0.34012135272267824,0,1,0.8279348202904858,2.041614794494451,0.029771176101548488,0
26.29810061065476,93.439902574725,1002.2560925970151,19.565709773472015,317.38219964743075,1.410161995301936,0.437726121433429,0,2,0.4500127335232956,4.044570063207335,0.243961699269483,0
26.446272725445578,91.44365607712811,1852.9443404563365,31.451578106875452,38.13924851674616,-0.5437828043527234,0.8407291100190157,2,1,0.6368472034836954,1.4367880592177502,0.10768424326889728,0
26.7708298951583,94.31856676552931,1548.547440466237,25.550052765833055,221.1414661697682,-0.6029783125670037,0.4521671533786186,1,1,0.4777837234166432,2.194746294236252,0.1367211240499975,0
26.83452714277783,93.34671194304607,2746.3170739139505,10.186327452390357,55.25719393470858,-0.5520247290115766,0.1804565793707181,3,2,0.8639165075326227,1.1892294875050329,0.0350523407555586,0
25.2090619461787,94.66620204145525,3159.5282017320733,15.460578291649785,314.9463055698588,0.6876850662649989,0.49032532007967583,2,0,0.5614884341050539,4.758754037369665,0.27375187232705733,1
25.323524264890754,91.02111616303704,1552.0564908085873,8.257371525287807,321.29436139547755,1.640354093898311,0.08810199139851964,2,2,1.0,1.0992248406397576,0.03865156133682249,0
23.239343894199607,94.09366310927861,3171.7046818068343,9.189268515560507,4.3707243319356825,-0.9505362071857422,0.1567943571287142,3,3,0.41850440047063286,1.3301350633812854,0.02288384057272046,0
26.42632072766967,93.60060790972297,2868.0054856243173,17.192417006526203,0.9746185232833771,-0.655743462432314,0.44750772501055563,0,1,0.5164115294048193,2.5142084887394955,0.06624133121208671,1
25.307013777085263,93.09352348853596,2717.666703913277,21.51920394568127,62.99202149549575,-0.2215961699981027,0.5797292998313003,1,3,0.3326029512859907,0.6235820725365534,0.04079750208756086,0
22.67456087790131,89.96443270208516,350.43462820721237,3.6347560438214916,317.54797539771755,-0.36571678564620924,0.28256557813084293,2,2,0.6891491302923476,2.869752809237015,0.07600105437572235,0
27.37128122220301,89.1533930092086,3028.896033026519,7.390379702710278,160.2955677597797,-0.17621305896197587,0.20785408030065652,3,3,0.654406479327383,0.9518814543624309,0.18878037904510078,0
22.75903949730964,93.40158864120623,1693.5494077204808,7.226720980414816,93.50721075118929,0.16191936728506806,0.3004397763460793,3,0,0.631626082109673,0.7955055553943587,0.03484588847971079,0
26.166990991341287,92.96452217748204,1294.784117468406,12.63571446176313,300.91066965694546,-1.2644303611772136,0.07727278886343847,0,3,0.9109352915930582,2.4842997696642626,0.1535074775977059,0
24.37243461201582,92.91665391867768,1626.6350427013422,13.804825801965848,22.06946367843922,0.6475741030616857,0.1513681001393605,1,0,0.7835119651796333,1.576350698725659,0.02259917566624879,0
23.37849061826447,88.79226757624238,187.70614747815517,24.527824998110685,201.1227467310202,0.11387519414201226,0.6524079458476306,1,1,0.7149766887016759,0.14601032740562458,0.07833571464261076,0
22.786487851578574,94.71309347222801,1542.1586618470767,4.810905472222051,79.19763815781408,-0.6940433238576419,0.0,0,0,0.7486284554565558,0.9583394489527527,0.03195051757796579,0
26.124376826970607,92.68058903301036,1252.3049054715555,14.448485723485998,16.438422757214212,-0.46380044135143456,0.358794230594662,2,1,0.8708112093460608,0.27865813596900385,0.006162637381047769,1
23.732530980579483,88.91735753517551,1278.7303100878437,16.943576994610822,155.27458134568488,-0.44948342976970423,0.5608100959398568,2,3,0.4585566715111008,6.387872335329067,0.08854652738323167,0
26.463285532677325,91.476332903384,1084.9392379088108,22.14196035356627,37.53007786080043,-0.25961403134577454,0.5883098801800872,3,1,0.4232562277288554,9.40816562132921,0.0034408142033928793,0
25.793729554460306,91.4752787132255,467.30428229988485,18.884967421550286,78.0458924633201,-0.3644284180642414,0.3146230969154721,1,2,0.6012972708677466,1.5646097316739342,0.007984178838946036,1
25.413269016092542,90.63898665760826,175.11099767151308,25.76484777903986,338.89208445728883,-1.031202068439585,0.5166729428081166,0,0,0.9315871185422875,1.491859352840094,0.09447920735434874,1
27.729500468048208,89.07485200028526,2031.52166104231,27.660381098418178,151.230083509005,-0.10753374426606396,0.6363571226632222,1,0,0.8153411073666444,1.5440535981547228,0.041667954899628025,0
27.62990567686181,88.87440682746333,2283.630324830102,24.29471330345793,53.706306199085404,-0.6208213856805886,0.6038241563670957,0,1,0.572076547884168,0.18147428546902655,0.09670649170583819,0
22.682696262013643,93.10760350986529,599.2416167418137,36.931153709297476,242.6919483215284,-0.8897903262971976,0.5183271596386557,1,2,0.4589878102986083,2.606560789539739,0.10711493428939226,0
25.64976046847325,89.84964161861048,2167.183185640395,36.148485258502284,169.84494266178496,-0.6775115456917667,0.5619273457994106,3,0,0.6210564421242997,1.7899329562890094,0.0536715475915214,0
26.818842496232477,89.59619173173236,1105.6575588389758,20.20675044295712,287.40629259355,1.1408127893613809,0.4038472488577843,3,0,0.6920724663454544,0.505444268116216,0.20911329491163713,1
25.244756451043465,90.68647707236859,868.6356741487427,20.496704888113335,329.0472227812723,-0.6631737506367649,0.3105973748635778,3,0,0.7761914414226959,0.9457644540585066,0.04925013803325376,1
24.19841089348631,90.34252607658182,1554.3136546135622,5.797015713359657,234.29241541585253,0.04118002034917748,0.28732869768571034,3,2,0.38415891729385854,0.6989175095239708,0.1521444307357529,0
26.29549398726204,94.18814933089958,408.47989288291717,2.5726362648494687,218.25022300205092,1.8309542887565653,0.0,1,0,0.4700409828473919,0.31489351209466554,0.08875455608412752,0
26.69158519357532,93.8422246850171,1845.3333562677128,26.517538310566955,170.23938557549997,-0.31163943394972,0.4184332937699302,3,3,0.8120732735070932,5.1991151550055665,0.131091379570722,0
23.797730160126694,93.34688750429194,1928.954188953342,34.362074327049854,39.87011462270458,1.2651599454883269,0.6909087948289651,1,1,0.5762217816936375,0.8145308984939061,0.03988532675291213,1
23.97661207895729,93.10813937364051,1111.1041902110546,30.408390007922627,84.48201556617389,-0.32811917119994227,0.23075352079253764,2,1,0.4167388299266366,1.7890247309555272,0.024315063423573136,1
23.91474833936996,94.08792195807291,2548.7085433803213,6.508538330609422,23.204675683767153,0.028326745082940964,0.0,0,3,0.4773093805445219,1.5056347612133942,0.0010760525611615503,1
23.476843011076244,92.631018404325,2470.6450793394497,15.700659604971676,161.05826620948318,-0.7842585089151799,0.2952565297204509,2,3,1.0,3.912502441508745,0.019294076711985023,0
25.936775304114526,93.5884480078626,2013.7760097696266,6.231377747769819,54.59893516060005,1.5860038309598667,0.15792497160683705,0,2,0.7153312398365256,0.5639791044442857,0.3377213071065148,1
24.481785753554085,91.39920617499429,2368.0437478337235,9.603892095165449,161.44497441678888,-0.33412073338030845,0.37943124643433324,0,3,0.9539029448476062,7.925660824063806,0.12458896503446318,0
24.288695443837526,92.47123140970854,788.0519794859083,28.79985689715085,41.00661173484795,-0.3532436918276083,0.5128241905444437,3,3,0.7777045235370137,0.2636587247942506,0.030178322646508538,0
25.398111339274706,94.47406633179561,359.04229966028254,35.67688111320865,140.49941103804355,0.013236672801670204,0.8238976263061977,0,0,0.44862915503931755,0.8876367609899931,0.13835426955137603,1
26.082900488473705,90.6545831037843,3006.8868408615363,19.76041226742763,108.64560238581367,-0.09588360256597088,0.26998057243282736,2,2,0.826747053518473,1.0793542597448202,0.014979945287602254,0
26.068640029230362,90.25896951876877,1130.3691186121102,12.612259326859961,119.25038171207812,1.4235594722650329,0.40162399519305336,2,0,0.437363799616271,0.4177603624692252,0.1497971416970418,0
27.502919767071763,91.27417154081846,233.16864486449816,11.786527366747423,259.6927959049824,0.19923804124923924,0.6065019087432688,2,0,0.5477881606912947,1.2579029097984438,0.00193687642132791,1
27.778883502043392,88.91381333057261,2378.749377211788,25.979086836462606,256.2181631718467,1.2676235608039048,0.3910052761626377,1,0,0.28943623283861336,3.1176982180807737,0.0028940299938543627,1
23.486535396752465,90.65637053098494,2939.681389980577,18.35519144633537,112.35698976733063,-1.1617333589343466,0.23129904702443252,3,0,0.7744937623346769,2.2586560410628427,0.28608955946747455,0
23.009812300076717,89.72564051112462,3158.4323351321823,41.39201507040581,241.9144335568589,2.0132464547946003,0.9165384107359889,1,2,0.5059970736823487,4.816226770753789,0.03775782130089974,1
22.523127194027992,91.79702215414534,1623.6908364638039,24.639860090062285,62.55967960166067,0.23511994315166507,0.6751195642758997,3,2,0.740315295738861,0.1385417452937278,0.09965249288653145,0
23.533656178517585,88.67456255002178,2108.420190743718,9.207412586008928,139.69927702880915,0.6876524845090128,0.26606502635404566,2,0,0.7001909998219598,0.9066337382534354,0.26273712829180895,0
27.358405507846648,92.72105201120031,111.2103588333169,23.48333282530758,22.525601704617376,-0.5265066965161149,0.3009272532408285,2,1,0.7918233314496086,1.8068732401936936,0.12283966486400971,0
23.276111725151992,93.36136041396314,969.824723651523,9.42451783298694,119.01619949075204,0.372325560060305,0.3138325958426754,0,3,0.9198095724811717,0.9319314784501675,0.0026752184828723897,0
25.934897830492037,91.64282566652393,1706.7432551200127,9.534254000534384,35.975451230050915,-0.6982214597325725,0.18294990408925565,1,3,0.6998633739105564,1.9571042113802262,0.04461649195429651,1
27.26072735944416,92.15927842367678,455.98749073904173,10.664301990268003,200.23864298070285,0.6886117009788877,0.3597858453020796,2,3,0.7398253857957263,1.7413942071258162,0.02745090453657044,0
23.935878084947458,91.67834084973778,414.44865764870497,20.019756614778167,111.14945586108179,0.5649172812729122,0.5039088445718727,0,0,0.42340211385572135,0.3262353326156002,0.06180881097722734,0
24.295086857129977,89.98251615171671,3049.7807987658757,9.222981383892183,50.46470719319942,1.0585528161418154,0.0,0,2,0.784456212075139,1.8557664194997812,0.054540896883571235,0
25.062383852142798,91.96683081884555,2160.384591871279,29.444971160879813,12.099588907050332,0.3204495138460378,0.7420318463679674,0,0,0.6074170920206915,7.122412734800794,0.019799655705688958,0
22.977911475394304,91.31693045698616,1894.9824854170604,21.017795245568102,176.96367624131963,1.0018339695494078,0.6344036199953325,1,3,0.30092911444706816,1.5299920315012785,0.0027698819692654315,1
27.495299095594977,90.57463081648764,2327.9379816640258,15.39305123932092,17.050958387743673,-1.4527575467621472,0.2405293817443607,1,2,0.40644809156015255,6.018636655559729,0.06233109368572526,0
25.394086553764822,92.50815305407369,2386.1273800946283,24.417476701148544,36.642955949646286,-0.8526931146348199,0.5272807988587016,1,0,0.6873220605965246,3.8365308384394443,0.4265652888648556,0
25.702828710134284,94.00468232024043,1670.0672625449758,17.890741885028735,80.29300607938632,0.9661296810041061,0.30225924625140865,2,0,0.48345730287368655,1.4192867837512457,0.023775958430788804,0
25.28073780005093,94.2403247332335,1154.430756434286,7.50727508010518,295.83830137435217,0.3951428190317255,0.0,2,2,0.543652388533283,9.015544175853268,0.06546947365306253,0
26.601403734990704,91.052615380646,220.04006380988815,12.58152574834467,118.41971417153735,-2.109950646879972,0.13668321252453758,2,2,0.9138519361124817,1.5785960820002656,0.0532940236857721,0
24.185739979676,90.75039395984709,1075.5697322751125,28.063514953485857,118.91443887915307,-1.0285042409412697,0.5286987571082701,1,0,0.5109452825053717,15.468197192362863,0.011741826937260197,0
25.188417752047094,91.25818678799958,1510.2682047363473,17.53119330324099,343.5365796338214,0.9759899498158413,0.8139006952938623,1,3,0.6872358320361064,0.7185459322238887,0.10772838192790907,1
25.40958375260614,94.63944282804206,528.689704631732,23.22106458980696,251.50808472720462,0.8631507387041388,0.44016314133995216,0,2,0.8043494516975739,0.04604044127265915,0.02718891005388694,0
26.167372621783457,92.71176194332263,1722.6139283191665,24.908381181042603,326.59105440118054,0.06413680237815363,0.397089870393768,1,2,0.6034184135952194,1.333542335123137,0.059298707290424316,0
25.99188458690916,89.37085192498854,1028.4887198514023,13.398455155697711,83.54896584112362,-1.6280422139512112,0.215743634488453,2,0,0.9037595471075949,4.781575126786391,0.08577094480442958,0
25.99272154964271,91.11698470607242,367.7149909549496,17.803869883175047,316.24997594255564,0.420322829776129,0.47992804065904987,2,2,0.5378717638962783,0.18344110991735718,0.03802674280227228,1
24.242563668393547,90.59520202325228,918.5044770544037,15.458084906414518,67.62907734936516,0.48568895919051513,0.11688401096899056,0,3,0.5490306008004289,3.7112935349734744,0.09384555443611797,0
24.23893428870806,93.84066477757827,103.07663855694965,5.45200371028529,12.632675732210927,0.6252119305794656,0.06715693632395323,1,3,0.5499426672621763,0.013929704838406508,0.13830750420242824,0
24.89107244325912,93.63212832600426,2429.103704953037,15.290803329195565,285.4874838965723,-1.5492571763442435,0.22919088272595897,1,1,0.2892107973977199,3.9355271292468594,0.06815538823247021,0
25.42736357627571,91.16176518961852,2662.816250766779,8.677330666449894,327.2583671273822,0.3989819007023456,0.29728729677111326,1,1,0.7893338748949535,9.19287312310063,0.05106801123813918,0
26.209899415657986,93.37324077968812,746.8005309235949,12.669430045247164,179.4148369278471,-1.5456902705802262,0.24733724292484144,3,3,0.23595952991217373,2.2462276928821634,0.10757899428351202,1
26.30040192213489,93.42894703251363,1383.485504610323,17.154770553647957,205.38329506041288,0.007994029548813363,0.32579516185185875,3,2,0.4238806415925418,1.2646699979024396,0.22312933406949242,0
26.11127540097578,90.30748125818015,3162.610679628516,42.33948866469843,349.6540738567926,-0.3408965794450173,0.8628630342198671,3,2,0.6947163632623012,2.6818783275898115,0.010509000881928717,0
27.101667380549987,89.21276334474604,1440.208417194235,16.460074777407726,39.09115721575911,-0.32891987033337716,0.26600090435129964,3,1,0.5031061628430031,0.11901506811944551,0.07386597340818701,0
23.371207247399553,93.08331864899495,1935.7485291335204,24.15792108218196,55.60007165473896,-0.9431599243693896,0.4489935898064378,2,2,0.6183277103585937,1.1033533633042845,0.02851755547009001,0
24.99604633382113,91.62052048876453,2741.0916103649315,45.93764559149522,310.9255341918733,0.9364004170146472,0.6869579200005907,0,2,0.7971940340692457,4.79046208157043,0.036522002435969224,1
27.406963548050488,92.54749373831429,1662.1921897337263,13.914591416437915,325.622286151001,0.8893462537723492,0.42450460059174555,1,3,0.7573816371203497,0.280596450458939,0.019572975463794568,0
24.125902642959186,93.45266316066714,1481.7712564151718,13.786105852312524,116.03509853163187,0.2414521596024293,0.49184400674689,1,1,0.7806257323579795,0.06735614878988233,0.0636852073902236,0
26.6977231869978,91.11104204076614,2582.210218019033,32.76482767981831,140.56074374290554,1.6481121618238797,0.628111898414361,1,1,0.6982581907930461,3.0474475189295744,0.14287240365034026,0
22.960042349758833,88.78858242991883,2836.8272607452323,29.023645809664167,342.4607811383823,-0.304477807746527,0.6474420693800614,1,0,0.6022641304233299,1.2223711252750473,0.22066230486947,1
22.52121676094673,89.43077879533028,799.913153397102,4.950115475696453,236.17713782202424,-1.3235883014013892,0.0,0,3,0.8810135759717668,5.012344271481252,0.10955533540806058,0
23.34661387840036,90.58379640592439,960.2844702454471,6.156661604599446,162.32949617835737,-0.814169981986113,0.14969063421847578,1,2,0.572274003016344,0.3144199448340099,0.15861953058658795,0
23.50577112721707,89.19152643958066,1388.6185683539302,28.635263349609517,212.04749552767834,-1.1846846436623242,0.7277766832020368,0,0,0.7668340644437774,1.4442934037138826,0.10712789248366215,0
22.660112725682975,93.80291680962294,2443.2209655602305,9.192423122702577,126.01556005427237,-0.1698744835797392,0.3910403147878904,1,3,0.7291227223695619,0.3404941908186392,0.05441561063382919,0
23.576692748387202,90.56475893523385,1392.8639385280585,24.989073103115064,316.6080680123555,-0.6083674959040184,0.21509113428707682,3,3,0.6334895118573939,1.4505748396858436,0.03496537945105916,1
24.724995973595664,89.87293646384677,1885.0469757180856,16.781025711519128,129.57576316732988,-1.023647761699891,0.3661015542394683,0,1,0.5015391502479009,8.67560133429622,0.01721007715379817,0
25.529033747129965,90.30805484529974,630.110798032066,12.586519343604348,153.25650854889017,-1.7749430445787269,0.4611441222587984,3,0,1.0,3.0403194905172266,0.18936212299190092,0
24.521474210535384,88.7529203350324,1781.8866202473316,4.676652690359946,270.7021829778275,0.6451126876611214,0.0,2,0,0.5165799695474287,2.312648221729453,0.10571764422043468,0
23.79353272760391,92.23136078758183,574.611164990469,30.74521965358841,119.25964563104414,0.3282739620810305,0.5207678068901138,3,2,0.7893734794842736,3.3223363718880967,0.19082532540943453,0
26.911541699864507,93.2467274548203,1573.142873431507,24.230819908524598,229.7833286085157,-0.17144983148779322,0.2910044176331492,0,1,0.8405483024178283,2.6904677293141868,0.14890993398916186,0
23.81927970606432,93.11252681425843,2911.3974959721463,15.131272827449006,206.4693102150414,1.4230951495116198,0.24366751591107566,2,3,0.6092973086005167,0.6425915223844553,0.008342996063212366,1
23.619326716154006,89.72824249742797,379.42464431862675,19.656896392144834,258.1270101946399,0.004307642343159692,0.395370809124036,3,1,0.5226949237389897,0.4563618679371803,0.07858025996542678,0
24.88890921543692,93.38352893992042,911.1302384621266,7.457788561249478,100.1328283691896,0.5266980421045764,0.2342313772779437,0,3,0.3550169529766555,0.22511830422341264,0.016828966801376907,0
22.80959621163948,93.63519349956545,2152.3537743578436,16.793394544030875,227.03274934211527,-0.4482897736442336,0.17834207292851093,1,2,0.3817106161723338,4.62859667124277,0.17344566678758344,0
26.23362892657711,89.0086835499432,363.42173468978916,15.175795052018323,301.00168245306764,-0.7897560801247798,0.19862808631575946,1,2,0.40883167340762017,2.9273467415801573,0.011325640760639863,0
24.349722395443887,93.03794016748057,172.20228601454914,9.501566591337298,55.2678051352316,0.5969458973088833,0.1687253905918049,2,2,0.6846810640026307,1.65481751218548,0.0363457232530444,0
22.582577710225383,89.84309386934052,162.447861639467,8.96185079709715,56.68113911946897,0.28085434872552223,0.18616750731418602,2,3,0.768319576984101,1.2974955832634154,0.053281318705582,0
25.48958064030333,88.90036789594218,1426.2228090251192,23.03020885110618,100.7373306221234,0.701350838344826,0.8873983362582695,2,3,0.6127790487764907,1.565530168587953,0.0026524659537854583,0
26.331550193067184,92.04238910726023,3000.381038056198,11.789983853156729,224.77040824220174,0.6318046992119288,0.655754260338731,3,1,0.29998357206175724,1.2084273041974076,0.06344716857410199,0
26.133638831920926,88.75962251306206,2215.935359640749,10.573555792603939,231.3811132848216,-0.49672470279370545,0.18164637540524803,1,2,0.6714656884129164,1.1841498313553662,0.0683446103470444,0
24.74729062023193,90.30503654801086,1971.9801389088664,22.508887635379548,79.16041538462218,0.44614100424767456,0.5893096193046224,2,2,0.5208965675975598,0.7715258388989517,0.003316022689967342,0
26.082322956622495,90.73411550048095,1847.7982838549533,8.46765129070944,92.65952725006129,-1.8857616105711281,0.22561925037731742,0,1,0.42985382066279226,0.41620201121056877,0.005637187704926432,0
27.794912092779434,91.18001972457202,161.9377651124192,16.42125762840595,150.69100519963212,1.5487255584628619,0.2722067796603803,1,2,0.33411426627976304,2.5248906660421757,0.0019007048409176762,0
27.730528673451445,94.02104508610485,541.6200240812364,25.711405234562196,238.79350057417201,-0.22065607324128275,0.559395079756348,3,3,0.1274735968625756,1.512204694787896,0.06833915736718811,0
23.207527925986813,89.75004126179198,2285.1077507135683,18.767110333614383,190.92420633990668,1.1487423498227427,0.2655410167364305,1,3,0.6330015985197157,0.9367471468138707,0.08476751464629276,1
25.015009472695823,94.12530706154365,1045.22517038324,15.383432276054613,186.732622186062,0.8542398605768328,0.3423201421094193,3,1,0.3974597681316297,1.1731902331070811,0.12214923592628948,0
27.391600125152927,89.84779666467196,2668.8083285736852,34.516793039672805,49.98649923029871,-0.31867309057680415,0.6648979049188626,3,2,0.5841730663044185,0.07305891626900934,0.058951204098801585,0
23.89681321218805,90.7274731724559,388.97645926912736,15.09668813321743,26.294858914233213,0.5911065144305567,0.19063174893088758,1,2,0.537293514617867,3.3879975387505423,0.019476755272318104,0
22.982996660759827,94.1923491063377,3072.9817904385714,12.324692502430212,339.9729188967986,-1.183759097060195,0.4929039953392487,0,2,0.40334023133098573,3.2110204368006166,0.034839756233528515,0
24.598626706378955,90.55098884836846,948.9299295167339,16.17244166285597,124.15168912510721,-1.2787099677768716,0.3837111711550814,0,1,0.6575197212102051,1.6484521644087828,0.046743522260434496,0
25.266001915408356,89.78036886457342,269.79973291035185,19.38598874456965,50.18305792355597,-0.9810871581162783,0.3256789884797303,1,0,0.46934552027631493,0.9668263467825482,0.10680074966230431,1
24.472015581034935,88.96692665326846,3170.370754668499,22.969279261592376,358.655422658088,-0.636496049848254,0.5075424866065729,2,0,0.7192547033606305,0.7134722068846047,0.0022208518936664085,1
23.004738134528388,91.44574757781893,2319.909909042116,4.9086756204844075,128.5616145227827,1.3525939097565454,0.4615406975722125,1,2,0.3623238335680062,2.5604702267277752,0.010490627887772733,0
23.356366709169066,92.4794519507731,2982.281575418727,18.268516015259443,15.481170266418385,-1.101621829574262,0.4652452849761962,2,1,0.7599043544702371,0.04451084492769909,0.11079989371624284,0
23.67499488639716,89.75700483887262,2569.0466096789823,7.721778401617973,340.88122480815275,0.3964868174109183,0.1857330053133648,2,1,0.6845509211523086,2.8148300961337815,0.04133803287613132,0
25.893987552563626,92.04990670710626,2725.1847025345087,9.114906321684632,136.38332051031915,1.3079156237798386,0.0,2,3,0.5927829158212015,1.5380314371943393,0.10001777069208312,0
23.876930701819425,90.06968244137124,3043.76943299246,16.25572616624335,240.85347484450756,-0.6289453549327747,0.20078324890482624,2,3,0.8412457921713292,1.0936280456826655,0.05901065453895751,0
24.594111424993827,93.70050744974493,600.8072519987006,8.098440878561718,211.0093038626151,-1.563705118543149,0.1948792180343202,2,1,0.9061426965170969,1.6315541907765698,0.0018976802598972848,0
24.582146544586184,92.70627212247818,190.1220039232707,24.457133435496274,146.37533173270666,-0.35753010855453504,0.2839795838903666,0,0,0.48803864569769617,1.0320236828896745,0.092845905257321,1
26.365137592460062,90.5127381951767,1771.7555449861054,18.940924450216368,222.12824765780186,0.6018956486064415,0.2770002629280006,1,0,0.5557702607408042,3.662068217491291,0.030449499623319567,0
23.662140279892384,90.60084738170309,2228.9372714785186,18.830178058855548,325.8693922368465,-0.31802743380706927,0.44705806909991397,1,2,0.8099318951758476,1.9761505759848894,0.015949071274676787,0
26.273605442209874,93.23117913464691,1097.0292484796623,17.734144901194682,297.98664114960735,-0.3209798403837223,0.3554608653227466,1,3,0.6651263300288969,2.9319915126315306,0.06913301840940143,1
24.185317874467515,91.64307488579983,2849.8209630247134,10.484540894258709,138.6889419205607,-1.2243034100422616,0.14044448744703242,0,2,0.7070914424718243,1.328084700366098,0.15291129065335213,0
26.375038697612716,92.57430553484697,1678.8309709969476,10.123872311791123,7.332650526375959,-0.03135470067650179,0.0,3,2,0.5731196573271304,1.8012969945161834,0.0857342106454998,0
22.677462915684632,90.98948662410073,196.84703487101444,26.392293730762212,248.54691916042276,0.5720957235984819,0.5842054192570978,3,0,0.5302710948720716,0.3763034991025688,0.04755607216257564,0
25.578618146712824,88.54111020705828,1497.866716679583,18.52189470814495,74.65423508617731,0.18143139795036198,0.432729847702717,2,3,0.5865427385856045,2.777882771665863,0.06383028657374948,0
22.60285259761829,91.1270044814863,3082.2445278384657,14.480283515696337,254.4621025845702,-2.612195798319334,0.21746817038780564,2,3,0.5082041082598339,1.292966522774039,0.09996606896446236,0
25.96613215868092,94.34230980018997,2268.213501999169,28.307751846785585,174.3536119267735,-0.44131449389568267,0.679351579511603,2,0,0.6110898623141057,0.1035911550519949,0.03505052587980741,1
22.928090323798973,93.2039091877355,967.3669448810805,22.020701599666985,186.89068229801066,0.5649406535468146,0.46605478766258474,2,0,0.9330742180275047,0.8724032204692302,0.09299440557426594,1
23.060816996728818,92.49377871644808,689.1887484852066,35.136601124336735,22.184639415940325,-0.6427835696407243,0.7848003683026358,3,2,0.4904237537438413,1.0657997796285863,0.019968819392765645,1
25.508016518705418,89.7059072326074,3125.2732360721025,10.471443580386206,246.4297122908922,0.7468468106342946,0.19619205406375909,2,1,0.5452241694918374,1.5762434950849322,0.19257836765816647,0
25.696984698269503,89.64697474468785,3126.2226795100764,19.677553712597796,11.792602894930294,1.382872239040734,0.423799705647128,2,0,0.6549590917227646,1.9261071316213711,0.05064187692710066,1
25.346099673618046,92.75949452504739,1576.4820835594112,12.552899884065056,183.16552995845328,1.9944284946810726,0.233628105027338,1,3,0.5287347664060924,1.3675968478671499,0.13873529207945454,1
24.303368523031164,89.47391341249998,2723.162740969462,11.11874853634981,25.434257677599813,0.45601218210912847,0.022628256718373735,2,3,0.6959853638184774,9.939859897550031,0.07861566053024854,0
24.00061590485381,93.81016241766496,1411.0400434329117,7.916316248068849,293.58099213316444,0.6070534347705518,0.16937481421020617,2,3,0.4411118823909589,2.402948532551559,0.12045573122803009,0
23.621493681704525,88.77343187334489,996.2201717029817,19.53004714084282,252.00365546427267,0.07921504780413943,0.17804960585140853,0,2,0.5947904881833423,2.204753161463807,0.017688243898146574,0
27.32190578852117,89.90653050643934,361.46917275876496,47.09078367091611,23.499804412317545,-1.0033173903616845,1.1334452021793633,2,3,0.6509916236671162,6.175239929449899,0.09696360501310969,0
25.325115205367688,92.97240126515825,3191.663301894566,3.3527245412481035,126.10722320955537,-0.2573178852656725,0.06838128682950392,1,2,0.8019830435702832,2.4774056714109607,0.19852729083845325,0
25.25788248561698,93.68725675826812,109.48942507868813,14.731220454297969,223.08385036885835,1.2095207024428862,0.3662359951013726,0,3,0.5304397627992449,0.9417215418405368,0.059389083260787595,1
25.778263253466953,88.88294970568272,282.2832792528427,10.151639983436038,266.92085037157676,-0.6683746832995339,0.33877057747280337,3,0,0.7268366097997165,0.33122970106730076,0.09174318863097872,0
26.953330409327403,88.95702240066896,1684.937742251704,18.086867423753915,292.1748280547987,0.031134852944977556,0.23445860217218215,2,2,0.4646334743425874,1.7671555203002527,0.2084493348676707,0
25.253806105129854,93.91007547741397,2133.4546413865264,10.60700356457414,18.702901352900135,0.4823862373324524,0.0,3,3,0.77659310376453,5.038046191654482,0.02021204040171313,0
23.78672862294235,92.02201733072583,2408.580212151393,19.032860456320996,42.52710610046664,0.8677755205261815,0.2799848898568192,1,0,0.4561194364215047,1.0218056518295542,0.003452272290943427,0
25.21382224735631,89.57661502658024,2343.1442631687455,7.563473843360922,70.28698429068135,-0.38689655065125267,0.26619707189476105,3,2,0.5319086608744428,0.31482015500762706,0.09193484744161845,0
26.962703542518582,94.44930183592322,2332.4353874555522,11.872792960591385,209.51954116415578,-0.6800691540284102,0.21789672337389812,1,2,0.5204659591872834,3.4733277954864685,0.10592775573453078,0
23.455813121387195,93.41735313969471,2573.8243501422166,20.839184818394457,268.7763470598438,-0.18819185705108066,0.3502782144388201,3,1,0.46997513540387065,2.7589388266083277,0.01912630616853327,0
27.137623589501956,89.56229037288944,2401.716802272429,46.48957021086982,54.234992675848666,0.03787999448959883,0.9363089078701151,3,0,0.5948379082185361,2.172644132254843,0.01038972704156741,1
23.45565066377444,92.48836059515472,1275.7244468174458,67.67570290140493,67.2286383611243,0.11646841505142191,1.2135302254246985,1,0,0.7881116398388023,2.217903328352241,0.013728085133697391,1
24.471619910614194,92.24291852078173,832.4993147025934,6.932747497430291,106.69949596548445,-0.8549847809083815,0.16139342667153425,1,1,0.6052271228709525,6.893296923809307,0.01763504777344146,0
24.927710270577688,90.97876786031965,162.8021560550128,11.704502707992503,303.2072092516179,-2.2551755584740434,0.29515952464109146,3,2,0.564066271558026,1.011158918635706,0.04005953637351963,1
25.59553571628907,88.79211912280985,1385.738094902122,9.714216863216814,117.78150905132608,1.9546925154112462,0.24715371184264337,3,0,0.5334538658624205,3.377856305120879,0.17654221077166188,0
23.976667763803313,92.71134948081445,2129.1668954648435,24.35081453717789,193.0751198001463,1.7715092824867462,0.6183646205215529,1,3,0.32752290720480437,5.602814625961954,0.34260017958193884,1
23.77989202129551,94.1189274825371,447.5076205219084,19.26177015756714,103.8192132291011,-0.3804327609820118,0.3427339270952178,3,3,0.30678043828914603,0.6913125946294698,0.00634479626698288,1
24.3952705141823,91.61296965076504,2488.7338386338092,8.552270220497315,6.786568453663193,-0.4644118192311805,0.018935025477154366,3,1,0.5912728979152819,2.0872469325577123,0.10640327471564444,0
23.49489438898372,93.4159962440612,1698.7635609721794,31.94862455693692,315.87374851789997,-1.6976223095181227,0.8532232370783254,0,1,0.7343552795339329,1.4848412889885652,0.0593121991062909,0
23.79990896847929,89.0510358280196,2736.7420251188983,19.249237158721687,264.0041454108063,0.7653425361362853,0.17172564111881436,3,2,0.41930013551795653,0.4883335288029517,0.21942029335088542,1
24.180739507938235,92.75082545366006,379.1706171246952,5.371599618194791,239.8381795099367,0.37796262603407355,0.39362426636592807,3,0,0.5238754339519495,1.9647618988018827,0.024461881868477905,0
23.9568485061126,94.87008219214223,979.6500969983948,15.638655018503849,25.37622192849088,0.42424813745518875,0.31567221392018546,1,2,0.601212216138292,1.983079960409659,0.11371277991468035,0
26.337768365732952,88.65914236953947,852.138642429431,22.503102404269264,98.72588600112188,-0.5757585244382156,0.4818791032550689,2,2,0.590392528002868,0.2652398175782708,0.0805182167513041,0
25.55214947024018,90.47237883304666,1229.0035994681675,15.88242053943533,305.52072737303854,0.29793317696841465,0.2051155502523867,3,0,0.7596287391838566,0.3373703150399944,0.12194921279223121,0
26.690187891994682,94.02408056360422,2484.091932904063,24.637393081021067,182.07298019567858,0.43105449259965123,0.5271560108442902,0,3,0.4846171351222386,3.143409686278722,0.10276032071962578,0
23.57442529918222,89.87370865620287,663.6279040636921,40.17330551345739,119.32699751334216,0.3234650509506103,0.5975085113338515,1,3,0.21257415188622875,2.3104430790243664,0.09380013581486524,1
24.205694599391922,94.07153087041686,3117.0935693027177,6.303224029788277,311.0899236553916,0.7495505389261462,0.0,2,1,0.7089945369403757,0.3683648923136835,0.06875219507015902,0
25.41138583606195,91.40287848576381,3009.693079397068,16.91126528416167,229.89283067899495,-0.2889058808526582,0.07740298630509368,2,2,0.7413617683556621,0.5216144542364936,0.0012460313603049936,1
23.946548751773935,91.40679327200297,2110.3881250559275,6.958352215571376,19.091653801878405,1.431477113927417,0.27545506455339963,0,0,0.9229617202791456,1.0455023911432706,0.0003633174589097687,0
25.010969084707334,88.7532321312048,2947.0282553099296,19.13094776521279,77.42729093628031,0.2723334011283283,0.10469928304451398,0,3,0.701647800578369,0.307668860691196,0.020477279435060995,0
24.708680945638438,94.15562003248952,1880.3215926932098,17.376652134241432,56.04307096504065,-0.6884521176042147,0.4012859403369341,1,1,0.8922456920351195,0.07397326761357328,0.09178351490497932,0
24.303825658809856,94.18683180307183,1050.0891696875979,13.179057739389378,12.569685056188744,-0.22746762760733732,0.3387624038549197,2,0,0.04685455125216609,0.15444801829795998,0.007946626014677384,1
27.13556768276758,94.63674825072744,2385.170414823313,20.778958818484703,358.8873928596145,-1.3444774002747946,0.4622851457379432,1,1,0.7880085409291023,3.9183178685159312,0.18997990772833437,1
23.79618306941513,93.22560231824441,2172.614882045051,24.673749532239114,144.07632762357534,1.2880660702621847,0.44919248457668315,3,3,0.6910593116163646,1.131742171687682,0.030684090748682002,1
24.480032334303672,89.37027895093868,1426.4722158556663,25.83682005128102,60.248616951977596,0.7571183686744447,0.6470418023103728,1,3,0.6594553161919583,0.4723009655451218,0.11916267118215514,0
25.62895679807555,91.79297240843904,1783.50675422177,15.476000375396477,96.23977720472608,-1.0578762645308748,0.5040785869816035,3,1,0.5222198831184577,0.9397390177924884,0.1232344664946266,1
24.673157482664653,90.5569909256991,833.6952946097568,11.18717519121079,327.3484736304974,2.7312887091595517,0.31237581484796134,0,0,0.5924547632085411,0.13384521825084944,0.04594752224897249,0
26.629434131321137,90.35851216744013,1473.8517604603921,25.017178907815925,222.16628796647257,-1.5651283945004009,0.3658768047376777,3,0,0.6563825749274491,1.667209859855417,0.04532099444240931,1
27.397860639616344,92.04179575012047,302.16857668856255,10.770766842421574,335.5608414136219,-0.01898259968086171,0.20906962799754167,1,3,0.5894191227154619,1.285079628690881,0.07630891437521597,0
25.99172886413233,92.20269309136845,2096.6692577435856,27.819049198019833,143.04019831435468,-0.08382252150196365,0.4262423433709056,3,0,0.4882178841346726,4.721973996864154,0.050332925783566365,0
23.96102679907198,92.7606938956333,2940.5363051364416,10.113243224849636,210.71156565078851,0.7952430120737586,0.4801946107377787,0,1,0.13906727058144813,2.9989362293701562,0.08264416367053967,1
22.58917747803997,90.28249384553742,662.5088114344661,32.745462242613385,67.511320765995,-1.0953936892160367,0.897026333305941,2,3,0.48781874697969574,0.9144069977660277,0.0037811572021550152,0
24.951940693258475,93.79603976536825,1943.578282944561,5.34179962728305,157.04874754063835,0.29307665326691656,0.14663364455735847,0,2,0.5782148851596044,0.11887978717618779,0.006867311997460642,0
25.153216347965277,92.01371703727631,951.4092421143365,11.664363012008929,239.3653244549318,0.5753473318075695,0.2966152594557946,1,1,0.45478567473979337,0.9639734330942283,0.14575248696230136,0
27.317556929414387,92.35848574356677,2394.453246957612,8.814977473661914,119.59660036103844,-0.3580093058910226,0.21940665591977085,1,0,0.10578950430407191,2.401629159098813,0.4007685286142326,1
24.75240302177279,90.28705599780749,1034.5311707628525,29.814165619967547,49.64384966830751,-0.3266233335678035,0.5728737872760655,2,3,1.0,3.84063409417867,0.30445282011447583,0
23.16422785180459,89.06384749387203,2053.730034416264,26.534976392390497,8.373758443836392,-0.111956834231647,0.5149815298006384,0,3,0.566160161726976,4.527933253447793,0.13682516507868184,1
23.11093506937045,90.40693862314798,2069.5361534475114,4.2552554055351655,156.0311119830624,-1.4294982383634685,0.35284732654272405,0,2,0.630277045280026,0.536014520814596,0.03149801083078518,0
26.106284623790017,91.018753481002,1950.1957371063838,63.50275133977043,216.95918779674236,0.36801003649451874,1.1216756610508067,0,3,0.33034013850335153,0.7941054293826179,0.11702121438743107,1
27.798488710633332,89.96265359295025,933.0169609100558,12.890251536061953,249.11761189914512,-0.8500241677122955,0.061907674803097945,3,2,0.6056818201121846,2.159494307168894,0.05271419561477622,0
24.029010796652322,89.66926202056644,1873.7062397571212,16.67524955480412,316.5964725433206,1.981199998686964,0.4203954628809041,1,0,0.04011214827851928,1.6265042965913596,0.08548092347731252,1
27.488220129423482,90.60586705388681,2170.5639971814626,19.682510454552535,331.3441702656214,-0.4260855702310654,0.39743963375580926,2,1,0.597419879187856,0.2756425423926185,0.12600037550265153,1
23.645393891935505,91.6522416265835,2448.9212145192278,10.776907200238973,226.72359890097064,-0.38668364248828285,0.21292305946242812,1,2,0.6314674788637452,1.1882136335842084,0.24778536044917782,0
25.84784244357366,89.72109471469389,1945.1686344016134,5.939585028532665,354.1753800833783,-0.5858136068358828,0.23250369861166698,0,2,0.5185285908622901,1.7866728682079227,0.0864894432740157,0
23.707399100757836,93.32183593822397,2761.8866734999788,9.292615900137218,87.47491030661489,-1.0179887237676812,0.3659153779892744,0,0,0.633744180991055,2.178168745005811,0.058348048234565644,0
23.748987164515878,88.56005298922034,196.58301356267827,26.10287101622447,223.64394415691888,0.024549832403988035,0.47385604081890254,0,1,0.9666830214527663,1.068643547472164,0.05474964383429337,0
24.96504022085971,89.85381996383273,2923.058530975135,10.485107039407598,80.61638100922788,0.5952860603380394,0.3096452331651236,0,1,0.44333273862760536,0.4109224916558524,0.02868350029783805,0
27.372803699149042,89.17014655555451,2281.686404074754,16.956053848838256,127.92955332815946,-1.1990103925150117,0.1829526065844465,3,0,0.7686544192060563,0.07405536991671313,0.059099165484425266,0
23.656190678173466,92.80903005364402,235.96067859553952,18.81576340469908,158.25145510848193,-0.348772681201302,0.41022420645928537,3,2,0.5690654161823404,0.1524933406960705,0.18006220109122303,0
23.583138176870744,93.22048653040292,1670.2888128013167,9.143399874661846,175.21557629165818,1.2551584167047227,0.22909426080199924,2,3,0.22519657614662264,3.5286589904271515,0.06114407842755202,0
25.865541954062273,92.45979144415367,1935.208951091498,31.493306948722644,9.191461369842111,-0.09484460692850216,0.5135550703728998,0,0,0.6642435928588268,0.8601987354891809,0.023932542775837708,0
27.247373442805287,89.73562251636444,846.3031559250012,15.502198540648285,54.26789985939368,0.8279382674472072,0.3381152688284981,1,0,0.3452699807731475,0.8384667097774412,0.037950612206781476,0
23.343324059579505,94.87159006429366,1831.5486069805102,28.745995323877715,43.30285745619359,0.536301432208273,0.5170440902858111,0,2,0.6462210806724942,6.415821469554047,0.010429655361124158,1
23.39367943770731,89.54774957900187,2957.956094400298,11.41404713600836,184.66360218406825,1.889379546017354,0.4360398867774633,1,1,0.5954470321983085,0.7301834279384783,0.012773049136838169,1
24.899579633635543,91.7872689666983,1612.7261111362063,3.9645564787323186,53.82422621616202,-2.1250101249030164,0.17062470706120103,3,0,0.48059710050039717,0.38077042854175264,0.008680321852354634,0
27.445298779835756,91.18842041190376,3005.816996894232,17.26487708722259,104.56932039440309,0.33959262325518413,0.3185820217215068,3,1,0.778031631847597,3.1102554215554323,0.06524743242357589,0
26.887997979929835,94.10186314637133,170.68076748240532,9.985725572959801,221.18517038315525,1.9005402554341098,0.0,3,0,0.6701927899555946,3.640122753685783,0.17929044931892932,0
23.41029167416263,92.47897419211185,461.78144420446415,15.363640268720928,333.50098829924065,1.0774785427196831,0.2557844410988887,3,0,0.6089533197800278,2.727664599889498,0.06527238447044603,0
24.78774610293664,92.10293787931738,1462.3934763945663,20.576158814627306,76.97453572520311,0.4246844532057544,0.2892302119733659,0,1,0.7405676840596539,2.03897049579121,0.11612716136662556,0
27.134879675299846,91.75023539709466,804.9119314308306,19.697793594854854,303.3976599393944,-1.1905723361133103,0.5264676980106856,2,1,0.796836225878928,1.409022795032935,0.12334372146196129,0
27.248288645272186,91.64167758590489,2141.143621168155,14.845644840664228,31.666949468779055,1.1618663608635478,0.420002791062933,0,0,0.5905101523192553,0.2698782119777218,0.14887441984452982,1
24.912720842551135,90.46150044037672,489.5252511962403,4.661028442268252,149.43867360065812,0.37607353169579993,0.0,2,1,0.8470297381458436,0.24912575448869387,0.04901763926691513,0
26.297095831506297,92.56693813669244,640.6143252514504,28.212080484676676,17.458049617907925,-0.7307124752012204,0.5689183769932279,0,2,0.5509028314192124,3.1034532392113197,0.06673449711182791,0
22.517000760631475,92.88029250364964,170.22736189460582,25.211861453136798,190.9710443723877,0.35810361265921586,0.186371638030136,2,2,0.4781417374298104,0.4404066580701143,0.15225233492442092,0
27.16588087466792,94.83243541342955,2435.2598083485827,13.433581672132206,195.43474371431324,0.0699585894113745,0.3958493773876627,3,0,0.4228712658565466,1.6444020016363028,0.005388423557820186,0
22.776070507339355,94.54424953569428,1498.6841811539505,32.4906075955022,88.23610164061172,2.030372990759104,0.6955125767783179,1,1,0.3587624906944113,1.0649210901084767,0.004326780253213792,0
24.052088248049955,89.2973775524779,406.17105891204295,51.02175436068184,37.05527656629489,1.6061991600164907,1.1767883847680893,3,0,0.6065807395921573,0.9103125670752663,0.005016756204303876,1
26.741316751127,94.4503492784269,2308.6919796555867,22.73685189674356,225.69192565368803,0.7953554137930766,0.7017109992574462,2,1,0.7445965602523681,1.3700918642420223,0.04610579686544922,0
24.121497881082046,90.19843830665707,1679.1086392095763,5.7170753787759265,72.52436240904392,1.4817355945421273,0.18631736311085104,0,1,0.6474165470973887,0.9286781890718997,0.44084292677168496,0
26.484149521299816,94.19280811383295,1422.5684924187972,5.995364982558514,69.84001601745975,0.46135011198570613,0.03270952735638956,1,0,0.5672257927172669,1.9658323837872456,0.011303427055702316,0
24.237768880132855,94.15406864562524,3064.653814227596,17.129737119439273,315.0870513163114,-1.3040162572279212,0.5866794136383213,1,1,0.6083928317029232,1.4196745251716223,0.12385344271379634,0
23.442266370178107,93.25406042653712,3157.100104262444,21.355728858082742,136.2153653299336,-1.4802126611248094,0.6695568401962138,0,3,0.4370684897861564,2.7060034164999074,0.33360668298569623,1
24.260136295557324,91.41432542263499,2463.445703084621,49.34141590591109,210.05767852904745,-0.9564958135763623,1.295793203019183,1,1,0.9808133694112507,0.6463498579222403,0.05167615060525535,1
26.347596336363747,90.6803985186702,3195.9560268131863,15.230350210492524,106.0377673643973,-1.0772278744747588,0.338952494559509,1,1,0.5997170391955446,1.3079254109816498,0.14723180823393855,0
24.59911240735337,88.76020320819522,1117.2448997078623,19.429245875451862,31.13431064833842,0.07129461349743696,0.21282116472654555,1,0,0.5604663926548652,0.10434659983862335,0.07869688301264577,1
27.382521664407356,91.34549438592582,2401.9640914425195,4.661993300861248,88.83221013979546,-0.3939018728443025,0.0,1,3,0.7332401514490237,1.9984828961011023,0.17773629413042064,0
23.968790655409386,90.70794421555182,1905.532178258752,9.490890226959493,107.3240250781296,0.9256446213940929,0.0,3,2,0.6705711809850736,0.16351983364712785,0.09748227338567977,0
26.491737500810643,92.77541610329581,2977.752112601084,19.87359015852104,214.42947048368637,-0.5415758617942777,0.7041952904419178,1,3,0.5570369298485739,0.3617717845052407,0.017793401041117433,1
27.270985244055687,94.24923796267926,2530.588813686192,25.841546230948037,298.1610098331558,1.0549560947192937,0.5379120738566667,1,3,0.5585033680483561,2.180889123946769,0.02608747088002333,0
26.11348351243914,90.16158033579909,2670.0185928302158,34.43878618942076,78.88200267046844,-1.255660206295572,0.7618499964622657,3,0,0.33225518519146346,4.399949880595307,0.00844481567447206,1
23.51103304807332,91.46095089023444,1301.801329445499,21.794067012785355,352.2132800000916,-2.0033691294001956,0.5469777467321683,2,1,0.7570497303857496,0.2976113454575301,0.09684917017247395,1
22.71642866591197,92.93180871670107,554.2708149370292,3.872812474463823,198.99037586608912,1.9753431178455254,0.0,0,0,0.42093469731394473,3.12077759687781,0.053715542283926436,1
26.605923742959504,90.65279614424037,1552.489591373141,9.609986310260227,11.259810458930307,-0.8974207207714328,0.24304050457451476,0,1,0.6184361059294041,3.0407193716768344,0.1282686967607013,0
22.532278482278173,94.56106833368449,2633.907565991106,20.21728197723795,334.0217585099581,1.191550812650145,0.631167173263047,0,1,0.6242314985380674,3.1887787321670595,0.22523670206671326,0
22.986794485224156,93.89491321840178,582.1919798055305,7.859004016319073,46.49911059686322,1.0725333647101947,0.2710356520741368,0,2,0.25232350085279404,0.6066091215015854,0.08558901417736874,0
24.36581480923013,91.99309106620072,1880.832799971389,9.09699484500285,269.10211959502305,-0.8142875530732823,0.26092348447409314,2,2,0.6697726388726546,0.690411864479392,0.03229867382357798,0
22.836726745965283,92.95454907572507,2393.825045863621,7.698360828517663,19.872803954905617,1.1314243705027294,0.18217832171520884,1,0,0.6218232980418678,1.2519530052984187,0.09051735442589243,0
22.833529068743896,94.63912556609786,497.70341556904117,34.56456737668863,75.45472139763953,0.2961695846287402,0.8400067615313995,2,3,0.5640825200419401,0.001563809717253839,0.008191249232162278,1
24.440628749352825,94.2449420346411,543.8541265067481,12.151636796958426,148.35774066518644,1.923627220422718,0.19444436484988586,3,2,0.9590543553136402,2.4744997716914714,0.2855806851618334,0
23.827697891271676,94.7681065647516,890.1928017879684,24.533499412561262,61.63377920763327,0.07579154996435276,0.6252742071042289,1,2,0.5430078950888656,0.5685243652889846,0.1009560227107027,0
25.634884672621858,89.15743088662941,1114.0479936656006,10.302552638118122,39.65781457919638,-1.2518522121799116,0.16643965726358312,1,0,0.5518477460552534,1.452206675834803,0.11649161497645465,0
23.82265306474075,91.29125198963993,2937.261905694179,9.177459939754176,110.2846453839741,1.1756854032310164,0.0,1,3,0.5438228423916676,0.6958112667477355,0.20720808425004358,0
26.486474854381534,90.43618647718019,103.26111493720322,30.20560762763065,346.25366690410056,0.5054960442082751,0.7206946330210319,1,2,0.5036946982244925,0.7387137125574548,0.043072677018350033,0
26.055883210935995,91.45615292256082,1185.7136093604472,13.596531353565748,63.39507453662116,-0.17835143451090235,0.2659120184008156,3,1,0.4872063192877441,2.0755874083599695,0.040462053773627125,0
27.426018361391804,90.86500407666564,2991.51283562312,5.308574612164867,88.96294381284719,-0.938544547309233,0.0049742595159487785,2,0,0.5862841910304353,0.9367700143298174,0.0010937736873571154,0
25.156535904489264,94.10772428620908,3144.915571653477,24.24262253402562,243.6259066161888,-1.6022747273509945,0.47974855027805113,1,2,0.6289695845908891,1.3698996151661624,0.2888058742140908,1
26.298578943339322,94.67882449631911,1617.53927792448,9.893067671519962,220.9369740213309,0.6241931142173556,0.3327460142020657,1,2,0.5709977668578534,0.9601920094198619,0.054749994905804844,0
27.350884633183576,91.18919087881723,1748.1349282535448,25.278043924895037,24.229465440838727,-0.2971447372301422,0.43381930779667155,2,2,0.5304348829109564,0.11057696840132399,0.04382754067674005,1
24.77450448635956,93.10878359652384,989.3708538801731,26.355059322159963,234.61391896311886,0.016505176200309918,0.7396428488117963,0,1,0.7432569578439947,1.4891476662540941,0.015737234665866635,0
24.847416806000396,90.52651448205646,132.23411468143564,13.633707472958726,218.77038339064666,0.783759767397799,0.32553705631068053,0,0,0.7061929521653227,1.008349733019341,0.014560748329548215,0
24.729889517174552,88.96234198286635,913.9746295964804,7.516285246244423,256.1061050926461,-0.513451987049109,0.0,0,1,0.6766286270252834,2.925737914858457,0.04782505072276856,0
25.800384274664886,89.97906764732667,1447.2732807676912,5.152392190757693,65.78196535371929,0.07498121798983637,0.3168790496708067,2,2,0.422246799627235,1.955374758029303,0.020576180123654916,0
27.332919388135203,93.69652758577519,1397.445408813625,14.479516291240728,5.542795785805148,-0.22767762918582773,0.2839723630773196,0,0,0.7098234906834797,0.3243253751513885,0.26047829381096066,0
25.982999719648102,93.90984265192026,1221.2224925686655,8.740010068207653,197.6906076788087,0.1325697098956523,0.23044843510508597,2,0,0.38327695550950935,3.7237275998068853,0.015895263221909837,0
27.098182080464674,90.92459598600527,1403.7608311156687,19.539778324214502,5.468437685521637,0.5605282752728444,0.29586904825647253,3,3,0.6295465248137564,1.850284053669143,0.0006740583205658422,0
27.03470894116381,93.37160458929684,2892.113269262953,20.384109038829227,307.471948787596,-0.7731951168428768,0.48404981613422987,0,0,0.38167968578246586,2.312672072991926,0.005622600519430945,0
24.69710452767869,94.37510427384414,2009.8704500176343,5.048414592196602,278.01626515468496,0.40524009130643124,0.029794607429871445,3,2,0.7847566224984993,1.0837433066467226,0.22762233980055538,0
27.78281036766479,89.13920523467053,299.4982733212727,11.177843348056347,24.681641783345086,-0.18739922090398406,0.07467694583654852,3,3,0.6306609787452218,1.221414565042945,0.27899765939442794,0
24.083234682364488,90.29082045645652,2876.5834625986527,14.225751454063285,56.12446413143006,1.6898226204410154,0.4858423732972485,3,2,0.6681240490727374,1.8937277390215654,0.10798605651917917,1
25.893805291959765,93.62039267262874,309.6826189594995,18.35514967813957,65.93052450592089,-0.6830756072090113,0.5847314955242652,0,3,0.5296612304160022,3.696697899529981,0.1752175108345065,1
26.490294759386504,89.05840788217473,1628.9489318901594,55.90696592141997,86.28685230280374,-0.484899992778835,1.3024615688358903,0,3,0.0,0.43138235427725385,0.01870474083384538,1
25.76642760907608,90.78513601531367,1733.7683528063637,15.915410626606407,80.44006202274198,0.36388700382157313,0.4060323580910701,2,2,0.26494984406021604,0.30609200394652253,0.04317629328834889,1
27.09011119047433,90.08319561273612,2625.4654248504135,4.9171477450843835,292.2386681668167,0.7771284592755282,0.18850854650468976,0,2,0.5689460425228828,1.2521211977100124,0.3901517166816235,0
25.814959670496496,91.87594476174395,1328.0549097737305,20.00671698966825,149.01545094342617,1.002031993310248,0.3858096287969183,2,2,0.5664892087204587,3.1381697428000632,0.009683633558265306,1
26.900838255251873,88.9065866108024,331.5486721027708,16.278444772580343,244.4436101410271,-1.6458011720890138,0.3830031597258607,2,3,0.7529406454407288,0.25935222910910877,0.11997725892580136,1
24.67326772046868,93.0235684156141,639.3614331157646,8.10521447541742,131.83815052809265,0.600745162884758,0.027690968341981398,2,0,0.536690550926102,5.914222857147101,0.06373354006060666,0
24.081382150525204,90.66363387900621,398.8198111571376,18.562789884703594,314.6369721384766,-0.27859577280620446,0.542944798518179,0,0,0.603655441180873,0.9755920004983774,0.029189941374084823,0
25.507254845627898,91.50478984182183,780.3676306070818,17.689896374650516,36.03795435619578,0.382845708865145,0.7393462246347001,3,3,0.5565534981537541,1.0847529372532032,0.009996839240376136,1
26.850130698318182,92.27914534590006,882.5989019594325,17.539104343767328,216.5898128899906,0.15134693365674112,0.38007440164880224,2,2,0.5021789410853837,1.2761580440619256,0.07317627832768908,1
26.292383184722656,89.33393259900781,997.190014023681,33.53886705821867,42.995858920645304,0.45225412270219334,0.7699686074968302,0,1,0.8042158407654993,0.16119175618269968,0.22132916773865097,1
23.9893668197581,90.52512789956074,3075.422882104319,21.663516525416725,177.29994552411338,-0.7360079001897717,0.4137973047574515,1,0,0.658442697581193,0.3236844413416025,0.18166774597541901,0
25.619123016110517,91.86530861598206,2509.17352316173,9.04768409552549,41.97745640466596,2.4112440396396844,0.2659149835201311,3,0,0.946926555941441,0.13079578555535287,0.024891735998651385,0
26.728469976281133,91.52166230507629,2032.9391385482647,14.993250268151682,105.20463820752535,-0.054348065134071935,0.4664236512166531,2,0,0.6571338807838958,0.057151368544874105,0.02932907276523075,0
25.65130696230491,93.68657176166265,1007.998487528338,13.425043534650246,167.67049741742656,-0.05593699406042271,0.5338633695585229,3,1,0.4358258681658371,0.2925863065776183,0.28321174101283875,0
26.831542762174873,94.20344394589421,868.1161847630531,12.04401028559078,111.3961269770458,2.2726589908933312,0.2716835580495342,0,0,0.6738663664808768,6.627249607197446,0.4450243146826492,1
26.171529951414463,92.3630984911176,215.55215277841992,13.142985383757011,95.10899876470874,-0.5623683829231909,0.11120480466965191,2,1,0.6839687070149113,1.1855928949163532,0.08319606874505611,0
24.92719335388076,88.79627424883904,1792.7619628338448,18.821784488829035,27.102155860183412,-0.3826602608642019,0.17704088133831083,3,0,0.5632314921946862,1.5405477971094481,0.0072568953807164455,0
26.18022997289382,90.06424759117746,2024.6774935116887,12.464987005615262,287.71789689042487,0.2023181805583551,0.12760528989429287,2,2,0.2438401799599158,3.4862714377300934,0.08561112715738087,0
26.505191499948538,90.74218690683043,1652.6930615329838,10.94551883088875,194.12300075604384,1.4390750834862203,0.3288170180331784,2,2,0.8602987397897648,0.09763711119719286,0.028962387740358822,0
27.535182654981917,91.64120613357471,3086.475984127416,23.233021665846053,326.8602887559326,0.7796210207358992,0.46145847045633714,3,2,0.8367425931739706,5.118036844440174,0.10067670790916733,0
24.91402480574121,89.27257693220649,288.97083508335356,11.844224155920717,179.52042003438993,-0.2874711320558362,0.43559502796250205,1,3,0.9632056868890606,0.793337059346863,0.11746558940737556,0
22.55372911644571,92.56966502675986,584.8776715275317,6.453287924974768,296.38517811903006,1.281230563762572,0.30279915881888897,1,3,0.5348055958701033,0.3533058473304813,0.07779216367013514,0
26.94477681437982,94.16205808908803,2963.8075267106533,19.884938546130876,62.57759368842163,0.8287114061289749,0.6535898127289335,1,0,0.5547820965227762,6.735245518968043,0.014125370578278127,0
23.666538335550825,91.26813262814028,2515.684648935482,20.879462055377886,358.8001337311262,-0.5533937290158621,0.39326906511097004,3,1,0.909257999323168,2.6290277793559844,0.10527164763972036,0
24.788794406013896,92.04272584733022,185.75896080956704,33.47366890976894,13.761160301786667,-0.15355032217003803,0.7486761801495572,0,3,0.6104875897052677,1.465136887262528,0.07974063479230287,1
23.318927953227583,91.10921920638262,1608.8300699728825,39.236131317313564,81.43052398363038,-0.9571528278081498,0.769229364090488,1,3,0.706425529568689,0.029357589056920767,0.01894618800854031,1
26.797632294926316,91.90253411310204,312.9017552024271,15.803920917044458,308.21693849718054,0.7641082236837743,0.35288166062675164,0,2,0.2688621018355564,0.9680160512689098,0.0914552597928714,1
25.105530823385376,90.06980493960643,305.6978487454657,3.959306161885093,41.93302173595556,3.208160913916495,0.0,0,3,0.27453071155312686,0.36627422498778833,0.15874532109943534,0
23.23989476466712,92.09360282797878,2689.000636929872,24.930911454029857,154.66647455943905,-1.4026906774030896,0.7378587525817019,0,0,0.9433744746795647,1.3331436242189034,0.005933238100024255,0
24.52807417021493,90.19761854610783,2464.2796614972885,36.09772555770519,139.21393086438255,-0.0505570358546391,0.9176433240058525,1,0,0.5289004911663285,2.659419880025346,0.2730149973572412,1
24.311032765041112,88.93103331453634,116.80137943641367,35.629816812252166,192.52868874494465,-2.4787565179008344,0.7978430325899253,1,2,0.5133407958797084,1.6518345640238796,0.12293832763281493,1
23.808618962075567,94.71977590205525,1479.6094170777492,18.501144227895093,68.15028931220489,0.2238927070680576,0.6120390285917057,1,2,0.35110291090329127,1.3463227691730892,0.2790398030093922,1
24.22969746780065,94.46975426847749,977.4007129941683,8.044383593325435,152.1061450484451,-1.6407346102868243,0.26657413442514144,2,0,0.6084557153339095,4.632939196252276,0.3484107360189235,0
25.477788819449636,90.71716325624988,2122.3784152259805,28.85996866933398,216.8935192632615,-0.1467166301285866,0.669237200788386,2,3,0.6897544561053321,2.1434897929410512,0.10097634444694328,1
24.755383030663523,94.93906102689522,1251.65735886284,19.642808955991008,155.08689290786006,-0.3016807761308459,0.2974857956376756,1,3,0.6978853046252231,0.9221401997089942,0.12622350701275253,0
26.31313061355976,90.20650490171847,2703.3416339541627,6.111808178250964,48.986032260038854,0.876830896064053,0.04219102619111685,3,0,0.5715061487790494,4.106736192227411,0.08153847569530821,0
24.93772830576358,94.93350001698589,1832.260109544921,15.074112013577828,66.96157331978684,-0.5368691328707993,0.1436930669745831,1,1,0.7982146560082557,0.05425128665052076,0.33627174387979714,0
22.671342988977614,93.37489030654157,867.8018021395033,16.898648228003744,55.94387984354633,0.643992678531235,0.4458642500981231,1,0,0.42660022731548203,1.376743923835359,0.10666728725061013,1
25.494762065136296,89.44858196408106,1605.181467450926,16.791606778601377,112.17565975520046,2.0518127559389576,0.11844591347433012,1,3,0.20348711114826662,1.58999344719203,0.0520464278791114,1
24.366038811561573,88.98808097411575,2698.3178057391283,24.888978425646474,203.72936824769587,0.21881937104680035,0.30437928890263677,1,0,0.506607843609388,0.6143437987546247,0.027327001132117713,0
27.469080300804954,94.76288886638464,2683.042576988561,27.912282122581402,73.69918536074847,-0.559935794361552,0.819592719381063,1,3,0.6314301325502168,5.392382742992249,0.02304807822764751,0
25.055621785189004,90.09463438045637,268.36185516819285,13.46607376373482,253.59445207802816,0.43881652336169663,0.4871346950805936,0,0,0.3969335873234279,0.058848969048660126,0.006980504911190656,0
24.944973484174458,89.93839338292423,209.70758132523343,27.15051561183065,261.77345862189856,0.7817402280478173,0.6166685029579309,0,2,0.6737999951986253,2.2029485167075653,0.1026853265866496,0
24.564593578458666,89.06315474991956,1664.4623613262338,5.4854953325571305,348.67973192499204,-2.0846057526540664,0.0892388498693896,2,2,0.9014432400134511,5.394754879772893,0.050464425167807386,0
26.718886878085456,93.72921330715877,3091.959642047777,11.469061356063678,73.59196964047544,-0.6416324391380163,0.10916541015799411,3,0,0.563215301423469,3.431097290342781,0.04410825643947244,0
26.259930285575763,89.51903105296103,573.3504498493085,7.854600297345774,249.06941063003958,0.072573080591019,0.08547921273575922,1,2,0.6984527127028869,1.1918236703350773,0.021686739113158892,1
24.50608496138974,94.12406227546477,671.2898929281597,32.82796091828367,304.7542552524139,1.7111015603628703,0.6932009607070597,0,0,0.6612501097568317,1.3394362643833342,0.13692432532534413,0
24.98829451800926,93.350779787752,1144.5379678720192,16.359737007459415,54.3311119185809,1.0096857385188218,0.1094767414931975,3,3,0.6118754105590806,1.880573456911659,0.10735631201183773,0
25.880995872884366,94.7055819273892,2235.3065809916893,6.2053679815202125,278.1136484835829,-0.45572501084051054,0.10327058772463922,1,1,0.6997490673147911,2.945017231076112,0.0255048284250865,0
27.496652341245415,91.80177798242475,2082.161669903961,35.496673411786716,187.2184603035412,-0.06300501583677695,0.46533482489832423,3,1,0.46061665784012695,0.778841462456689,0.23986733637082658,1
26.22089183087149,94.2275745840686,2281.835000263106,10.62053934978943,102.34752638814626,0.7611505498063198,0.16912786995732862,2,3,0.48090760935651256,2.7266777566538125,0.15687445430325167,0
27.121546277736595,92.78071255524968,2819.96426584253,16.201784445024852,99.25890610251983,-0.03002344780847147,0.45810844193413464,1,0,0.5772773386908123,2.2523189917035,0.01232782260981175,0
23.206750787456613,92.40728726190319,582.0890631380444,14.51472809465909,200.4721444583792,-1.036726846758685,0.21069452843231784,1,0,0.5940373093148381,0.9517892747866596,0.010160146741084376,1
26.338485651352567,94.75439006151444,756.6868305213852,9.012497727040206,6.48246923269344,-0.26762706489607857,0.2880021487404297,1,3,0.4971390772329124,0.5420377677958262,0.08454373278795269,0
23.57532651247189,94.20719027246274,1736.2430007021353,7.376656742486672,241.01286775669024,-0.32202262863813463,0.05027041610447251,3,0,0.3935467089120427,0.44168533658475667,0.052322923653835555,0
23.223246640133397,91.17249539634743,2941.6458766067753,19.944955725963577,215.69253393157473,-0.12267622111472039,0.38103035946182195,3,1,0.8961598802756332,3.572440871618559,0.04382943152141855,0
27.327692636406667,93.94686803852144,574.6816455519061,22.9063344695857,248.43474709658915,1.2328036892688596,0.3147443011875252,1,3,0.4455995996414674,0.48579411288538354,0.15247138088755469,0
23.949811361690436,92.8374192941053,2343.779273355794,7.19779844831397,183.75752486547944,0.9802337687226637,0.059903245102949226,0,2,0.4708499239989191,1.3059408264615153,0.050432022001808546,0
27.03315183973433,90.12189720532085,2785.3499512484514,4.806055565313691,144.5472297648994,1.264779847050035,0.0,2,2,0.8198649960373627,0.7902332221352023,0.137021397337149,0
24.745230124629785,90.10428378908976,1542.2667404648703,43.68993159911494,312.65981730931554,0.9769641504287125,0.6680322983136535,2,3,0.6184841587718038,3.2529899000385902,0.00394681962212652,1
27.752865639476873,90.19653970721687,597.4404544567114,12.101836919691822,305.2365634117725,0.1646876198197184,0.20477325719818146,1,1,0.3084477551138868,1.9152175093216024,0.09569831306611849,0
24.233042305791532,92.26518926658176,226.2731208970376,16.298188076422456,339.40467508595844,-0.8044978195424114,0.17815706091796704,3,2,0.663831808939504,1.2124980808496482,0.054239768093164636,0
26.486166743513312,89.47178089067556,2118.849979226312,9.256869025290648,75.81750700071426,-0.18886884930447648,0.3062019478540573,0,1,0.8064333159270082,1.7455269471376793,0.06343382371136365,0
27.797293842761306,90.46749505859997,359.1766934193289,13.59682501722767,98.66433553045987,1.7114227989324904,0.12130132142502278,3,0,0.8899621685545878,0.654729307002383,0.006260489221737817,0
25.61144669074865,91.7867632826614,864.713758038152,10.360458703214904,332.27711519594294,0.3234740834923381,0.19857597469441027,0,3,0.43894428227374205,1.2425115483722557,0.31789504676130215,0
23.983881741927558,94.11269746416092,343.4893878806174,35.41473470474765,57.57393307263527,-0.07028192201435018,0.49838383635258987,2,0,0.5981969588790661,0.935622111750631,0.16328443436713191,0
24.36949234257979,89.2678204729944,2240.026910204203,7.8933725293907155,207.0963635990512,0.02407740648391172,0.0,3,3,0.7506461014123427,1.5981773791261835,0.05014156953430432,0
25.713889686697815,91.31528784866103,3103.6286989190853,40.147313002115126,345.5515286990025,-1.5974276211665621,0.6508223062212707,2,2,0.5743531636104111,3.243946948115198,0.06160619941766761,0
22.51852339987954,94.78379423536849,887.8720931689211,1.5017856905155071,249.4710756717252,0.9646793941636173,0.0,3,3,0.3041508692852239,0.15047062201078704,0.022527251470240386,0
22.994735102107562,91.06130027725101,942.256816545278,14.0943704812105,57.55059932741306,0.9006470828554398,0.44581815233811684,2,3,0.8555034251066915,0.5934721842173692,0.0005016817475984586,0
26.290586522907375,90.16800884860052,3154.4173620323727,16.327963665600038,45.138506065183904,-0.45355157730561674,0.5460352983432755,3,0,0.6568046257555253,2.1308706133651456,0.052898898669672484,0
22.51521794880251,91.28143918318467,2089.620994955585,17.29794770120345,209.88513583964718,1.288832392310989,0.4914436080723809,2,2,0.7360478707539069,5.522800034893875,0.04881617562456196,0
26.700074469504635,90.20894146883748,2561.0363273910025,57.23848823691112,138.9720721029449,0.16372225505801816,0.994216354193256,2,0,0.4429393603653183,1.0449778946014927,0.02624450116738111,1
22.881577560533856,88.66707451523928,2148.042326863109,13.9807161604258,356.1246896463872,0.662145281490603,0.19556920667379352,1,2,0.594903599582592,1.621056784190645,0.2146985985831575,0
26.676633378601046,91.25747301071604,520.9360594424409,7.492411185034415,305.8506925071486,-0.04074635781719302,0.28004521385292735,3,3,1.0,1.315510191028797,0.03972429712985475,1
24.44779422878257,90.58442169313638,2217.461872820045,17.651529094044704,49.39121101415954,-0.6477276430783137,0.4127282655153263,2,0,0.4763528700248908,1.4526664571143322,0.20474939562149702,0
25.647067002745832,93.85914776305563,3020.610049176932,7.186078258520666,318.95104071336704,1.065279371699199,0.256641838611679,2,1,0.7095113144626422,3.3303862040978522,0.268900558450631,0
24.918131067057697,90.31635982267657,2337.5481980477402,31.96461344501958,200.40114835974876,1.1526828774815703,0.875001518443007,1,3,0.8540100913468696,4.342075871220916,0.06901536826383518,0
23.384025233266154,91.95527137148255,579.6440869275168,5.072964346664276,308.28553762815216,-0.43345532977786516,0.09552187968741821,0,2,0.9038391794643236,3.947447333574087,0.12028172096309882,0
25.81363838514853,91.42147154334096,1397.0186035183892,13.600100816631425,46.551330775357314,0.6281492777578134,0.2365620495779782,1,0,0.570162315002303,5.487711120982618,0.15295155950721828,1
26.77268773280696,92.02747228847497,404.68216744096605,31.816623236022313,351.72229248575724,-0.37138664118742654,0.4499636916018349,0,3,0.8253789764115465,2.3507543915520452,0.05140201071609834,1
22.82125936753976,88.55499987408065,1993.758309920625,22.450936681067162,189.31148314650477,-1.9490385689179244,0.3819991227005127,0,0,0.6748198745879611,5.739025794543074,0.12916802738325578,1
24.823183960059183,89.02964587090003,1382.3468391505303,10.460959203143897,87.60789141129973,0.7863236682915793,0.39140271245596947,2,3,0.5056470768740995,0.3777089374184418,0.042770469261327715,0
26.909962559474536,91.59289538577147,1180.367603646889,26.30946358136899,209.87590531627944,0.7198279809313747,0.32454320309853535,0,2,0.5895530649769568,1.3193544509716497,0.13119266511644875,0
24.381033801443436,93.19889291277208,2012.6170730680944,15.409277092699153,21.904874170563588,0.08153027923148934,0.30332685033676743,0,1,0.4937801186116611,3.859349999108848,0.1966454569491144,0
24.48645654033247,90.62574499964698,2058.5847936906316,20.162027772285914,199.9882465581007,-0.2507189127222754,0.32306996218882816,0,2,0.6610131418634007,3.475685551035719,0.2878043831675509,0
25.113279524065103,90.96734498836918,1731.5014335011624,14.289254124002332,342.01913604317565,0.7015654719404685,0.368694357615011,3,0,0.49794029953057645,1.5948410090777634,0.03906056777526807,0
25.15956551990316,89.74969087182222,482.8693977517535,16.959738468336912,348.8712219356128,-0.47441459536584457,0.2136397213831546,1,1,0.6761464754514721,0.613908447891367,0.21100761662436898,0
22.579370711463948,94.0980732886119,1631.1554290882953,4.0092227645002785,222.62487764697468,-0.097503228916757,0.0,1,1,0.5246906874691337,0.3571606186907699,0.08957459171021113,0
27.711913211235217,94.32266422950083,2340.76761233053,21.592404765201902,122.13040442450254,-0.6424266797084363,0.41124514726610967,0,1,0.6986557867347856,3.968997316742656,0.09563736839215287,1
26.258913626209154,91.15050974931107,823.452266018556,13.513133936854345,118.1081593466711,1.4933015621257555,0.543357568317945,1,0,0.6790150752752733,0.2598069555722543,0.007592501262037524,0
25.300784440863968,90.80433226515932,2110.5658634295714,13.329240984503699,202.85236856018167,-0.7853075926357327,0.5268382696561553,1,1,0.8907774491721472,0.637652767975529,0.12341191684090354,0
22.63807799760079,90.63356538264561,294.9628511905386,25.2060417576511,234.7842979048915,0.18425522240455336,0.38680915410276767,2,3,0.3936658369688396,1.8920517693126138,0.0322102069472515,1
25.725652815335135,92.58325401853354,297.6303828936394,35.92477348976796,75.60174197721562,0.4598303064648266,0.37088123226423414,3,3,0.5615542575810167,1.4799660089108733,0.08898885365318703,0
24.408281575718878,91.92613757962101,1580.7211618924723,12.97063212415111,294.1570261197907,1.7851278019658896,0.410620181912111,3,3,0.41930473494884735,2.1553015624057443,0.19251479751163272,1
26.03300526627234,93.30918038141408,968.9003379502532,21.715735317978563,214.04473384211104,-0.015470762836802118,0.3789327126392497,2,1,0.5740850203401965,0.9325249068848245,0.019497420761619137,0
23.88074224752042,94.42889053184886,848.5820641676834,11.95235488900695,260.3055914931761,0.8837849612619612,0.18087549497399802,2,2,0.8488189402613636,4.239914624712566,0.07933790760961162,0
22.859598549391176,90.26036532390485,1800.5111461210292,40.33421351287864,214.76896393690492,0.029750744658861888,0.7670835964174034,3,2,0.7948217497983445,3.180043715505255,0.05614906378512392,1
25.655581731049356,94.78596929673023,2322.472292400966,30.192652766486653,171.79934794356942,-0.36593172704714716,0.4380723292071053,0,1,0.4837262762591205,3.378997545377469,0.07872045326512625,1
25.5548624428769,91.0739518439724,1767.3238746136744,19.744228662038317,62.35095118795024,1.920900822086021,0.3426116615367319,2,3,0.31820509905568106,0.19234980806486496,0.2053299341396785,0
25.474452870748777,88.67640973274717,2536.712584702115,22.771416909020928,253.85847377614732,-0.7589848639930996,0.57211847118455,2,1,0.6629204307537708,0.40700413486596826,0.19196137100502314,1
25.668054250259345,88.85453285153757,496.6203473483974,16.436867464641708,92.75489688519852,-0.6163570532651123,0.3094235629333838,3,3,1.0,0.4005633698846446,0.1299025807383671,0
27.07845478735721,93.32332339658598,2859.5039285509333,5.93724314890909,163.60622213911086,-1.1382639842752136,0.17868946590219256,1,0,0.6625516757879553,0.32013061925734515,0.04194681337982258,0
26.306193073442827,90.08200052261043,184.57862141798196,24.437555204261447,9.696875547161783,-0.29917347918958953,0.0894563035116297,2,3,0.8290359888511288,1.7883528360202856,0.0167796350564931,1
25.267537336756178,92.39806039381378,2889.047530258387,15.828872688615046,0.3439200324529912,-1.0070382242851093,0.563863662218381,1,0,0.686090526131432,0.9591109708902448,0.024403988235455594,0
26.414217527809825,94.2656468386295,711.9288729642096,13.33072087125133,30.706767194366837,0.6511170495570714,0.050244389798177636,3,3,0.5812060125955788,2.1209337580092025,0.04626296213319114,1
24.045946884777223,94.86780593576117,1431.0497146705527,24.658208744485105,45.023048309218375,0.12122418368935654,0.23724963385703823,3,0,0.7431414393558684,1.9182172189459126,0.0362780674976488,0
22.56538167158079,90.27673147268435,2611.6505526679716,7.878051098597918,259.0866939159405,-0.374481889485818,0.0,0,2,0.5833755227691818,0.6062638127077725,0.26402927098851053,0
25.30809652700813,93.6782725735385,3179.7436398691466,7.859858807593053,41.608370287320646,-0.733118331282596,0.22713094454958288,1,3,0.7367160742373794,0.6150488155053819,0.06144185594528857,0
26.510774005989937,93.34695764866073,1117.1812501351023,23.00584923774012,172.74401293586104,-1.629636090484295,0.3337446783694934,1,3,0.5249241191144488,0.494950050002143,0.21454860365117248,0
24.277810132878194,90.02703316707847,893.9604299153266,14.117401303123875,205.884837708054,-1.3486756563739577,0.24784814665831018,1,0,0.636941596506536,7.361894033302401,0.035302551251089574,0
23.280873382308382,94.72647891299678,1747.1811351353008,34.680268885036234,290.35196915263384,-0.19252656952325795,0.6799606434820255,1,2,0.2358446544540494,3.4230721032875224,0.07781190775066867,0
22.535942476826918,94.71093114474704,3193.0476741218677,43.82520995487242,114.16596284035228,1.7098992559273836,1.1541322442411386,1,1,0.7271484263564254,2.852542152201151,0.049910746894459845,1
24.738456954066105,90.51116459285058,821.4675852129059,9.928995762750592,256.0954333508938,-0.2204745825863184,0.26691698085549836,1,2,0.6540528187394123,0.3726254654149508,0.37532857730691443,0
26.337053195988823,90.70541482650654,1962.7628021759951,18.138534762573308,201.05322242610396,1.4442503964023794,0.08271166811722147,3,2,0.6957917087721277,2.965789319066183,0.21120530216577937,0
27.558981765335936,89.7550408484953,1492.8146949481638,12.007699614181846,205.4601694509009,-1.1123319147813555,0.3511966423315742,0,1,0.38165391494724343,0.2573365780813792,0.056489258430458426,0
22.615565322236755,91.77437868636513,2113.402849641674,23.836743631496685,129.02282435008857,0.07609447892251621,0.5473323105455444,3,3,0.4396905065386347,2.6190861146601896,0.1796706961074864,1
24.8130063565572,92.98461019247847,1348.6647865776288,4.863098919470245,93.81203801331549,-1.4546438728581037,0.006249651992270178,2,2,0.5292063695360137,0.10290560565694562,0.2481421194709601,0
25.111351589986363,93.67383656767919,2840.1317846147467,9.32324974673209,253.72689778256475,-0.6003824289163511,0.3015657995927278,3,0,0.8684819729607779,2.2635034537354035,0.040366657899406855,0
25.381974756028548,88.76342572162571,1694.2113620192222,14.296282860258232,283.3469362539479,-0.45961508607392565,0.10397031942535856,2,3,0.4523979835248895,2.753052585183445,0.34584067965629905,0
23.95836681330406,89.77172263716807,1723.724791801143,2.8200199534285204,48.82547209169825,0.5714492255163438,0.16531975748590344,2,0,0.7795292250671462,0.08160619455109183,0.1172478646076365,0
24.105880393271253,89.94341655916584,1978.1315755278913,26.55218117354185,281.50029901666164,1.4955440152017352,0.5350626399387528,3,1,0.47607379604415706,2.017402392952469,0.10826088247740039,0
26.229012463044757,93.83041917214948,2825.2003254930714,27.033875725111304,70.90368107957693,0.2236149064397072,0.6848510965599037,2,2,0.6087816789062335,1.8768535125288117,0.39574651380996245,1
25.349841720784788,88.81758939392732,2306.383860968319,8.622459456242634,18.34343210021523,-0.13511303090662863,0.30381033368899496,3,2,0.5842731713112299,2.6138330158384653,0.004122237429795088,0
24.198008486078646,92.5879125228678,2766.073726938705,7.7827233180815085,330.60996374418585,0.3303877556559817,0.3416105024219987,3,2,0.5918752715076879,0.5577115006547955,0.20036860914748528,0
25.744440672018786,93.30853725040689,590.5755609141888,22.257371112613455,47.781773013353764,0.4184493689849223,0.49686998393573734,1,3,0.701030494752219,0.9177503310365226,0.009050756393504581,0
24.452434869061655,90.23609329814319,2103.155422691235,5.371396245338605,354.2020789594201,-0.36013806357701345,0.0,2,3,0.6298719566823692,2.396215832815504,0.02030750848461423,0
27.158934951504975,91.60132698144912,325.03342160336217,12.462208747919648,283.34524569384905,0.018825096581047043,0.27143794477211175,0,1,0.5238024811806266,0.6344525566434019,0.12769185701426078,0
24.150352754700872,89.62132759503879,247.1944411125109,5.930079062081335,13.266554619619129,-0.21096227937068143,0.052632203818215595,3,2,0.701952243478664,2.066704048628783,0.009118459098036246,0
23.96700154306562,91.27129609070832,1219.63726229484,31.012856784596025,236.8688272179557,0.2119825497716119,0.6579801153445932,0,2,0.37477701859290147,0.6280412124886406,0.2546764901597067,1
25.398129401840386,90.35284432424922,1073.638443721672,16.209679251004474,193.25822443277312,-1.3672128913019983,0.592801995822265,2,1,0.5854404383348762,0.05154880364400775,0.038905659606214144,0
27.550616524331502,92.2401203666888,2296.1024525484945,20.761062123313728,50.8534113261936,-0.19022291832309887,0.4659371306922241,2,1,0.6454075675206178,1.8768676116362542,0.08349044382619741,0
23.476300885581878,89.09455653092536,2932.8763774274025,8.661492124896222,333.1615923733887,1.0156622833856628,0.027871971069454854,3,2,0.8259733878875956,1.5946688910202018,0.020209983275051822,0
22.919863620687416,94.72192446986071,1204.5395627817622,25.812824357779657,136.41638813116992,-0.5243766669379845,0.39401109115569,2,0,0.7376647689107861,0.8899969223628061,0.013996238548380528,1
22.682638724925184,89.95752326381498,769.8806688452995,17.804503894973323,265.79481730286386,-1.5638035002056712,0.3003761587452705,1,1,0.4424458541707831,0.547252236778318,0.03853348746109625,0
24.202918900291056,91.84986826739102,3074.140264341571,9.460599653515962,207.21824904656287,-0.9371492065131337,0.32694687205033657,3,3,0.7912560329357851,0.14371518106332618,0.12937849236791313,0
25.988426850248363,93.93119313473021,1530.5913222935467,38.514483508037785,34.748502950032126,1.0987676223629725,0.6289625206168599,0,1,0.17849525264583976,3.35330155435349,0.05229155010903102,1
27.761054510847543,89.54989255650703,2680.773010918164,26.626127400422014,233.24011259873757,-0.9658123191841855,0.5173405143060525,3,0,0.5449181778425745,0.22208676212163023,0.07779147040540434,1
23.68583680591961,94.45625369547483,2313.2273250833614,16.723717249751743,55.46589447744972,0.555069720071345,0.39765120754466876,3,2,0.7108709886866533,0.5795079650081104,0.0059678677921084404,0
24.71746463971656,92.42066369442533,2366.6081195839247,5.529957936727341,290.52039686239914,2.161941781188503,0.07260991728572531,2,1,0.8074648642022506,0.5913993349136311,0.13813454702617342,0
27.549755992749887,88.52263250394998,2522.044003567539,5.058491794397678,215.3088212802553,-0.6061869476341336,0.25885373194684247,1,1,0.44683021971391723,1.2084589522043547,0.02721005359376994,0
25.044755084792243,90.28479601730588,1658.9718230856597,13.895870101856552,329.8991077520552,-0.6156975239648442,0.3024995173985371,1,1,0.5000690896170443,0.7263187643702746,0.007054468097235693,0
23.351863398841772,88.64074368770824,2886.7309270312135,17.45575552311406,267.75942597579757,1.6291980148088911,0.35194438747102397,2,2,0.513018472566217,2.296497527892889,0.054495472644677516,1
23.497594471050565,91.38463872761567,3089.8065034586334,13.433011601335362,305.3791972815449,0.8303977491075424,0.4665161324139919,0,2,0.7211377363496059,0.2600615321921415,0.17102667845279906,0
26.296585040686896,91.83112235473568,1224.2604393567526,54.98771136540861,7.08996729550833,1.3360485972587004,1.3542579878930403,0,1,0.5127003459076437,0.948894828074741,0.05389430116026862,1
26.636720699754246,93.51337096618651,443.8159936967546,16.518587091261008,31.36655233698236,-0.34909416333991755,0.4102319377608988,1,1,0.8467433809374912,0.8221145668162845,0.6331992559836096,0
23.185109513245614,90.24251208566308,2110.0589981897992,7.855191208396681,351.4056404985322,0.6714848950092839,0.07254505153326421,1,2,0.5167358074883248,0.24471685584765968,0.0026469990787145797,0
27.186313220294522,92.86332278784737,2217.5374635891176,20.97713647374289,331.0315433227017,0.6062302058843455,0.2125063329781833,2,3,0.5631022691521572,4.725137296588712,0.22564423758907626,0
23.13765660826065,91.35998421799053,213.56831959098912,13.615886657180592,228.19696906905804,-0.4338336409083763,0.43590377124968904,0,2,0.7253395586523087,0.25275555978798553,0.028315655860428085,0
22.54618789583169,94.87769451924032,156.21121642527453,14.963844693396982,132.1090178782918,0.014701825279437203,0.3851392312524187,3,3,0.46244980358083987,0.14337769274076037,0.025830739307874398,1
27.787763921586258,92.51690978599,2907.7575149556515,8.630349126354186,295.629050948674,-0.582550143348166,0.0,3,3,0.7457612568500793,3.29486351828294,0.06309710295125064,0
25.67999368536637,94.9879945039825,1878.9767017109561,6.230295437774249,323.03583688942837,-1.2637503194065218,0.15675293164371112,0,0,0.6988542889619459,0.48865011846341977,0.026177499496061813,0
26.433835276429463,92.84150099804292,2607.6907115314834,12.972200695692182,105.76090503542554,1.3511843284590006,0.47611530881980757,3,3,0.4234882540618641,8.727799467763894,0.011367383667707127,0
23.231727163445097,91.21268426112711,2895.8770125790174,30.4729616539733,17.61613038930353,-1.1136028316148774,0.593037096638406,2,2,0.6379999338518034,0.5728064759092737,0.003379627461391681,1
22.513666635578907,91.72998995963441,1256.1113280735105,7.4271606096971405,11.131926149128809,0.3384806136890324,0.36897881655816933,2,2,0.4841722123650367,1.2249338585626832,0.0006686338593611899,0
24.54050200696077,90.5613515899418,789.5807939141915,9.377832327833385,190.16318511951923,-0.40023280990585663,0.31351313704066275,0,3,0.7419922283674093,0.2949695489886251,0.02963485530829988,0
25.420484055582612,91.24760469388198,2999.12648332676,31.244666670219317,52.32610980303753,-2.3737760535354258,0.5388023088494739,1,1,0.5774737940319913,0.29732757192028236,0.16444829199183544,1
23.421524462347104,94.57976651964583,1738.6658394389349,21.005588439823498,95.53195779608875,-1.3321174294098623,0.38943353792049024,2,3,0.26738337843502497,10.3110600282258,0.15611754039830195,0
27.008889677930416,88.6547317059362,2186.982083958595,11.477716282610935,134.65658208330274,-0.5547926767916584,0.22136209352470954,2,1,0.4692354711848034,1.2207402170031905,0.040852530628887634,0
24.184188645459365,93.89663740861238,596.1386541312172,27.510843174398723,190.16662569143716,0.96045507747167,0.5302470827274348,0,1,0.5690003751430623,1.02192096114655,0.0405080492191264,1
24.47706106219974,92.82985218025367,1420.5755055784457,20.607461440967086,84.87762227062512,-0.45987781573702197,0.4752810817701972,0,2,0.90937322875484,2.4182552408160296,0.18134731969711068,0
23.539437882265915,94.11264888143344,2755.5069413902484,20.494325130367624,141.54360746551072,-1.3023214051000322,0.3805009663584061,3,2,0.5287436889751009,1.9657126426606328,0.17650076351962432,0
24.272264354348767,90.06601562340056,2389.2857233793056,19.11035325671994,158.5278693494584,0.27569073274204753,0.4849567760494228,2,2,0.7206398622584864,0.5561813577819719,0.24689865446860335,0
26.66992697861848,92.28808236437123,992.273918962061,11.759466939880191,292.26486461352664,-0.8078223853114933,0.18211153566712618,0,3,0.3375364989050042,2.048061049806819,0.2566766870581481,1
23.138326667200992,88.68191263485785,1189.4721050518851,1.6545206483545036,339.1443841216894,-0.014135259210628073,0.004187269054065912,1,2,0.5959636245114396,0.5838131382783467,0.05143536584975144,0
27.68206369850947,92.99421435469337,373.3211314648915,23.46597403564157,342.9440135610997,0.7157272810747723,0.3234395557267693,1,0,0.9557499726296158,0.9579429763324712,0.13577036996723374,1
26.545619116190334,90.41526457756015,1274.6819381120442,15.564775428734304,347.4483833808032,-0.39544379431398563,0.4500904431701225,2,2,0.3332093102015061,4.163968721043948,0.03890237039057243,1
23.43729900096741,91.18079428251836,853.9844672600904,14.416994365945685,315.3590421657592,-0.08138520448221714,0.2275741115593252,3,0,0.5055218685344327,3.4982797749606904,0.03048481936492635,0
23.68094506488854,92.95959196259805,3029.746094651346,13.629176209566271,11.019819441684993,-0.16590985510107972,0.3219811839831406,2,2,0.6008109117916831,0.11617597376689184,0.08493188684474567,1
25.43667300179443,92.78562990546764,2109.4697248412795,28.33468210381569,208.09412925117547,0.9600709639216006,0.5601616566715799,2,3,0.7191984087431496,2.2435355045019363,0.015961753862926743,1
26.76306172761463,89.70723487943206,379.36655539506955,6.17493991039492,249.5437630052439,-2.201968596139199,0.32966948060646073,1,1,0.2609025068513106,2.458150961093939,0.029680779823820592,1
27.14400368744937,90.24737692277519,431.91877577801006,23.040505764873494,99.5990631359347,0.033610286911577296,0.4954260345407615,1,0,0.7622604060603647,1.6417552647611957,0.1182404740511899,0
25.58056985167403,91.64240687652956,710.3001265495384,14.733816912725715,87.2022279503377,0.2096826343089477,0.4797527073843293,3,2,0.49098484470150006,0.769627988708315,0.38482313011323993,0
26.455596294459323,91.51665561724685,1925.1767688226762,14.074815368038834,249.91814148767688,-0.28709680819556727,0.36133121030051385,3,1,0.2644128244040306,0.9599271030941158,0.00961368025337946,0
25.93556247497754,93.55196457549931,947.4319657293623,18.647580721120978,10.587456944342218,-1.1382254497502524,0.48424110237875906,0,0,0.770801186595031,2.6705157615818718,0.02459104865632738,0
26.24249300007067,92.78413053265844,419.7304434638446,11.498013598559186,53.8881208121271,0.09108996678502743,0.16845282936660794,1,2,0.3907561046414503,7.24429411841374,0.026360791267011255,0
24.402554853050397,92.55359369378225,3059.7973215978827,35.2902451797393,67.53280277537243,1.3062853865193034,0.8739555646322313,0,2,0.34870214466476157,1.50898510794341,0.04189195983180414,1
24.67792649590188,94.1769293916443,2843.0275360195824,13.0537846519729,18.344529139468513,0.6490461289556837,0.09843375291415435,2,2,0.5768350370619535,4.016109483744486,0.13789172457342533,1
26.981386605536223,89.75951456488498,114.72978938368966,29.06320262908155,249.42706376265292,-0.5985586729046787,0.666449699605811,3,0,0.6791473299146347,7.653898608402257,0.018558496576727587,0
23.63802629570386,89.98750225525049,619.8427648553171,6.352088444976419,130.57428930476053,1.302802536161245,0.15497414825324857,2,2,0.5976197563472595,1.8118662461328225,0.02705963136048288,1
24.020908864045374,94.37812019638007,2848.8774217151213,11.258046791501961,21.074503057698386,-0.5783426248615452,0.2970295685245021,1,1,0.5931491777804384,0.35539985092142523,0.08738088092111278,0
23.25213414764654,90.18635048225075,598.3829842680414,31.31867743827595,293.0872178756259,-0.09203379239464947,0.46004734157242866,3,0,0.405853302599388,1.678843410842568,0.028823242515985417,0
25.28222994238649,88.59170693534931,2700.536562089293,14.257139977937978,345.0070127341506,-0.219990917713377,0.3746824484822239,2,1,0.5361425389760129,1.2755811150908551,0.5040737093002793,1
26.57208134466675,89.81292739461897,2165.0072281302114,30.442293433203247,308.6208958858145,0.6231113158707989,0.4740797986509526,1,0,0.44350647992615916,0.20116460992927945,0.061904437592776765,0
23.21722590586089,91.61437810100892,1833.8961343255696,6.010451606292827,323.18306506934096,0.11434910982059632,0.17677890477251063,3,3,0.4319392588047777,1.7816547200027,0.026460245614517854,0
26.952447175035104,92.32137150211813,2198.313666104149,23.235402111492867,130.11184532111233,0.016762457261947625,0.614072916979387,2,3,0.8857372790654066,1.5851254263986336,0.15321771537289042,1
23.535023641207626,90.21358017524878,859.461542326449,30.152776928437987,175.35896886203693,0.28207199622729967,0.6859457156219522,1,3,0.38630446818587394,5.713957465085237,0.06660089989682501,0
25.492543939469066,90.5756376315164,1431.2766651172863,16.10923330827268,177.1518546194388,0.9180716336150824,0.4714392829230546,2,0,0.6711825567838454,4.243852549595913,0.007559260856790243,1
27.43510737797226,89.86054297223448,1319.0026447631262,12.487570407933216,270.4814423011688,-0.23408207308014561,0.40389206236884034,3,3,0.4125981358693309,1.732211283695694,0.04082465710196713,0
26.261025703168066,94.23269139141502,1786.7382556372283,14.432691106636248,272.1374701025094,1.0626473640318037,0.25939634445206017,0,0,0.498699167157292,1.0889090793089513,0.06328218378618106,0
23.703565240851688,91.41931980299005,127.35416999390725,10.964149584908371,87.309910890227,-1.154067726254209,0.0,2,0,0.3507700293538236,0.8715882918755914,0.16305365764592056,0
23.16737971787812,93.82129990367727,1534.4077226439545,12.500151299325115,36.7354794508683,-1.3221338980832993,0.36941061860945146,0,1,0.9669792639872193,0.20883955809111615,0.08709987170343657,0
22.910498662096757,91.93848005226285,717.0545730837778,9.76895579222958,64.68552553666865,-1.1284356363047208,0.0,0,2,0.5528711052355658,0.8173700507363573,0.21709306684901142,0
25.684548043720895,92.41426698475918,3034.3201528565896,10.275268442823272,261.9919003871564,-0.020017030030925434,0.37281576832100727,0,2,0.29850966330443596,1.9904237978647936,0.11316894192642234,0
24.494245053936243,92.26184119427094,3027.148607351903,3.4748004768605014,128.22219771674753,0.8981717905072897,0.0,0,2,0.4679890197579511,2.138219758001022,0.16970389621021026,1
26.741503168220717,93.85768356470602,1816.8393391275836,15.13672859787922,15.908694898133856,-0.14265811326429617,0.0859403297229149,0,1,0.6075912658454071,0.8372546160530143,0.03935353308828404,0
25.705570157803646,92.29317459235041,2661.7103892212062,15.782758023988647,33.38040156349195,-0.1396098984657797,0.3658668965136918,2,2,0.5643540242809977,1.991941388017745,0.5044870976459811,1
27.11817134174826,89.89581168666687,1313.694686748407,34.45058841082703,199.07824331077038,-0.8201944465808737,0.9278440385803988,3,1,0.6829531523339405,0.8355994944952694,0.025685326986282432,1
27.61279073907702,92.98505682732609,334.0821784223953,24.71497530369472,321.6145711737277,0.0073659378503727856,0.3663206796323677,2,2,0.6263321182995332,2.5742976367000034,0.11246425657421853,0
25.200707844136808,88.72060695987993,1259.0731407766748,17.409567959138773,148.76388285320652,-1.4093332454653158,0.2604809475976066,0,2,0.9672888145784166,0.17212749459024843,0.2632648745436493,0
27.290786241780346,91.87446581280632,728.3804188514182,31.42789835931278,7.911604418767024,-1.864102032152144,0.643421918464545,2,2,0.566451163327107,0.6003756879842339,0.020758581152207876,0
24.275747676021215,92.64309843570959,3117.312844568222,6.740300692924582,240.40700544412192,1.149203137670543,0.36876508373368516,0,0,0.8698148992393568,1.0413142452379176,0.14176055391120065,0
26.803426807068963,90.51877248675257,2954.731677852907,22.807269187882774,96.46807480444892,0.13195730132923905,0.5351753716126408,0,0,0.6974440511254765,2.2563446557559743,0.023409400889296383,0
23.606740351712773,94.50518775428274,441.6981350220581,5.910556898278605,333.1411904085034,0.12725203029721524,0.23168414520381791,3,1,0.5060201132140462,1.8404618497136283,0.16489076230612937,0
27.502500027685493,89.59022089125017,1312.9351635108674,19.95492007469054,18.828810065375702,-0.31565370884061383,0.41647030393212475,3,2,0.8274270019528164,2.8839966238022536,0.02487021402077201,0
26.564295422412165,90.12175128071628,1236.80880050275,17.9718632273916,30.057256085780768,0.32858434152364246,0.2643924518060602,3,2,0.40464994926085174,0.6062927080348696,0.03991812206314876,0
26.37542544757053,90.77048132634502,3121.8162269787226,5.919767392710353,261.4094579075071,-0.05918157291021701,0.3304240006243536,3,1,1.0,1.5196850007255467,0.026035291853289778,0
25.004250467886223,92.35584922342555,427.6936499623162,14.148473869684237,60.36277957925979,0.45706491417686257,0.2226048457084347,0,1,1.0,2.592877948909439,0.0015940108095576439,0
26.147191456820774,91.19789521050494,107.46524583258349,13.99609177654018,124.01863874841736,1.2471669173692341,0.25609692806056544,3,0,0.8407261757224344,1.3810337937824742,0.029251538873401463,0
26.166285778327236,92.83773615472566,196.38238952091356,14.941992928083389,110.9897304282276,0.7271692496802824,0.2285915025645439,1,3,0.3999271821045737,0.5744831381869556,0.049899665972240284,1
22.693673655121703,92.03706279971946,2787.494888042044,11.328427829736759,77.10754551750108,1.2514607091806247,0.42464426271709266,2,3,0.4761946469381193,1.689621404654254,0.09753138759253101,0
22.92548573307851,92.29982194259475,2666.9338013571364,23.184915560477712,39.42890254154609,0.4543033057398061,0.6901812493961197,1,0,0.790544589672188,1.434324127180225,0.06335676941274057,1
26.909506053273788,91.81927820280364,171.79654105127406,15.621079687164666,18.269485496995067,0.3922570770711484,0.28588001156009263,2,3,0.7974934933481221,2.0190693008759024,0.5525875567828539,0
26.0757466606556,89.2508877588936,2893.1267504291955,16.34906801074245,174.4620980740258,-1.1561541195421123,0.43294030296719926,3,3,0.7939082226690037,5.52450868934469,0.15527737542789236,0
23.120361135492406,91.2425668097941,1356.3353231994677,10.16861102829384,228.84336917002457,0.4852119476452963,0.017702787646512425,0,3,0.5712590250919534,3.0869805698606925,0.16167563954463585,0
25.50167290542091,89.2040973825463,1296.1435632668079,20.45702682250572,350.40746612665316,1.7580546953134628,0.24865794941292588,2,2,0.6360090952315083,0.9192819752206727,0.09318076143208473,0
26.217425985723057,88.89560679083706,2445.9320094979807,29.467007138545746,353.7521108411969,-1.0332812273367524,0.5970481433363429,2,0,0.2935696879156145,1.6385080383548103,0.14212796040509598,0
26.874145011318735,89.72829594135666,2211.152596543623,7.322801634255279,246.87073473415745,0.000530207533099717,0.1237045392211125,2,1,0.41910946094394724,4.180464165306605,0.15225580065807384,0
22.99570980193202,90.32089951960414,3096.752156719105,6.59096967132485,123.36516663735723,0.9060104275706085,0.06869266652570591,2,0,0.3558864865324507,0.7746250966506301,0.0003281549464631934,1
22.633312360828466,94.23440410661037,2530.449602966415,18.55512361381867,151.36551945027952,-0.4262648726777842,0.4058930985706616,0,0,0.6357046501173901,1.6163014146637393,0.04862494382213145,0
24.68760071049285,94.11417687940255,2208.1477136647386,17.54030321072493,39.74956498170791,-0.9434116687492202,0.18028285083748427,2,0,0.633586946011445,2.6108739230076665,0.011778120429743237,0
22.918380281226984,94.68925148657335,1809.435874591415,14.0991363549755,330.92377066899735,0.19370946613515708,0.3231480625086415,1,3,0.6454853679799698,4.513158211522144,0.11190322837743918,0
25.166609631793577,91.89611121906677,2585.8029918769157,33.00569345227988,149.94481272331961,0.48092586772791107,0.7290247020469102,1,0,0.710544394341007,0.42255048423046826,0.03978908880153926,1
26.79673588436061,88.62490922961798,1807.020355747248,24.038641151026237,278.51391884861295,-0.37380261881297533,0.4537942363765331,3,0,0.7513309370706752,3.34344136939257,0.05994939212022502,1
27.438022011602655,91.12731222199155,1732.9186342769653,14.19186656096164,57.42861620255259,0.6065931575594277,0.1527435037008005,1,0,0.5520147207678353,2.501672803336538,0.02373377545278836,0
25.67331370882917,92.92703275257087,844.8021125661315,22.216005088004042,340.6735538524622,-1.4135132097576943,0.5385338759848548,1,2,0.6015061055861614,4.77480885118232,0.005410211415296097,0
25.479806039494306,94.53659286676834,427.58605312167185,10.757845690755364,222.2996154546602,2.0154063637827733,0.294439936347357,1,1,0.574162719600837,4.414311691733609,0.0858678631708962,0
26.182755983576758,93.36727671224749,217.86160073672025,13.794658650590492,70.88045180041244,0.8643889426789316,0.09763631709315904,2,0,1.0,1.084173329751246,0.02063054854232171,0
23.862471254650416,89.68712095449646,3119.954501956164,15.076045390943145,123.08519009136833,-0.031339107655435385,0.1177432692191904,3,2,0.27219379472024824,1.6997187136213778,0.30055571133143305,0
25.94313920822225,93.69456835350863,551.3526786789471,5.696995165799055,243.96254377579453,-1.267605268728707,0.0003427064949077657,3,3,0.9081079268559433,1.260496880741011,0.04077429779376132,0
23.809205142017063,91.2007660058067,1511.2307886926892,9.209459607462495,249.9512159866376,0.2376338670416892,0.18227578457706245,2,3,0.5052853057214631,1.4827123407894027,0.1415718715596292,0
25.280246616338072,88.64675259914182,586.1261972057539,17.28066566098245,210.2644961615533,-1.7920328558838285,0.2750588611735598,1,0,0.9461995222571626,0.6410637520445546,0.05234257225543936,0
24.820954042126925,91.66015240767742,234.9231044078942,14.00390272071142,313.7444359479953,0.44847381007323184,0.47924398874136126,1,3,0.4667054259749466,1.814039744083654,0.07024602818186669,0
24.67563443189124,91.98620113651774,3162.471938043358,10.27918319815725,238.3892960861073,-0.4783373884913608,0.3794481305772726,0,2,0.6264358927915687,1.0885775725110183,0.01517285412407956,0
26.365095379573084,92.67826665287666,2064.9252887960893,4.609569652193785,205.60179667397725,0.6902464768688565,0.0,3,2,0.7179639182608207,0.7155967816555314,0.022410840384046424,0
26.101582433005767,90.73003094304941,2907.313816045409,20.516215290721266,148.01015526335107,1.1928527149527093,0.40219198701492737,1,2,0.6083448137249471,2.309088515667563,0.0129030245465543,0
25.037366597814888,90.19205956177764,144.83875526611578,18.194535632066664,102.45008997778422,0.8506135895691279,0.4762738471779711,0,1,0.7758568915221536,1.2391293653947981,0.10765504088385991,1
23.813042133019714,91.49175073688434,3041.1949995600894,18.72580374884945,352.6821485793653,0.7280685254317251,0.1753628333612037,1,0,0.7918182401064077,3.583362848786077,0.29214629896538813,0
24.755955815167276,90.27160667513284,2963.3998593697766,19.45596500618936,27.323582756168584,0.38581846787197815,0.3091111218322412,1,2,0.3582012413467923,4.561338599657175,0.012228804721736528,0
24.35286893390584,94.9057118175413,2359.813218601784,7.06609351306343,279.87665760628687,-0.5121598443613099,0.1859955366342591,2,2,0.6369260437156249,6.148257871560415,0.1346916035205188,0
27.08723801351968,90.1005290774441,895.2998696105626,16.293011702067815,11.494612195519437,1.1399719860629245,0.3385777270014779,2,1,0.5788219814184331,0.05020814521973492,0.41069673952717656,1
25.09544119031378,89.47319332042699,449.9328148591985,45.74209149089074,99.4708154426917,-0.2443333912736707,1.0625380530678044,2,1,0.8678306284434275,0.438414484207661,0.023139070498668535,1
22.70598786834021,88.7304817251681,506.89142606073904,5.591997974157739,283.3128418911932,-1.4694417047196846,0.10624145262569434,2,0,0.3888872060488655,0.42419226240238284,0.0754222719230222,0
22.710024485729605,93.71719794697009,2427.1779079011076,3.659842816493514,182.43501828128376,0.40421513601897335,0.0,2,1,0.5986830961149094,0.9492580404762355,0.026730711764621086,0
25.314330035427275,90.95951940814061,949.4650210797416,54.57362129576963,193.49090087030118,0.7314016437182146,1.1348955157270804,3,2,0.6180601721706809,3.3336610986867274,0.02950197147023151,1
26.339711088076108,92.18770133449547,2755.4391861932186,19.166328721031697,280.34773699034633,0.9478498441840553,0.6064016534393627,1,1,0.5129541043038317,5.917482674714121,0.023980340863148167,0
23.761566205847917,90.25492679276952,698.402955493798,18.535304081168448,214.39415193357942,-1.035002230140867,0.3178384987903034,0,2,0.5766812451988209,0.6178329161701425,0.10073111557658139,0
27.71791123244223,92.17294059115238,3102.3522382911897,18.17226096327967,244.52456858944976,0.03140678757984353,0.2184138055059982,0,0,0.40829201340799925,1.6696855295243542,0.22047955186162987,0
23.75787822815577,92.37375164041984,881.8332958767115,20.466714950487997,261.5886462974028,1.6734339812709018,0.13844816363293677,0,2,0.42198516665151814,4.1676787078981565,0.06489438206932431,0
27.031870630346173,90.65018842652066,1937.147805925236,9.966160429612483,171.87303069304625,-0.8238915447012507,0.21107131235308935,1,1,0.5745352031484207,2.067851682606516,0.02232464477948284,0
23.626226707676707,93.58254016262015,2544.425899786558,13.372515726745286,327.4086225346166,-0.059402730672675784,0.44173629899189365,1,3,0.9248463953260698,9.730391142802567,0.0576096679111781,0
24.160165271668227,94.11231941436316,2878.470391004958,11.557565020055648,138.30840357131078,-0.32844177890451104,0.21121827970775303,3,2,0.6102887704803289,0.9793712631962963,0.02340957113713825,0
27.571531722454072,89.66108602315057,1822.4278316949465,25.40384017467541,32.47090452292401,-1.1846974681300548,0.48023850176290056,1,0,0.6325809966115524,0.64832089770009,0.04331676591228964,1
26.180514612336477,89.66380906946026,1957.1432537584383,18.310863969157555,280.3646909255771,-0.7391845378218174,0.49826332219703573,0,2,0.49491538399389867,3.117698549967596,0.037137865548474536,1
23.294693537712543,89.38007927608223,671.1296734802953,22.09148651708206,317.55778656036244,1.4697539379850162,0.44634017095867845,1,0,0.38474187339459925,1.4248836713215896,0.196795726695744,1
25.658591232687925,88.93909730626235,1359.2637534261644,23.687406981183862,145.26725122919413,0.6024193859690855,0.5644606252146471,0,3,0.5829982534215279,1.1000242327430285,0.004715825838516933,0
24.11273609092474,94.21781039816716,1621.432086747023,24.53999935456829,259.88550515207487,1.1269862522811211,0.4730153641456507,0,0,0.08694166106375434,0.061373402157846486,0.14547988057526207,0
26.61768608330525,88.73439361072663,2431.15935332192,23.832248878601042,88.10221417765217,0.2324514452199039,0.2801125185145259,2,0,0.532905593944592,0.14936249252852937,0.015690050722219195,1
23.50017252977706,94.35955759864905,3037.6949723909784,11.998709392670163,86.0121766052366,-0.33102518111119955,0.4203533230005886,3,1,0.3500908258218257,1.046246087566553,0.020089664426940806,0
25.789415233399787,91.1364422472799,1759.5766250939762,11.769109998100578,79.0042441570367,-0.5334169579165013,0.033572910458358,1,1,0.8119431155283598,0.005613749093249289,0.04694135550432091,0
24.83359608517798,91.55369029904703,1277.9911043726895,34.334821782244575,126.2159458300349,2.289500615345755,0.7447878440845734,0,0,0.77210302465951,0.5770325650574477,0.18958859497615566,1
23.654514257024758,88.61575989730287,528.8085505024526,6.966526679460751,42.18678822045541,0.2810092554868121,0.11737807501314448,3,3,0.44371838867735147,0.1252444346032547,0.08577654255656479,0
24.877732684846944,89.52631374258793,1121.9195640360113,20.619067995149226,349.1097216269732,-0.7809819511515705,0.09153065136719479,0,2,0.6661865812523484,0.007206944996947581,0.055438127858777435,0
23.79197556627588,90.93901867032149,1242.8309468808004,44.11362120881317,60.267726661364655,0.05523925928886656,1.0644750015102031,2,3,0.475781116550616,0.6437440295433302,0.3393450239337647,1
26.885416968076193,88.86748986411851,198.11556021610912,34.118777927977476,330.7904083163228,-0.5054749819965015,0.6821231369853038,3,2,0.7727182912760614,1.0623756576501426,0.5078642368283606,1
25.6635093457163,93.36577496022073,198.88134615478967,22.85074276593366,139.16757429983357,-0.06470859490977714,0.5227756358260286,3,0,0.11224864629942899,3.19821096270962,0.2613918142405611,0
26.931433533956753,91.51658264498835,2808.342069143863,6.015571182350838,88.58051297525716,1.0128562081485508,0.17289960667649296,2,0,0.8485135980629053,0.07282935064557378,0.031955172597878924,0
26.188839655713107,88.70952481049265,2858.166062350035,24.754651577689692,107.72283621659632,1.1333132695582098,0.7447104478692348,0,2,0.5525921984193646,2.3934553936949228,0.015504300387125403,0
24.107489336898755,94.95339542189569,2340.7727389037254,20.502234664442078,188.64320206276147,-0.08843187644227794,0.22204635893559727,3,0,0.3319930456916347,1.9160883723510682,0.16507105525453217,0
24.610849990659965,94.26882939881251,2892.000067493735,24.68056241852532,201.8414768107239,-1.7822740774072416,0.5963519492258094,3,0,0.5788329929067241,1.035744385494079,0.11583676526880847,0
24.13022760643623,88.9259296194712,3176.0367788842204,17.342467102485394,141.47528571033791,-1.9914990624496793,0.19141319616223912,0,3,0.7444000305879253,0.7641142832271411,0.05189749406912425,0
25.873680567943353,94.96699774924774,2756.7330755190114,20.1432194114007,330.0121406743074,-1.1895027643384526,0.32406833768375176,1,0,0.3449886837604559,0.52574701948879,0.06300118718552977,1
26.08047068793899,90.75594633385016,2158.267459833072,36.12584534946343,243.67472412221179,2.047406563859938,0.7188491341772775,1,3,0.7608540380296991,0.3345119981581386,0.044599490350260396,0
24.973569656304328,90.84401368751429,176.14032422141088,3.7558987897884206,33.50777808692262,0.2617460947171974,0.0,0,2,0.4562747281014058,3.194799550972566,0.07015578683126678,0
23.19702381180482,89.94705186485723,1531.035535186974,36.89355933753322,139.53062252190733,-0.5487899622971091,1.0016335289246188,1,1,0.5679074360419575,0.953675138685211,0.17288273656193653,1
26.370538420309455,93.23895968918477,2614.641542190326,31.937476514906734,137.35086139463175,-0.8626703187070606,0.9552473424106389,2,1,0.3432276458027146,0.9072796945396924,0.10304637159251287,1
23.32295875900447,92.18982059169089,1988.5204957709361,3.3298414509203766,345.607325203601,-1.5472313265890145,0.0,0,3,0.7911283833631912,0.4776268853224584,0.006397338059421669,0
25.942706579135752,89.10867822955564,1920.652253896954,22.19751745787667,9.31046490845933,-1.1684999134793264,0.5475013733629104,3,2,0.5131072600217983,0.44454764556589405,0.18873422258624142,0
27.503089342817727,89.98066117324973,2326.109334327478,8.106453484573583,85.8373872485375,-1.6408408032472255,0.36483113300434455,0,0,0.38867850131592424,5.389905866414768,0.06764176841387848,0
27.653463124581933,91.5551138963191,433.3842327123123,8.89448366312404,82.85504229933846,-0.4172106692157472,0.3507402270011263,3,3,0.7717602579780112,1.8323021271348479,0.009331332185673743,0
24.605534276932055,92.47925085890807,630.6723110293307,3.090772697132342,243.755538848934,-0.20817192870876858,0.11642161610962723,1,3,0.32064249243730447,0.4840681686052046,0.050759970647381705,0
26.599013439858425,88.73523225453374,1342.8717862351064,19.7870271125456,354.17586280639495,-0.070534216845166,0.22045481727238322,1,2,0.8962300704512778,4.772789918233182,0.009049656959500286,0
24.959549958480114,90.40155117103386,1608.6966739706504,20.95772139024061,52.608746131590955,0.36655880354968934,0.6117187275346172,1,1,0.19642763037557925,0.5388924749050992,0.4311665659288301,1
24.868804871582245,90.78981499257388,2040.0851374497913,11.996803664782762,149.905855742867,-1.6417983335510877,0.0,0,3,0.6182187658363055,0.4888381562608771,0.015499807637816988,0
22.533718453369595,93.3357103650162,2531.0114884630693,30.673747477640948,58.38616018657569,-2.5336583304946583,0.36080533237146784,0,1,0.41474546821120684,0.3752782162158386,0.1453025185445361,0
27.785675565385045,93.53795355758446,304.35630594853643,12.353583458895326,285.3602763243924,0.4118801175338736,0.2748653968530795,3,0,0.6789927869943773,0.769972920382228,0.17661166697327813,0
26.67504936444672,94.74663265579873,189.77888325202508,20.195817084014973,91.07563611919964,2.407325721474793,0.6181133070465673,1,1,0.7375715146266024,3.9863078756474177,0.21417758230742648,0
23.780910004819383,90.72869321519268,2658.7303023774066,11.083127599119596,75.35923880293032,-0.5125448776777309,0.2362923628575885,1,1,0.7537257710223337,1.8709965236431225,0.030399400788700317,0
26.239690544146672,94.0261968257658,1556.188488232371,13.020073292356575,307.04071848287157,-0.46316820452495655,0.558144717914699,1,0,0.5785024077783286,2.125863607531389,0.06234147522557573,0
25.684643120536,88.79253501808772,1071.8797797924892,28.66357850109981,333.3107035033976,1.5128866747535359,0.32300617118771485,1,1,0.7481653744861143,6.773678184699755,0.0006532901652795039,0
25.470847336312477,91.12928834458391,2785.1939860093376,7.614539889511314,253.22613569179657,-0.7376781777844968,0.11164008005696725,2,1,0.9373437419749902,1.1997870456794353,0.12261080042835337,0
23.00256190691091,93.62237350547299,1866.9533200130422,4.436660849588877,4.813967923394871,1.0761736552845853,0.0,2,3,0.35395967231693726,1.9891167945927235,0.041406916468534394,0
25.469129276218958,90.15118021999572,3017.8209259583045,34.91301676137229,319.290291506625,-0.8275490114022908,0.7613326371378457,0,0,0.35391125391027856,0.9578271134468372,0.0195658101264462,0
26.094413454889153,91.55374431582604,284.2887445286606,21.14875892702451,18.49688967336373,-1.3205219933694994,0.0,3,1,0.4521216408911817,4.043025476820705,0.22094868643513507,1
24.72988110306347,92.0636755774553,266.85874756899597,7.882202313305287,1.5213334338376727,0.5951580064168556,0.3005635997334027,2,2,0.45347814692182586,1.2856343637652092,0.015832929672983827,0
26.20152845717491,88.64781951235463,1175.7597961568251,12.50911710530508,261.67847634420406,0.5207426159596433,0.39480205562939885,3,3,0.6664067089667189,2.1955580503991365,0.019897461924239652,1
23.980389535827108,91.40533101512187,2465.4020937613127,16.806607058963714,94.52437648844469,-1.0826517241227573,0.39953538487560203,3,3,0.6361479825831009,5.0177997179931975,0.01726672291615337,0
26.195115328282746,94.796408307257,3196.13679790006,9.831823319988523,62.88382541573241,1.6609630540608336,0.2669918494116838,3,1,0.5326518130099424,1.7674029741376347,0.11308156941223119,0
25.035119244921393,91.84507112038868,843.138296798877,18.07810025547648,4.653343882386074,-0.061812190903049326,0.5401896617482431,1,2,0.7813369699111181,3.63145219407991,0.15328712675763798,0
25.49467244826533,94.1116851311364,2160.7518739719767,9.556325430701664,238.39294834737896,-0.26857791775539397,0.32258726232460694,3,2,0.2462233647235766,4.181731739918136,0.02163622541901883,0
26.220222579861776,92.69899070875678,864.839390819282,5.86903823759582,346.28949229140676,-1.0800303908345914,0.0,3,1,0.42712732824056654,2.45256168223959,0.11998070854646098,1
22.792149853787418,88.72285727134759,1973.3429070055965,8.427916748609974,281.31229027698384,-0.04588609413545871,0.06939673549456231,0,2,0.8163649111146853,4.302751008641833,0.043219897707628845,0
25.604736054603855,91.4543609467125,966.2108194083355,17.513360019943047,271.5814510996277,0.20841786186378186,0.21224404769313215,0,2,0.46127889187303295,7.131765434304493,0.07545694404478942,0
26.26762782905215,90.33694102151416,866.9117246265914,20.62244789564373,125.23723195673449,0.4693409662141885,0.4134119936915274,2,3,0.7289637367758736,1.4037902856019884,0.026419971421248096,0
23.584224989343802,89.66335455333763,948.5525358332742,15.77401986773053,56.61268521732797,1.2973037604805013,0.8005044468418874,3,0,0.49824135853984386,0.37898162367882143,0.0627303884384919,0
26.052933782047383,89.13054687341548,1231.091500524895,15.387950522428035,351.00587803493426,0.5726517089904064,0.3140175524391477,2,1,0.3459538582662582,4.051178849380751,0.08762275907401536,0
27.79501500409563,92.64966468170583,2093.5813844494487,7.259925086414816,183.96225052645948,-0.8424110321967792,0.21009692461524998,2,1,0.7986596767358574,2.8464746526595333,0.24815685346243843,0
22.935224916584563,89.54513656428699,3128.5523606185407,6.50791998531237,76.38022771781482,1.4121933783329124,0.15411585736557842,2,2,0.4137421307008945,1.2120665782871278,0.13404514075306515,1
25.52314817821909,89.7100560372919,1932.7200366408279,4.527201705010752,157.0533596644728,-0.003258321806131569,0.24789092393357792,1,0,0.7034402112866415,1.355454574941335,0.1414607484287405,0
24.117310533550544,89.39366344222286,198.52910464454976,10.593613302761423,183.95978924217977,-0.41259314991079943,0.016129985221182808,0,2,0.4555114127301454,1.3747419906700575,0.023794740847092273,0
25.369867130083506,92.65375269809847,2943.678894092563,11.339723664639106,127.74864288517159,0.7973649891994805,0.0,0,2,0.5074321503726194,4.045177734973759,0.1204261644696376,0
24.843732284142103,91.90557891693665,2190.861449136004,3.8107448256177476,251.48230077762577,0.15480308997465927,0.005548395095350142,3,3,0.2515281418297199,2.5438504630869834,0.006976042114897752,1
23.27433375840449,88.63349904118739,1716.7870811719033,7.359605989231319,242.83409444945485,-0.4705724860109197,0.12400933610658746,2,0,0.6012770055586101,2.9689813186746266,0.23400004444087263,0
23.802541071517574,93.76997391038465,473.27576122605365,12.535510386725285,235.60117791596267,-0.3200774504382476,0.06369112124802331,2,0,0.5089897135296914,0.2566162720819444,0.2786881596777308,0
23.13576484595192,88.97829159918751,796.0455355876999,3.0853305512309097,296.90467096524196,-0.6817971913728537,0.2535490614699378,0,1,0.5658935764225039,3.594051198832402,0.01624544911917809,0
26.339271659843305,89.13366127106525,1629.246469338243,10.242609893039898,174.50253168017912,-1.1977084132281954,0.33525101189319023,2,2,0.6492043939195865,2.8465660916530973,0.022099373590822712,0
26.158920253354527,91.04822035689878,1671.0761152833759,10.119716404246681,190.09319310445156,2.678775974966068,0.0,2,3,0.44471923003431046,2.5227657807320267,0.048788915634911126,0
22.774305063655287,91.3455949488534,2345.862682526385,15.829013852898036,60.4613994927397,0.6540096401493369,0.11720190728795032,3,2,0.5587827037884511,3.67963659464163,0.04413040316215112,0
24.41271669342593,94.67023525800381,3102.9533184184997,20.40442306694812,83.31729138455967,-1.001633803159574,0.37864979021448,1,0,0.727855647353984,0.18186357474574216,0.09948682915951967,1
23.273967610803712,94.31602755031037,1643.2092259823207,24.517326400973765,154.31292125560867,-0.008749396756593255,0.3163481120654891,0,1,0.4426028863660276,9.422668650447672,0.02333132068538812,0
26.06913118408403,94.06944222227527,249.08780507295907,8.19721122558503,335.2209922705497,-0.3929688641172687,0.31287005631614473,1,3,0.5820558846202554,9.15366312856158,0.011682869315131454,0
26.42576936379592,94.77763168786996,964.5286958189636,21.7817544067518,347.99341054671504,-0.8858612163807086,0.5046802428174632,0,1,0.9746101939735434,1.3625283990396084,0.0356726391239859,0
24.641181890862104,91.13919214409846,3069.384278798922,22.600908841694327,104.36605455481538,0.26236035860301515,0.4710790761983129,1,3,0.34192493990937856,0.23853663241426756,0.009777788420312974,1
24.87388182566617,89.70707712493105,1804.0989303961849,4.663588947955943,137.80496344100547,1.1342170301658476,0.0,0,0,0.3653940102151172,0.08173996556728284,0.006585888123601617,0
27.682842558820248,90.31861427590214,2441.0090339399294,10.723884885366807,332.6914116674215,0.5300591957711293,0.07146057419827481,2,3,0.6666351822690368,3.9648387084462025,0.09383240682828084,0
22.50914061455849,91.67066187696386,2723.207732518102,17.097026719803807,2.8618863484040302,1.8510842165068195,0.5026374610519672,0,1,0.23626682450854486,4.579213822186686,0.13240799329378547,0
23.773335567008978,90.12955928949799,1025.1639248521667,26.998811199843583,135.63167876244472,1.1065393185924464,0.5867199373480614,0,0,0.8920525448555551,0.03718528250950412,0.06988932663471796,1
25.79770865765948,92.78683060449366,1886.2125117077298,17.010265064568152,231.61887109196596,-0.36958042683042985,0.409679431960455,0,2,0.5584143140925723,4.9800953990459575,0.030058084563764156,0
27.570401039014463,94.29632496506649,1972.3254349506913,6.034803415307016,157.8303276718997,-2.0186914067166244,0.09442852540541521,2,0,0.5789262010053416,0.09185530564173312,0.04118724434891759,0
24.04730059214259,91.44215871977623,2121.0773732927546,10.605158644238639,249.63919851523542,0.9852539092594899,0.3660266150006046,2,2,0.45272948677796043,2.493675396737079,0.09903176909434216,0
23.07051793311117,89.26837324098945,2625.033251495318,11.857313476078383,65.17327599837255,-0.1409618614905171,0.17489055320403582,2,0,0.6221819814272782,3.080365483833884,0.024967383507486392,0
24.49048607432575,89.9062022658821,474.5873405559706,13.60204818167853,12.655912149771726,-0.24734043995366325,0.4104171995582805,0,2,0.5563569484817245,1.3730957070294725,0.011589200383974967,0
24.639391482585587,88.81574879589408,2367.146403895667,36.352938751526246,80.76362351265183,-1.0808777497656938,0.8399707607552758,0,0,0.7030978131154124,2.6034845709726158,0.10526978547203539,0
24.522261501708503,92.59242487742753,640.8911328901564,21.526432752230196,9.601919872653717,-0.02928780913063744,0.3694315674489619,0,3,0.8870207114108993,8.035648261827326,0.1297463797121465,0
24.87835503953837,91.00809634469417,1638.1458860826551,23.337681235246464,163.82427517854364,0.10821760163053258,0.6101286606670617,0,0,0.8003310413446072,4.298589691222236,0.041067508218195464,0
22.54602307185851,89.60757103102836,3091.8622710467507,23.42392245894392,214.15270128458448,1.9454724558645653,0.5614565462278583,3,2,0.3507030381613656,1.074412409831177,0.18020216017140703,0
24.56604413684908,90.96006923332254,2264.393524819751,21.081376943264907,129.74084824759072,0.18999357515784446,0.6020010057381824,2,0,0.7317530409093113,0.5597973842654396,0.013152718966224261,0
25.15173017524344,89.49538954247116,2970.1612216683325,15.968722949742226,20.889919440938463,0.5283770948652446,0.3210832308699161,1,3,0.4979969237692877,1.6295031946825533,0.2343425616756335,0
23.82359931009522,89.81572745999887,2772.0652998399123,6.409024818950251,63.10273662875728,1.6169091987540132,0.3710657168879752,2,0,0.6445145214665643,0.13140241270438457,0.022372666190591913,0
27.089788199560473,93.36406655087318,2936.9043926163054,11.868049505116549,206.90581607072468,-0.039354060310192646,0.2571225691529706,2,3,0.505948027414549,6.313297689958562,0.18822105821456658,0
26.722476151607665,93.00405636562571,726.5103246720123,23.291619943574773,256.5149623002439,-0.004185755631763539,0.9006524909054237,0,2,0.5001996644687916,1.7154229764969748,0.0343793597083439,0
27.05264935107837,89.19989629401641,883.3517964952844,14.415008309450098,117.66048297260866,-0.755182158201408,0.0322546654713341,1,1,0.23214154448883678,1.5978462817218169,0.009351405850879855,0
25.33062405823921,92.3662318235922,3112.23810233161,22.880336360639948,239.22444245377767,-0.43812047121265035,0.6011269177000296,1,2,0.9093920782999281,3.0713271494951044,0.14967485887202364,1
23.586074945887894,94.20506476857733,945.5981035560641,21.9250353522295,276.28407975205846,-0.7015885075549914,0.38824003905021043,3,0,0.7515506998558725,1.0026863442873635,0.018375344782979055,0
22.687906901761078,93.82315907403222,1801.490601785419,4.150236014529387,1.6018339128421966,1.3440749576735447,0.0,3,1,0.7458586830183338,2.042565146271141,0.18375674746845921,0
23.211941292840137,91.4012814690212,1496.465223867129,6.5399867571076555,51.513821920509955,-1.2191324178476084,0.13704128744655525,2,0,0.3318910975804043,2.5823486578793484,0.012361240274873871,0
25.325928220692052,93.19801779176261,443.2315603783847,6.880708347926975,255.4150999396775,-1.635188138530462,0.017133968417153936,3,0,0.6801011810053822,0.06317555375306899,0.311991890903357,1
25.671435597249044,92.44933142476305,2624.1530860018834,6.724371481041031,122.22085316458522,2.0221950569255713,0.21138590947538688,1,1,0.04507444264976357,0.41691917101758647,0.06450399207925182,1
24.867759286797057,90.51075770185328,1590.8140969709511,13.291220416846297,259.4622192001662,1.1304778427875717,0.4432331374445373,1,0,0.6938296674817359,0.6833697650516518,0.07331718441106652,0
27.6905344315088,89.67696391088394,1678.466626871957,4.705156568230869,15.814131686418573,0.27230173055175044,0.0,3,0,0.6289088980882995,0.16613247706120257,0.07662327066808142,1
23.400444448859954,90.35087678641963,765.1741151756676,24.348738352678293,46.514687268090604,-0.19767388268190214,0.573946243660797,3,3,0.7047356882017579,2.913501747042558,0.16578807193596146,1
26.347794472884665,89.21842023121904,2029.096315221461,3.750796568973275,188.2048792796331,0.894927691449249,0.10912292966922811,0,1,0.3297518654141756,1.5046415197092835,0.019587737413993934,1
24.770019204458464,94.75387879339291,172.1663925949843,22.660612594052857,248.50807324861478,-0.4400796717504989,0.25500999408213154,1,0,0.6160068366788475,3.084948926261964,0.09454610856708266,0
27.650156986901113,94.24375021578186,318.02441938960357,5.7116329685582015,206.018045130558,-0.4496665392179212,0.0855347193627402,1,3,0.3478106860697024,0.28076545048645213,0.26523002352334435,0
27.308408421500488,90.52331492184084,2411.2682276029127,13.809747084008233,200.52969889947516,-0.6958978871500408,0.388263427414631,2,2,0.566175295195259,1.0323901001382738,0.04773730925778168,0
27.57345175683688,92.7627814986845,2671.3683620960956,11.085434389142302,58.49669510961243,-1.6540661652606898,0.2901654155897639,3,0,0.6385813935666556,1.5451083873623723,0.13552509711437824,1
26.000205748390467,88.73533128746449,820.9429240127182,23.089918850854406,350.9882214857007,0.41102266754258043,0.28130047761151655,3,3,0.6416203576730137,0.7121889866462445,0.12207481889522631,0
27.52053668713516,94.0940665050117,1022.8526098552427,7.805307984572392,117.40685134500143,2.0578022345854023,0.19129472992601423,0,1,0.5601048178468302,3.2529779176250604,0.07356105950287685,0
24.155559964907816,88.98043209410237,492.76823211782755,7.785584926952628,58.86595588545713,-0.6250040461994723,0.16725635602684588,0,3,0.9530613282774565,3.873089871032754,0.12183730881184543,0
23.06481024201104,91.64342763640178,752.0651458105561,6.215772557825304,264.78343130852926,-0.09701565754724577,0.0,3,0,0.8219678867369405,1.6366540585621001,0.03589006346313108,0
25.248321498663806,94.48541642221309,1392.8392910137243,18.554144795247545,243.34772643182282,-1.6459836943336827,0.4104411613845602,1,0,0.9308962283436214,0.8716560656427644,0.12007565502250693,0
25.08473533425397,93.63875079376497,554.0429609651213,26.14057916563132,201.86094802822208,0.0004749863665227949,0.5420275020529423,0,0,0.7160576945231379,7.110269237436915,0.0811493943604656,1
27.231748963956676,89.45347115617966,2850.8964180428916,15.556266754104907,68.19756569980792,0.5689556063739339,0.18977450634535237,1,0,0.4159961998543323,0.6417826915906771,0.13957808495739535,1
27.1271002677115,92.46247392602744,238.3033122547042,30.40780545954016,31.97227752504285,0.7954892582045359,0.7614187723385599,1,0,0.9120341469195798,5.401908053326629,0.041500701028715725,0
24.11551637709507,91.56460220312475,407.20563135632193,16.070830406247392,245.6894162470221,-0.08729414487949709,0.28531040125303897,3,2,0.5538608401753504,0.5508288763596808,0.012396398226730452,0
26.218809141471425,92.19477368685783,900.1356084997637,14.407646744628652,129.05900678138167,-0.12972501901058803,0.18748930098493172,3,0,0.4129303867383184,1.21670900237686,0.07034824196094584,1
26.17565585798584,88.50008559561535,2588.9904586659886,27.292839835088238,258.372565520182,0.7240033085368497,0.7518200165926879,2,2,0.2693035775734469,3.139912671828208,0.01321796514653092,1
22.83533922292151,90.84727963099135,1137.594238252139,15.388915697894774,99.04214758810853,0.17627703572818604,0.44264683655776227,2,1,0.548646330770241,0.2973468111029278,0.00042008994967598977,0
23.748199066452614,90.69474813271268,246.84006386306635,4.4967963988719095,140.02153187588667,0.4003944000457243,0.20171697462214916,0,3,0.47276729249112615,4.974232339756456,0.06067536148071469,0
26.165392085352075,90.49260156860966,1265.2513799031196,13.724299965909191,329.064747924,1.2485657807574058,0.19359737707506086,0,0,0.31353042553446775,1.462588856190523,0.07690003184974643,0
25.007589243527242,90.3945707824338,2259.20367122725,22.02842708443363,306.63659361315507,-1.0505529960715239,0.3350207663139339,1,0,0.6168589525760737,2.697150145263004,0.15570713701310243,0
22.745493621187048,94.89495679512703,1458.3848810827355,12.756115817848498,343.95790349088895,-0.7550030226998042,0.3331391512203894,1,3,0.5656285026831289,4.020309110866118,0.010188163009998629,0
24.11764722847734,93.40199019722404,289.8244136322903,9.166157017681464,239.661605366201,0.3436022623597101,0.06324707526427897,3,3,0.6756022974609897,0.8129269921655312,0.06333652059624809,0
27.106386657102117,92.43254895749375,2279.9485178096193,17.548184364812407,47.55865013809213,0.3588515363809683,0.0882963080734086,2,2,0.14803280429151494,1.782835886218567,0.2762201637935712,1
24.335856606863004,91.80794543676978,2602.60031688739,5.104131585317734,189.3560823880186,-0.5646464662118963,0.0,1,0,0.5873849158150218,0.736033539763911,0.04659395655639336,0
24.465882239157,94.27587987476038,1822.400362407902,18.11869057248358,2.7412935201240973,1.06231238527213,0.30879469973756374,2,2,0.4983920297746876,0.9527987670940627,0.0533173798071965,1
26.591733347455477,94.84204741778566,1313.9296745729118,19.063127255711976,301.6772660681521,-0.38129340738009276,0.47194360498409343,2,1,0.4059599062593917,0.7555768968704828,0.10625502345913691,0
25.46892484346762,93.32638710727868,1604.4116986787237,25.508494128902747,237.35542930509408,-1.0100106611740751,0.45516410525629336,3,0,0.7440123575304085,0.14156029568250295,0.10581964295497026,0
26.698434901923434,91.32795593814542,829.0347061316455,31.377476039403597,7.03898983293644,0.7946258123139927,0.45587442817331536,1,2,0.678594763983568,5.716288622970206,0.03797533261105634,1
25.265232040992167,88.59722411357058,167.5692720827851,27.059582339337226,294.12418810780645,0.10776208867632091,0.45176008428550624,0,2,1.0,0.5151388110008082,0.019183815058202366,1
26.120992522009086,94.56808570075506,2104.713253581899,24.66494764609051,158.60818806412638,1.2716851966347333,0.5357637908242044,2,3,0.7610227782206569,10.169923983795933,0.040768955993955296,0
25.181576112305798,92.30073300628413,2524.302091192687,25.555708410702167,241.86669013879438,-0.47149102150175687,0.47912222886207767,3,2,0.5381424102438525,0.3930797527525103,0.10944559294755103,0
24.141263060849138,94.77685341982736,155.3112764914685,29.10753674024283,261.0928345851617,0.4187914867264866,0.3640068153270053,0,1,0.5815752478818439,1.2767750540403897,0.13060075730486384,1
23.09068818782932,93.60081551141141,112.22123085131335,26.34633169745519,225.50401203715333,-0.3857830599207645,0.9312894013689411,3,1,0.6809577286862035,2.981531670724284,0.28258503176886524,1
24.731303460552148,90.47602025090181,2018.268304746579,15.46999616149974,196.12088561542987,-0.5540009458836479,0.0,3,0,0.45562284184873086,0.3906343868546459,0.15791649663328564,0
27.245031488023322,93.63551219403845,2518.7448203185363,6.731123754348184,189.75328108887504,0.30552540821077256,0.06243331301658131,3,2,0.2693022008409659,4.074618271773249,0.001711438347044239,0
26.2365438661524,90.130621248472,718.8066170383307,8.427021565683477,168.4609871436844,0.026892061725186146,0.0,1,2,0.6473234764739428,5.542506407862599,0.06642478497346452,0
22.854059947063778,91.6458374900261,2878.0491935467726,18.758955505078035,350.693371087448,0.5298905495999142,0.48741591152585906,3,2,0.5635763232458132,0.959263562226346,0.03150727678060822,0
22.867854493976736,94.9576789878397,1495.1052633016743,16.301082107024804,342.03174562722256,-0.7245001919449245,0.2724667447375221,3,3,0.78179525691703,1.4115140889179203,0.07121304588147567,0
26.587422914285163,90.87853956773866,2011.3164317886535,25.216793625910817,279.03606728304726,-0.05586912987844468,0.2899951474762912,3,0,0.5515751111439262,0.7764916364712856,0.15774597221821937,0
26.648374144476993,89.55812499961603,631.9537728662136,11.600567943040222,22.14968537251596,-0.2805723880543605,0.43787783594544216,1,3,0.4670305553661992,10.403643082796542,0.0028300387151855176,1
25.04605093255477,94.32466258749075,2122.7127399963456,8.925261211711494,39.40456591540589,0.1599112393175145,0.37104501875045015,3,0,0.5443384696889128,0.8707604576786541,0.008197319602125353,1
24.34620146083377,92.98441709603702,3066.25833587003,13.571826680444396,333.1191091676387,-1.1349400338027669,0.15049587360356942,3,3,0.7191972850596542,5.284386550275653,0.14601219157206977,0
24.588692933908057,92.11649183078654,764.5254542608448,25.11805834118494,334.1370429186035,0.483407315973259,0.4781513056342156,2,3,0.5532876195932226,0.17330434805710232,0.20798755227059648,1
26.967183735166195,90.68567302192494,695.3332294753706,16.75398151276973,226.43127230085722,-0.34829911914855655,0.4598133336279674,2,3,0.7951539024628974,11.482535845165145,0.03040484332731603,0
25.226902901339113,91.25148863742584,2200.2526334069908,14.397617238313082,278.5284472044321,0.8376658668779747,0.30893143188017685,2,0,0.4725536490674712,1.5051073705832598,0.20239631784408949,0
24.98751914654434,91.30239606640006,3113.366775797347,11.740537631809618,50.0054067537234,-0.6999776844392276,0.08849737457959156,0,3,0.9187021696266566,2.3037867354297545,0.06758918436288928,0
24.911513825005365,89.9806096195374,2883.3694398821012,11.2983316921302,263.145014904406,-0.0916815950465335,0.38012610011467013,2,0,0.2589996933749149,8.676697752463117,0.41137792817670704,0
26.569715587276118,89.82879878996403,539.9393613344868,38.79063127210052,210.28949183969613,-0.016047624083348175,0.8358581364168136,0,2,0.35330962829021095,4.115968661172814,0.16803397269439124,0
24.835770993471748,94.39981722409551,2216.7911955474115,8.21348023991558,85.37537416662951,-0.5588871228816459,0.45744324159252875,2,2,0.5187773529149021,0.9015787929900247,0.24245441027536896,0
25.862445252057373,92.63472891628629,2867.626957632034,25.049819053229378,197.20167921475937,-0.7006388678465361,0.5815527610686904,2,3,0.6827025328740488,1.8562242562055695,0.10797975781922763,0
24.202494787261987,91.73652948494546,817.3655903263734,7.669745358430162,260.94044891752947,-0.37463029507755025,0.34984747516860726,2,0,0.785297323691498,0.6475523712387844,0.15286375851593353,0
26.524444830631243,91.46401752326261,2275.6670908204624,30.772603780108188,357.23434809572905,-0.3264126101168869,0.26476685042996784,3,2,0.707447981651952,0.05539299681820919,0.11649605207803107,1
23.04374593299836,89.77356159819327,2446.823847929847,7.95336717240747,341.5905197433975,1.192672233415663,0.31581303829015467,0,3,0.78369395527614,3.8369616487104774,0.07662830967546067,1
26.904571945111403,93.79241479150345,1744.7230022729966,10.572281842021908,298.03655568361756,1.7152571026625716,0.0,1,3,0.4575396734289298,1.2573550000604885,0.3007315976629178,0
23.08911756209303,91.55370043107521,2726.0529749697876,27.319081561263328,275.1400515815038,-0.23326820845256688,0.5102296446574475,1,2,0.766496984517976,1.0784004297224268,0.28640964104937355,0
25.416641811778554,92.69611963719291,1448.4401021318513,11.532916130534474,179.10356437889916,0.3101028884946864,0.33531152846280204,2,1,0.5821622534637387,1.3082325844780562,0.0008721490645040688,0
25.488752290897178,89.62739261251949,625.3345565762969,19.22089154615426,355.1865815833747,1.6612138435723098,0.3032417888949579,0,2,0.649779154339656,5.726754584900117,0.06901337726662396,0
22.687005196913816,93.11107283377034,1536.74325292941,39.613342804817,130.0587843784612,-0.4108469300992142,0.8557927209855167,2,1,0.39170151545695997,0.9588920863152246,0.009656657026878464,1
26.838309074778742,93.52357324585128,2690.1334007475552,14.36076170711096,152.92270409869258,-0.25333907725216487,0.19111699786685415,0,1,0.7201277238900161,0.1486488230117116,0.18670983440551778,1
24.969624820497938,93.95779604117658,2891.454296445322,25.405798586597754,66.70352847744822,-0.8156314336465517,0.2727001376238164,3,3,0.6125739882201873,1.6338274072879508,0.10035219285281378,0
24.776761571740778,93.70469931449735,1037.0903679597905,33.198333596265265,152.22634684909835,0.6701106948721014,0.5818231340422545,0,1,0.6180532915751891,3.8924889932576625,0.020278884098131948,1
25.069326084430603,91.52238674660302,874.3865078493749,2.907421197436012,356.16738776097924,1.4293926401013202,0.0,0,0,0.527453571414472,0.28032889012816514,0.03175888553627773,0
27.6345371342524,89.45278366886495,1049.9286748933482,8.064691024315914,338.4486068267612,-1.2941075650225413,0.01850515808724465,3,0,0.36130017230507067,0.21751172754618603,0.0057670053463195195,1
25.597804609708255,90.39128667864799,3000.5967476077326,8.542148379510994,139.9936106516679,-1.5499248391153742,0.0853714039418,0,2,0.47107057799942564,0.04881604326081561,0.06751383722202535,1
26.351340179071354,90.2225086849143,423.42391448547437,39.86626351225933,65.93294395680157,-0.7214896472442744,0.7412966779292831,0,2,0.3333327059053447,5.772256583204811,0.11322023659529552,1
24.79713040970783,93.44251714921359,2221.7331283241715,17.133645810934937,118.67223883513769,1.5347209432796696,0.5401251463993979,0,2,0.44826722414773956,1.046092460884344,0.35358741695884616,1
25.867093945440306,90.08752131562794,2908.0449517311868,21.35290006255316,254.39245169114955,-0.7944033974004906,0.472035852877175,1,2,0.6797474113660634,1.6040840814186275,0.06475540747426457,1
26.340266054149694,94.32384800220964,2227.6620955512026,12.69638026437939,242.92697032328132,1.3984436503836541,0.317766142842828,1,3,0.5544818754989309,2.6956942657092666,0.11443255620337212,0
23.91833754560954,88.7160155579695,3116.7521225754267,23.617452289740253,163.687818105387,0.29043551568354414,0.3852611961500277,2,1,0.7955226428699109,0.5146959706691948,0.05654595494438861,0
25.128825278479024,90.67997826689272,2756.7084228009,14.55206877296193,276.24128193508847,1.0540086400609254,0.36250550050343155,3,0,0.5582259464354921,4.5708131771866505,0.06494628124611933,0
22.82016015701685,90.39562331750035,1537.9236831683595,40.40092116428331,246.07592548067277,1.2540192353327866,0.6807703648534796,1,3,0.6516696326950925,0.3971620787634137,0.046088833897436066,1
24.155817185424294,91.11941689834096,305.26749079142144,4.554164322547572,243.9083130624876,-0.2614172989802677,0.21572528835594368,3,3,0.696207831868965,1.4915903841290148,0.12995647150351883,0
25.95677684707325,94.55608338443226,2012.9454460600962,6.420687022475558,289.010539344302,0.022930350567612473,0.00994939193750674,3,2,0.9310876019209011,1.3171210019698123,0.02458823906945543,0
23.465355602809915,92.12580106884245,1215.8943741888463,23.94921516348167,92.82785037775295,0.43897888360182563,0.6234554492458914,0,2,0.5329191906984513,0.01580952805978189,0.03144202934047045,0
24.497472902611488,94.4721218444342,1570.678627052896,11.274445384719007,163.66241666301477,-1.208274239426054,0.13474290941396,2,3,0.48978133992533435,2.611415862297721,0.010975205803939746,0
24.53223667077249,94.59893369486562,2961.3134883824346,21.788047401135298,349.34117863731467,-0.6372689125085526,0.29188081299629476,0,1,0.7789970345525798,1.3312815141743184,0.025765344424681626,0
27.604866178052927,92.9797663418571,1691.0447719506208,21.99051796037577,339.9196152677598,1.0140891247097645,0.4912891294707108,0,2,0.6286318229448027,2.1058422998586743,0.021381426979628467,0
25.722723312901906,90.3148169824384,1747.564011783283,25.075614073997343,208.16644858727832,-0.8113173295740029,0.4362400692920072,1,0,0.5779975017646332,2.118671163128376,0.032226649308079745,0
23.12527821186477,94.99266598346787,1988.476456630944,14.405149519219574,257.4252600504534,-0.9782314121229713,0.310588484992983,1,3,0.3638202844455382,0.5358371048187153,0.1200856737340068,0
25.378113369225467,94.40881941364042,2825.7555137929007,23.41757695667715,348.68391047225634,-1.3444970242571812,0.24350568722629654,1,3,0.5391765873441162,0.6219598766131184,0.11847340563866703,0
25.497503448801815,94.04403155162612,3122.5579571692133,10.972407800931325,205.56199725824106,0.07604711755470782,0.30246834122684846,0,0,0.6649981366757672,2.2983774630766005,0.27064020913681275,0
27.615014993680163,93.48966555977468,163.30742799167203,26.81273407514962,297.5041810110214,0.6884110538887852,0.7605798557105813,0,1,0.6295122588196299,3.476017674833876,0.0651823651421982,1
27.328602969311348,91.87004663307926,2727.9924589323837,6.845336835297569,347.2776833762879,1.0223249952164812,0.0,0,1,0.9312928642036643,3.474430999784877,0.01885303858194115,0
24.87819577668001,90.9034119366783,1231.2444627953896,16.716828214792365,313.912009709225,-0.38153931645012157,0.19508319567230495,3,2,0.8029324908716241,0.8626101520629188,0.2095745512434144,0
22.93242537087125,91.19510267158225,971.1387011276311,11.792200527310818,79.8643313095192,-0.7577967064033425,0.25910094899196257,3,1,0.49980350142749264,0.6008739577621409,0.056239542181961324,0
23.121687011965022,94.16719023610588,1077.2044633553423,8.608649989896184,29.83477077227537,0.23967424359629974,0.4717180997900562,2,3,0.7271247699163177,0.3209799120724823,0.013093502731902566,0
26.255740403891245,90.5236516753722,1930.2756729663897,33.04598402491541,312.1624005175973,-0.924259410816647,0.596905032149028,3,0,0.5580001785883926,1.593952946685647,0.014023599170601732,1
26.825127520760777,88.83717558321682,1440.965501369678,10.019878029236464,309.2729970768194,-0.8223046804564419,0.0924334608421312,3,2,0.33323289370148673,0.33923990511824276,0.023439111788004792,0
24.417457059451337,91.00623195027346,1417.7041966061695,13.580686895261541,234.71323742142823,0.6512663050106834,0.10074510501947082,0,1,0.6369359312317096,3.0545247653677157,0.2556214602148043,0
26.08475107902203,89.00173256535614,1198.3044240325564,7.400338394250106,80.22340103094454,-1.8701546165417549,0.06926166570011341,3,0,0.5611899309091087,1.1722513209028258,0.15681209714967034,0
26.639484425579784,94.54434772487456,1585.0055607324982,37.02830237127865,61.39491744855617,1.5561042383855315,0.8477208449416767,1,2,0.551927303091044,1.3452088068243007,0.04775842320099189,1
23.154244475142338,88.8138970300076,531.9083041545703,33.83590247462804,52.669570009133295,2.218141394712126,0.6780492652051051,3,0,0.4923275690307846,1.2260019297308715,0.2537597121723632,1
23.479540704751305,90.22472683352746,875.0275409866194,26.373660795885115,335.32191265626074,-0.8244660488127444,0.6917852848099457,3,0,0.5702779385989278,3.79174434247086,0.17905659077278735,0
22.880673584231552,93.10564110642052,1899.4584656255504,22.234073443308755,182.89506671973777,1.2207464423288639,0.31152143630618667,0,3,0.7319972156280599,3.953425058474369,0.0028268023519046545,0
25.781299526817897,94.11988627212384,3014.1454708507986,23.023793277238855,180.6037185084499,0.16471726997003286,0.5204572182548131,2,0,0.4591551253460835,2.967869305247378,0.10819238790638541,0
25.737195314004996,88.60836844387421,403.64960752376726,11.51156187917438,264.7712783513795,2.274185030318401,0.1952699637156337,3,0,0.345330211627731,0.189616563024328,0.08555922089953356,1
25.921057302246105,93.77751159037464,2498.9027581748664,16.734004784756927,112.46586174283837,1.1328951718913625,0.23851578828401132,3,0,0.6081530935785148,1.5795027209732149,0.14186076198031936,0
26.574047204562866,90.91473974378471,1590.8075074626613,14.250372449234028,34.74682782131075,0.8519383324555878,0.2492373333838473,3,2,0.48163541977039115,0.7222792587477569,0.0045950183938698935,0
27.76774532451715,88.8537301866135,1934.4615505246416,35.664628752401335,157.98857945219538,0.05293407405354185,0.40184823152427723,2,0,0.7118830990354951,0.5669346660344449,0.1335243864918517,0
25.91893368080613,93.84097757293898,1621.0448079154803,8.055172075771699,90.07491975736323,0.28152360509292695,0.013974732959881164,0,3,0.9167368508905559,0.3670988764779359,0.07980065377918186,0
22.767673135511508,89.99071408483078,935.2538047986286,38.09731252253937,201.82913809502628,0.08423370572605937,0.667128956509833,0,1,0.7208699151300446,0.9350020749188181,0.08554641445848868,0
26.123656841953213,88.82284163310146,1091.2966375295573,9.083829474346446,345.02652510406597,-0.8576223481606312,0.09505478655260992,3,1,0.5703907444668743,0.13529533122141052,0.15039823245335016,0
24.12387303802473,89.09622404500983,339.0089737490467,29.573361203894663,310.58801064509197,0.8563089769555172,0.5229683768690349,3,3,0.5035903952533629,1.4463959908552724,0.16755007704684116,1
24.414814960598967,89.56307951536344,2735.055424323265,24.95264102021062,262.54129674215955,0.017346018033554168,0.312848192867127,1,2,0.6004436569979472,2.7584797060821766,0.0911125224295173,0
26.998920802139473,93.53957488960593,2813.860983972691,11.25657546109134,3.893808556424778,1.1098307622400312,0.2659224722297402,0,2,0.4987822070420355,0.58734791493056,0.031138980029570412,0
23.678343316201982,90.76660712782714,867.9550507862235,17.314177983100425,126.50559715741046,-1.0752641014608617,0.33690268029879605,2,3,0.6546397625142774,1.5372474597394854,0.06795494889783492,0
22.734426490386316,93.89486112855445,3065.175950195236,46.71878991705988,148.70225859542919,-0.3107894829721992,1.16574807836782,2,0,0.045095074269213664,1.990235277761299,0.06521088878431407,1
23.653149523229597,92.48323688529928,706.6994970869151,21.00691537059594,250.7988959964495,0.2802327814731966,0.6348805052531074,0,0,0.4689556809324402,3.6885649915326377,0.0073669457498869,0
24.7174070553886,88.76258842256154,588.291532820563,15.371726731198697,186.7519529869835,0.2232379361748293,0.48113349251091203,3,0,0.8722470203995925,0.9924993796056923,0.08006148355451068,0
24.122453461726554,92.57895803371608,2582.25853384675,22.450606683759084,227.34602994424583,0.7868622398422616,0.6381430094377071,2,1,0.5942376500705882,4.363686135515635,0.00948195288262161,1
22.84706200937026,94.33801524918107,991.174139612651,21.652520404471957,233.55301522591137,-0.8996799100976025,0.49813603104837983,1,2,0.46978435109953376,0.8408562087669934,0.008178643476477785,1
26.242564982431976,89.59383765396375,1508.5370706369772,21.033659866307623,252.92473183802412,-0.4180508640569697,0.2229104558803817,2,2,0.8996897132110822,1.207071255963365,0.03505681737416306,0
27.683014699879678,93.61281072749438,635.3100105948208,12.660736610930527,221.159222949651,-0.5308536074772426,0.13957318978536817,2,1,0.6185572858517647,2.6092461248392387,0.013075857068036373,1
22.900917247602,93.8276554818406,2423.407472213917,11.517805059583667,276.75473768981783,0.13150695445284558,0.04988205531256104,1,3,0.9980164633661203,0.3743404975966194,0.1384906520372752,0
23.13829602487779,89.00194574572134,592.4086212610364,30.34749024637188,26.6934988677761,0.2572759150908748,0.615345342964251,0,0,0.7965702645227352,2.2342278841369714,0.10707609536079617,0
25.361603793697075,90.68959333272797,2732.781665175232,9.730268485407308,115.64811293947082,-0.21587979872792037,0.14713471331066352,2,0,0.6593971365918659,0.22236490990129373,0.2979606057790971,0
23.856412193864088,92.98600873078387,3077.174055426767,11.087796332717971,132.2249810864994,-0.6036781736616855,0.049059501743254824,3,0,0.5206321027422786,1.6871219945136093,0.0021053813066735905,0
25.111533474580728,91.25599432653337,2808.455741455321,16.970469304277472,264.3644669693016,-0.429217452272037,0.18788573502885314,0,3,0.6109146415662505,0.903235519041853,0.17688139643085776,0
22.706106345211474,89.03109709536095,573.9043846364209,27.57601099994874,308.57105436500694,-0.3015216008772933,0.39466649486554134,2,2,0.9160213074418169,0.10988479347623455,0.31315127878050136,0
23.984139977613506,91.87514664361031,822.8998726169556,31.242529663176118,265.1942216521056,0.31237328692007543,0.6930125891513064,3,0,0.6838412862692442,2.28698823837885,0.13898373833461922,0
22.584494926523465,94.92214710394947,1708.4346746513772,13.215211129025224,187.18952754907795,-0.9958919258744972,0.0,3,3,0.5459776823766762,2.3144353894183007,0.0004440476077893121,0
27.057015690986475,90.48837527793526,1911.6181101100826,11.894658001595857,44.2955686107565,0.06327025484124159,0.11665289351701323,1,3,0.807412648514984,0.04825380774557607,0.1890964126525229,0
24.645226187702157,88.85724252292216,2885.2992708109778,4.124438159839176,285.0691332966488,-0.5062293279069283,0.12221768955520189,3,3,0.8083815288505309,0.6877616656229574,0.005144462688183099,1
22.815330770660747,93.22737622393203,1646.3934408524121,4.8238455922974595,59.09892250056537,0.6736669377887359,0.23100104793084153,3,3,0.49856142164376005,0.509416016814189,0.09951965899389897,0
24.425062768625505,93.02283245909965,956.8549701803136,19.467401680352015,234.98751315578642,-0.12902212061381108,0.24254087819410364,1,2,0.39886655211889077,1.5926091863581184,0.07755355959393821,1
23.58163150142483,94.74695040401163,2731.488261284021,42.801546046616494,195.79312435757495,1.3077206919698647,0.8898669455166159,1,0,0.45732706176387106,1.4447016783165167,0.13288908007465033,1
24.843050553195447,92.35553480367521,1099.8284769689758,20.211440085662424,324.70360694221273,-0.36971702523602007,0.3204025066740295,2,1,0.7705661221346172,4.0180598867590085,0.09843405626596857,0
25.122710578724636,93.46316446474925,2783.4652394988925,6.146070545018168,349.9950633336024,-0.32231184425201137,0.4791891328416031,3,0,0.37615549334282466,0.8122114272594829,0.046818025928257526,0
27.275518084781663,92.85969886148837,1280.0491159369894,12.914888582630951,171.37821433202288,0.7242693387177451,0.017356986810781433,0,3,0.6070763422144954,2.877970189280253,0.15027777402697096,1
23.03605359526763,92.64963446247219,111.6015278820396,18.885684479539925,28.49816749733201,0.09988225428788719,0.4333098241813292,3,3,0.4373547305117709,1.5882071907750068,0.09284557711119373,1
23.276842864981447,90.36350257328266,1170.9870018436052,42.83498689323101,178.4033275479035,0.6547810857714145,0.9629226215832163,0,1,0.38085416648482084,1.7541125317750563,0.0220281082224891,1
26.05666092565864,92.90596676440573,538.5180049579463,16.968820274543777,175.32581216919522,-0.0779805018944271,0.26421448504974576,1,2,0.48140277397999065,2.733991674761941,0.1742686496682938,0
22.905509618800345,91.13326900991116,662.4757360748544,2.668868233413053,209.8601026023137,1.497743878133629,0.0,1,3,0.7865949452263821,2.101572648735428,0.052264027638636426,0
25.483882933213565,89.88528983959192,2130.562913248126,9.340362944668618,52.451135627661756,-1.3861072770209515,0.09556712268649761,0,1,0.6406079371004711,2.172036050354834,0.3092919502796135,0
27.21169573589316,91.46591897101766,2078.104042171617,29.06300498257632,170.93650930666098,0.4621756227502112,0.5698054247367689,2,0,0.40894261810990196,2.221829627790786,0.05630028740673433,1
24.43106496399015,91.12802875148887,3083.2411836084275,11.122142338567024,303.899270306483,-1.96549837200535,0.09681303560541693,1,1,0.8841053524026294,1.6134395319066417,0.04675372799568519,0
26.455293925556543,89.79976309397732,2722.5733911199827,18.743101522030628,263.550202873518,-0.5138901289409595,0.4791333945683072,1,3,0.6602956962411974,1.2317418823360855,0.039913767396745126,0
25.1671129047642,89.26857124752635,347.7469095398178,21.506709693368045,166.54059422342996,0.4719100044912137,0.0862889876735834,3,0,0.8491390523710662,1.669904983157339,0.24402053017655106,0
27.109707081787022,90.51248365310153,3148.609002154241,3.331806933466747,34.07180842428902,-0.7942573445992704,0.0,0,1,0.5562751719074809,0.45907093967946916,0.05577225791738393,0
26.17011108405277,93.05114260772032,1269.2035205062093,6.756400482900471,347.1724447100704,-1.783115686893549,0.0,0,3,0.23170614523774147,6.391856332072762,0.13562961649824154,0
24.749739396585458,94.95522602434892,2898.869215748164,13.525305569155947,104.04298047465869,0.4001529638867084,0.3125983429258789,2,3,1.0,0.39978922225528807,0.13921781401415054,0
25.506620599652138,92.84718560583687,1174.2405461228918,20.782719332607094,107.91609182488037,0.9976691135980253,0.49105103896509383,3,1,0.6672873405774923,0.8302879397668064,0.3669534337314068,0
22.861944693851644,92.33594635242403,790.519258593493,15.389528012010041,135.74593110577925,0.07568587036596909,0.3804244464031351,3,2,0.45233874190624285,0.02328563664542142,0.00041908942852473196,1
24.331213663333063,90.8508081947626,1743.2016864190614,10.845952398201378,208.01279313498466,-0.5244542128290394,0.2452204702179562,1,0,0.6105262961504939,2.8404232465670605,0.2758234276293424,0
23.498336546519205,93.15533673785167,645.4378299714182,15.901968011858099,240.90264047968643,1.0849845350839589,0.4804656598492174,0,1,0.6677921372423088,1.3678221195820264,0.13341359604540606,0
24.669823840095155,93.06763607295618,2187.9691134171403,32.938625833015955,219.89095355737857,0.09738927517017688,0.4946570602328212,3,3,0.867801047489762,1.16753228851525,0.1137219729851325,0
27.7893710499334,91.66027343180784,835.5209296023164,22.100458483683703,16.95219975155476,-0.7415980065263982,0.5518029790704906,0,1,0.5628529629007744,0.9452849223840136,0.19318703797763662,1
24.014426708400165,91.55530798847981,378.53513358648706,30.085557859986608,45.638426266634895,-0.6101250410080655,0.793224379436682,0,1,0.5566668825923339,2.4644061607088705,0.12764756212135098,1
27.392480210269706,92.62727225480418,2758.1363406105615,17.092919637085483,228.6976402011237,0.4500134504595026,0.19382051157994493,2,1,0.5489053225230741,3.3406003833463367,0.05276134305844097,0
22.80834110601686,89.32021079586234,2866.489637743147,15.957663914017003,86.07140359188048,1.7527084424166142,0.438098911027099,1,2,0.28740441976201647,8.191696244206707,0.19242594502815183,1
27.77550349356686,93.94307393373616,1897.3288691021949,28.51245599740504,126.53007082159866,-0.8474971957101705,0.7195252324281504,3,0,0.38209467027482635,5.2788294375886515,0.08165544545975315,1
22.517820117026307,91.82010746596262,220.5613125957945,15.849546921945343,17.483647974508276,-1.4052714472253607,0.2413594241438542,3,3,0.7039816131960587,0.4816317012536965,0.095273888598043,0
27.681675732465457,89.19890758191656,1608.191073150392,20.55478720627804,55.22484145272281,-0.43129547792375017,0.4211103623464935,2,1,0.5834948671890917,3.0158824494458876,0.03115509403745205,0
24.743395175928594,91.47109391544929,2315.731701422894,13.23067344541727,222.42378335435376,-0.6705926519123361,0.21115311787066665,0,2,0.6318559975353861,0.6068265264417302,0.11412392031172505,0
23.925567619399594,94.90523769945878,2169.4936629718436,24.086770348625986,353.97647041394356,-0.8248116295306533,0.050513017004213345,3,2,0.6874881122882077,5.1411440572030065,0.04930589258628202,0
24.349972789422733,91.04965097286838,2683.4352362307295,6.633016143621592,283.866896840521,-0.7582764029230066,0.172128731859521,1,2,0.6363523085752669,1.3593605962241786,0.11603352068708933,0
27.794980996125567,90.83481451465296,1510.4125821953132,7.862085212328903,86.35214832928601,-1.3488363204168115,0.0943952287490445,1,2,0.5454001044109513,0.461081286388018,0.07853620980575915,1
24.82264272910154,94.05704183758046,3175.8185776352066,41.10651977289093,304.19409278167655,-0.13665388410914364,0.814703263697958,0,0,0.6264598935232654,0.951258251428877,0.08540670526735457,1
23.443308783418704,93.39960226815924,438.5892829549271,6.497486402266693,259.4183245069938,-0.5630977064791987,0.1729990070084767,0,1,0.7029433438197786,1.4466679357522456,0.027333872375409282,0
23.05041359284098,90.06198401329706,875.7787842427538,9.391833856874275,318.9765760001555,-0.24866689210736065,0.0983978695837779,2,1,0.40202499951241544,1.1104059569839788,0.009255196954331378,0
23.07399776327542,89.72620898992079,2955.4182567175235,10.345698958636877,92.46489892840215,-1.4576473569847277,0.5558007366800346,0,0,0.6898201615134498,0.08208587459917467,0.06661600185919937,0
26.842367743111712,92.5117020154023,332.67307420286267,18.88840511629443,356.74991497292353,-0.9859776834192479,0.3830843617818377,2,0,0.5432120732546345,3.321202938917302,0.24344079133940963,1
27.563742079944852,88.84309197511188,1312.5051573971475,13.784113999099004,19.441756215536294,2.4730158039234746,0.38752816053707884,2,2,0.9089569466658747,0.5790541164439499,0.1570181996418189,0
24.210734967209433,88.63854038532712,2903.3631799784066,19.683956382683697,171.66745443796214,-1.6252691516111075,0.4226109310074576,2,0,0.598719524765392,0.25430739846277534,0.02621424863433332,0
24.187431053467243,94.14070636588158,2339.46541086539,15.141505972345964,208.04141347967754,1.0972944832701201,0.44835676421822446,2,3,0.5017995256965277,0.5350919109285406,0.27538925918051943,1
25.703711842326985,90.98636049331635,1663.877031830881,23.039730661602498,50.46779686883372,1.0551187315982191,0.3690558377113868,3,3,0.44771619690737496,1.0169614016165112,0.17973959965041394,0
24.559750427748373,91.80945212607344,2270.9391671455182,32.020118739241006,285.9278374293584,0.2256469257111892,0.5711637249129297,2,0,0.28925101766025857,0.2097830960153772,0.22668981055246787,1
26.237864191195488,89.52528707873137,1825.485598518587,4.441762722777309,358.1777314165047,0.7767022337097781,0.28035483290971747,0,0,0.5449835610876538,5.928962412229803,0.2052413510993777,0
24.215035362709855,92.91096879449415,2048.276210492044,13.267735945853012,54.92722124160812,-1.5248279832839218,0.3651373805297996,0,2,1.0,2.327289206365961,0.13412315673109526,1
25.126260516249282,91.03668329907468,2783.330296591564,15.346464435551336,219.29546944011395,0.4271209168481219,0.2358959905147695,3,1,0.3436921916501895,0.4707998809653824,0.09758809636731365,1
26.19888620392218,89.1718012998386,1509.388687449187,11.551359982537406,154.59482801890343,-2.1966355504990354,0.33533070479741617,3,2,0.5407748345754001,0.6517916485883056,0.11394877971874318,1
22.87920465743995,90.72808877805255,717.595686719172,13.359584808797717,341.0686777285667,-0.8196131598597145,0.4849298019528526,3,1,0.5227062463517035,0.40117209329889375,0.1276967598950329,0
25.23476221767945,89.64685458107861,2797.702979023844,30.862935360864046,187.09681929639245,-0.6860468571594233,0.6185412062226014,0,3,0.6211012797003703,2.3883661810083345,0.07127674746039271,1
27.04400751383592,89.48644412130822,1367.5195856309397,17.618715925619643,278.0215502107136,1.0323928915106901,0.3084797138704848,2,0,0.5439931025137159,1.6279494257840479,0.2650515342089766,1
26.240671078651335,89.17545507164758,471.89892984774957,26.1811806599941,353.0481426427599,-0.321560566631213,0.5298082579887137,3,0,0.3044156550660683,0.17005502645410558,0.010417262340738642,1
24.9713462249846,94.96106152511243,1707.6571305601299,18.319344088026746,303.16305947415754,-0.35198811250705603,0.29814329458694366,0,3,0.8112634891342072,0.7022194882207585,0.22973724982537022,1
24.262243943342625,90.9743794701198,2984.1996083571175,29.433078666165756,227.19559704008603,2.326192136314278,0.6364862059789462,0,0,0.7034486508808786,0.24524389827295662,0.028817760827269324,1
25.966450775082997,89.38626819042969,871.9702552004854,4.9200842946993255,52.50979642891761,0.2435959920446723,0.11295111246472136,2,2,0.5846045276493471,6.524644272379574,0.1302776584332742,0
25.829530276432106,94.39955975387664,1376.023706028792,18.76884213119761,117.85831231706858,-0.1407023866843086,0.3334917058179994,1,0,0.42523093984624805,0.23738938060177972,0.027191694886092157,0
24.770612546675522,90.73097291873528,2336.2153949696517,4.24486918074663,185.69769082640315,1.5605752701881253,0.19754082936331013,2,0,0.9388768240774887,0.05680927742915051,0.08708503118246125,0
27.14173923063094,92.46210447551964,633.8773841674371,16.02465762326498,26.857550936766856,0.5334715126139251,0.3825692925865748,1,2,0.7018460829756288,4.86036179630096,0.08251743880432141,0
26.07164129299875,89.94892360610041,2766.8066966700867,17.57584543443823,202.1148416884565,-0.35003271952377785,0.23281409862745167,1,2,0.7169493896530176,0.03245216695804098,0.006736320062655222,0
26.52945998146354,88.66031642005774,2282.3910517095233,19.527502024092026,1.516579889092604,-0.8168032658303619,0.36890628501623535,2,1,0.27842496749072776,5.944547940142683,0.007513176999233555,0
26.323374620860783,89.1695411483889,244.2517096891836,17.004617910436338,51.567798400980585,-1.292870229010749,0.17400973313486656,3,1,0.5738323923790511,3.3679755068003745,0.048504512677948954,0
27.501265704818877,92.81810978461137,225.31868794995887,18.932344411356556,342.2376936463286,-1.3973865970634738,0.33217875365733995,2,2,0.3766639300624463,8.42790942924638,0.2213216482070621,0
27.48105514146858,90.70491000122686,785.5612836106978,27.444560134794834,226.45156733762119,0.2947588620553034,0.5171662407813687,1,3,0.6652123845347961,1.9982790281539513,0.019280290786510612,0
23.318500477829723,91.45261629404277,2172.2892332866813,15.480537994294474,135.53969131087888,0.7435016024295735,0.4696341994140173,3,2,0.7548708460147033,4.0940903122456245,0.0634821695207455,0
23.49785616068623,91.64094210603993,2715.7326824537195,11.366119542228112,191.93183301819633,0.6753186579931079,0.0,2,1,0.5632996274040093,0.07710113897478599,0.05786555884661176,0
24.604355992984335,89.67404507495918,793.438344672062,22.2857365465907,201.99311486105063,-0.056969120818611024,0.41868967374241284,1,2,0.7780734591780241,0.16602177000669446,0.12265421966940485,1
22.99236162648663,91.84903192990514,1489.6296877572545,57.641144669589636,340.50907724311713,-2.974399562757699,1.1623243664460194,2,3,0.5671811377377637,0.48064778668791225,0.021415004617653676,1
27.38557053193683,90.01908031780869,1531.3773738548364,30.701247870342762,223.02405633017545,-1.5451309051116413,0.5307434428566177,1,3,0.9859095488825036,1.5329304589167263,0.25498537113178393,0
25.31630934973427,89.61682544800898,761.384421267508,17.912790776422852,195.23505560014854,-0.6581572362146048,0.29569474520534655,3,0,0.5162963835892244,0.022065399817126966,0.05652008424892183,0
23.505743088329023,89.00368621891647,888.892641776496,4.869129836313682,281.97277319203295,-0.4674564604920708,0.15565563664614912,3,1,0.45957397485408213,1.4556934661406928,0.06108936630860036,0
25.603854285210605,93.38040019985603,1708.0064820580667,15.630600507029923,274.9602954906311,0.5550842495960578,0.13457903894149162,0,1,0.8487121314580455,0.9048974370059499,0.0005986337013357788,0
26.06022468177008,93.6469633013104,2998.2774969353586,11.717663329764196,261.4795257700766,-0.3445172386998327,0.3427436710867862,3,2,0.6725306147845836,2.282800464196788,0.24264774272764691,0
27.349762980584586,94.66886784382795,2925.4094369017594,16.825977513201696,0.941168525479581,0.10288450722639941,0.30383327251660097,3,1,0.6375621343857777,3.526069028989779,0.0008682686649843698,1
23.74972096253068,88.68928622023894,3193.1448454789897,22.43361722830138,161.4804810415551,0.12018384275976032,0.29968762706400864,0,0,0.34828346387114745,2.6483777190972697,0.24888209781079002,0
23.012247847818436,88.61827358211352,2712.2599325223136,12.34100824810126,231.22997268963726,-0.48518868116714137,0.0,0,1,0.556015621926875,7.314314951030866,0.13971061453225778,0
26.793378251068876,91.42194026957479,2242.0909525256425,17.349034616582056,254.415299061366,-0.6203194325216602,0.34830255105766983,0,0,0.6958446457303963,4.052643247401407,0.057631154126743446,0
26.782980312985938,90.79186893475047,2713.389028136576,15.938655420488807,280.3015964252288,-0.5452514686675594,0.13625263947451113,1,0,0.7656161125797293,1.298431368897478,0.03388887165881032,0
23.645322165368412,88.70974286124256,2125.82045373906,35.66582469863184,204.69569621618825,0.4914402948644716,0.5219519007600667,1,3,0.6759849460232835,0.1196128102375585,0.15450837306539733,1
25.597259270956037,92.74791678561533,2829.8056705602808,22.021527043562426,77.5552295110735,-0.0005295135058651056,0.44696714034584023,2,1,0.27689943971339703,3.199496533554211,0.11805204737951705,0
24.914491487627835,91.04029894922074,2381.940680724987,9.14567293272811,28.929284296311284,-0.9893550551121234,0.2006192837031232,0,2,0.5136736226912688,1.8561252756554572,0.19383283036861002,1
27.028965155739485,92.9358201715182,899.6874717513294,16.855133717687266,252.803624098194,-0.12314640509362498,0.029507758800264516,3,2,0.5279362135637149,0.2871935980898166,0.028529695850763905,0
24.624134425832114,92.08445300318157,2164.8633122847195,29.262387464969457,54.9165281375886,0.8095455155501244,0.6070737321941317,2,2,0.6965272704158141,0.2643421766638179,0.19731204984461292,0
24.489681193316176,91.56348347858044,1001.0339102538553,13.853815634576604,195.13707290477998,-0.6253457927715216,0.16222675817493615,0,1,0.4426849390837666,0.48475553141995503,0.010365787400313237,0
24.786362168273772,93.42656909597738,352.76130692836546,11.202948722902718,140.60051324814083,0.533776273858507,0.22772507070818176,3,2,0.5702630782683257,4.553310693944505,0.04326277547441604,0
22.937219116627485,90.4625776374196,933.8642005974648,28.135874195338666,122.2460942480463,-1.8360815355329978,0.7536406044661366,2,1,0.6380758570947935,0.6630297268106271,0.07878615706430817,1
27.747132044852833,91.51514368036695,2050.0908898280386,13.928848366235624,89.77625097114739,-2.1131504474535348,0.3351454835152455,2,1,0.1759264761351878,0.4330221527256885,0.058683346882241395,1
23.34729534220576,89.66053729145568,2073.02560821222,30.852542371876517,118.5422392450695,-0.7161638631726466,0.7531019910870298,1,2,0.6661214594598628,0.2993872121326086,0.10712109106181125,0
26.649809257083987,90.87820559477116,3066.329144435509,17.344029115507485,152.0467785440085,-0.3936867839234699,0.36780143268765564,1,2,0.6681857289644302,3.854296688779156,0.10176723942927948,1
23.581711967390657,93.40704143013369,1072.7817341881598,15.624267665532386,305.28749201265464,-0.3628372006334877,0.52639707164255,3,0,0.716717207546528,0.15731680118226302,0.205315296327353,1
25.452603712674783,91.59963590600813,2338.718043822632,18.594071680851158,280.1029129793557,0.18647871772474653,0.4539787674852182,1,3,0.3566104697308069,1.9550508387675936,0.037296781259117145,0
23.99320037516087,93.28974538888329,3053.3909523259576,9.83804403739834,158.1506772403532,-1.9279430779585636,0.3330010342464616,2,0,0.6850895329263796,1.6654699084711873,0.21574112514170168,0
25.518043451061743,91.85665553557565,1387.422127934075,6.490732259661112,322.16734148960404,0.15514812822643081,0.18783457835690126,0,0,0.5380978936597358,0.3400029153397357,0.04346176687836919,0
23.048377180698246,92.82420360851226,719.9626813243783,17.51455155959199,262.88052461125886,-1.0915294565655804,0.4619812376237711,0,3,0.43284213925398224,1.9923354654251935,0.1548106646078392,0
23.556123665145527,91.39096559331207,1391.5099711458831,27.197788953416012,320.9920317502527,-0.20459297463661533,0.4467435872882799,1,0,0.5049783010813473,0.40249304167655314,0.005899342569258182,1
22.997867010111577,92.76167663238648,3136.1980407893616,40.805911927462034,113.74625530063136,-0.7718335526467314,0.7750644022829362,0,0,0.43814215547775126,6.672384458505246,0.06687292576682617,0
23.27296668547237,92.66498398113802,2994.738334985531,31.479865597196763,104.88490377354942,0.11175469744145972,0.6149233471385206,1,3,0.6368194370555259,0.9447179121962574,0.0706419095012723,0
26.31011477637677,93.03471375573811,2668.482201375118,7.881885555046215,85.03304017352015,-0.3444671770748164,0.3749309937855128,0,1,0.6321438770006784,2.8388234363965483,0.20771688775439953,0
25.220080812656178,89.49092544248919,2372.626442163464,17.829757778499452,143.37059190288335,1.1971354225271547,0.3224039342489616,0,0,0.5680355874356888,1.9943076097331147,0.043960395084503764,0
23.161902929086445,94.16126655301768,2111.972557750133,22.364503270384166,336.5945364709477,-0.5670169550815609,0.6757543028429405,2,3,0.687365911958198,2.3151359684583053,0.5557958150000889,1
24.321550805863524,93.14810574270571,737.4798306091209,17.597580870233344,209.1451132916448,-0.8114824869800202,0.3248395961874329,2,3,0.4320263281877794,1.7157602941731183,0.05020661458054126,0
27.330843494420744,89.35016312278846,2978.643353294008,8.72729135374858,287.255272872823,2.6843766067963357,0.25717548792880707,2,1,0.4803044122521685,1.4828202799729986,0.10381384335264975,1
24.76813136892616,93.17639027008629,433.21647123553794,31.075632479923414,117.34440472626183,-0.1771358798776383,0.47827995790234523,0,1,0.7515691204010724,0.3202961146110034,0.0029948160979972613,0
24.251691208959198,88.60123843786471,410.68211701242814,6.875514592244358,264.68016911784974,-1.0709502386249343,0.1270857486269132,3,2,0.4789359448728903,3.882165681232266,0.22387044398890998,1
26.62458648761045,90.25148863105898,1635.800802148428,12.001023731370017,0.9465336214263287,0.8990935066225507,0.24863434084435315,2,3,0.7631504435751642,2.0095799700596473,0.1364530204337581,0
27.441672200268556,92.75843466519221,2070.868799549693,5.484080301334458,77.62308363476376,0.5283203232788767,0.0,2,3,0.5628206243031769,2.5417755215949427,0.24473176561204874,1
22.688700041090193,90.22617299625082,3054.4665212901973,24.103480532968593,304.41659002500177,0.7937323297297773,0.44124201145902864,1,0,0.5041344867280185,0.27455117369423854,0.07481575892731483,1
25.981680104830545,93.95026053522238,2403.4269331052606,34.13947321235142,48.49474781783964,1.077440362252924,0.7470974151829505,0,0,0.6326221477883718,0.3162990689931117,0.009912138483792514,1
27.450710242693567,90.37407472256626,1856.5922984868562,15.772081783612883,148.1384789971505,-0.8232802208322978,0.146825091324335,2,0,0.4987053903629432,0.7014863984987404,0.06541921592304296,0
22.722653218913145,92.51521785867293,551.8659207434899,25.461791042874612,88.64755873540835,-0.13151034676436274,0.5249356256900789,0,0,0.48127957914430136,1.2035621657661686,0.17469022687094682,0
25.496702052580034,94.21912668152335,2002.7984376284496,6.914384847473602,317.672315155398,0.2554031112714188,0.09768113379380558,1,0,0.675042223035091,0.5238277479312852,0.016744713227624122,0
22.629031344272533,93.53711291272009,2579.558389215406,36.98825592379761,64.77688496784535,-0.19662769837255958,0.9120262805990532,1,0,0.8484692521310142,1.0968049876920147,0.3026907447211178,1
27.370888946229073,94.0188364524862,2867.681991464179,24.770050647109134,163.06091419552607,1.4269741636643627,0.3322972163836019,0,1,0.21457451611838618,2.9696431290258776,0.01915345716330578,1
23.932060385090452,92.30059368900473,851.1849286692737,13.959761313329121,261.0004368994402,0.555738301599405,0.39903488932546816,3,0,0.6320953685685389,5.234421003025288,0.3977252774834633,0
24.159184234709006,88.644254182723,998.4451586727428,16.993837274069072,333.76988778935527,-0.3496235615882207,0.47279938842887237,0,2,0.8920915495144168,0.5205619570315178,0.22379401928657658,0
25.44991849733411,94.50707958121592,3041.7896383059883,9.498819686468861,35.267263482997805,0.08998846910883278,0.2728400809914142,3,0,0.7543790691298925,0.9051616030910213,0.16180685763872826,0
25.0103561117147,93.32533571378043,1102.6629686763401,47.025487059438774,116.29783524355729,-0.22328707440827472,0.6472179915282013,1,2,0.5526730961059899,2.762543720511087,0.022591762005368072,1
25.22451104403729,91.58862580550358,913.478046019772,13.019389910290169,303.68527405846515,0.12565347404044408,0.25278640457086476,2,0,0.548069155168693,2.1137753625742186,0.05527121477842616,1
23.90124688172635,91.14263892626587,563.9706483315438,8.19099923884041,220.95118335609507,0.1632516265382057,0.1225151133269424,3,1,0.5483510816633631,0.23501688218378128,0.022279114013301963,0
24.45834830426679,88.90260351265901,2717.3118600511025,13.681465556854643,12.266611682406428,0.4642495736715836,0.20434742106655468,3,1,0.5642481134385015,1.1628788122431613,0.03981217143377598,0
22.91419104988727,93.37179639765006,2247.4512317289573,6.442450671945199,328.09704792883304,0.41615155727419645,0.1330083153471177,2,0,0.31474985672167416,1.653028443599058,0.031161566262622228,1
23.50888733131155,93.71722458689239,1199.4716461341216,16.240194316571717,302.2968040844952,-0.5804113618631425,0.3442935556806843,0,2,0.5405867586549927,1.5410647221901959,0.1627458364021595,0
25.560320542973308,92.30356196028717,1504.2948629357275,15.163363903682416,217.91456074062447,2.067762506513905,0.3279908226795444,3,0,0.4775671731236384,8.472117561146597,0.06272159976605837,0
24.559613602393657,89.82658743196765,1983.8492656076198,13.400290772741005,40.51064818531023,0.9973017483090362,0.19518408750177857,2,1,0.3968531619523287,0.5695024822181489,0.09712314218459517,1
22.53317818032598,90.78207502419906,113.96890243601025,43.87970141132169,250.69700378343848,-0.2846032874851351,0.6546452818564157,3,0,0.28992140359693774,2.103695652209513,0.11824347284631803,1
23.07170685755337,93.18480551270683,2035.0288491700412,39.77286920425022,219.89948485358775,1.401865627633225,0.6595497340449528,0,0,0.43695673141902375,0.18302668337435918,0.07257535583898443,1
23.99194605709018,90.08239065686256,1343.8425145837289,10.9567375371488,198.57247654932405,-0.9307765450307648,0.12762704536333352,1,2,0.39484009377562057,1.9603444083157961,0.00012800816708792212,0
26.640707494300937,93.87796255464417,2149.1553878243726,12.794870543569264,52.46419213712351,0.45743901612307103,0.5818034044143734,0,0,0.25579632200660923,2.872017345036543,0.2919277878795982,0
26.331333070814278,94.95908419659443,973.4422578586277,11.54244753411324,225.05299682515727,0.675984814353954,0.3977989815892413,1,1,0.613498133744309,3.589932199435266,0.05027538526075225,0
24.360300991713444,92.98728616382799,1309.4103428599885,35.223480070134556,192.83012474084265,-0.45270247929918994,0.5864052222602969,2,3,0.5824716148433219,0.13197475577377968,0.047335882157356714,1
24.681469570053757,93.16643519560901,2759.9878206147587,5.130665233142775,122.80918111405654,-0.6746068069868952,0.10403976472732353,3,1,0.36382522287013963,0.07816918146864053,0.008146019561658377,0
23.05518574353267,93.9322185022066,1767.800934068792,13.109417609301207,226.33607963173924,0.4018474470648119,0.3208279349626438,0,1,0.4823345087191482,7.524058842880408,0.030729641734705,0
25.78669357887334,92.64814271931135,2127.4474884066717,25.404247329050957,287.67070257271206,-1.8367337688213456,0.4674977815605863,0,0,0.6993493831963271,0.5575228354015614,0.004431587405604634,0
24.081935921740186,93.86763655468314,669.0407961941727,10.146312546144662,270.05442450908464,-0.5672801739110117,0.16939551468972155,1,3,0.6883187271745185,2.034112549682514,0.0369732191823748,0
26.408587397194406,93.54871964380737,2918.128112094105,17.637851484771826,293.33128265733825,-0.293295522205411,0.5079214376294925,1,3,0.6913740164112044,0.1544815847057244,0.009677305223282346,0
26.88639471683232,89.4958857195118,671.1527111902803,10.503453083907859,109.12188284768644,-2.1280524692980416,0.0,3,3,0.4818299550666401,3.4615185851310106,0.07911310360067259,1
23.184355502517,89.27016002155678,827.2671272502804,16.045789258316297,345.2180893796696,-1.1486683659050159,0.17734098337895313,0,0,0.830067886925286,3.9959472931647384,0.07881789083519486,0
23.48017063473968,89.11545500518652,974.7057537464312,8.199667412572449,352.2308951907485,-0.6359142213913074,0.056932711373308534,2,1,0.6003683035912757,3.2255901277039802,0.047687693776758716,0
22.552768553578115,91.16015793522871,1754.282673876556,10.81302986252463,93.41122367995268,0.4132328230039233,0.1554636558319374,3,1,0.5666181926869851,0.7260536766153581,0.22474548509247147,1
26.35173475880316,90.78228046133104,2668.580262420997,36.91238788589947,67.53521230954694,-0.7080591600305712,0.6010939742911032,1,2,0.555527754630854,2.099825096515921,0.31616053396193433,1
25.97168685203456,89.89195607765477,2074.793947988924,12.511752351418249,197.22044889645076,-0.656843222137597,0.0,3,1,0.7903034470522647,1.0307177193002603,0.05641495061929276,0
26.469322746477236,89.84388623618027,831.5533346636147,30.72183664648599,41.257752677937596,-0.029172342998783154,0.43501757310620637,3,3,0.5713421302609015,1.8054879314462269,0.2860158498729423,1
27.605532734646253,89.98748184748487,2460.7628750315985,16.57405221605376,4.682937833053753,-0.6604481806075158,0.0,3,2,0.659398229785516,0.8034474099672441,0.11990302430597038,0
22.74753582822597,94.33310118384482,798.9399376944285,9.59028394587686,122.00613436096675,1.1317448106059955,0.16497346745252847,3,2,0.7246435416497997,3.894308640834716,0.19291594099655243,0
24.09538857867679,92.54799742039707,2021.6922630758174,18.26555979999271,341.26984081972233,0.41454835697503,0.1242673987166707,0,1,0.7731373454380603,0.564279867140838,0.0002643064555925285,0
27.785732932361988,90.0603904422423,2902.194187740575,30.70646721739181,348.19298893930784,-1.084253917587093,0.644152707611115,1,2,0.8783964929971098,0.11745528488541782,0.026312893040929236,0
24.805345567115506,89.9823418146014,2132.960932210117,17.797560940742024,321.75519499192626,1.5148232815609894,0.3776966243610146,0,2,0.7118884279533808,2.2582208178940086,0.013397280837183,1
23.302565127305467,90.56420063138533,141.20729977147158,21.971423720620656,280.08801781911006,-0.5633314769813729,0.5722351073472819,3,1,0.7219493422664394,0.6101412867272124,0.01372516040768593,1
23.541544437479295,88.64507500249091,2144.596193726349,19.128695438355095,212.45010513077204,-0.42791829790943103,0.3885380526585467,3,0,0.6148597269516572,0.8894525528875042,0.1040413816274838,0
24.91838920808359,90.57240685644246,450.4839440238179,50.517016123500674,312.0212546660808,-1.1712941449900325,0.8626890575379478,3,0,0.5263527030506783,0.8571280723706113,0.018861304457898295,1
23.33269536456186,94.01115115544454,2005.5901702695755,27.028641350158495,260.4576791569084,-0.8179500752718084,0.5021803263125763,2,2,0.9236404446183981,5.739250409624051,0.045667420656028274,1
23.62905258722583,89.04952610419888,624.8424978184266,9.486097614815765,8.582404234476599,0.7743867869234314,0.0,2,1,0.40256308883887426,0.5824278070563353,0.04381527832401169,0
26.07154716152031,92.62403394753403,212.2190317938551,18.266783696931018,243.85077590913897,0.6815858690394274,0.3344058206149795,3,0,0.4569434138934634,5.854731953870263,0.042906171036996295,1
23.875872955242762,91.43042649881905,2142.939146381367,26.796566950476493,155.3269024415324,1.2807733161431698,0.44731737551263523,3,1,0.4111330947848184,3.450232282627643,0.09558007925903382,0
26.59866091862766,89.18851184317904,1990.7241358233857,13.505193066688097,76.28340596471843,-1.6377500331815378,0.15077763475235073,1,0,0.31022678700025097,0.38698182532319153,0.16446107096632223,0
23.11593044632982,89.7846071324412,2384.9025502608592,19.838580232610106,98.30257188774875,-1.1446057770488616,0.31136676409824005,0,3,0.6315033129629286,1.250347273653245,0.1158387763967389,1
24.54389948246122,93.63628387851581,1500.421582723833,37.81816734692131,123.49274339299883,0.6870109581123818,0.6260002430168141,0,0,0.8515356273892623,3.0677642424432383,0.011052530366155673,1
24.345385869074672,92.92284340347614,1125.5202722644035,2.995618442976489,108.50184391068484,0.41332662348549737,0.0,0,3,0.7441295694613992,2.194632564144815,0.7261600284017335,1
24.641761247167068,90.4159516865187,2843.04709863187,7.705660504589529,22.347647545249657,0.6964999242954618,0.16699242296627675,0,1,0.5325135597355612,0.6562808938864357,0.15804968698005206,1
23.213161199565963,93.67462605458225,269.4670670825521,6.533520019787204,179.91876093002003,0.9805011664413873,0.08747086674587516,1,2,0.7938876138778048,0.3335085993561261,0.09229808388146227,0
23.28027776030793,90.096067327547,259.6166893326392,14.259740283876887,45.572188770797425,0.8047493301705665,0.38450637618191114,0,1,0.5122550193357184,1.760336472301786,0.04713422145987273,0
24.35436777958607,89.56018099527903,1322.1614901160399,13.947306904435495,314.1242157245636,-0.2606931921224477,0.3006859759002158,0,2,0.8830924709629631,0.4504258025485322,0.08303513500502763,1
26.863802400943804,91.1086992327565,913.2135032739128,44.17763281359045,153.4027680260497,-0.31132365148330604,0.7332220915852051,3,3,0.5016290995852749,1.6211924249037029,0.04363676909125869,1
23.1755403859159,92.81352067322904,942.4391011278647,17.071017082948586,294.66482148095787,-1.2711467743565588,0.5171158864764338,1,3,0.5913577766846889,0.9000825887160872,0.37462943111645275,1
24.302812008949527,89.16804894544961,1990.6445352112023,22.47633691503545,300.81882430937526,-0.38483331750431515,0.39770155490135606,3,1,0.785869142289338,2.706629401564419,0.005661705681538937,0
25.710806951056416,92.38015806130299,729.0251648846312,23.865865951564817,327.44245572832983,1.579204210036799,0.6337247361211993,0,2,0.5258631104351348,0.710850313196539,0.3907395342261367,1
23.076081518015993,94.8549398102442,399.44121428408783,24.47083591036369,289.3235424791761,-1.8381344684552756,0.640522181141316,0,1,0.5647604161876829,0.5329003616610801,0.14269869506668775,1
22.821815152048348,94.79053184808284,1741.5239387524955,22.015215495249635,357.4264891119613,1.5621376984528295,0.22991958633225915,0,0,0.3626026369751789,2.496563233384804,0.010258618637255737,0
26.042688950532952,93.30468057578052,1298.7529595455567,18.327724676998763,313.57743923469764,0.9088708832844662,0.19573885943766361,1,3,0.6854621673631869,1.1084187094840179,0.3850782343803187,0
24.679151593914607,94.90325266106888,1250.2487602506835,32.476391602042064,99.26746711144045,-0.546460614528624,0.6735093402361909,2,2,0.393811995591279,2.313392263753586,0.15614923997346997,1
25.98790412103635,91.86820211094035,2092.0447612562984,18.801911482386416,44.95463805331732,-0.2619769960117424,0.7568140643953685,3,1,0.5480864788272293,2.5349025201084707,0.16457094406948317,1
25.77494844771941,88.84323888672624,718.6690518932733,11.241206514341862,235.78627990579554,-0.0893407336625143,0.32856293292792943,3,1,0.7740165897809672,3.213734891207317,0.13628982605209813,0
25.75592383287197,93.02302986614025,3180.5034314376912,12.689019451877533,3.198168585385379,-0.61158006388818,0.0,2,2,0.5009656964649941,1.1578739490184442,0.12513918436433444,0
26.298921643256968,90.48860549012463,609.8832320510348,18.384019243580777,307.586813767308,0.81595715934866,0.4571311599607352,1,3,0.38851078392489724,0.010152430688505788,0.012936558617722714,0
27.03102212666996,89.41769519909425,1359.714879550378,15.070162711530415,53.45498611245672,1.9300945334934188,0.3344210061572134,3,2,0.5787932451916832,0.3169351824229455,0.08001449375687592,0
26.72466312914106,90.2276528806448,1133.4779189002202,7.741653868677505,66.7702003975933,1.5861895077851644,0.4140269960666668,3,2,0.38514829903275627,1.9180835968026884,0.06106431560860118,0
27.439225437197074,91.18005920696828,1894.7151046164297,13.970233332108037,333.7093430079113,0.0012962065311068023,0.4592165570653308,2,3,0.45750125285123416,3.206232361029784,0.02237747630862986,0
25.417523472616566,94.97085644599134,1765.5099522925743,4.391175689644845,23.18247868165267,-1.208741704760657,0.11567971942504249,0,0,0.9999586120532149,4.5182595366663865,0.02815146196827662,0
25.214891983785805,90.60238863881843,112.34889451237967,16.951542726906894,247.79839119081302,-2.1776876180953386,0.21269584261772978,3,0,0.764164739987493,0.15066248135242444,0.013920228509845171,0
23.78930103278099,88.89789823562067,395.3746537667797,28.858512518942774,187.74949642276425,-2.192769042508541,0.6343610500689186,1,0,0.8096991493073132,1.914090413552374,0.025376659908264744,1
23.567253987599138,92.4030219240689,2110.7997876093405,9.181750108792913,54.834142601388216,-0.334399403847255,0.18914375641553088,0,2,0.19810223905614577,1.0983017972531686,0.06088735694467026,1
26.11305612764589,93.35985361594405,157.11352038157725,4.673773643793682,325.831331990236,-1.3159017836240094,0.0,1,1,0.5906242922448298,2.9986863340726346,0.26814706536607796,0
25.206098661149227,90.9124531441922,1785.3255678820558,9.672497922084208,215.39481553018535,0.06975228422348613,0.5579954238516762,3,2,0.5994949465514805,1.317374672940699,0.023635044685809705,0
23.393241394265345,92.24826213951215,2860.7912211492953,33.36346891015098,33.48729252877172,0.6327281029445585,0.3343861050013954,3,3,0.4952943490614726,0.1600926082862871,0.04351979932842764,1
24.917682160747923,91.87720095805658,2132.3216571728854,18.153721506501146,223.84589435879016,0.41388898961429843,0.3665091992011926,3,1,1.0,2.1122930469885888,0.07162534088292061,0
25.712501700591005,91.8984807165825,1445.8477775041285,16.182129400667556,303.40594396159577,-0.12585694270057374,0.10157971249254252,0,1,0.5015803499242953,1.4167508706341512,0.0018574809860372897,0
26.949211672367213,93.07066776517853,562.8816162638398,29.234168674929748,226.2238426290305,0.703560482618621,0.4980621203604597,2,1,0.5683779781221543,2.157192255275277,0.190728596336013,0
22.75622660374328,91.0460982742935,1081.8569648509686,19.83558039301292,277.7517423636298,-0.7650826963598107,0.2721845196904097,2,2,0.564638949093265,0.14339621888617554,0.029938943830071174,0
25.728099828883135,94.75709496855434,2247.419978580608,27.1517695320738,241.01072766125165,-0.1564553029252464,0.5967473973133728,3,2,0.6981141578066531,0.2398844178536344,0.1740494215130156,1
27.781692389876348,94.41555892052943,395.2970813890314,12.611078131522266,243.97472146069896,1.022988191077335,0.282947811905931,1,1,0.5751400763826343,1.5202696793276191,0.0232399078874998,0
24.76453059083921,93.9604633637332,2602.31891129466,24.228987912280484,133.8983236956512,0.04299261922842067,0.49398804565496784,3,0,0.19621585210159298,2.423981190783229,0.3593800884331176,1
26.45361945396047,89.27279324281157,2818.1631508025516,14.444278108292536,88.1752724462864,-0.4562178521132108,0.0,2,1,0.9074333748139329,0.3843238860391227,0.0372734675013027,0
27.339048534267445,90.55794922035072,1502.7470455309647,15.175708590196532,299.25371824485103,0.7619372364817996,0.198540058099222,0,0,0.7832577565462856,0.5202979905733017,0.02480126003382821,0
24.402062949880982,91.26417184238534,1727.0625184258731,18.98322861973024,99.63538000320271,-0.5919025038834741,0.34338174264873833,0,3,0.992495320987776,0.557336507124177,0.015810441374771923,0
25.036069253251167,90.78869040438235,3171.89839036678,16.290341196974367,323.9622169881128,-0.5733338509671676,0.35656883587110755,2,3,0.5860933142401767,4.09033961732241,0.014745717669292275,0
23.4047455686236,93.403620897298,1311.4242389337599,17.493001407620497,201.26540068769245,-1.908999088611059,0.1347694220471669,2,2,0.5804921680882534,0.44715104652556187,0.03492991163421862,0
24.916972314888778,90.87268172855005,2807.8758208631043,7.4189675498838055,36.8780490970417,-0.5887658279771728,0.3186159158542551,2,1,0.45310191454220106,2.6002435676331905,0.005315466117508091,0
24.777820217389614,94.97314762763199,1333.6267640029155,13.538273116237997,116.84982867860225,1.234957559704117,0.5203150168679458,2,3,0.7981431317342181,3.2348580307118238,0.13823040047689247,0
26.541891015342653,91.19744914464037,2247.1376437809927,27.030706858375382,321.4695236758748,-0.10691462763475694,0.171636100168377,2,2,0.5290347110669892,0.30068598593383566,0.2735278680779639,0
26.78244831072783,88.64905110295139,2906.3436570497065,11.886598753872143,283.74282923216646,0.1957061275227168,0.37322524789453476,3,3,0.5939807796834821,0.7145514663670011,0.03324208458619068,0
26.484960017681132,89.5203003122199,2815.5216883567923,9.806840890952461,174.14062014189162,-0.4582278387416802,0.48541821591407375,3,1,0.7887221800015927,1.8782831871359467,0.06398727736500277,0
26.845605941200468,90.41909707621318,627.0016561601572,14.354973562667256,294.6783888967943,-0.17983928690141016,0.4540818088284072,3,3,0.6623662980543414,2.304012275381888,0.01930322317081646,0
26.77846959861509,93.06036997785209,282.18079741993245,8.164277367522866,359.41907838202064,-0.15198426479479524,0.0,1,0,0.8007053323885271,2.40855469233586,0.07433754956383097,0
23.795954972712003,90.28649390161674,1545.9638352952575,12.53216841995566,207.845179405364,1.3827709114177693,0.3311645127884509,3,0,0.6561597051274115,0.9714528167909674,0.2685310597294252,0
27.68811445458634,94.73812512203521,1488.8260998963049,17.002054473526464,283.44083030101547,-1.6922416015284223,0.408842377784116,2,1,0.606679464485052,0.572570758355256,0.0665183448080924,0
26.849056307498678,93.05975208792074,1248.1447455849732,15.432565670149025,187.78656703890243,1.8447544275590961,0.05184480434051841,0,3,0.5898951338262585,2.324069648646335,0.05306183603675524,0
25.03037062822529,92.2901949592213,1044.7827732733517,32.90403182748656,304.30292927218545,-0.734255656776456,0.7094405762423701,2,3,0.7828296336562637,4.040092377988278,0.34772956410849476,0
23.964640488253046,94.95408836612677,246.34937463551634,9.63845278161528,109.25880234808683,0.6802540043027369,0.06581567590708556,2,3,0.6387902159643544,0.06459490892391201,0.24039093190349617,0
24.494827296974734,89.29932051665754,738.0533874923831,42.07928690449282,271.36310737156987,0.0852670652434121,0.6165394044620472,1,2,0.8253429381304727,2.8231720346865044,0.18858206623728993,1
26.442310308121435,93.17540138727082,1857.2259484339338,28.82849749462691,166.13692792162084,0.19002493268160509,0.5584906088808793,2,1,0.5184237037159046,2.291993293112464,0.10869529102056426,0
23.072129457669472,90.70982876047219,1131.965461501909,15.835088955237868,2.8640936104696335,1.379442172982033,0.5040911171705411,1,0,0.0,2.5374624629486906,0.0005125680731133135,1
24.517871746909677,93.65747031008,1739.933196547277,18.6911125059914,33.28116905599409,0.778944191772826,0.455201238697054,2,3,0.8083106353488414,0.2843298206125558,0.28711768165061075,0
23.677806511060155,90.99939486841284,782.5224397482688,10.619759008782346,145.16018738977144,-0.6962473294452859,0.49472222422659984,2,0,0.45711681628431816,0.4126412626285483,0.17993465656965227,1
23.992259732528716,91.10045934217487,3014.8870436072607,9.711000137278806,119.59232463923324,-1.6582687630439978,0.24086347056801186,1,1,0.7314390171530221,5.3192303315550395,0.10142697427838605,0
25.520260657110462,93.19375100995642,3120.8696076326437,69.66462135956685,90.40340021599619,0.5042324298803218,1.3819096758404785,0,0,0.5513564264282924,4.002238291714249,0.22030288407096899,1
26.938393845255796,90.87814599156542,2589.7939072878453,11.689074992948925,98.27464494899087,1.1167105506453896,0.09585556502371934,3,0,0.6548332261233016,4.892502565642551,0.04863097485222262,0
27.013601003077643,93.30603717541183,2035.298494245202,10.60303142817686,305.17407308168157,1.076112266718025,0.0833962128942746,2,1,0.4269703225278002,7.295008821954879,0.3197342885176896,0
26.6210109793341,93.9444615970089,1827.0421701904272,14.965559904350172,81.83421095575241,-1.625692606512803,0.25633483978027477,2,3,0.8767870081434855,0.4351596301055326,0.04367974856774943,0
26.941140005195095,92.21316044012904,582.5192923407915,27.007581857769246,117.67595489758881,0.7163882408500528,0.3707231732905909,0,3,0.667053239436642,8.472792121507519,0.10776387772940049,0
26.62088546090038,89.73631744771397,1954.3372295469592,6.165053282039107,193.95386438014359,0.6012158509915,0.10681316802931776,0,0,0.6117444830363737,4.589437086003837,0.002431149419634029,0
23.682141954490362,93.66079452762523,930.6698903836657,12.522935824933779,116.66145597215316,0.5122060141278323,0.25897821139197585,0,2,0.8408723226083373,0.08834256262748333,0.04746914190654126,0
24.18444932874729,94.03751511456113,3116.487905171026,22.379538360360794,5.169313455756521,1.0945843158173858,0.5007379901162087,0,1,0.756611187868764,1.2760649224419405,0.051102169813796394,0
23.56902193773338,89.78118196487344,1914.9103818972796,10.179434943423342,228.61184215448887,-0.15700231277208526,0.07977297604014971,0,0,0.8358664019231503,0.16138936883161656,0.09442141291482048,0
25.732749726733598,92.29570306474658,1493.7679826575286,17.683966957712947,265.9977416592083,1.4575173314441365,0.6394778187724837,2,0,0.6976342934143472,0.789509504913754,0.0003134537269832519,0
24.926437593174516,91.18984261155134,1995.2329568017578,10.766085697750764,72.90216111111206,-0.5441519127185926,0.08574025771179822,3,2,0.6651037887609946,5.446653284066971,0.2577180437583031,0
25.353315329636526,94.44105374857703,3187.106784649378,10.630930852709781,145.2620835959445,0.7612487463468598,0.3611427970699936,2,0,0.5769221754294556,3.0555516474194664,0.04955272715433933,0
23.454731346226502,93.3408057498838,1826.280834607093,14.800660647185273,36.04803197292733,-1.1269731723787997,0.10111646604444391,1,3,0.5400029293419124,2.9539324255250725,0.043422983206646025,0
24.756525025404837,94.24407288045975,393.65447210604015,15.081296762404797,201.93466654126252,-0.6966305213662353,0.39863459185015626,1,2,0.5567774543193302,1.5689341655611577,0.10030901342506236,0
23.91511088114284,94.92004987281454,208.3799286263867,21.54746259314476,64.18619033208573,-0.30623036547257415,0.2753298045858886,3,3,0.47402904070285307,2.026992801231992,0.05277215057217091,0
25.7922705702624,91.94420414081806,2776.11698527634,12.587111061091543,121.08407194248689,1.2774922631474832,0.23357482915842384,0,1,0.5254907037401945,6.114018998607263,0.03252653903880511,0
23.733485405631928,92.52145965313684,298.4421717965806,6.591083727453666,44.374912482876596,-0.4521511157351564,0.22724419852598496,3,1,0.5304897290341573,4.902912524540671,0.053559062949161323,0
24.7924507574703,91.01102596461834,134.46490227739633,18.856605260954385,319.0538405237705,1.0702437270371223,0.7114010303249693,1,0,0.598816995365155,9.968639046278051,0.006048439791717799,0
27.444153414861866,93.54541133994714,491.21613371298423,12.223724544980104,163.68475626334205,0.35160444542296,0.28002336640950104,0,3,0.7496784510134727,2.2834801507400204,0.19912346701312478,0
27.13879531630329,94.46442558912057,2080.6904273723685,21.223247714053564,123.28799393054055,-0.6743018940932767,0.7963754721042946,0,0,0.3970526274293981,1.5502928110743595,0.061120496479220555,0
27.298100191712503,91.69170362142091,2293.46439592541,7.82594023493062,36.24796074463698,0.5368347469339261,0.12313642217158796,3,2,0.510948213481944,1.0663229716448692,0.009251441455339227,0
26.10694766079419,91.23953898283466,2386.3984358227844,19.643981646088726,78.99953352958494,0.36742584586781474,0.4047285780630348,3,0,0.41326816101596764,0.48726661523585274,0.05542159867851685,0
27.25971942031276,93.29905060883004,1068.996208123469,23.94640387605817,227.65587641317316,0.045192754522654074,0.6733826471178167,0,1,0.6041957366498925,0.07263640560222712,0.24858050855586727,1
22.945227797292983,92.39624744106158,1381.6602639405762,2.4716829457409357,75.09751750553508,0.34945688912984085,0.0,2,1,0.43063072926126633,0.6708899716535325,0.05730014340729929,0
23.075822258566582,89.311721695847,1150.5712268779685,13.579206751609679,248.25527013708077,0.9566473898452137,0.27407108781331224,1,0,0.6239441256949795,1.7310223957081603,0.03466090550302419,0
24.46981106768001,93.1006564350166,489.0936698920157,2.8221267046511724,61.1083971564505,-1.727314537702048,0.0,2,2,0.4993585226502397,2.9324154445857644,0.3026147937979249,1
26.70785677551742,94.42425133606686,2421.208184223243,18.486123725194602,78.09892440115583,0.3981899112889757,0.3196598453181746,3,2,0.8636820664335423,4.254690681102922,0.11058612717404977,0
25.98269271544616,90.14006450925997,505.01379915749783,20.273110133717175,72.06222686726389,0.3990591975022172,0.20725307809675644,0,1,0.6559283763137239,0.21701881477664045,0.006180994569748934,0
24.63504799395905,93.68149710630307,247.34089621828593,21.940557603946505,169.10023109211502,-0.18297348376045655,0.3560103041568275,0,3,0.6569656285549572,1.220646707306084,0.108051957827525,0
23.392996767641574,93.80274364540074,2473.674001114078,10.418719127455608,253.80647270351287,-0.15777076376430912,0.22720232563125517,3,1,0.6288654598241649,0.6720627727901931,0.09229138124820617,0
23.04632210009096,94.53362433411527,2026.2513735633283,3.5875466989840183,241.71679692830818,-0.10750284533086794,0.19763557509791518,2,2,0.561301481365919,2.102742839606758,0.09405172954101224,0
25.922914260120066,92.61636451281163,1997.565584187798,12.843153834178679,15.266976667807919,1.231252879356013,0.0997911217401812,3,1,0.6849672149559152,1.869773906549245,0.023273322042510883,0
27.61094106971934,92.58042702077813,775.5736331423967,11.689977555103859,55.269324423673694,-1.1253653917690785,0.07358508485331139,2,2,0.6617736828412398,2.914627212547171,0.07075324152403686,0
24.405935945574278,94.90016410776848,2554.219393862868,9.91540610960563,351.81724734881635,0.9845229729948867,0.20356854921732118,0,0,0.7481355407420188,1.2798430239645227,0.00122424916969997,0
22.960845522217905,88.64195300610967,1411.795022758485,9.518101148562867,292.5887080942503,-1.4731005726356527,0.29175481711361345,2,0,0.35891401626734165,0.4217481433990964,0.06391461541813241,0
25.239007643146948,94.54495730158553,2360.8740935551546,6.0624255387030175,189.96563905633144,-0.32607718575822703,0.10275586304004254,0,1,0.8877427112060532,3.0330910951689685,0.09853532545191632,0
23.777557434629266,89.99186748631323,2110.339560907152,3.1705015926092637,26.935132087416683,1.0841560234108645,0.0,3,3,0.4493113866361903,2.6589145219060426,0.09853875675885027,0
26.67926158645676,90.49620863796024,2097.845245936478,8.72107960797484,162.31685068608894,-0.4915486809199354,0.40466907233041544,2,3,0.5352671472389497,0.42264541799993666,0.07761449027527158,1
23.551350090333763,90.30029528232092,2336.631630005981,18.63968194795909,313.00536310453555,-0.8005629327448375,0.20442965830458934,3,3,0.34334460819036816,0.8691706845300143,0.044199617508211275,0
26.40205396433096,94.84466630098983,1161.2857830161304,14.925634961905997,103.87244512146843,1.0926587556380132,0.215105581612995,1,1,0.3374320926646359,1.0090771967187973,0.029766141341200092,0
25.737518105623163,91.89696653655852,3157.1455623216207,5.677163282686484,67.08695080176061,0.13679175608229402,0.15533922970080213,0,2,0.4569230416266516,0.5315790143442863,0.002027633741531788,0
26.942927763831484,93.79625426581329,2386.9744716497003,11.460468185341739,200.74499833722862,-1.1895517841330125,0.2204190091653221,3,2,0.3695016160342731,1.5325743621110863,0.027886316772006342,0
23.268855868152553,94.49686358902353,2869.4910327004336,11.357426696427726,234.44049839761482,-0.8966325848654781,0.5181035565826987,3,1,0.2773000789892804,1.1365147470311443,0.015440370643511024,0
27.765450652068207,90.65952198125686,2102.6612854322584,37.764494132712656,170.30731925044685,0.3496839249167958,0.7258646576167,0,0,0.8912491513895109,0.23309197056182382,0.04210095318623616,1
23.102387850418914,89.9102010972778,1771.5818766107977,12.614295601743759,165.8514328008139,0.8190300900590537,0.3829363885220609,3,2,0.47376595964725926,0.8556495094465367,0.2599343986892869,0
27.08046698710008,93.61911168228302,1321.359171984184,33.89939541373373,331.3624984526919,-2.0466530777966914,0.5856912622299133,0,3,0.8007657903406411,3.0848976201690603,0.0043270618932351275,1
26.348113598107233,89.8266779073666,662.1923116609619,14.66682898348082,299.8188620710302,-1.1087261342922892,0.3407525472332743,2,3,0.5435795418970015,0.74233666705233,0.0010177621532266373,0
23.55583862599788,88.6726752368246,1744.0232182147163,7.645735570860173,248.31664091730622,0.7593317312674405,0.47989810765949814,1,3,0.46966567886253224,0.5662145389511791,0.003492903749248557,0
25.31508246174296,93.32000517118757,2821.6666547151667,13.357209034303743,81.17272648801391,-1.5230193324683148,0.5839210710081599,0,0,0.4516675494720205,3.3986757532911973,0.022978759237239965,0
27.53166843730593,91.69775318943297,525.2679491534916,58.59537250997124,266.87043940677074,-0.7400021099732134,1.2145689029468205,0,2,0.5837557946118739,0.7666480466419132,0.5461842567808078,1
25.7689485619737,91.79724437881798,3009.456742094125,12.908623182799861,294.50004940349186,0.5952635114417304,0.09832545348752411,1,3,0.6245685589210306,0.587389825287456,0.04755764193240533,0
24.43142875261845,94.21901873493537,954.6961827868126,6.811519054587315,319.34333038868334,0.4753228728787888,0.23988599150849516,3,1,0.589077542992329,0.9314528546861413,0.024258763865470878,0
26.758902936498423,88.99527918595898,1090.658397875031,20.958312900496956,99.82599090192294,-0.5771690138231336,0.3826951899717849,0,1,0.7903192277374551,0.2997070778067917,0.026109637513945617,0
23.81605761687158,94.46712494707408,2029.0214504855408,15.584439257206018,207.82811975288413,-0.7426453395192898,0.1777438278420424,0,1,0.7460688735551978,2.48245667708358,0.017760982584040866,1
25.457224537511422,93.46540486318435,1384.7122698793125,15.50561105638135,233.9111975297964,-1.6548431150079215,0.17512621474601375,0,3,0.22643839255250692,0.14773162505160098,0.12087080094156176,1
24.000435490254638,88.95022385665843,1703.5813123966252,42.69322860915973,2.0333784852332837,-0.6461813609102723,0.8740821688571104,3,3,0.5858622556486476,2.0470060539330803,0.0016500557477788285,0
23.015247505608503,91.43415397991727,1715.3939270221324,17.278091945362284,127.96585691997461,0.690250134575882,0.1865371081382949,2,1,0.539105420860805,1.912944770847516,0.026078509359402008,0
26.99551579953895,89.1388044759054,1415.8114247910437,34.42374404867776,203.45553970825875,0.9049599485840485,0.7681238727012406,1,3,0.5714202311147903,0.44085166036286033,0.10996372319040237,1
25.293730984925826,88.82035771964627,1138.3509626440932,8.675672463778751,221.68505169903895,0.5456903431210129,0.09174967262070796,3,0,0.3367933965417792,1.5619967175653373,0.017682524065291763,0
25.66714047104692,93.33516785572094,2748.7789927375884,27.54114340718862,220.2559845938648,2.415446161810391,0.4123155870194959,3,0,0.6482254423830269,2.2987494243352153,0.10652156234887367,0
24.13533891495552,89.48745500074877,1463.2252447957608,12.505077499175375,1.0944130851441036,-0.7618113825596522,0.16306565205439338,2,2,0.4693450466659641,3.081001780095392,0.060914742214728104,0
24.715772656985244,93.0393573620363,407.85394466448776,14.5079523739601,275.79175215263643,0.08872041371766212,0.27386272137242956,2,0,0.8079143949957397,1.8202116740234133,0.2141922682332995,0
25.47808658548418,93.83380375261626,3188.5259298690657,37.08588265106521,128.72877827007864,-0.6694467765275067,0.8688144592921785,3,1,0.9456530829417938,0.8713287484251414,0.007737363695525576,0
25.690658089602774,93.90711717725725,1257.7533650359558,13.986805584574771,125.29660764230277,0.2060595151861,0.3025650439572811,1,0,0.5311529883117918,2.6358546910584386,0.047602815260071624,0
24.65752551860093,92.48901705569263,790.109585831468,16.633357315295886,279.38912920758855,-1.6051781472090552,0.22154059034159004,2,1,0.27600621606339876,2.459991740566394,0.15036844074578526,0
23.763947138407566,89.18271044866331,2609.161330170393,22.429191048332715,164.7628950867503,0.3945708915461603,0.5119614514113431,0,0,0.7897984453689589,0.1017653182621135,0.16833879482472439,1
22.64261850155796,91.89464017900936,755.6392245832513,12.224129810984001,203.7321274451528,1.0039366059713688,0.30011797793641315,3,0,0.5098754357071097,3.4639041800887918,0.0010815896479770433,0
25.079854341571526,93.78115040221171,2287.1302420566562,25.67646907053803,164.4884342417825,-0.7900072964370534,0.7581076658956485,0,1,0.6692071799994211,2.87506891456945,0.32365897848989106,1
24.001962294328145,90.02724347649078,3127.7462980188575,15.412696082326264,193.23965781381978,1.0022074144378648,0.3580688433675234,0,1,0.5497723738385821,0.6853455084070578,0.10184497439605217,0
24.790839068884708,93.96858081775717,1222.1799806428573,5.56825581991537,203.75060968720487,-0.1994300133196385,0.018437019845242694,1,0,0.44076849762275877,0.7720456924671737,0.10966814060899704,0
27.065526410535742,93.86442240972258,1569.9069340369115,47.31947732442103,305.29206181070333,0.47404166744638443,0.9975974589468318,2,0,0.7028173086270808,4.967002974034917,0.31226548609881966,1
25.57527274943773,89.236243140056,1177.4204326370461,25.430009801016034,37.01060751218245,0.33047607964326225,0.32446784337549317,2,1,0.41673301169947063,1.7086063435909369,0.20137982602015297,1
24.78937468692272,91.37039515623961,2625.527012114144,18.51671415181773,283.0316307851748,-0.7695349798407002,0.34047354483973485,3,1,0.9319747511768632,0.24453312282135378,0.2410137121622832,0
27.031862933505128,94.35851214958313,2628.0652193331275,14.750386605833734,254.72094775996658,0.051844888660036635,0.03434506059445347,0,2,0.8171109063662714,5.7620691677761275,0.0656397348122797,0
23.443333103522992,89.89478324318372,2794.3041221901844,36.01949083779654,20.011710817434512,0.14103678557355223,0.6530554967234312,3,1,0.4084989180408824,0.06509978441295515,0.10569387366198871,1
25.58711229539475,94.29064588204207,2143.9790941801994,19.43022862886145,352.774829469628,1.4145901678191124,0.2052907744132664,3,2,0.7510713646188596,5.756176860645166,0.10218802202966148,0
26.752055197002193,93.82071328869974,1007.1820684054097,16.581419948978937,351.40087222329873,0.5499739566271756,0.48248288765497205,2,2,0.5556630430848082,10.177464498251462,0.14935377443532893,0
22.76097991466181,91.44791241532066,639.1088341077373,13.01506870507015,224.95489026034986,0.8521104170321133,0.2607029432278867,0,2,0.8428959054333519,0.5551439903288704,0.03977985658170949,0
24.443870140339435,92.05285733357523,1085.4829166704749,22.11474530834341,298.3263027490942,0.19443807005353256,0.40416277357819563,0,0,0.6757695643029359,0.8022193731526909,0.2500302825826527,1
23.627524172160467,93.6701632667873,2306.488019638964,20.027353658059035,218.66239422117036,-0.7976136583668579,0.7293744484846243,0,2,0.5590515876443688,8.429249533391939,0.007671010264854956,0
24.766874111592646,92.73606236191398,1539.4826802062512,7.104227609384022,305.90802917622943,-1.0230240314925128,0.3744614388938768,3,3,0.6374535857653729,0.06089640672326617,0.08146840123177655,1
22.846689042293782,94.50538200377513,946.132698701863,6.559240190144886,204.7748329411754,0.29535039662105395,0.30616583399705566,2,1,0.5220655069724265,1.7051614855430233,0.05059398790939671,0
23.428470288713214,91.235210873654,2565.027632086111,11.338703599276489,180.27237369305152,-0.52291233502861,0.14324379319846403,2,0,0.5287653157094043,2.2662658263982363,0.774449399069883,1
24.883305938071246,90.84828186351133,3080.5247282204846,4.67076849515181,112.13573550818649,0.9810199268597204,0.2390036399304915,1,3,0.4625301891853706,0.5270372395401035,0.0289821988528568,1
26.730986620557307,90.57544326605057,555.9915578936574,31.49541067237289,42.555819500067095,-2.3600385186630297,0.6404789559207297,1,0,0.406437247748971,0.6457524585534522,0.01626378926423584,0
26.039555854246952,91.1045620402679,2722.761769313445,12.390510621146106,20.000220917635513,0.18736424105126542,0.28708770561135377,2,0,0.4843652254994897,1.115856888000068,0.1376407611796636,0
26.75226529212915,93.64505394486298,1537.62839526259,20.352505284429913,14.179820527732803,-1.4887610454342513,0.20946783474908526,3,0,0.8632170839916885,0.9159053488788248,0.07196922700978982,0
24.104689119422197,92.3557541084964,391.5552439084575,15.89025173375573,54.13745969573291,2.479134574725335,0.14176938489261234,3,1,0.8504421716375676,5.38157031399411,0.16694205448556737,0
27.055965469169067,90.53935872246593,841.5030801728981,15.994063663287356,223.61682159303393,-0.25951685716306216,0.3297231148483254,1,1,0.5519382829634698,2.3949459006057174,9.032368742053608e-05,0
25.155441040720476,89.69821528816477,1653.492176950108,18.33114582334565,195.13063504238767,-0.2413056826832715,0.5170896766175603,2,2,0.6094067098828666,5.902817253693377,0.041307403140681376,0
27.18771582867414,90.19094049929869,2928.7703826698344,15.454105026546479,243.140925844497,1.7838568379007467,0.21853764393421543,0,1,0.25635528306911715,0.7951361234382806,0.046785951680629045,1
27.581729513238585,94.29726421625857,1012.364386561893,10.650431905713763,209.35996834847558,-0.9328903964177435,0.2048854084808949,3,0,0.7475803388392224,0.43264283063851894,0.11617107687053736,0
23.486880017596622,89.78484077840118,3017.7554457980204,18.4286446321465,175.18380405275596,0.12716556128503306,0.29959573499597647,1,0,0.3355746076971564,0.6900719846588081,0.0009627068780590328,0
23.045792441459916,90.57038985655065,2203.889163645405,16.15020371181525,223.3953103684487,-0.09163355195690347,0.18346756648524049,0,3,0.9147396978833477,1.581821729701652,0.3622472331445447,0
23.155971464341672,94.6563385660623,612.1119416935151,9.432168239632487,337.10909414413726,-0.6123965875835142,0.11989767181749603,1,1,0.3638527689815917,0.21387678792183504,0.03692083680865079,1
25.213130299791125,94.35245950470251,708.2829253030839,30.65759545370935,28.28713220977679,-0.31555368832751896,0.6882551467966699,2,3,0.9208980141072656,0.5369139489147712,0.17109521694360338,0
24.613455721331093,93.93061449970203,1953.5621544210587,14.163278698030574,311.9261837572413,-2.6167496049557637,0.0425841116253885,1,1,0.48197551398052707,12.762150659199364,0.017091266985839446,0
24.911232468410965,89.11888785395203,1113.481947206763,8.51179321456228,27.461344821420784,0.6890568169738107,0.021806456530802237,3,1,0.5018959176149815,2.0925304365524657,0.10849423425984434,0
26.967121335722425,92.9379840935743,818.6874981411603,15.521165748020923,5.532163210007979,1.7329277582352234,0.1824869945214985,0,3,0.36379830847334077,0.662778349915696,0.06401583959730134,0
25.396140303038912,89.57556911882143,1415.051715610878,13.886019441733307,153.1243842821057,-1.3582450728945377,0.22444853460790548,0,0,0.4591919540357394,2.198835056906629,0.11127712587335872,0
23.00979326047902,91.10551834436028,2175.067437103666,16.55162808648532,104.48434205676368,1.3725442840972462,0.6071474320649256,3,2,0.5795262173205933,4.624039811128407,0.11625373634113119,1
26.782746386404114,92.18591759506354,2813.5263785609036,11.098741137210537,19.398322705860657,-0.9896526464284002,0.12411228408475544,3,2,0.7730444692163989,5.521040741350681,0.004049923514248862,0
24.37259004619368,94.1384968056771,2886.13062981271,20.395280599420765,299.00961114213084,-1.404422165727381,0.28936854009677954,0,0,0.7992861013777215,2.381959023330133,0.010969952467155146,0
24.989828705315773,90.16284127270872,766.837376911007,28.115132041616782,333.52763497984995,-1.3634544588129167,0.5464514082663541,3,3,0.5611270017238155,1.9051344135813286,0.02434018783378669,0
23.37346766840921,92.96560490163299,846.7131995042529,12.45986200129176,61.283119175711775,-1.9966920447743985,0.15663601192912924,0,3,0.38649905128880957,1.8884465286232563,0.26408302893523694,0
23.786941626295242,89.41426814713154,1124.5975186623823,25.97080942419511,3.442659202193159,0.3986105634684114,0.6835768311212883,2,2,0.6348111871850962,0.5311222663074352,0.025279739605766696,0
27.16618353100831,93.1917896963862,2552.805108564548,18.9000121136132,238.82743739992134,1.027831588432296,0.4796066866685834,2,0,0.6179362380351585,0.48153713762682265,0.17451294576059861,0
27.55468218704747,92.50138939491077,2270.841565772061,24.967675326250824,95.78898845352123,-0.4256097435274256,0.7606120808300394,1,2,0.35617548435504015,6.4521853867424985,0.006738773295725727,1
24.266525758391456,92.79104119169251,3038.9068957011114,15.80482527770243,279.826957585595,-0.8873629718552081,0.0,3,1,0.49966468548307097,0.5126645958736745,0.15129781371444173,1
22.78708399643475,93.82376482634861,234.0887495772464,9.619334085439743,46.019675296368945,-0.7019363226322926,0.012533967999041079,2,1,0.5002678437128631,2.3326593597245315,0.037271749311614824,0
25.322195626490203,90.57548313667294,1033.41986004038,22.071159394123768,34.91330894609153,-0.8186003714017367,0.20128147227342183,3,0,0.7544449039468378,4.783258778577889,0.034847544453043326,0
25.72268275453441,90.78807268881211,284.23371769048714,19.51705670491376,322.36851978335324,0.38122929857805077,0.5402075066455794,3,2,0.3348914822754566,1.2808260813935615,0.030007451232169607,0
23.32855170038546,92.35738317125963,3188.239162942747,6.658339396766998,63.509257618502126,0.412423158198868,0.06670641962016612,2,2,0.7917683586136754,2.085788059094382,0.006751544344276463,0
25.689265040853744,94.98796725953305,1869.4861045515856,36.54411246830398,204.82624326033704,-1.1017798865748192,0.7326358103658099,2,0,0.835180519377722,1.1890820718939694,0.02030129231519199,0
25.86223918610697,92.87482121826704,1678.8814116725052,24.345697674597076,102.87160275547524,0.6154512479574837,0.5777295063614998,0,0,0.7613391387737303,2.7900565198132594,0.02268628122259705,0
25.252423940816737,88.7271835155044,1241.4501862049199,29.112059633336127,183.1050626584169,-0.5061532507485986,0.5017274776881524,3,3,0.28663532092378624,3.40768539487324,0.07221736100994261,0
26.463722013790917,93.06325130272182,1957.765839208482,24.55151007791173,234.39066612713006,-0.5806274992663778,0.4571538849572649,2,3,0.3941728177832763,0.05683497168904401,0.184920466005608,1
22.821888751106503,94.36921176264771,2335.9998160270543,32.804656719078245,189.04036811784144,-1.3065758665745653,0.6499983958877926,2,1,0.8818016676164615,0.139746403009386,0.13327570820442333,1
25.19503735701608,90.5053435002562,1904.4390300694738,22.956142137830653,166.14655776349608,-1.6410412944356836,0.704784961637329,1,2,0.4947825960904162,0.8561642847954881,0.006553046174354773,0
24.020117532445212,89.39165610525463,108.77280382141812,13.975149139251396,195.44531300213492,2.4345326688491586,0.24350041001251202,3,0,0.502505493812198,1.412554877874078,0.0646690348054372,1
26.032757890720088,90.30871326486665,184.04948201478808,5.713270101620218,200.4419994100037,0.2595639282200429,0.3736383863353571,3,2,0.33836775386559076,5.241974235481379,0.021833958240832802,0
24.65017243408419,91.81777117948124,2425.9774098422604,19.260694953406148,344.18648261197416,1.153806130248567,0.5746675855852765,3,1,0.5556490088623869,1.669092788952748,0.01832359912555801,1
26.428258143960694,88.74693615425467,2037.0604533022329,26.431132800655845,263.1958824565485,-0.7307584429525649,0.5625474533923078,2,2,0.6153688607466866,3.5391462917691516,0.0765158673963217,0
27.384766911413852,93.182629844516,1299.2921188790938,31.181810749772367,12.895895747576219,-0.5656723572000585,0.38123150269954337,1,0,0.6862776665181518,0.39209705781037785,0.035034715069660015,0
26.65879246261044,92.42912889914876,2448.550372791082,12.229503730807298,307.7152258119047,-1.160900558428388,0.34211042895318855,1,2,0.17420384050903315,1.7845829915006852,0.07403163686343937,1
26.597890329782416,94.78895280208911,2089.8694856695374,10.88243575823114,65.42796463152627,-0.3444752526824457,0.396267488741617,2,3,0.28516948381111373,2.1278445007869347,0.04890242302342999,1
22.833314869577976,92.61579846999712,611.8772987067539,18.139325288000776,291.6711436514326,-0.3018261778491861,0.030582067467302687,3,2,0.5683042146192667,1.6800072344644743,0.0014421231401520816,1
26.74941634195299,89.31709682474187,1035.7691822001307,20.113239806168057,91.85009414217178,-0.6797763803957657,0.6160844221107751,3,0,0.4710333497783029,3.4506998245297864,0.10296189827957991,0
26.50486933021866,94.84513770541855,460.67322584329486,16.68214533909118,327.73058661775326,0.5604927050983572,0.27928755159728674,0,3,0.5915603941261982,0.6300523905677634,0.18067270032823013,0
27.673102308595645,90.5026113185372,1383.3485940965597,16.168531851845238,155.13579642361782,-1.3878873051156215,0.6111891266281149,2,1,0.24100347448496456,6.038415195399813,0.12792431780738897,1
26.06411375632762,94.09328055077445,2430.5653052459807,12.55776850226374,340.855829995127,0.8645191996739301,0.11772365313736871,2,2,0.39352937336295735,2.5281983043546417,0.03209972702677682,0
23.403920340352776,93.01083988705089,1172.1134387439201,9.642626863192087,346.77504565701827,-2.129418906638421,0.017957379131857576,2,2,0.5545816698135594,8.310864505180204,0.11128460063617628,0
22.908785996459127,89.66903574733885,1693.9410498527923,10.307702159415644,127.98280203856731,-0.8775032922821212,0.32917409181500445,0,1,0.6272268397972331,0.9510523832642565,0.06120157143233576,1
23.964779363143457,88.91275511712495,1025.540179340261,22.4967142727469,357.66004356102246,0.11540008605315935,0.42540133618602505,2,1,0.6608034374346584,0.008315198508262567,0.03046812893952753,1
25.007714479832327,93.1792869741112,2192.622781217197,33.60269004781594,42.71065345221792,1.01903828001661,0.8094536731170704,0,0,0.9522830608148554,0.7460905452742812,0.053823246587191315,0
22.603404406277644,92.314350008049,1620.3873541212522,3.3540919247835714,4.604135048275109,-1.4218611776748866,0.1601891981036322,1,3,0.3955268536603696,3.439222477922631,0.3956687378863052,0
23.50264250412174,91.03759900046754,2322.5292091558235,25.187901715300786,1.7580384004491867,0.5392525802580823,0.7231713130851095,2,2,0.5427659217713314,3.580948140023626,0.038437446396252135,1
26.77865267482363,93.86500243652618,714.9314557323615,20.032009828165435,235.87833459134345,1.5494199537397775,0.20421785229840078,3,3,0.4965415406550801,1.7582984992938366,0.1550386094990911,1
24.7198212598544,88.66617245576684,1088.7682400449048,24.11861522835051,186.10663341450444,0.8611528969890385,0.27323755068447775,1,2,0.3463928835237697,4.539206388210347,0.06208705878009735,1
23.085649910660912,93.69742069378185,1970.4509673119655,35.317553029146055,9.928065830686714,1.6868211545616603,0.6889409986960683,0,3,0.8323363429941256,2.6137334448303697,0.06031447983289401,1
25.690933941514796,91.28755861277357,1120.478257738771,6.027657360870978,112.62519853214506,0.43748469933537587,0.0,1,3,0.4776949628494676,0.823796385806342,0.5590096989600971,1
24.73983326603954,94.79062232557293,378.76529935453726,20.257476286259497,252.76598515998012,-1.2281964255430382,0.1532411535190384,1,3,0.6690994447933246,1.3804671378357298,0.0634824306448792,1
23.0114525594431,91.61379730216505,2937.681763837352,24.797738875433268,83.5927900132905,-2.007228137790559,0.7182651331781278,2,2,0.5037066681112518,1.9174859389782815,0.03735488813120642,0
27.752461515622727,92.67198233427601,1424.6621734090365,21.71819961490548,103.77552726176836,0.6937099524626579,0.5928264105985379,1,2,0.6769698419117645,0.0576803806286227,0.2859027565880734,1
23.034052947996873,90.75561405473637,2215.862462712533,15.146144524781377,279.15070291040394,0.5114225677258678,0.19788445371723265,1,0,0.3498786589388468,1.496411807693505,0.05780969461949525,0
24.18856405435169,93.96282307534143,102.00998780361212,10.534545412338487,204.48872688195794,-0.5391343582500725,0.20996105051357578,1,1,0.8647341837879823,4.248773351902041,0.08314407259512153,0
25.90681265535723,94.6871256041005,772.3824227138314,20.135981505704613,55.11886274302452,0.33918986912764376,0.39877703648277557,1,2,0.36611399773671405,2.1270681211926648,0.23187574184628562,1
27.072713062304747,93.84694223199206,615.8578158474675,20.931584316331993,228.8458533957425,1.2155876005192052,0.1764267934223199,3,3,0.4870022418757661,0.01918216093016616,0.08082481517080209,0
25.558369663314533,93.26489437807706,2099.689812422614,18.889737129863068,90.3472949387437,-1.293558699814695,0.22359598645686715,0,0,0.5732691369070049,0.5656884682092052,0.018904235576546566,1
26.551089750405847,92.20311439009149,798.8751307817898,7.644069885321314,153.18082081951033,-0.16800441804892752,0.2751635062545645,0,2,0.5269765088609366,0.09261205258836429,0.050092652443044,0
25.509819038103288,92.54794110385754,2582.3173405328766,32.1734727844442,201.22446271400275,1.4269020717397416,0.5952052517053842,0,2,0.5301116980455005,0.9253842111048429,0.054458035120004834,1
24.913940479442438,91.98658125945738,2819.8488784421234,15.711274360784653,27.336447089914117,-1.180485822925233,0.29783230070128064,3,0,0.6792744637931633,0.023330933579117027,0.11019943286842565,0
23.31607639895905,93.20321516480539,1526.4161297449818,11.092042918208604,75.06105408577639,-0.6944454956332078,0.13998653240198144,1,2,0.5155075083059055,1.396270485763395,0.14241774959798809,0
24.308793952427376,93.36698142587201,1233.5383935441905,10.088479211516557,81.76399389083363,-0.1439819498221597,0.06524212445147118,3,3,0.8408722500345104,3.5125295963930823,0.13230686367466124,0
24.36845088061321,91.3599223780386,1731.6675112466396,8.244488177851988,75.63174180704362,0.053345786299150315,0.2725235254511896,2,2,0.8645512810548661,0.9505624305122614,0.029673048263925608,0
27.52422734912198,92.68977218927219,2040.0558238540605,11.888006186407049,178.94004934092385,-0.5052887447689104,0.13494978497454646,3,0,0.7574236853424702,2.04505419560435,0.29560689439636423,0
23.73620037782606,90.47629102108162,3079.811892177545,13.743165161027836,176.7825995529261,0.910394719818091,0.2171260251336738,0,3,0.6244645924153615,1.9624191438525054,0.02721892147301118,0
27.273627123946962,93.52166951189916,3141.596467355418,26.567361062418282,255.62530684307018,0.2725559146597197,0.6491409391596479,1,3,0.9416564672131539,0.8763196323776147,0.13529636751654503,0
25.188957669239915,89.74505770373948,1177.0588092680948,6.84173103939429,341.36215240970375,0.41601663038376163,0.27450242252224555,1,1,0.45766861539302206,0.022053445556846428,0.05655672569336252,0
24.90864280258691,90.58163233488827,329.75050562658635,9.43101549780068,125.30563016877919,-2.1667350431236163,0.36410285214233096,3,0,0.6476145432194857,5.6072795528028045,0.29166941141226,0
26.509022250199152,91.98072196719745,2106.1261919921626,13.227517071861293,104.29674754134487,-0.0014046076823149307,0.05797597894591844,0,0,0.7091985074713545,4.251869375936673,0.0113740295006532,0
24.585126268289446,89.02607687563224,2251.4611252980367,13.960007615736087,170.57694413995188,1.2324287096787758,0.5537075267877518,1,2,0.6090639954608946,0.37031836238182503,0.21053241496686828,0
27.1081898187299,94.36000290473528,2545.3760039126605,26.89797776450386,333.48806343625915,-0.32921371937622396,0.4595441755784043,0,0,0.3027110596420352,4.102303105268274,0.10571153327896404,0
24.06816296716868,94.68866471954335,2012.3086381158719,17.914899971829843,285.482416340991,-0.10182221728940127,0.2932295301855604,2,1,0.4681060174761526,0.1405375294344154,0.11289145915730017,1
24.29112660154676,89.79530994940987,2799.8382961208135,20.329529981033406,77.53552783762413,0.5591584796708293,0.48805638297669773,3,2,0.7486826815491897,0.5522179658982249,0.052562582297832575,0
22.98367505758391,89.7953352357936,811.9192492125836,29.77242439332317,42.04069377585512,0.0073370758311229805,0.9305746899903709,2,1,0.4379007192677352,1.019507894295366,0.3974368170057384,1
27.31305093820265,94.73869812802369,2033.880059807962,20.09769044511534,50.72098795383201,-0.7558936533922377,0.27272325700697386,1,2,0.4468482823284513,0.8391864233076465,0.13358340545138078,1
26.697258191864968,89.00349263487297,2937.101889159834,21.6113537808078,267.40877201015235,0.4391146926861949,0.5815006786209759,0,1,0.45768720299454757,5.531830043122571,0.17705499957986182,0
24.985330097480503,88.80625225013965,1946.8705504484785,20.832488989192775,287.3157765136898,-0.9754729712675083,0.49523657509630514,0,1,0.4913692952110042,3.1097803784844094,0.2261333098091668,1
25.047784884707145,92.24117480946589,674.7111523096007,28.243503529831102,106.9112579839675,-0.9564673328037719,0.5173909028255281,2,1,0.9328061107034576,2.982409454917086,0.04426746388426847,0
27.541856965573007,90.59566197997209,2384.4633065595344,16.953531370267804,180.915814446034,-1.205395992911139,0.34084478527560247,2,2,0.683352232993669,1.2783837609078013,0.09723931740230815,1
25.888275826580728,92.2136761356894,1695.237663318575,20.99239250266053,296.5042397640145,-0.7343367747777377,0.5259818129351085,0,3,0.6168477463510852,0.9108459750923373,0.2907255765337584,0
23.231223278633973,94.04704188181,3150.1570569318524,34.64182562202974,34.93761715880292,-1.2869403067827607,0.500186450821517,0,0,0.7653051846653561,0.4564268317016768,0.2952039948214544,1
27.10626679252978,88.59512478911454,1758.078541178666,17.878826618263407,25.871763542789058,-0.12413086991404836,0.5347988164540559,3,0,0.38635204727385164,3.0557103240805787,0.023701409578852854,0
23.44008254783346,89.41669975627005,2651.445020410228,38.37391497853702,290.39728713728294,1.0951774464103856,0.7855346766460969,3,3,0.5106264341935756,2.1717923959365595,0.03745213885436222,1
26.02323828625691,89.63630235054029,3132.8583561091355,23.153727806860523,357.3120463814998,0.20374622897613145,0.5501081764320346,0,1,0.5993672775257711,0.5197851470747681,0.23831266064784618,1
26.12334096323033,88.82799618129877,1058.4558475172475,5.100670244282245,169.5120096980522,1.9719318519694005,0.0,3,1,0.5663449133663034,0.4896648792475556,0.1462112550426293,0
24.303308526137393,90.35283280308721,1430.6986242360877,18.411057282091946,153.28886703405283,-0.11169276650414407,0.29387854883359216,0,0,0.5781638471295388,0.18883074227904093,0.13907973668990253,0
24.81148235624253,91.18872460361766,1711.612663956461,15.9937938262049,168.69254545480933,0.7188068057478623,0.3565457114818599,3,2,0.5789397207350465,1.048931619324011,0.08124401091624747,0
22.936056261235365,94.98270241105878,1142.8086704267162,14.719421508538023,289.5156750686318,-0.4255071941976285,0.07942477915021104,3,2,0.5933380883121463,3.9497633996174892,0.03881662805411002,0
25.86912557494337,89.44420423320233,1981.7924796793018,32.45028524538503,335.4058130295322,0.42643604025989235,0.8023027340568751,3,1,0.8361369991371863,2.7829945199553197,0.18704518861657068,0
23.032707484882536,91.97729674576166,128.67168821927106,29.250575175678062,223.77850637319438,-0.384005284344807,0.4775905299105763,1,3,0.3979562955294992,0.7193402506981359,0.006428053057737636,1
25.112386440275493,90.29579008330795,1353.4021332984528,15.437721621228938,274.33016313054105,-1.1005276614934647,0.29305580261158914,3,3,0.9175761483013486,1.5933942451254772,0.14792509156260014,1
24.94795530964518,90.56627738637826,1651.8634452433084,18.86840484341637,146.27983223559144,-0.49368957119855783,0.5099900770906434,1,2,0.582440016920537,1.5268430073557342,0.11795780102743897,0
26.829436768498653,89.57342805526623,1183.8771703070458,21.0495639850851,359.57656161594207,-1.6707101476422996,0.6854002873610934,0,0,0.8148702298158783,1.5510541361237378,0.03958367153680498,0
24.47428316240138,92.73330772419065,2905.334481229846,34.89317459830426,173.48141922100012,-1.322488522150932,0.9062355564499921,0,1,0.5870716613855809,0.1499177454511941,0.09205577165306437,1
27.250128829825748,90.3041737476965,1620.520497060343,19.053658178200997,107.78883322516889,0.6407776171080019,0.4401821769255753,2,3,0.7616637335418617,1.1627583686894638,0.207641172018599,0
26.015913935954103,94.67005199460759,1585.9238455597554,19.029734218058167,245.08087498006716,-0.74406505118464,0.3914043372345954,1,3,0.7442717175119956,2.372925897111447,0.10316251955276862,0
26.270573711599926,89.32403699387868,490.67779790443274,19.860828321978477,7.685116155792291,0.019254453676536366,0.2617343687133752,1,3,0.49908715830840555,0.4293155835508133,0.06430092137090265,0
24.939620360997324,94.47324752313934,1013.1518689934961,24.277945104159436,325.3037184821367,-0.8503883000586403,0.6112270653813175,2,0,0.5519258450280964,2.4453496092843303,0.020541405977585563,0
23.167444922880378,90.32980947445185,735.8727793628387,18.833603418520585,171.43279004408393,-0.7129691507326527,0.1365470749838999,0,3,0.646756211320318,0.7107485669778147,0.1308798033191398,0
23.84902931723212,94.3278309358514,1074.1532318768009,13.542369700676705,273.7080158092786,1.1424982829260997,0.45565034954994,2,1,0.651402314777925,2.2091305291178944,0.19014289955381988,0
23.63578974094203,94.66036189760194,2664.5116559001417,14.409243338991772,172.37344224159003,-0.6864861414865847,0.41093372404318823,2,3,0.7228709417406841,3.4548633637484905,0.06838800647866346,0
27.642182828455933,94.65536915613912,1527.5593488859547,15.75613671851018,16.526526546783607,1.355479399613551,0.25111745061478147,1,0,0.6062199229885397,2.652417027421434,0.05119132907118195,0
26.95962919982228,89.61866927324208,1482.2043514675775,14.885968471535541,285.8124594049204,0.3173424652443748,0.40726044464337696,3,2,0.20709323780061523,0.6430440344247038,0.010093183577046519,0
24.19625065699394,93.47574158803506,1912.7748184980017,5.084675311287453,193.72702650022302,-2.413012127212279,0.015235825015487967,2,3,0.5495974127302864,3.339896260144913,0.020607552161187356,0
25.055259584166343,91.82452588579059,332.22402393211667,11.998963201884163,13.404234615583682,-0.6409254095126383,0.2824637306241876,3,3,0.6924560920462265,1.1822560989307336,0.035762386583520336,0
24.67094294078644,94.23020630834964,3152.4710875637684,12.052558595808707,179.88316963893777,-1.2369968653428909,0.2984561350362148,1,3,0.34134281696995394,3.608300184626315,0.06631050626336864,0
23.662194341201992,91.60854763660305,2455.656461316008,38.04047081842003,348.9940037791998,-1.3671235325115318,0.5454654451933223,2,0,0.6751004017955153,0.9404714835586555,0.001719209806123363,1
26.50039203452841,90.82551804931921,3129.34701076001,21.573129082593148,244.27390551219395,-0.4257876362725878,0.4655851046780695,3,3,0.7604481790004656,1.554639107888823,0.04962799103877528,0
26.231262006366897,89.47610772055606,260.40027251211575,21.551135748181736,29.959536413717508,-1.7248172378408049,0.4130249926703887,1,3,0.8606121396324503,0.020197238348102085,0.024934885005581903,0
27.70039428622681,88.69739304718738,2842.9512134266865,10.315644134746728,254.8556729649129,-0.526035410543114,0.26702785959232284,1,2,0.18592602503857142,0.8830734382944659,0.06149673837471634,0
26.98001581681,93.0825942541917,497.22753032677116,8.155362165570857,40.50466368204704,0.003304434083773343,0.0,0,3,0.5201675379645643,0.0792816901125735,0.40501940846137424,0
24.44821319800659,90.72927823933723,1212.2594519272438,36.92532074628926,296.2780306440202,-0.07333474900022934,0.7289706138225118,1,2,0.5176277961546738,0.19127662647562826,0.11416337184075787,1
26.149972157390923,92.81351061412923,912.6944556508222,16.659852952052287,195.0562159200111,2.746370632024671,0.26821925601253127,2,0,0.5355876535456141,0.0967053655622041,0.03900049884478226,1
25.463620108402566,91.10177340522448,555.0048389147544,29.04365361234005,150.04418164597996,1.1087366762686228,0.41419158304642867,0,1,0.5077346765050308,2.109087865222221,0.02657073876606508,1
26.23674180268717,90.38165509131231,2621.6199919589544,19.649952007253788,176.67481483255642,1.520973417981586,0.3572001479979636,0,1,0.7130504116936007,5.521149115224708,0.038696526066806916,0
22.964133978004966,94.8938850889336,2168.5936113661737,31.658429679717695,41.43217118352896,-1.7042688720332984,0.5662157289685255,0,1,0.653875388916597,1.5674537821980714,0.15215181603226302,0
23.093511616517823,90.89688834493485,2631.346321307542,17.790140095748576,139.13377307798908,-0.13648023176044785,0.3521892640853257,0,1,0.41615924064825477,0.5765307506356794,0.16736288385999817,1
24.67132559773969,93.67249940757473,1681.0312611572726,25.981875988197512,260.7956767089319,-0.37391493285421107,0.6302111535175321,3,2,0.5141042034409112,4.595487045193448,0.06353401709947805,1
23.43608253340064,89.77007636820123,1272.5747589878629,12.283550488829956,28.378107110603807,-1.5083720856454044,0.19991140108335756,3,1,0.5232160446293673,0.5164712554263448,0.14868174743793083,0
25.910812100264344,92.01740456538111,1527.9004832296587,12.15117635633974,196.46540929931075,1.8101614941934243,0.304880870929868,3,2,0.5660212460772149,2.776003665335197,0.018502933031249075,0
23.66989416262681,92.76656612412764,2607.307835737899,17.099411333258274,155.4331362986212,-0.8440789473766365,0.49682126574839525,1,3,0.7707710284466943,0.6830786510721086,0.10593245001248364,1
25.96451915877617,91.72063426572716,2272.5446652008804,18.115296761388002,347.71315592321673,-1.2941673502800466,0.249436994604813,3,2,0.5511082843476538,7.144930906686306,0.06416655344538218,0
22.899028524903514,92.28666287345646,2104.6738259139875,5.885172282786649,200.03266202880843,-1.158791620807134,0.0771174768834029,1,1,0.4495527683107339,2.60935301302251,0.201131308636973,0
23.83952730765506,91.91733034760729,2872.445758224633,19.546337337012837,273.32969547902735,0.8629366059851313,0.4953590795147934,3,3,1.0,1.1191260021499527,0.18584555419721932,0
24.753276638095517,89.46538263145402,3146.0875164764125,36.082465681076314,51.80265157325223,0.9827231951095236,0.6894014961262845,0,2,0.7317732277366822,0.5777681052124265,0.025007580572274885,0
25.74104103711575,94.0881508585517,1705.769378216497,15.28390730806374,201.94715736751166,-1.5940750739708296,0.3620302845396996,2,2,0.17655925200580114,2.319081836494794,0.1690802434969222,1
24.783441837037604,92.33688177130938,1828.328839518315,13.000332698474466,156.9879888685512,0.7030654937943431,0.4352799935937596,3,1,0.7446905560725654,0.3726198671359405,0.09958765332211117,0
23.204648085220374,94.4066177473441,1220.6942106680333,38.733177834652295,334.7153439770323,-0.6878459450242931,1.1078175761643139,0,2,0.8002557330652427,0.908902934702386,0.3990358388008571,1
23.348281956137054,94.37717203730283,3193.2219342607905,13.31213381927645,247.27822824761031,-0.44749269975711503,0.2735894682610274,1,2,0.6514762162432896,0.09596144714658249,0.18676592405036044,0
25.952675423788527,90.28593774835252,2654.5153161833005,11.545307201736053,311.8410422130614,2.173486336893375,0.22002760526655996,0,1,0.4645049837564697,0.4757525811380457,0.11001131518618729,0
24.635105062828277,90.44945592688933,609.441063526838,13.510868195117517,91.70730572228344,-0.7114214179498202,0.15484134281360398,1,1,0.6828496281889285,0.5236378353404827,0.017176695885051593,0
25.812959773325083,93.66947709777408,2468.206957410972,14.405627723317505,8.60624602593317,-1.0390452044290517,0.20300342810342947,2,3,0.39601557857668634,0.814497009696933,0.0978451523688019,1
25.018892665959655,91.05020029817062,2095.5201266778504,7.077207852669796,340.22993529218326,0.5739306153664281,0.3442167500192578,1,3,0.7844303611897562,0.30389235246736357,0.041471622266986405,0
22.816388072590595,90.49699423813479,218.38647224232722,40.06129282850846,222.46332796075927,0.09630908160729591,0.757867090833934,3,1,0.4352905039763758,1.701680692414002,0.00785227666465887,1
26.667489032910222,89.51461785828226,739.5609659566088,27.224641624583988,27.084362710693494,0.14837347843950222,0.5804995773962952,2,3,0.4883896697783897,1.0687841506472824,0.016839075414046046,1
22.556710042503482,91.95486400023148,716.7182407630144,5.616161185100578,158.02321383749603,-0.1251994421155985,0.34687352485624484,2,2,0.4250944203258732,0.3507598280903737,0.07815744550987945,0
26.57252282316891,93.40363936320706,531.2938211596103,9.326547608418158,0.4930899750834161,-1.1597562152110958,0.22624436882869978,2,2,0.42252409311194616,1.604905476906557,0.0920989368013214,1
27.76989925803783,94.75688530558644,575.2245376006334,13.536329900267116,322.4184014560618,1.318810060122396,0.0,0,2,0.7441928685721175,1.6504874818540924,0.10539047653587058,0
25.529974296776665,94.03180250565428,1929.009798408711,6.375787273336346,80.25572370612618,-1.4663784554114703,0.0,1,3,0.5438261727476237,1.2862126527811373,0.03181575740177269,0
23.46939046679393,94.17943979532096,2729.581514507701,8.783642700403496,227.65172901353648,0.4001238323252412,0.23425182885312223,2,1,0.6936397317279104,0.6372833081910753,0.1299544677410843,0
26.124090871580336,90.53000908790173,2372.791294277892,17.091956607556046,138.75919425200078,0.27162292087889706,0.30762577577804057,0,2,0.616453759169067,1.153460346239748,0.16893888248754407,0
22.961052784169603,94.87338078231926,2421.6824899514986,13.6556234467598,326.11912211849443,-0.6690360998432168,0.413083923495368,0,0,0.6754668425757906,0.6466354259919993,0.08061776543875394,0
25.082272233664117,89.21034345483642,2341.1593948825453,23.136868704077216,149.11112521203145,-0.9631878875400001,0.3558860025770091,0,2,0.6728412038863596,0.03766049337422424,0.23517616190508278,0
26.503017954233613,89.8071781740118,490.5647591866056,23.170152271704687,68.99655144224096,1.75212411066441,0.4397625965752759,1,0,0.7042551424688022,2.219821376872678,0.15998292475230871,0
24.076758128284467,88.87637663866582,2033.124151067468,13.672611080665389,299.190671486786,0.33635408912841436,0.23479473740515938,3,1,0.6661789787899094,0.6575320486375521,0.3217023929518665,0
22.688784769275117,88.79632663148863,143.35019721702332,11.97475335317849,328.4843362691952,-0.24940790679525762,0.44744155884083914,2,3,0.6922605648254404,5.115557162045317,0.08130718205802503,0
24.35542494451545,93.39815937889429,550.1944116075227,7.75935963388554,264.5049670059129,-1.263741268521237,0.07915998445241194,2,0,0.5110996560471406,2.947831413285873,0.37147771684778763,0
27.080990814087492,91.0043833150272,964.4480420869417,13.147425166976623,249.6251309472649,-0.6335508355113907,0.026578982751564728,0,0,0.6693802648099958,10.887042826171438,0.11779526724796248,0
24.879064172610306,94.88744387587496,1858.563678135748,18.5832221273039,317.0643915255077,-0.3350126492563195,0.4230499203017095,1,1,0.6449800909702664,0.5548948144994198,0.4180559668116775,0
22.60556061813139,90.31051204125022,312.55466158282195,12.86290985886589,284.55441109371577,-1.1748701365740277,0.2033649304231539,0,3,0.013673824320016514,1.8535940417026309,0.46246128539131387,0
27.22709327208809,90.93821963573818,1697.8462008808515,40.32526002405772,245.4868450205795,0.8718085122411259,0.8746471185593321,0,2,0.7280244453413658,1.5951425797798524,0.03881169710173278,1
24.15957212921357,91.8893150739362,971.3399274376603,5.7646798130456585,234.20094563783684,-1.2829056017854663,0.4492546311068815,3,0,0.6124174926569702,1.5286964331447281,0.0002488999457563538,0
24.81734666390885,92.29729170677761,303.1184695573411,12.183570621136667,282.7500204909035,-0.26191209792050607,0.31800965076767096,2,1,0.7300005278862051,5.183855896546693,0.09939781911967782,0
24.343424971096454,90.25517789341936,1124.200070817626,21.285450396504068,253.47519549280796,0.10031594215870858,0.49021998725658716,0,3,0.5301657469756057,3.062248585012619,0.004579879468987127,0
23.914821458269444,94.48600274151461,1935.4892655113729,18.808732694383565,64.94083489279943,-3.133838815879548,0.43548256662212825,0,0,0.7120189510764902,0.9047315587556092,0.15966820122710798,0
24.470157473308966,90.03988188561843,351.4383000469785,39.9926044755008,226.37850896799597,-1.2893264312323773,1.1721926276823778,0,2,0.8211674515153622,4.395382225802418,0.17571520349143951,1
25.59327324380106,93.67518348582527,277.6776075515602,15.05501202672517,258.387794475042,0.6599681889202039,0.4851002870300146,3,0,0.7271930370907561,0.7739402062781531,0.06267458450150355,0
26.30527911338585,90.79673506360952,1213.5095263179714,15.7856480759792,218.52713005364964,0.3538330241259001,0.023763227674615917,1,1,0.3176814393204072,0.3061365913490254,0.0529459729074897,0
25.407970025696272,90.62232450413899,522.831423958259,19.719506323217626,231.93345534777905,-0.2852504325979089,0.433835197879427,3,1,0.5095024493890121,0.7757294799936835,0.04283919138879608,1
27.30543078781588,94.26446755074491,574.2106300061437,5.36274155064749,75.91801159737257,-1.35349157147302,0.06939664185705471,1,0,0.6749978517225583,4.158042452567036,0.10328984268092523,0
27.51861050783747,89.80233742587387,2649.5368526877733,16.626805185376128,29.77225636635986,1.619187452322385,0.2992052749318896,1,1,0.7859569954235207,0.806644184871995,0.06702197561755006,0
24.019948181945804,91.11744304550938,2562.47743564948,24.401922203177243,66.70139912064622,-0.059998621413337457,0.2587277449694078,2,2,0.5614600159720958,0.06749730702220791,0.11100054410190366,0
25.24721350324098,90.51353701781672,1977.639550496116,15.161256616960006,40.43037107950424,0.24803820190132506,0.4782452902578708,3,1,0.7074324287015242,0.2594270198247388,0.03438082911234677,0
26.811201539619667,92.6228116781329,1546.2017701951036,4.855239408309993,177.65210194085532,1.3373413712329436,0.3352405141799061,0,2,0.434114947739347,0.5982913250374651,0.036503715439932534,0
25.564678822733473,93.30607624227176,975.1780886687884,23.498483902143064,280.28856226860427,-0.2024103885870802,0.6838227632807583,1,1,0.6280186743277694,0.7836095681694234,0.23206931423953067,0
27.51866550685357,90.91637197499912,277.9246827618377,3.238617171517488,335.36608089469865,0.9737854874376467,0.060814464232855754,0,3,0.7733802011394609,6.361777501967522,0.08189703768462903,0
24.40301116597107,91.93842259650967,3182.1955269156147,16.43343733828374,73.39746081077496,-0.07957012936778779,0.48687309086150676,0,1,0.6814849619173835,0.6003514629446881,0.0066769429776230476,0
23.9022114249148,91.05645222667889,2825.0122438824706,14.360828882056389,328.07875029485365,-1.402683933895561,0.42870111845018444,1,3,0.4123223551865915,0.7898200198158019,0.057414524788617374,0
23.534707301086204,94.40623516004563,2333.6984254868826,15.104556472723655,76.50442956062435,-0.06818374792584589,0.6129725591595934,3,0,0.34907847991980495,1.6915360866764124,0.055438361904938074,0
23.941562131218458,92.05558528442774,284.7477456831722,23.663249172439755,45.78635639921525,0.013521426126866038,0.386637752347528,2,0,0.32433282661596097,0.09886717514568387,0.049369916314951856,0
27.384904920322544,92.59572165958191,1861.7849884535788,16.084840188159294,135.06278181770247,1.9696512116134723,0.36253386600731624,0,0,0.5738411472262012,4.4427630919681045,0.17407712421182006,1
23.27189486467358,88.50856772637472,1757.091251852239,19.40301789996419,47.185883773891156,1.568943492349374,0.45144568042665634,0,2,0.608973253541857,0.7861522643073774,0.023251273086725102,0
23.586467155450315,89.25246641603877,2898.168335672505,20.895216504571238,7.399931365127093,-0.789252893921216,0.3771654866217571,1,1,0.6841097283309265,2.1260549481349322,0.14260402558352323,1
24.73247039967072,93.2468011667983,2383.8227976579174,22.054906685211996,175.57994920883453,0.6107947758868288,0.6300364255690979,3,3,0.465764355507301,0.6983187801852564,0.004664661134478315,1
26.426535140390147,92.9579545504022,1790.749448093079,5.787628742016806,125.24395215649068,0.668783760609298,0.07003850717218729,0,2,0.6430003904540151,0.0055620246296445375,0.26021665312879744,0
26.7502231387253,89.18967034367455,1622.244018435521,32.022231582421355,88.27701782391833,0.20558978991522836,0.448973973912979,0,0,0.30347037364542395,1.7485284616170178,0.15743257562697766,0
26.4011924635,94.71358674379091,2139.719285177225,17.225887172869317,157.77775221737087,1.651726075656116,0.30752491247675434,1,0,0.6846669085788583,2.099138852578059,0.018476454195798866,0
24.17281940442561,88.65340611800679,1594.1650534026037,17.28250889832542,7.430527253350174,1.6132716292888492,0.40108361546655824,1,0,0.6950367062683821,1.2263755060960182,0.00901585349547511,0
23.987287143171173,93.93676141094573,552.0840270548517,1.8964560421761267,315.32068552361903,0.6943130277801547,0.32702561119340956,2,2,0.7731997031043524,1.401823502546155,0.26580223436505185,0
24.337722459199515,90.37558551675903,1117.0921460953925,29.505813657069098,6.080707236742753,-0.5642774619101438,0.4663115537277672,2,1,0.42399127429863925,0.7109368289489983,0.14599789855701525,1
26.002313739935477,89.13089034328317,3064.2633314244986,19.08507103542576,83.29485736584675,0.0024618355876164476,0.30003228720637953,2,0,0.9523374003452386,1.5177178057166743,0.05856587142588793,0
27.603143768662353,90.42064365120945,1559.4125507120125,15.776113732169286,235.9297670996733,-0.8283985150905401,0.0,3,2,1.0,0.45924856002482917,0.014750661289273412,0
23.346401409668744,92.44357627975802,1786.5091108928068,7.409923595754328,90.74211588330829,-0.5302490124363188,0.2891558249355731,1,3,0.655407036629286,1.286595291810624,0.055283075458556,0
27.38273397331279,93.58871494312656,1511.1827920442483,42.27363982874226,346.6471038503132,-1.4376892729668895,1.0099469289386382,2,1,0.6247048158028594,3.2512542357773633,0.057173442502310025,1
26.66478982162215,89.09320606367625,1927.6958253241232,10.225995622767329,125.03150168499722,1.7790602078563824,0.18816214877549006,2,2,0.6081194402184114,1.6404392704558555,0.2258202059642431,0
24.95393490847919,91.74519714343478,2787.9378559438223,4.369840549088026,145.1968811453479,-0.456354498308363,0.08603720986760056,1,1,0.8639873723729328,1.6934877686844008,0.41412642932122,0
23.485066359820316,90.06679382071214,2314.645781435163,17.376938160001153,68.05937315461543,-0.31892690132953483,0.31292492094365837,3,3,0.6568323657766706,1.479467781133148,0.02156001895652275,1
25.81238000340601,89.38672252635841,1780.3663641538185,10.042859461703642,57.739043350244955,-0.15559309248571443,0.2080584099652902,3,1,0.5719989874021444,0.3801696624277225,0.002223961454152925,0
27.17249001836491,94.26971258266143,390.40492337083754,16.203658055830818,291.65099239127443,0.016922253283076227,0.02828761453896733,0,2,0.9889544432398433,0.031858266997035055,0.04621712282527578,0
26.062791942762843,91.55556481996817,2565.51629341576,6.214120578391128,211.96780620016713,-0.1882595699986947,0.2605097450435716,3,0,0.9954046961394805,2.022161996562086,0.06488625776378727,0
27.69176260545633,91.12478988945674,3193.0744488610007,18.3503282738525,308.17848817068364,-0.48883911034428434,0.5424465870293544,0,0,0.8160462205836216,2.7112974284081246,0.07662135128192914,0
25.452306123700737,94.41939173216828,3030.1420449203974,30.344409737345135,51.04770768340221,-0.9126061921077914,0.5419551509013238,2,0,0.49373812778160375,0.5417743772669473,0.011424204200326095,1
25.19307070270583,93.97313504942306,1379.1243883131597,15.690506063075878,12.680726029411007,-0.8222230412277458,0.3043855099433209,1,2,0.726237164077031,2.015982072881209,0.021473734491158178,0
27.481154485634796,89.82800759162716,2626.2417684981997,3.091999249434776,243.92024829523507,1.8484632655514626,0.3174970569837481,2,1,0.5546438486007348,4.486109389594866,0.18533268276361983,0
25.450189804926037,93.86747757848616,3198.6328457082614,8.58346018864594,239.4504599239243,0.9332567682302587,0.12330619503237031,1,3,0.6623971560309988,4.4352767147190715,0.12096755649239727,0
23.36294766413841,89.68826316769785,1440.8097308454387,17.407867976832897,287.35091506819197,0.42865121568327524,0.30118746288914033,2,0,0.8251737210753237,0.7701680034414513,0.4164465370717572,0
25.63696081463475,91.0065436959735,1195.4786414303219,17.93460899758194,72.19035237642335,0.24103049895055914,0.15234607700618902,1,0,0.7580686090244106,0.3111229897752979,0.03235622616033305,0
25.22267754473541,92.81955074746269,1321.2146653761579,10.933759022991637,95.68303629452441,2.6575200205103724,0.0035120456086987217,1,3,0.4111839086690049,1.1228794641633757,0.10211123603573158,0
27.421347142655854,91.24037119601535,1975.2114549765317,12.66723557128586,161.69353766069054,0.2813343707819083,0.3186200121229747,0,0,0.5652819672197832,5.865294611523192,0.06822035015502037,0
25.091830548854794,94.46619444920415,2337.61041961843,34.250859174479785,171.75473363586167,-0.20085178614133123,0.8642822965418899,1,0,0.5477189267553186,8.11396039754148,0.15252649173147392,1
25.385333215629544,89.94600508476145,3055.436547403874,24.661917252814256,171.0906737758863,-0.558825238466334,0.46823328598670594,1,2,0.4260269595564593,1.2258167657039414,0.04680546262456717,1
23.683527442917896,90.8553598778639,2271.2806718985526,32.750920877118155,109.35923203529582,0.1367124287435586,0.46054648677179216,1,0,0.44794928718178495,6.512114049344166,0.0285252305487297,0
22.918898518913284,93.55842144466217,3170.837490761152,20.69804045954109,44.06752082941616,-1.3616843081285277,0.5838320093973667,0,2,0.4706740265710464,1.529174446671975,0.018499978574075863,0
27.19208988204181,91.45083499323054,2387.612464887864,14.92079446556427,194.70523804198896,0.29092189832191895,0.5073449092929626,3,1,0.4563811898594825,0.13781419316378632,0.1074795575061207,1
26.624586800650704,90.86822087206941,197.16900929915204,14.584323319621836,226.35040041067276,0.039689532456326865,0.37509208259439886,2,1,0.5750113022653225,0.548487408294514,0.10489215931831875,0
25.590598613276764,90.28425319207965,1413.5640843755777,23.772400760971312,234.56501781754724,1.5083607682847333,0.5763737921089342,0,1,0.7086023851880344,0.4798291908505136,0.0040123849546237255,1
24.194212524973462,89.87819929462377,3120.711863483658,16.79889293211273,177.24449222095149,1.4248456208147904,0.3047936473705135,2,0,0.479103671923463,0.2561250867075915,0.24262286988642112,1
22.743360356796067,90.44745155494067,1688.1973660784272,14.620281370332744,338.1622462252335,-1.3208771027487902,0.4088252722329433,0,3,0.7110977160561487,14.39260409728882,0.045945033200155715,0
26.412360155189187,89.61192708997154,2525.7747522419204,22.252082372750397,310.0508701298903,0.01644398349469419,0.6865402065454165,2,1,0.2668666294606678,2.115730369109619,0.02838532088826763,1
23.751155742405693,91.40002059231695,709.0981680595077,6.009094494508003,146.07069362002392,1.043108922882558,0.0,1,3,0.15187568726937706,2.1712784522603887,0.12349792240577102,0
24.623007258722787,92.94920815525894,530.1942864756286,11.586726423638996,226.51109596351972,0.7319688030857388,0.18026012336279296,2,1,0.4219312081017457,1.8185164554907014,0.014565998866956373,0
24.65191014073151,93.60562800262161,1228.43031884214,18.11226845390303,331.23156547890784,1.094548275233457,0.16115668187579812,3,2,0.21902743455671125,3.080474056523345,0.02642037602246454,0
23.69794994217744,93.36921219050308,2086.1916537466973,18.26230705502507,29.997775198502502,-1.683128413046274,0.37990810603991426,2,3,0.6246035329030181,1.8165691331963374,0.1359920570538937,0
25.673246073255584,90.38711945924516,2490.8871976099063,31.049053696928347,328.53051537026414,-0.2976200368287706,0.7231464118136035,2,2,0.9105059295662221,0.41687627220946616,0.062157052088626166,1
27.413864504265934,89.4908107704787,1106.7904398426288,48.11779976864417,193.58303484651708,0.04104061568892288,0.9471600402714793,0,1,0.5236134244174219,0.2981499028132885,0.250315557832768,1
24.494380646905142,89.41588593068303,764.4155415775325,12.717218110438033,62.91193067066277,-0.7024466741065368,0.3899522923098377,0,0,0.5377166369350724,1.868906325509857,0.05306928050056499,0
25.143047176228176,94.79441514726923,117.5897359147859,8.518645047442313,226.29963848717006,0.2443504071164504,0.17894764198905674,2,3,0.5947336809666728,0.7268550443382475,0.07674274372650006,0
27.76205045860884,91.54465727100552,1321.5750128364186,20.157431414961234,213.70952564134362,-1.9468440622656753,0.6502765113738469,0,3,0.7738116769593975,2.3942817042072124,0.4238535853586125,0
24.703300947175094,91.01796264503302,2463.803846990335,21.867364489238817,148.58777936304767,-0.6800438281748903,0.25824689139527623,0,3,0.8821156391033786,1.3581766503063557,0.008015412407818386,0
25.928854150778143,91.04069042661048,501.3858770733069,14.283850451417218,3.866583094180567,2.4130787367698687,0.20689652128904834,1,3,0.8604353521825554,0.4604067335258891,0.020739658950107955,0
27.16634917687579,94.77384644840969,1455.0675999186487,16.197656145739778,356.58204542999164,1.1700243020669414,0.26662631545711546,3,3,0.6633026549647413,1.4573522596728485,0.09182385675193766,0
27.422716120386276,91.06576688620002,2445.2895736523665,11.55661709023598,329.6570037362916,0.5075068572770276,0.28325986767555583,1,0,0.44645896810318353,2.7249495359505613,0.09491814947816789,0
27.150281761756425,94.4819679645427,3127.4029822248094,18.47937813041384,314.93002723263646,1.309002031643162,0.172367313149699,1,2,0.5478638291805037,4.293990696076416,0.14936040265696623,0
24.231363622778726,88.67569515329818,2775.656211301898,21.218037025609096,0.8447749615726474,1.050847394228725,0.3373600062675058,0,1,0.6180163931091436,0.29696514487787967,0.053741965802710207,1
25.65275703025023,94.08098821897285,2577.380774939572,27.220990578297233,355.7469329468399,1.8486977265675786,0.2333391998424264,2,3,0.7270192598515326,1.5045117671899244,0.004628332452055616,1
23.127287893734124,93.46078973297728,284.6697566351524,50.28813128646705,24.01417452952428,1.243341502973608,0.8868194917497748,1,1,0.5568770595381274,3.086583528797054,0.21303375085411835,1
26.911654341703848,89.79576564110113,2983.773083618871,12.355795378986942,212.37377058907992,0.6308615141807926,0.44437434829823275,0,2,0.6423303901185251,5.832916104754933,0.029456543970250257,0
27.330168365174504,91.26367492391017,2047.6861843437744,15.948665463228544,312.97080715498714,-0.20018671773817698,0.46890657018585097,2,3,0.7657703597528778,0.9555730763193323,0.12248174715325806,1
23.14084140354528,89.13363845358685,1683.9734189135668,20.484344175666934,334.43713696047564,0.20309831958858068,0.16298697856498506,2,0,0.27520756389962414,0.6779090687586966,0.023851892746858765,0
24.822554692073776,94.12491914212877,122.96914599991885,27.480852583701918,311.6541696322421,-0.3583296128058891,0.792054812063952,2,2,0.7192113731653959,1.4987907074197164,0.2412768952527455,1
23.894157739433965,93.14768101200998,1301.6643853441217,20.36126345427339,162.9225033150865,0.8041838331060075,0.3032741068754606,3,1,0.7472275192917965,5.358087618633191,0.10196504618254634,1
25.681347859050824,94.74364046448947,600.7611868928522,10.476168738510031,81.1646664851091,0.28097720683042815,0.2665118677902679,3,1,0.6110432915105314,1.803920551573233,0.07935966231717528,1
24.608661114029452,91.154494428951,1766.3438729677614,15.957420630917131,281.45777482025983,0.19351352303118283,0.33197829690250596,3,2,0.5188805801837968,1.4106293242885897,0.03855585398069161,1
25.95372504193795,89.2303660969545,2684.3938729225447,29.869223851658468,260.83845951339777,-1.153142810471234,0.6944984187197396,3,1,0.8518249179341914,0.17115869851583645,0.0581959721349811,1
23.225298050887513,90.89996105532093,1086.3159310282203,5.893195373489275,183.07885342179165,2.2638402692696515,0.11121266468979167,2,2,0.6990429787121768,1.233183046833706,0.2634036245767603,0
25.346754608823396,92.15349810525255,1205.5280816420707,15.096110550021505,347.7530673067567,0.33543606678279403,0.3552900676870962,0,3,0.49294136155716456,2.565225843663016,0.09519774692850252,0
25.13040210793715,94.72341909566947,965.1677732352535,28.63712898536817,290.4009591564834,-1.016575501994926,0.8810767362713134,1,3,0.3697225227441879,0.5353518123283642,0.0050412274936742635,1
24.306055792038546,91.717954080972,2339.5747810805665,9.529707378710349,349.892820400948,0.8000813377617322,0.10211384324810913,0,2,0.7445729076325864,2.7024603351470087,0.15548081365914385,0
22.58094371537699,94.79308000411206,2559.056878729132,7.496717074683227,264.8739923975409,-0.01573668652102702,0.29371999572395047,3,3,0.6109513890906172,0.17780360943305584,0.007651113596474972,0
24.867183331974385,93.92736694435264,1034.9960385786985,9.191950719999175,182.37651999535652,0.4869304410933395,0.20511320216844436,1,0,0.8751764704877307,1.2573442151406629,0.0545801132490013,0
26.90236030647015,94.55911646496428,1315.686422982207,48.167318211665595,106.70330932237003,-0.3244143754270483,0.895207850786098,1,0,0.8139015968654615,0.2983123046302404,0.034241488584881956,1
24.124513609556086,90.50995190427756,1201.3946861806942,21.806365414049253,300.72848626583396,0.6554415164696908,0.5266628568337385,0,0,0.5295270229187088,6.642880037098493,0.01243958460939291,0
23.72329498429067,94.27812753629338,832.1499590932261,21.684316057909246,241.86440946352633,-0.6611037168937204,0.4536391705107355,2,3,0.25778244749527096,1.816830421158248,0.008690093466418037,1
24.41108029120302,88.59607616003261,1148.685952181978,9.313492119918905,281.4295250299704,1.761776380570226,0.2260233785239205,2,2,0.6514072867199038,1.8797384647505244,0.1492061133410752,0
22.649278231607333,91.37186802380256,1538.6448278622456,10.303242170596405,64.33975341497492,-0.1555034692598096,0.12866400886630625,0,2,0.7022219148830678,0.2220634020001586,0.08696973819662339,0
23.47220982242766,92.03885862058105,1043.3602884997922,7.493221563225644,176.73516368498176,-0.5455686395469708,0.31559201454184665,0,2,0.6945330942520944,0.5655749665404302,0.02602694660572559,0
24.938966148977354,91.41796112752635,1455.5053214477766,29.737273257441643,58.92160291993237,-0.43846696168798505,0.46911664082792265,1,3,0.6578788849846828,2.733565952529834,0.00988012222257767,1
24.04048806771436,90.59594612047643,917.9552807559538,34.65659047099321,36.43419249735989,-0.8118547822832325,0.5350175898117038,2,1,0.5084985993825221,1.8803706215008174,0.0412649416115482,0
26.8670460032181,88.67432644822954,1188.4942740705835,21.672093419067046,326.46058234520433,1.3560436314849675,0.7166060011638864,3,3,0.569283544064325,0.9513873331828933,0.14717899570352205,1
23.53673343600305,93.2576851664649,1651.56800972487,15.717531939000423,268.51742165391227,-0.40051709834661836,0.04203628437784551,0,1,0.549775364372099,0.40954435984675497,0.04874401189742805,1
24.213087309702402,92.39251012171789,2246.6094205774048,6.174009018672157,7.850304218095303,-1.0068016328441245,0.0,3,0,0.6162319787723325,1.5808368820636065,0.044696655697248545,0
24.80563099287062,90.80218223959056,1824.2466538648562,13.90357545722252,100.01623612130781,1.4939890143566776,0.11085292338913175,3,3,0.8781097268418725,1.7688397109400205,0.034230845782709476,0
25.017779205428486,90.48595930349954,1609.7332646054206,23.37844433746928,132.0939206662363,-1.200061711285794,0.29650693384337934,2,2,0.511257390770904,1.6001765423876049,0.028165167815577805,0
26.39669856896071,89.26320809164648,2505.4679308856835,21.61090724234831,204.3018478485144,-0.8317542000821122,0.5691914735033724,1,0,0.6720978869082507,1.1958926592365702,0.07169662971995593,1
23.13380896424721,92.4178075564319,1941.1992805812813,7.18097490375605,52.49469385213256,-0.04472025506925951,0.3901862622468454,1,2,0.6693059652576632,2.1797744115518145,0.10147152495989016,0
23.690368788565976,94.76892004023074,1775.7551103001724,26.398940793015544,243.42826476691334,-0.8071823649665381,0.39042684320153714,1,3,0.558899463611387,0.016763293094030598,0.03166830798072239,0
25.723103110018737,92.41036954304971,1052.7283218181556,13.862539132662064,289.51179699641625,-1.533354771877413,0.5807104467449429,1,0,0.7260375931744438,2.342230948150504,0.09997224552660361,1
26.933298066974988,91.6071170141523,1466.7943623027238,7.565199023802284,268.14669020313346,-0.6612411185582238,0.4321861472096188,3,0,0.9570328284000407,5.045529987547487,0.04799463361403848,0
24.906770181353885,89.16219659036406,2036.518056413522,52.01091336903781,354.4610694571102,0.22832823368667324,1.0844441715630586,0,2,0.6269393643301577,1.5245447906144585,0.3334111116303873,1
23.0429103165499,94.46269831785054,1291.9523753975964,10.12663193630041,240.2781166115576,1.1100424925166925,0.17752140779750664,2,3,0.6370829248095876,1.4233951835336371,0.030686722490297587,0
25.57436543790195,92.03305268437883,1994.3070167004312,25.84589973643078,70.5003677268281,-0.5368185250808366,0.7246173484275473,2,0,0.4605548568453236,0.36882869684081,0.03782799269145556,0
25.478638217607294,93.87675933388745,312.35725541666625,28.112627167571965,154.32880244014186,-1.1796808147629319,0.549679738527254,2,3,0.6293823753691246,1.5113807785848863,0.08467714229987243,0
24.126826070741245,93.8880620225598,1295.8988109811512,14.039542679409116,108.44047107831909,-1.1251865422151421,0.3403189069826647,0,1,0.5741998976299958,0.6041882313621034,0.12842264652410088,0
24.712053615914627,91.37249654493502,1684.5492147214786,17.5471013849152,227.65242017109134,1.3284023290520521,0.4005173929141257,0,2,0.7287463296321242,1.7582225919483996,0.08464401639157167,0
24.455433846738725,91.42540933866019,1183.0322388385985,35.233071007385576,314.36526680446707,-1.083670780277368,0.8190140192905071,0,0,0.655318920588189,1.108405594814024,0.0017072463119529484,1
27.35273929982087,90.63461322044009,2087.941533243589,23.14609293335144,327.40606071546785,-0.5224615564591322,0.6833894369219036,0,3,0.25817398324112933,0.37005112486480607,0.17478919354225642,1
26.02267598424986,93.38748758783804,3076.117975261017,21.592336741219626,206.44449148000538,0.07757660711568605,0.6036476494045082,2,0,0.5846865517202596,0.6528067583207484,0.12272047423579613,1
27.623513408302177,92.75295221522005,378.1100644520486,20.253175581665268,332.5392929959487,-0.06084604937204112,0.5063095739756185,0,1,0.6264193114973134,2.004505540548663,0.08349130525090084,0
22.665632902887587,94.7789319667834,2791.895999897059,24.041272065667656,118.28563867736888,-0.46129255140475467,0.5575988984863232,3,3,0.7104319248318687,1.4957395242214173,0.1148040857006212,0
26.251451906905857,93.32859886279513,2088.2228756664317,22.23628814182561,45.143715507981284,0.697952159148152,0.5397586217520609,0,2,0.7128003428885911,1.9790046972866429,0.009039742812867029,1
26.183277866083895,94.01865179501617,804.9625361778327,41.99272210828039,113.83558822906241,-0.02976261961043513,0.743680719394129,2,2,0.8952857797935931,0.01971394622414641,0.1109777171674805,0
25.684856682058623,92.57910543806997,1611.1472003741326,17.305269193728094,274.45964723454495,2.142787106201938,0.27110335583701733,3,2,0.6942848003046621,0.8605588333450529,0.18780676957329676,0
22.955476574744726,94.41669708081028,2492.568708796152,24.01112690405086,83.23987935330656,1.7683473915902792,0.5007008054737818,1,1,0.4627807465885151,0.022784379079442772,0.0412381403976707,0
22.526673992704193,90.62608486613861,822.0610620474041,8.849336107033311,22.58681685988314,0.7824141562603282,0.22913668057282527,0,1,0.6986172425037119,2.793537950927698,0.1810910860681836,1
23.88649595050697,89.5945955605822,246.48744900869715,15.1242447548209,283.61063921989995,0.7813687094923709,0.15812296773307785,2,3,0.49180233426680886,0.5304563306973761,0.1672446881124542,1
27.208876088603947,92.09325736379576,1917.9942714286992,9.328517051060793,189.15620058536203,0.22950707456841016,0.30590078574629853,2,3,0.5654602354609649,0.9769169132092296,0.09221650812193755,0
24.257058763114678,91.31642378658368,2595.831340404494,6.001447811519918,81.99298808303305,0.6709869474954,0.0,0,0,0.6046336816588632,2.369158136963759,0.21578486210253234,0
26.788712576760844,92.28659598898791,324.2413859191918,10.08670358690321,253.50029005659192,0.5444439135088993,0.0,1,1,0.2859732902713954,2.87361380727458,0.008957753176859904,0
23.50162396828634,92.84096554365553,816.5641206609808,24.143109997716966,317.5608305842034,-1.543732080566156,0.4113155036761875,0,0,0.3288658982620712,2.5515720308823497,0.22071661013668853,1
23.025079236590642,92.00127858991414,1652.2916572699553,11.744237718984493,105.32391179186156,-0.8858198476195941,0.3831931744879846,0,2,0.7533418683777326,2.934434592093204,0.07901445320935313,0
25.901291330327933,94.75055246824594,586.1883787479928,17.166399812410127,293.92542398390015,0.237722074823827,0.4662661151541097,3,2,0.6227842698917031,3.45615241067419,0.16986174446480795,0
23.731205922108046,89.03882662716926,247.54531032357497,6.001831566769045,100.76948367819267,-1.194280523910846,0.05955115076021052,2,1,0.7364235195659311,0.37715253713187535,0.02704226970291314,0
26.06463553034914,90.8891224813867,2256.5050948871058,11.917325472594108,340.2702939237748,0.32463266249308653,0.4278022558208704,2,1,0.4902403413622841,0.13248284185229545,0.09601068896514188,0
26.733889184161654,91.70881543737426,1764.3581716064568,22.35436629382785,214.4689543525994,0.2069970208896691,0.45076486380732106,2,0,0.7584158142337154,0.38265460708132176,0.2969574419879982,0
26.70496306401016,93.86097982108035,2276.7482541629975,9.848734584979862,253.56121650792903,-1.3367670581786077,0.18225538087420395,0,0,0.624436056841917,0.006098101318873068,0.04276946787076291,0
26.163599750934466,90.5913085764238,188.63579664176913,26.0022201692393,160.5676780555718,-0.7940687017982925,0.44214411887014665,1,3,0.5373234514795987,0.799767041792369,0.026909601616286312,0
24.397881817844155,90.69041218514174,167.98326583532264,34.037999868240306,35.37230779692027,-0.26238603616591866,0.8107382554911011,1,1,0.5805844707662474,0.7010208845052763,0.07823741731974623,1
22.59264366338195,93.30274844704823,1733.8618133103816,23.312583298128118,76.08945698195363,-0.10973959748403314,0.6383223631993843,0,3,0.40314021325201554,2.7114741886719886,0.043929084195559596,1
25.387653914399536,92.35556322656639,946.6238331163697,10.914940610735732,5.130543426252032,0.8379883282781686,0.0,2,3,0.720587053717776,0.11722528380914737,0.027513178216644254,0
23.331027800293597,93.02087347981137,2752.5666933132875,15.524431385005869,176.64141314713632,-0.8861403034395645,0.3163764387926224,1,3,0.6207645686933735,4.883242921556554,0.07972530902018779,1
27.4572176258025,90.90852485414916,561.7704501385315,30.72725750334473,127.88043851562689,0.16181898981519993,0.6590307670629904,3,3,0.6248575835961708,2.31126929889763,0.1341353071375936,0
26.50933370890786,93.42036493459891,1871.697393904855,20.58585625251356,327.25063022213544,-2.1811558147306163,0.29637654416837267,0,2,0.4685330035750561,1.605482144127282,0.021548821946751742,1
26.954184773388967,91.905135213403,1922.8121927803402,42.94274963379782,145.02699800426151,-1.0745092833292917,0.7915110090558244,3,3,0.48693140087909614,9.467568512433273,0.025430626405324504,1
23.540643449130556,93.20874182420415,264.235152592704,7.3317439993277285,190.23072744852422,0.60044430527921,0.23280133701605715,3,1,0.3652905143329891,1.402814572434636,0.12865046350317158,0
27.076879334740198,94.336869365204,1018.2535149335515,30.894514551478338,166.64865075120525,-0.2605495207917437,0.7708675956185763,2,3,0.2441294845345276,2.8328877139993045,0.14641987737300374,1
23.772149882885387,93.72443832874714,2972.124247426124,46.03424774980344,307.92821620552144,0.20833170018275968,0.9168879952588129,1,0,0.6967605987968952,0.21754479734713858,0.01906988403034118,1
24.62148117485678,88.53495627704154,342.33986256541755,4.917241118749644,195.6897894464433,0.7557366499929544,0.0,0,1,0.9818654192501539,1.02956484199033,0.27794009710525514,0
24.353860168218063,93.14728527028335,2227.4334510509316,3.595642056369925,282.216932112045,-0.8126900381023642,0.1779934702678512,1,3,0.13394245398738341,3.4899012076628995,0.02711975120868193,1
26.410551051823205,94.34382400439024,2283.249178359778,24.61118854120635,90.61188268227116,-0.36061612679384936,0.6929251286556393,0,1,0.3795320850029289,0.5386628461821081,0.006718559569842662,1
23.40149867154181,91.92593855306598,3157.3598405368484,28.797832472072226,285.91816921213393,0.24208908854634123,0.5385299213907311,0,1,0.7828907156432792,0.04339430514706552,0.1205372371096552,0
27.421525882880704,89.03520874484745,686.2323923668067,19.154847503525616,70.35694515487553,0.5131296585920249,0.12248376035495018,0,3,0.42781661710143964,1.864323030277276,0.024996757032439296,0
25.679125145994668,93.3900868385079,468.6207941472135,18.56048770561096,312.0215733839609,0.03814851084082152,0.0,1,1,0.7065973992448935,0.784176383495659,0.07879958782631996,0
24.574665062472825,93.88643097829994,1770.445245386216,7.023814462928285,283.5115200713644,0.14138057222559625,0.1195761164816048,1,3,0.5351171837735521,2.277607333448174,0.4804643038432495,1
24.753249317402894,88.57133409347237,570.6201595467934,8.723752391790038,56.55915954569173,0.21378043187318224,0.05902006278569827,2,1,0.49249946985953336,5.601904809728323,0.10062518927712223,0
25.29985936890826,89.58762837005301,359.1045572162349,8.183410433394645,39.28940494532443,-0.45195430592599445,0.002944116503495603,2,0,0.521799452261499,0.23441196668348963,0.05250431297235171,0
24.7101013893812,92.26401829547224,2633.4704864586656,10.90139322263008,171.15881706351587,0.7027957889554171,0.06615287637017878,3,2,0.6325757151060856,0.8130292310680065,0.17549487394498348,0
25.6950263816244,93.76670173416035,1571.488634020808,11.771553117704265,164.57362711715257,0.2727192786038304,0.3545192992050524,0,0,0.3094453850063683,3.867310710580227,0.10630558030504099,1
25.460491702878485,93.50815362833272,158.7144121083655,12.540222686820975,245.0440611134083,0.6708882721498295,0.32844377777869654,1,2,0.5619060341929175,0.2941687715518,0.0383616116405512,0
25.775171010673663,90.45190392419205,2759.8516742403162,10.129412299063233,167.23566730620024,-0.7534748750839719,0.18273951920720916,2,3,0.5826156966760463,0.3236069849607148,0.031846203470166576,0
22.570306700411713,93.90490783988822,2316.5627275583774,20.250417654387483,296.812687945211,-1.1769201120480355,0.44142712475201806,2,1,0.8026099847177476,3.1716168119444172,0.14173697987948158,0
25.47633008526678,90.47310599235718,988.4262140062053,6.656084618025739,302.79041568878796,-0.7668162666772819,0.21368751682995107,0,1,0.4174501263036571,1.7224308389629641,0.020974400888480196,0
25.735490641678023,92.97921542933959,1889.2005876359572,15.988971019010854,119.54305952242852,1.1532370381923354,0.22545658988990833,1,1,0.7369424633509631,1.8286507980577777,0.10500472152159446,0
26.206089957686718,92.06827686403996,1686.218208672984,17.50415290571813,178.01251530431267,-0.6860524375559527,0.24485950388791683,3,3,0.6257147869227138,0.030457218193651974,0.016254480435242653,0
26.386702865808253,88.9735640658372,758.8970176586138,34.310537161434226,263.211119200165,1.3821334382009005,0.9196096103102482,1,1,0.2405932894313471,3.0988057582210606,0.011018691602357047,1
24.82707960618959,93.99882509729926,2310.4001018561044,26.66984076086802,65.68289920662971,-0.7924151104255653,0.7546673812437159,0,1,0.7020395902310401,0.6342591853044273,0.010792894561336306,1
24.699270523890725,92.5386887273604,468.5562253913109,11.33749256156268,238.1424403186333,0.4527706135637918,0.03291388071498433,0,0,0.1972139366067598,0.8981427024900508,0.2761331617209417,0
25.075626379183372,89.14085622963634,1020.6014553918427,8.862494092841976,241.0136895661904,-0.8164120770682125,0.003447439057013002,2,0,0.8162044107425244,0.05014189187919139,0.01733987986872346,0
26.9323379589912,89.39805127139338,2260.6553049994327,18.36059710674033,148.03242409433665,-1.0541393890905797,0.5461690691941501,1,2,0.9016028883450573,1.6747914200327587,0.1737992604954477,0
26.932297308875608,88.83613948947476,3023.5341736781306,9.909342684998776,94.85221202245205,-0.5890262359910857,0.32314584584148176,1,3,0.7510217667541307,6.867729297587126,0.037229476104896346,0
23.335409429880144,90.86178822519851,2077.6300558147414,27.614639904578702,355.52017986646706,-0.29056846938195874,0.6645578529172507,2,3,0.26486104557522316,2.267258138968199,0.02134110721044146,0
26.648287526017395,90.33685674712518,1592.618049969923,30.059152385564097,304.6574805077984,0.16960796092996308,0.5148493469688511,0,2,0.6142866298831402,2.5632666515521203,0.0587898510479796,0
23.72433777643902,93.03375361569611,792.1985336959118,17.915131298242684,213.86353419047376,1.036341887367967,0.4710953615705027,1,1,0.6073660771180432,0.8102227044604791,0.2882816595131869,1
25.484970940023715,94.59328619918674,2686.9300960442206,11.008861736709935,338.4879908113266,1.075404068932498,0.22967475566649231,3,2,0.2865871635897643,0.9024580975170758,0.03903067961647856,1
25.314572116004143,90.45881484766367,2539.159062261278,15.630559403843268,1.1088100500690867,0.5559334756057036,0.37559376515137866,2,3,0.6180494182444594,2.1981606396221247,0.1171414447531811,1
25.147777137582626,91.89900468221988,2260.335763071562,11.121126660551973,352.2418702424113,-0.74647223637362,0.0003051640201592043,3,0,0.8130083792465194,1.7664673993382443,0.1034024286402565,0
25.5719873628001,88.81450738906514,423.41326659199785,3.375550344802859,257.34148403598556,-0.11830257501622099,0.0,3,3,0.3668374192441951,0.08149768010530578,0.060141593513638514,0
23.757024863109706,91.15319150853138,2704.5918821979562,40.004964466756405,253.9392905820934,0.5155322850373589,0.9754176915814339,1,0,0.6157206274031338,1.665753652159486,0.18787525007780337,1
23.076987618739192,91.2904236611915,1310.558532513867,16.58321325231335,72.5283001562927,0.026724335847262387,0.22592237300571727,1,2,0.7251931225444579,0.8184208361129837,0.12082227569173581,0
25.502431632714064,92.7199797695834,2956.2043445649506,21.15503002762723,342.991954387294,0.7561601975395755,0.3619855649011783,3,0,0.8257451766252438,0.2447725381390559,0.1493438718835716,0
23.704342802773553,89.69890694933346,1356.689632238478,14.957484848061599,195.004055043789,-0.34732387401956655,0.21320772618446676,1,1,0.6052888854624645,1.4738463263096464,0.11040784767622883,0
27.027918196568706,92.98021475015456,523.4036406937173,45.89695827368231,13.471630829991526,2.2159509392766945,0.589106380060517,0,0,0.5522633506445896,1.2247369333325628,0.04873226261650356,0
25.406472242872727,91.09638355071462,2923.2709648612463,15.770099003017727,310.6147050574028,-0.5420656175080836,0.5955863917939651,2,1,0.7519114138508108,1.1537007790440648,0.06637381392081597,1
26.109123500334924,89.0709437123692,2048.2691929379453,25.294583714262455,156.82049260906803,0.8377449040461442,0.4942700921037165,3,0,0.8851572577280098,1.5899356457445644,0.09460773818279763,1
24.83757231376134,92.27463320168133,118.28267136759372,31.597268985326586,328.6299666411639,-0.010504577623915934,0.4531488558135885,0,3,0.8474531937125959,2.6058169176549217,0.2848507752499155,0
24.663969791202685,93.5973632536209,3012.5327077243937,16.97527782944165,308.7672661823609,2.132058985715884,0.37513456861353567,1,2,0.5239663105065026,1.3834116984530296,0.03854246982896484,0
24.804971663747903,93.60114616774332,2613.176735507827,26.620891701910363,82.27058879603528,0.38985173953555596,0.6973002071596824,2,0,0.25799362800397485,0.0160669811077985,0.015550105361576534,0
22.722930705544236,93.58726228042643,3084.101449086075,22.69837191510477,219.64134973514555,-1.6760240840708927,0.27411743306007263,3,3,0.7817142695747179,0.6642274116588158,0.09281383268882831,1
25.82738882503238,92.42597283373854,2218.173490659779,9.563043872399465,156.86667072665213,2.5587314219806183,0.15351292121302917,3,3,0.6436565313006699,3.2013673428011247,0.008906692022811675,0
27.017859401351767,91.21464893338977,2871.006868186491,6.4117953521746625,237.54441225571,0.509296802223084,0.22344468542037635,0,1,0.6610047644539614,0.11617482339595182,0.12372462556808349,1
24.903477676910562,91.17758828538544,375.91152218422394,8.160903056812746,306.7414640329277,0.5103014431738871,0.21145833215871002,0,3,0.544822796365059,1.967168826348414,0.13247846953793405,0
27.002514496584457,93.85360990509024,2783.7185411488454,25.41061612035407,289.19067372326265,0.08998357881629604,0.5173068358667731,2,2,0.41143884888336346,1.1348781956817382,0.21823358982031477,1
27.040342281535224,94.13029873564766,3052.1501769125225,25.564065093855643,177.05804788076722,-0.31594166916180233,0.6027191540890119,2,2,0.5844777801596506,2.2083610659516903,0.11956657525176405,1
27.31046008693034,92.35179891238117,2462.857123291433,19.33478796962542,231.29551667858115,-3.5849805609217023,0.6169171580822816,1,0,0.5565197139088904,0.20155168185117753,0.07534700111165787,1
25.3658419506117,89.3502556237352,887.2794873213219,9.956194466536626,341.2599146662966,-1.3403827876817327,0.07831549119696507,1,0,0.4848462701793198,0.5653208885759549,0.22330907901362848,1
27.236682234808168,90.97127160633696,1033.1366214087689,14.02974143289247,34.17019159659838,-1.910428686386731,0.04756373604432049,1,0,0.882563341312633,5.118068505428307,0.004012633502430391,0
27.622933242644113,92.92753726803637,2508.819176734804,37.00463585618231,156.7493924131425,1.0010285260213891,0.8652605347659662,1,3,0.8593093264398404,2.2438135784213387,0.08761311447626445,1
25.015330259976984,93.62751887555385,2765.2638859627,8.08363155559494,114.46768182536255,1.3773026558902282,0.23473596811252725,3,2,0.5755435780385927,2.4892715682844493,0.04855455517740918,0
26.757107119201027,90.44690463733616,1639.6457664566424,19.12400845352225,21.5606568178808,-0.9927501245562359,0.5104121659984739,2,3,0.6735170962786298,0.12575489422539413,0.17009998691643025,1
27.702077759557287,94.55097749519813,1973.2123089931313,19.727498678652612,73.17120464629305,0.28210734302997015,0.21036985219263912,3,1,0.734329411022722,4.111577594422099,0.05579864426332626,0
23.8291958337508,88.5477094384426,1444.9968310700751,20.019848861377987,70.25928923310424,0.6266443535564412,0.4325150790277785,1,1,0.812759649346597,9.496730630010994,0.07838024113525373,0
26.251285268902155,92.54487595619803,2613.2766028985357,14.33700466187462,201.3255033511445,1.5234538572959289,0.4181160602829143,3,3,0.520377350798597,0.1783268607106498,0.012661284728679292,1
25.545615653843907,88.72433484592604,1845.0249098398476,29.241884814695368,60.534688514883435,-0.006411752877750488,0.43360237242099975,2,2,0.3724378461604249,0.31849275257631643,0.08460620499814474,1
22.822110594611935,92.2595230303534,823.0881771943019,28.716821685547835,5.150029855845122,-0.05893838787123415,0.4587199926627188,2,0,0.4740098396848888,1.3529749778090694,0.0005658177511891285,1
24.985694242653185,89.197432152913,2782.9834862014295,19.149731104091998,354.90778853176124,-0.5064786217190556,0.733852571419234,1,2,0.48384351547024623,1.5480206362934394,0.1266889956313818,1
25.832235011106135,88.88900213779613,1356.0438974764363,13.860973811223385,71.4072029485433,-0.354375367374211,0.22315679762307658,1,2,0.6164160867200895,1.0877686166555394,0.01362290277482407,0
24.880060072863184,88.74757611339489,990.7690682803991,47.947274250416896,199.75341117282753,-1.785261802225653,1.1465668832751168,2,0,0.6944013140774505,2.03978179469293,0.09065970899291867,1
27.714579639156383,94.97367671904567,1857.4444994969685,28.687408384724776,342.8899734178387,-0.26226113901948783,0.8445538277295804,2,0,0.6912254434049966,1.0530227693456629,0.05441366062511356,1
24.291646824494002,90.61124659745805,1370.007667516026,17.803344687164905,87.84638483107712,1.0167343072391721,0.376800464816439,2,2,0.7458694870868382,0.3086212861196194,0.0004020410557319676,0
22.768001078127618,93.09415618446728,2521.701915822775,19.934320939565453,262.50642391272095,2.3556898387421086,0.5280784016426401,0,0,0.6426626633020946,2.8182795511035836,0.036016567373224714,0
27.07486286838283,90.91268679157938,1483.9644524134965,8.991700087827063,87.29718089602255,-0.26938604222793866,0.10883513034459262,2,2,0.5993500906522209,0.8568787336951823,0.038475372735277194,0
22.51879882600364,91.18355602145442,2916.4032668382924,11.833868830935112,182.21492488374452,-0.8715136696348803,0.06799677826622708,2,0,0.8004157176367419,0.49567684880445356,0.01117990621849132,0
27.20261411253164,91.62607327979319,1061.6735682698732,20.13634815719322,337.175846112567,-0.3970110122958146,0.22812760749436287,2,0,0.6114327318177003,0.5850940223334354,0.02456490703860172,0
23.662245770858977,93.22383996555256,1919.1675153289718,12.792009324014135,223.90124441028206,0.2692328900921232,0.3452097669835476,3,3,0.40109085128139566,0.30610979897125074,0.10357822564436521,1
22.855584912503595,91.58994475791543,1477.554239065884,7.580308249455848,230.2316422533741,-0.5360428189522269,0.3624599084100586,1,2,0.6389082248282292,1.5678863653870638,0.4642035565514624,1
22.526829484031914,88.97158234792191,2235.0617174206145,35.201651650461926,229.2311752213754,1.109187575735034,0.7579725011517916,0,2,0.746192842108264,1.7422763978135138,0.1811782288471687,0
26.934595023950358,90.80265376903668,849.1726511895902,14.644119952417755,44.777268717669976,0.14064349206176574,0.06599643289666557,1,3,0.9346438605229694,1.739072412129044,0.14699504312996794,0
26.753388344883376,90.56636747529579,1874.33868999035,15.315691368210262,237.33601157711172,0.8667729543670075,0.23708754810477423,1,2,0.8566466695225576,0.6419396131208257,0.0032987192673434394,0
27.57270202312929,92.59632304256036,3058.7780578606466,9.478097014571768,122.34926645747814,0.571546927498214,0.18635157532675078,3,3,0.9793172219607629,1.0365850195022008,0.03506256104832955,0
25.872800173291175,92.67028966009005,2439.420987090497,29.343376909943157,11.42156410193856,0.48216574824965835,0.9024010462261558,0,3,0.477406116117691,0.4578289247319122,0.03201416447638008,1
23.845587364787395,93.05395586331115,1846.547253258331,22.655142761235574,204.9592250636074,1.4252334072981876,0.5202212402681303,1,3,0.18356604169924035,1.2353116687478394,0.263914806764855,0
22.56119591733054,89.61924877895223,2047.0201041186479,27.441902648038017,3.7353405105025628,0.44985171816549807,0.3765432513062411,1,1,0.47024009577455506,1.6707226789634582,0.08770148886621748,1
26.213080050554222,90.42461348731176,1181.6084059337497,17.01387917449172,143.3050252659581,0.39412586588987,0.4913639300775483,2,1,0.6361848413189028,4.535826086872166,0.2578619568425424,1
22.913637715638973,94.01595049109929,669.9537154545925,18.199531471297043,216.0048797594294,1.0975215056449055,0.3175701516474898,1,2,0.7832226867328538,3.448550007276556,0.014471982911936049,0
26.227953240341066,89.5048852075302,1586.1856027104416,20.93600238631893,139.2366333534501,2.88915399420627,0.4363571993698519,2,0,0.4314816259693333,0.6437096808456777,0.06314105234957337,0
24.505748114356603,93.54546536200459,629.1192585614397,5.731185484162243,21.74885186204873,0.9349264828436507,0.05529734617535049,0,2,0.8778568771290529,0.43408536305699164,0.014492602692901252,0
27.098274414574416,92.72487355600727,1041.066900926534,35.13103968465564,289.8390979880958,-0.10779913535364292,0.8183788653903518,1,1,0.6042318388862055,2.1495684845946514,0.020295016446803964,0
27.781597441448888,94.85216085558531,1204.0818875799716,11.534784228372864,305.9979566668871,-0.09561484916431168,0.48899594891929343,2,2,0.5753142895387661,3.4965945409547645,0.15378924832096436,1
27.000701440104375,89.69219856548357,2425.4026600155207,32.509374445658615,324.8283869523242,-0.11544031988041326,0.5021476134161283,1,2,0.5992069111359071,3.9278022528199172,0.22316391668119856,0
23.634045896505892,94.48760273302658,1903.0876647093974,35.53089846430501,282.2429555521902,-1.197598257754914,0.5015741040636295,1,2,0.5367104039974827,1.4832093762865035,0.008825009710222797,0
25.9099424581224,89.25810862517574,1611.2550346724904,13.145323618110568,115.68750678284442,-1.2190668974550833,0.4111863350977021,3,2,0.4875502198895708,0.08313289950793874,0.1031547933068938,0
26.49210453410836,93.89591881534197,2683.3160201767164,8.946759906758887,242.24012300582123,0.3667634630103227,0.2753767071529349,2,1,0.81045546509995,0.48897372382838034,0.1483469148354133,0
23.607039314470068,92.02010692154741,747.6232434023631,4.901342079447576,345.6687354401188,1.7214234891089006,0.04524087186871262,3,1,0.11800091721044659,6.11614084181403,0.07524135586690987,0
26.84522631786041,88.73511160747627,3009.4735163596742,11.158229899106793,26.528859299338613,-1.3477759816305928,0.4461576038732891,1,2,0.5533114989572774,0.5507398301042211,0.267802051415963,0
25.453146617378998,92.60491621440369,1713.5370006021037,22.709048617209586,33.04822474412479,-0.06333021839482893,0.6424756382643194,3,3,0.42745854746029344,0.5583033964573108,0.024690611417984128,1
24.54055446873877,94.97786967025422,1144.9378225214891,9.132021645142684,17.481136499613307,0.7066509835397154,0.057244491350340876,2,0,0.7874080872054148,3.0387734890453593,0.0741133097768124,0
25.543326619999448,91.65005184308492,3053.169154707018,5.814398254669834,25.770677167145998,-1.2438447712985012,0.21219838965129542,2,3,0.4583214602529667,0.43296308341002226,0.05446705390207375,0
27.56572527985793,89.95988573201059,112.4519405664917,19.27939666642294,247.96072521665982,-1.2575119586549002,0.27018064718748985,3,3,0.6423335920124543,2.7861803961936715,0.04164364279053277,0
24.410937858839134,93.10805457831172,1142.092047415074,10.148099157206744,63.982603566435046,0.2320426047432404,0.08614089702728016,2,2,0.6258907309472814,0.9070927718280322,0.23329570545689077,1
25.944822040016952,92.23494312155456,258.1301372435315,20.113801832935877,240.01908360607263,0.9155856165836077,0.20469080739219375,1,3,0.5504065651870504,1.3352918185201297,0.25051340962462537,1
23.24867823792396,93.31502290508973,1952.9963199890499,12.436050319639744,149.47000319709494,0.12582928383100775,0.283532018141666,0,3,0.7760678729702151,2.3507519273034063,0.03196752381889279,0
24.422638098338897,91.7746272342566,1537.3308769052744,14.864666407799966,143.6285254551637,1.2006174663098916,0.40661886647351886,3,3,0.94665708610232,1.3736799174694512,0.002902342513406491,0
27.02869507942994,90.63928561668271,2248.3225250564215,5.477701702833917,100.83921060988612,0.7980906964011155,0.10445709831597656,1,3,0.6105866669176028,1.3563102912138576,0.04041704123032606,0
24.63999543316724,90.8368856428851,2825.679744945194,13.834711966372799,36.78009280994112,-0.7930997872646736,0.533280625676294,3,1,0.7072579384167987,1.48403406766544,0.007127279443381783,1
23.24784178750969,92.58445781030122,2643.8079290815454,11.039677229419592,27.67338395551622,1.3659878354682442,0.3531406138428461,2,3,0.6633920955061985,0.33861118857923045,0.20336494325574997,0
26.856556763281603,88.78837575086979,1500.9115757500801,16.375028978388936,224.41774000235915,-1.3367666498167146,0.20306928645961883,2,1,0.7507294959157462,0.41515847078204327,0.16580298476705063,0
24.221258410047067,89.49314831862463,2105.1623584869453,3.581401438956769,15.137084934790327,0.5377837069011182,0.3089879616828545,3,2,0.532922486377106,2.0695926623943603,0.20799146981721522,0
25.4593883594387,94.80206311974648,1140.6251088642316,18.735294150459275,271.82697361411044,1.3673188377502348,0.2657088571142836,0,0,0.5134500186251243,0.04859699691953576,0.3508623064013707,0
24.035789306678165,89.26649713985438,3134.4571181868905,22.558813418843066,113.40284448520764,0.8394003959799484,0.5561303426423371,0,2,0.7222044223731527,0.9923157939363924,0.24763756873076473,0
22.55576162203205,94.40059434593421,1360.430686037282,5.037093326774238,246.70180991121626,0.009341909159706499,0.515465145813614,3,1,0.6800895855718256,0.6360316107254078,0.03750235691843922,0
27.592597209726854,92.94943201668538,840.6977740316617,16.548911744357603,204.2247490892162,0.3215679376343867,0.0988837404581242,1,1,0.6403616593857122,3.31414094756234,0.14058361986000992,0
26.47010923227932,89.95789252341233,1915.231730697736,17.319075168545627,178.9731165939529,-0.20243817445701345,0.3314951417618668,3,2,0.40002528632062195,0.5598815970095015,0.24205648336988994,1
25.86307579040956,91.61580601930737,1580.0670656729023,11.96702568525518,143.85850591723346,2.4622187450424615,0.543999907798458,3,2,0.8369596698079165,0.732472392253766,0.17813635391614682,0
24.23858063981588,94.13871615754381,1384.5787339881333,6.5372369831994686,272.43973262749006,0.014633305665380455,0.16549523554355366,1,0,0.801350752715372,1.1309644499019704,0.09805798194091125,0
26.10493144145206,94.75660251528274,1781.3284571743561,18.697734344069854,328.6175334106214,1.1435274200570102,0.27813180373634316,0,1,0.8044903007281797,0.8007164321370511,0.03323964240549079,0
27.17226054185285,94.35151103584724,440.80322058091366,23.868108791152746,172.22290318179463,-0.4104069434153738,0.7323648829843405,0,1,0.657131798846456,2.8323631473176754,0.1554909280503511,0
25.300671923316678,93.08730934429519,1766.108981592793,13.309022697013331,260.44399880778116,0.8003564705620101,0.2287527463608567,0,3,0.8294986458904781,1.7415415491210997,0.18692697523944896,0
27.634668168304437,92.20018337472446,2935.2403959114067,40.45996404107741,248.4533525034528,-0.1522879239624276,0.7373474640445644,0,3,0.7282831645482675,1.358909575980815,0.2852999103060034,1
27.498782764024135,88.75726002068693,2794.1325399862017,14.099459486765547,316.40250813596384,-0.3568261282178774,0.24153184429407704,1,3,0.47938367532749204,1.2684334407627693,0.005100703917671388,0
26.902135065866556,92.69904209286028,2006.6118605599293,27.674247451330032,163.63862106521546,2.236334014023641,0.7052176648883991,0,2,0.8324052692762668,0.513282082563664,0.0215708031657447,1
25.84244923827943,93.2241078816028,1765.5307284596686,8.993876803584744,22.613975851976925,-0.7030805759400762,0.28044022898748483,2,3,0.8160831048270345,0.34206156129476634,0.0005752603429163451,0
23.14452296203134,93.38062899233752,2992.385852398408,27.095245738153814,283.51379463794075,-1.2390227813082875,0.49726050175361114,1,3,0.6800614560319224,15.552861337073267,0.18565586389910838,0
22.90498050397089,90.68830258199918,106.56525173475434,15.940685771598977,72.69945582621766,-0.4256375103498155,0.31974251189837954,0,1,0.5122276495878558,0.8424337853003468,0.18596872659009395,0
22.825111247714727,91.984324664099,2063.6229890091554,8.737290463274825,120.2635854868079,1.8867033904376027,0.27634456135376184,3,3,0.7332607090130808,2.8101449261224687,0.06657391535862664,1
24.50702289609808,89.02435471046022,1028.712397964469,25.707617375570436,333.91018492097186,-0.6259516222759774,0.701156004546222,2,1,0.9474406340924062,1.2025877882443616,0.006223785410866412,0
23.610491849304683,90.08888568716013,200.14864431343966,12.990692653235328,95.84175523843649,-2.0491920166173037,0.2666195944088172,2,3,0.7168353185568216,2.8384376928955417,0.12286811482706211,0
25.27786076378282,89.54127161225355,2517.8673555965993,14.001816681662984,161.07241120166924,0.6019898056649623,0.23604617295907954,0,0,0.7160025457919915,4.549189929073242,0.09411183876843536,0
22.984108242923668,89.95997260194736,437.70825476378536,21.820254106680565,226.3681546779462,-0.045466889189501626,0.4989932529135084,3,2,0.4838755701977575,0.5869492231314665,0.550089383681937,1
27.217263073795575,90.09402511319712,1981.3351442722126,28.544093153778164,353.5840431449208,2.4904398698799954,0.5018064854416042,1,3,0.9598925486003368,0.6136595270271585,0.003221884126222558,0
22.842509737751556,89.08965692943231,972.3528403926651,21.710523999564078,294.1370281628152,0.17707927926181868,0.6345148668548037,2,3,0.5352375142893936,1.1235815396153226,0.2136345763120458,0
23.143375938195984,88.8456907400205,2139.4009363121577,25.014087833834704,45.76172810448653,-0.7880996460025648,0.7234992971620944,2,2,0.6754270109470476,4.14199525582832,0.2644981281933677,1
25.423256821550257,91.48487269235771,518.3459154012317,33.65990860179686,306.9508905219188,2.822111783859559,0.5244544903216418,1,3,0.6599012798537923,0.4938703967148321,0.05223537796526754,0
25.359856087075066,93.84555688450556,3022.050662320314,19.30931654611142,358.80882976954314,0.21245122633924735,0.47252017091867227,2,0,0.6666525150412878,0.5843520318030682,0.041723410409318706,1
22.696240936012106,90.04916242437316,1909.2515952302329,22.123041266177953,254.95550004950047,-0.7188799926247862,0.3910906089710746,3,0,0.8869553452967667,2.100830709498565,0.09042103170600634,1
23.818416379397767,93.03907167751996,1009.807877223873,22.24116319608809,335.26194284187136,1.6877797868303248,0.4281508541958977,1,3,0.8425725902364757,2.2882663848140274,0.02607745737450012,0
26.736640482880357,94.06219426782148,1023.0177464081628,50.95435357361202,316.087108186171,0.038756915978366425,0.9667971482109806,2,1,0.5926917416599573,2.5889714595392603,0.09703968216248712,1
24.500755995822527,88.64709685926945,1492.3985752210392,15.252438617667385,196.64657537046702,1.3960472999356885,0.3792582370241973,3,0,0.7110183347131984,1.5536215412263465,0.07381163059080041,0
26.818033611509716,91.58034911631056,590.6477092941464,8.904305757365325,249.68750926548333,0.3382447744369442,0.20596004563487857,0,3,0.33263595706586613,4.615450474035445,0.050965201512378114,0
26.285664334138012,91.20370590032395,2337.148988679444,20.60138274421338,80.54013255444204,0.6536616875430717,0.4670557127258274,2,2,0.36188598949936934,2.336721574344103,0.12640005386784256,1
26.880112142121487,93.33671152426302,1634.1300223337726,24.706250941866102,243.24516784874362,0.8133474349467968,0.6134084758640868,2,0,0.5911422966712724,0.46670123640501227,0.3916317301556402,1
27.668304103137125,89.84241816124009,645.7473881215443,9.289078324824649,209.3861529969981,-1.6582006485990783,0.3194626153784203,3,1,0.4920163586767673,7.774740420594102,0.02005348924604846,0
23.63778957281416,90.19239894438205,462.9663123327907,7.233064003730813,352.2851043760883,-0.11815448824430838,0.5468220991816017,2,0,0.7336048567191008,2.444974336969295,0.027707697017590505,0
23.521655201796374,88.57114456549286,2777.384523323476,30.47385195086622,102.0665112334345,0.3891315291894291,0.490355189629204,2,3,0.6972922308973715,1.5844146234397234,0.010205786952248464,0
24.93980655784256,89.82703279126781,2719.276325700197,6.267860904539992,1.499181936371996,0.2834225145492587,0.2943970055898114,0,2,0.44885445046270833,1.9496009259197922,0.03965915444824962,0
24.8722716791613,91.38916311834564,1699.952423365101,15.619371260751162,10.076022117065882,1.0120389753946053,0.5819104353416202,1,3,0.5527301602296448,0.0851747565973981,0.1523277833290736,1
25.70431253618423,91.62773007842809,1688.3515351839153,4.91792427821972,202.4563671830456,0.22186433837717967,0.13832899885986644,1,0,0.9660235522502142,0.4518722335404425,0.03811256824063572,0
27.741643613830263,93.88705948736266,2673.280995557668,20.944240955969754,49.671820849181294,-1.2350962446963178,0.3110914292371971,2,2,0.5113299815947029,2.286667022161857,0.012258702085215407,0
25.040456210784352,93.62066351494843,1040.0539879105927,22.598320326099643,245.57398009306633,0.7067786675108583,0.4530605675187425,1,0,0.4831592155735254,0.31122173216148497,0.004981755905690482,1
26.198333597221065,89.52701032614057,235.1408158541304,21.87888158810091,11.877346368069418,0.6902555612776734,0.8829384603331785,0,2,1.0,0.8815896634816728,0.23526519713257202,1
27.371991218748843,91.640664169639,2075.3424682533287,21.33266333605155,335.7008784997814,-0.008720675213032339,0.47853813866215644,3,1,0.39696528037871825,2.5629550032779824,0.03496702525974791,0
22.849838107619693,94.64331711164125,1001.5056774701275,5.527791465636623,100.07962171156355,-1.352847250479958,0.0,1,1,0.6833426726327423,0.9363671136069323,0.16936140645647602,0
24.348441068877932,92.47597071796312,1760.36008007751,6.9998802226891,9.631893674412897,1.2496620356598749,0.0,2,2,0.778068354015653,0.2090343378984934,0.04039616952832619,1
24.206345171159242,94.40807780408487,642.6722821625112,13.297940019642155,37.89052238760216,-0.6155205576419764,0.1923182882471623,0,3,0.3660725306079202,0.6020118244273346,0.04437888995916823,0
26.670477729465414,88.91433731660463,1741.578730925359,33.32915097779073,8.275311268704026,0.8694098577660546,0.22361870524409627,2,3,0.5785649092317854,2.442618367704236,0.062197892663323845,1
26.633871377581492,90.60359655326995,1119.949624502124,41.12390030284704,117.21342131343236,0.7454202827142047,1.0692317896054082,0,3,0.8220206677085071,2.5241716276739465,0.10089792276387502,0
24.16661332963182,90.9738867314251,3181.055544705236,33.530373339045326,3.903509543801942,0.33434742094683506,0.6179963107293291,1,3,0.6382405369985173,6.355437899865548,0.04160752927054693,0
25.631883393298793,93.37305983444978,315.8004453099728,14.50953836831423,120.73588235985402,1.0233999370855111,0.37423489051630615,0,2,0.5823357401015623,1.739353474223032,0.009882795746474523,0
24.086756927401723,94.1054524853006,1324.1912151726845,21.094464749226045,148.07355588738363,0.8736605096994118,0.557860710011022,1,3,0.6682168065426124,4.085634408126959,0.05466861633450937,0
25.978734124076652,93.95459851871904,3021.5333396179158,19.436201481390604,237.93636904330808,1.2017247703113458,0.308696770629923,0,1,0.6655821147588469,2.115912669652222,0.014114068917538948,0
24.658917017688033,93.50406647190995,920.9055050693783,54.443817204889086,167.3454894853705,-0.8529792879921535,1.1578344494041972,1,2,0.7105979329081402,0.8882602358496583,0.1578359454169498,1
27.72373596895127,91.6039354009311,2673.5835845226793,9.614632388904557,296.53188811196287,0.14768445341955216,0.21569571810264226,1,2,0.813125498942236,1.3539214580971213,0.06203947445820075,0
25.066640747323362,94.93598608789364,540.8159309303803,21.43888529236677,359.31933786044584,-0.277953532658498,0.4456283662813116,3,3,0.707589238706669,2.9493677191197327,0.008277038141214475,0
25.79035060595855,92.44205057611052,1813.9332889257694,22.828624268958883,88.6824965369573,0.45712859041199905,0.0893082379357274,1,3,0.5993413458895804,1.4692718996029204,0.04067234964676003,0
27.714856862152757,93.91676896060501,2590.6552655067017,8.538328248582749,28.10385190428425,0.03271691129624232,0.3145527930023749,2,3,0.6252958598411025,2.246824404809306,0.09005906880661198,0
26.631939158862394,90.73721113518125,1881.9731973430862,26.10954177096672,357.22847544561,-1.13343688314131,0.34490865404373217,0,2,0.632468691594683,1.7910011950743507,0.0856315067868013,1
24.578185427477948,92.91614073833884,2448.8392419953148,21.825294837798793,29.034506159948595,1.7246477095904997,0.24396898327099556,1,0,0.6193677215891342,2.293293979820878,0.009415406298250193,1
27.78487426554471,94.54086989680945,3164.4312001273574,8.320659213766733,227.08522186776767,-1.404756540299123,0.2771198001321905,3,0,0.50114921035296,1.6458019533176298,0.012491278296392364,0
24.180620670013163,92.32315265480584,2819.850939066622,10.060264944218513,182.5362116341404,-2.2322481303512967,0.3433728476629467,0,2,0.802314339786185,1.515144504443714,0.12328528010221174,0
26.848173431507384,90.86720657832814,433.44373391962563,25.2311224557346,59.95021230380847,1.352400051381753,0.4328361604526677,2,2,0.4865825926635529,4.552170257824159,0.08676970607839332,0
27.557718273755135,91.40927707011927,2138.609735511822,13.133950754653739,146.08237789792878,0.8528364648382424,0.30545870796714136,3,2,0.6936197272124688,0.8852530003662673,0.2447930635058984,0
26.869415346637425,92.93444843896253,1659.9264524993282,16.593321458326155,14.267417568502836,-1.006421538301779,0.37941774341322876,2,0,0.7990028417654894,3.026844912585115,0.0051041136826607105,1
23.090539340534185,89.30771612474486,143.27946106814102,13.547463012833504,99.54083289036767,-1.0851460564900364,0.06907780559829615,1,0,0.37396038436746787,0.9007954152660073,0.1492894977507751,0
24.6234759859244,94.32946856881642,768.6521679947327,19.764591889849463,170.60347723444139,0.9464003174496751,0.32840351343148866,2,0,0.5471589276661686,1.3068612253686578,0.02630229859785503,0
24.21187334783205,90.87113517717937,856.676661653993,22.249235810187372,15.709546133145821,1.3957809586872068,0.693993826135194,0,2,0.7586088918293667,1.7713366756821285,0.03806702370371622,1
22.579714844798342,91.96618425789745,2412.233769088548,15.629535986717787,84.90937303575875,0.3164416248792309,0.1839608613486064,2,3,0.2937632867735704,0.2924426874347641,0.0007371344787923951,1
26.322094779426216,91.52133288236418,1188.334755314423,20.62518656963527,302.6825550494895,-0.23857516342326593,0.4830032042535943,2,1,0.38606526108663436,0.04363266630801929,0.0663401501071603,1
24.506010460059144,92.59501328404976,1819.1937942286718,13.016529090366493,166.6043706574286,1.1812258363871515,0.32969870821450725,1,3,0.6532048980199301,1.820527677781086,0.031137288666682385,0
25.957305304164517,89.5942204324227,911.1556351127266,55.376906214251775,289.9347402127977,1.2396882445084165,0.900459478150285,2,3,0.5970616085744546,3.3962152169966173,0.040770415219888986,1
26.51383029741656,89.18259084071981,2940.516138991005,28.63500765531508,344.03793884816645,-1.029639443148255,0.6202767730620871,2,3,0.543625495432682,2.91092157110732,0.015593152816044892,0
27.163207536053196,91.86749486019146,448.5832373977212,11.962968983659009,263.23298372032707,1.1399852627282254,0.05942042658201471,3,1,0.6758247775280687,0.17231638220727366,0.09501818871576045,0
24.707735784262177,91.72349107566775,2568.133232917968,16.081529663923533,34.47368092129289,2.0864965834732474,0.48643243650904805,1,3,0.716394022115717,1.0578251902772409,0.44816176842321787,0
25.16396816248582,90.92838693734626,805.3551929324944,20.198741984066366,181.2194927495214,1.1837569213272254,0.6323641475595367,3,3,0.561520399101932,1.5414240376785422,0.03379808843328609,0
26.016663290382137,94.41712141567564,909.5621173203632,17.45809133858767,130.20285730573798,1.6625947609033647,0.2939874996614957,1,3,0.844436900121329,0.821162925007013,0.028696081423095744,0
27.492817340089495,92.10009248134463,2965.9557822651354,15.220416004449334,312.7614545146741,0.07860395283669008,0.31971687175365576,1,1,0.351932561296864,13.104089690602345,0.09974539108885241,0
24.04109116639375,92.84626952107348,1733.561702506177,2.72564699064384,147.82229651113323,0.3034550841895363,0.0,2,3,0.5186891201196848,0.3104450945890525,0.10799188987930282,0
25.94342706710214,89.08363727647514,711.3029910576055,5.437695111819318,156.56819327048763,-0.19283277376787883,0.17873671955948878,3,3,0.7213555969018914,2.245482045165291,0.007407301539552095,0
23.313880981358647,89.76852421878425,2600.0426923486275,22.407371775434623,221.83851001752876,-0.7641485569213184,0.19634820268060355,1,3,0.5192006315071616,3.2232751310562406,0.022124029386728555,0
27.431828365931686,91.42074692866966,1226.6402527603875,34.6310030668398,261.1027084326342,-0.10720649630930866,0.6591783358949288,3,0,0.6246080947130159,1.0603289961549731,0.005909094998084014,0
27.018030579853995,93.82683837239145,1185.1405051145061,7.553619446392746,41.28106116783425,-0.17307485833177585,0.145124096998112,3,1,0.5412227651716276,0.9068647651041951,0.15793676936452233,0
25.966023715008284,90.75228452829397,3153.440296361171,13.02115505079347,156.81755759125625,0.23121860863232505,0.1974458717814766,0,2,0.8755465247872128,1.3324819340495473,0.01696229519356558,0
27.547815678871977,91.46813693159922,426.0917622057687,18.22975055784756,150.1390695478727,1.3938430026729642,0.4674765111699972,3,2,0.5205389894820195,4.140639774701845,0.05044133925071703,0
25.09571570961128,90.44628782381251,1168.7389453668266,10.730121934125972,224.66614177599007,0.8271836161212035,0.3458649714013209,3,1,0.7132294443019067,0.30235664087006586,0.17753129894818875,0
22.563104937595803,90.24773858106332,3014.5125134506416,13.348398537282108,303.71669325260785,0.025049316069927614,0.2480757267619,2,1,0.5265701121964771,3.6798624522758323,0.01850101179597236,0
24.20112717613008,92.44312346963783,563.7078439737143,16.578126389907542,331.79272945345616,-2.733519603048116,0.5679991375436344,0,1,0.48695041262493277,1.3611300316206534,0.048621552246868524,0
26.74013403978462,89.08352145687398,1990.3338104438221,4.81170870586961,3.355585135014598,0.17577524924004453,0.1894317283918704,0,3,0.22445399805216576,2.509773676001036,0.012180496555713311,0
23.895278781023894,94.49950545010229,757.4104063243898,4.089056207817954,138.18935676296667,0.8321256133403738,0.3264796370905326,3,0,0.7494865637324972,0.462350482919712,0.039907425635427346,0
24.792935391062528,93.90142072089094,252.13988844255024,19.647314873337717,332.4220062439785,-0.2004891670887745,0.2559694243989701,2,0,0.7477133724974387,5.1459995780614625,0.005705293918089414,0
26.60331172547851,89.16012245680865,2453.421610023765,13.29442296762102,307.15976580215414,1.0724372172227898,0.2520925958972921,2,3,0.8089006790501616,1.5772375099418892,0.18176022451647617,1
23.718988022710022,91.47965420745986,1990.7440245178063,42.25948325480463,227.96855485900795,-0.5156941370086527,0.8404924141746579,1,3,0.6733593348320948,4.741395452150052,0.1468066733122629,1
23.637796178867582,93.0400978041662,2250.317781695246,4.303112740756699,76.51016010879121,-0.059260072319601446,0.10443773978070653,0,2,0.21676040800694119,0.41321163138311273,0.05181659005648325,0
26.53876581654549,91.16348035310143,612.8303616802044,8.93939381895289,345.17456536578544,0.7230199818658054,0.09577569723251225,1,2,0.6497158715146336,0.20137578519098426,0.06707978593879053,0
23.176202057214162,89.94775813636977,1552.1716048992673,7.112682413965509,187.27101769190017,0.647523954858833,0.0,2,1,0.708757862501732,0.028770572259892633,0.27746219812083955,0
23.526330008317068,90.94034604615499,3130.9664465448955,22.51770953315345,177.70379873545332,-0.20402205410241547,0.4929699119975754,3,0,0.5760185703342435,2.462273402096479,0.14255362921909406,1
25.451982163157417,89.27707512397934,654.5766455346246,24.07757502934254,120.79765330388942,0.044868391828119164,0.7347912257529514,1,0,1.0,0.5534469870211528,0.41358312495363203,1
24.152476173442466,94.61204828147422,3042.8713206739676,23.25037771454744,302.57401595812865,-0.7972458639802081,0.4507770296753102,0,3,0.7894946846181539,2.6872929934685303,0.0712365213134482,0
26.893192137529187,92.17000838112918,460.87222186786687,10.320542553369153,280.82373324550997,0.029667808261014925,0.13535450458219034,2,2,0.5649951639607979,2.451356304532522,0.1593656101289945,0
25.002573461900912,88.54276067810814,2201.587841954333,23.246167693655952,144.63895959458114,-0.45929071232625396,0.29732550327669416,1,1,0.9538606724935865,0.8306947813778124,0.13305423226634194,0
27.61783262586285,92.34944113341888,1003.5941745956243,9.165023741355137,345.3401460869191,-0.8481837840342408,0.2807225948180926,0,3,0.4871032054421803,0.17381267843836035,0.17688138617017174,1
26.3228906304441,90.67293879659685,3024.964632593157,4.240741695917859,280.8304155852251,1.0598068784522,0.1337787658563631,1,0,0.4810175991604976,0.7230703327947855,0.060212909971193274,0
26.651220482657312,91.81380878056945,390.6400612878771,16.49614022188785,352.2984603226844,0.6301657072365295,0.3334606195202695,0,3,0.5842863043674438,3.7191853613968946,0.06101999481869269,0
24.00125951466427,94.02443956613891,1777.364181335521,25.37324610451045,303.55596995702535,0.8429299247720777,0.43601005861492825,1,3,0.7328198381187055,0.6926285318994414,0.011285618367285167,0
25.626889037377943,92.47205328221008,184.9880094067344,25.266096465073424,322.3501272190537,0.9644048953605289,0.3593393500715051,0,0,0.5284807460263503,0.5751714620833105,0.1001661115523181,1
25.88486190165462,92.66514011619512,1098.91306441919,7.992519326940978,153.1536586819002,0.48614346827747346,0.2340048341180303,0,2,0.4872489179032597,0.5555899006886221,0.12479784428362206,0
25.899220752818863,94.92210899473223,2907.303586525158,20.03512252670875,261.19118462236105,2.0346758971383183,0.408763834775319,3,0,0.4325049080342722,3.1751155740997854,0.21793332967564855,0
26.92655004068699,89.61203501957925,607.0000913395129,18.908392747369525,52.4178205639983,-0.13898782617284264,0.5031623082619111,3,0,0.5002450018764004,3.698228599085027,0.0033653407055726637,0
25.500357139832733,92.15952524544255,153.43305625578193,13.609115666467147,17.08242816468946,0.23217128684659583,0.1545459324751754,3,1,0.4371808329409415,1.9077287834084673,0.13608334837504002,0
26.58158218972358,91.78078040575852,2135.7617103035027,13.933318890039518,283.51998730519375,-0.7052072853082931,0.40080213785777535,1,3,0.7952111326670175,0.5266818896948402,0.14354544684408246,0
24.207334598443722,92.25117276032766,3073.169572499099,7.331940548694721,33.91974886811299,-1.5085322673883428,0.0,0,0,0.28710383810560247,0.9379731019363136,0.12361198149290464,0
25.11518570716615,89.39026146652064,221.71916308118185,16.168249277551617,227.15894482891937,-0.35682327346988724,0.27394250149312166,2,2,0.9863780626182432,1.2705996177893275,0.27476301192395514,0
26.639446193009814,91.85236707383743,1978.281964617893,15.483635630267086,179.13873897860813,-0.5070796670338041,0.5408441892095677,2,2,0.7421088310033961,3.9889602380600566,0.02895515229122347,0
22.911083780789184,93.80314975716459,466.56704865957164,4.266157550090423,71.5633242966869,0.49680656919057314,0.0,3,3,0.7596487106519842,0.08005516715616989,0.165778974699867,0
27.369616768412286,90.05359770177148,2416.56400540856,23.800955547187584,45.908804401039575,0.581248015410128,0.4459180574249457,2,1,0.6068628267877395,4.561156167322461,0.06662596928535448,0
26.318787673678727,92.27191091993252,616.4958847116832,25.065319498362918,203.48586661387793,-0.7097087924451952,0.4316594793363429,0,0,0.8478434675051596,3.087137316821508,0.018018664851236554,0
26.3736811692349,91.89562808607144,2242.444320342541,13.755459276229594,282.6508893086646,-1.4750269514389793,0.013880741964337806,2,1,0.6113535393134918,0.8496452120394459,0.11788758393261561,0
27.598291975970263,91.94086713421271,1834.920314718631,16.910197025214703,194.1785733112109,0.18836469186814336,0.3971401062658481,0,1,0.5693056957863117,2.530885431255073,0.05301623922566813,1
24.925514935692604,94.91819310695288,1439.9997079429597,22.083723592265905,303.2752394909702,-0.14476838375915804,0.2521398632005417,0,3,0.3100764724084681,1.691398581263111,0.053238479872055655,0
24.92656917381008,90.70315221193509,275.70668705699757,25.444476262229788,14.349990005264326,-1.6045443561459176,0.5445169331986256,2,0,0.27253322135205804,0.32576890543858705,0.011989517231581304,0
27.514580183318643,92.1943457210356,449.74231266325813,12.829022614631374,252.66440880391806,0.4009953790083626,0.2813868982519477,3,0,0.59310453621642,0.9353961649358348,0.01746157049764451,0
26.05356423312174,92.52127353799958,426.2776204938463,30.410422778579722,119.72696373091372,1.7409584463809726,0.5074213006385674,0,2,0.5747494576720368,1.8352618839791617,0.161952842036798,0
25.514466942120976,91.10834913535024,2454.735310830735,20.307323452955636,100.79423241715361,1.0790976309119762,0.6365082897425121,1,2,0.4531477643529784,1.1274854194040265,0.20660803577095962,1
27.78285435356745,91.53418688127057,1618.76129270274,35.479295924520684,26.434270187052363,0.3068882206930588,0.6082388687077737,3,1,0.7103054725486665,2.323797855681476,0.11217104186478191,0
24.33319186231633,92.78140239738794,2843.6315168501474,13.682245149049788,130.99921233050298,0.15120788555750925,0.47223405296809773,1,1,0.6826594241781292,6.203760425508781,0.13351533483446937,0
27.4495949984824,91.55930911111949,711.6398073516317,3.293248347614897,194.39975377864474,-0.8353039469631652,0.0,0,1,0.568052243104818,2.6831570239483766,0.024985959374300197,0
24.29263859125637,93.54742524993989,2998.008631542795,13.637720360666883,331.79635717452413,0.44639714947946735,0.35626976145547373,3,3,0.6307943751783176,1.0152462388655459,0.045065569538845385,1
23.194992913041386,93.57497382818111,602.4276032500734,4.758945809612797,44.44686742823961,-0.8131027528662195,0.11626520861151765,1,2,0.5550554713697747,0.12042669118421791,0.3034609496901131,0
24.821605893579257,89.0700122491719,260.52580526058443,35.735929678479835,171.758151709616,-0.9486958852935703,0.6680533581178799,3,1,0.5436448845888401,0.32236984871568086,0.02920739687015498,1
23.96714977994464,89.30778874443952,2664.066764055799,20.53349894397214,166.0815390174683,1.2818424820357261,0.318195310940812,3,2,0.6788329837805273,0.052207756992345686,0.16840518492531875,0
26.32066083990379,89.83059346971068,1460.1676438535512,8.866992009246813,79.96713768552728,0.12820633609125687,0.3171581138570366,0,3,0.7275410852707199,0.21702369249946146,0.03168507657504376,0
25.112641512740936,90.3029843139066,2743.3939954007815,32.962970457295775,38.951574711255766,-0.9265218346195151,0.612632073450952,0,2,0.7391195988519328,0.32046097725974565,0.015574724902243115,0
25.133573952957704,93.79895495616863,2370.1368825403106,24.175084599570507,88.90297208610761,1.0344156365938488,0.3883851967827365,3,1,0.6918349569538564,5.494644712715153,0.06138030611719517,0
25.258079229307757,89.73051187791792,2740.8995557541803,48.382130226985694,63.796372853152945,-0.48402589991402845,0.9110073782300178,3,3,0.7570381504562864,1.056013129867589,0.09733467800350508,1
25.043710734331793,89.94211652913414,1666.5699736542679,21.263358585066293,323.12288714716254,0.48637043862486423,0.5153221073431244,2,3,0.29176930321971384,0.03495204676669314,0.062288708551032135,1
27.558562585071236,92.93385765857397,2679.2048703996343,13.459108445854437,318.7225187807743,1.426466662123303,0.5351251270395121,3,2,0.6418783330886586,0.43544897324610843,0.004422675527412601,0
27.527360434702842,91.27236636733345,2558.8330963841754,10.049569095770977,173.5327394327939,-0.4489259275676643,0.23291903400752897,3,3,0.5953339046256322,3.176211258880935,0.2413173955487992,1
25.126675877264486,94.30052437233215,2926.150895625851,21.54179386003758,323.7391186150586,1.511838342876808,0.5124746120902358,2,3,0.4153493828904635,2.7253063199220917,0.006831472824110889,0
22.894308484759534,93.51750569198356,1094.8208598167164,20.110480318774762,352.959204306974,-0.5564673219278842,0.2084540520808106,1,1,0.5364260003166519,0.45663288107497113,0.1782714866228524,0
22.82862831738916,88.50362603756442,1454.9020160323676,29.51953142181519,186.4819436988312,0.48255466634489624,0.5635470420514108,2,3,0.7059274716210417,1.43025836787015,0.012897814034269612,1
24.92657561862276,93.90153702532321,1628.299931805296,20.326836579272673,275.2541176130856,-1.0644060312583128,0.48098652876283526,2,0,0.20853080519579392,3.1816576227508655,0.017837039990709052,0
24.214599272711673,92.09595204949508,582.7672464727334,28.640516122878793,78.03024140417261,0.8140252947611006,0.8731908692590291,1,1,0.5649047668517091,1.6008270634834916,0.041559596619429345,0
22.793703796952688,93.55338921607517,2804.3553621836654,19.15344222388798,72.80871769210067,-0.5226876847115626,0.2446019737697957,0,3,0.537690955182037,1.8068223697339723,0.0048813581523866984,0
24.66226785230887,89.46165335613465,124.81099034893792,25.347036234728613,258.9501189983998,0.7381489163330344,0.44456159663295103,0,3,0.7419083448307264,0.2343192873699664,0.24858266420540698,0
25.093113419399856,92.20453079601062,3134.051062039076,30.590937732197077,261.6512721468213,0.3406617817597219,0.5805545733502954,3,2,0.601956212179208,0.1706574514902646,0.015672944734117573,0
23.706928645954175,90.26471419069672,544.1729926565433,23.19241619016352,153.48781190918876,1.1179676410257444,0.7207391327223739,1,3,0.6330763287223262,2.276653165402506,0.03226647873485684,0
24.395776774322016,89.8630653805377,2703.695879851407,21.26652961749937,271.7413764679482,-0.7105607626899747,0.6770239038385459,0,3,0.45681273105103315,0.6388882212550224,0.09283041186482599,0
23.5306755297997,94.37301090471267,2393.4696569907856,22.6735731576288,260.66076165658103,-1.6389253714029226,0.24419268656140924,0,2,0.7677953430048762,1.6622539287636702,0.01864070168352875,1
27.20576358391247,92.53451142237759,521.617495092258,13.093198221365869,291.81045810995107,1.8347562391255037,0.19002628650249354,2,3,0.6699923078970436,0.22415570842411528,0.12690930278919596,1
27.457331460875636,93.70302640062737,2437.502098203172,16.20932224385952,328.97007736667706,0.6081228991620768,0.5908956861806189,1,0,0.24004875347777538,0.9703988741817698,0.006098420647993758,0
25.907514115979772,92.65837452995727,517.938954312169,35.4512483887109,18.4722589633404,-1.7467106873411962,0.7584097582219086,0,1,0.40932050371292883,0.38879645612388125,0.017351304478304432,1
26.798228210552395,94.49835389288697,1201.8481359231669,20.306201379001365,80.61833830169726,-0.12998506576253574,0.5447965629104927,2,1,0.5573180360445654,2.538465282018879,0.008386141961144752,0
23.53862986079793,93.73662715437668,138.30591093303855,23.107153690622745,199.93852564412643,-1.550553321335531,0.5135684516705565,2,1,0.5482116675113541,0.4557851251595062,0.05778431620349103,0
27.698096919643262,92.01404873719936,698.5229863610051,5.153007637694266,115.4784837945007,0.9637988025594604,0.0,0,0,0.6961991374830574,2.160441036814032,0.09751893633918318,0
23.37173461391684,93.18744072737569,806.6672497810063,11.204943495267246,6.232132476330086,-1.2471158783700453,0.14707504374308494,3,2,0.4793565768830023,0.7490405017636634,0.011942844302467582,1
24.772700192510296,89.38738220170208,2629.9158056276356,8.823294692428723,262.56747009402375,-0.7071449963877648,0.27301129393913554,3,0,0.2843723473648767,1.0148635077656554,0.048292689774014165,0
27.648944868341562,93.6495966937477,182.45706081205498,9.426258994252704,49.76149011777234,-0.18919441984225716,0.0,3,0,0.7192194102930335,7.34064360101996,0.0034823655541863863,1
27.63901833102853,90.9751107128446,1705.3715633115548,36.613389572228215,151.2048200269802,-0.9894092520207243,0.4002315979802712,0,1,0.5363711141886093,4.596121146688972,0.01565762001005009,0
26.044748000072666,94.61685785142232,1476.2240652593296,39.9049311811159,171.9410498861622,-0.14145578040111212,1.0242827867690596,3,0,0.632717222335943,0.17474018193657267,0.009149625653179424,1
26.70508441397899,91.51426727762056,2950.4976735751593,13.696133289798372,344.4186414025054,-0.2483871835647762,0.34312791318352065,0,1,0.7713333242486293,1.7943212379728926,0.3479470265378064,0
26.632179707657894,90.8433189663975,1393.8596119818562,26.358971632055553,176.07543768809546,1.522896069369992,0.5496264224080041,1,1,0.49407770077060165,3.888480308309674,0.07949430971454458,0
24.063741718789572,88.63748803054912,1136.4271930205334,4.6225325545936204,90.16444309940324,-2.6972420584385057,0.054501736429607796,1,3,0.4902685741433847,1.8427047270266168,0.02240866951158685,0
27.39709501400326,89.27183973483422,2305.890908831562,10.060894481297298,278.6377163940127,0.9343024110319759,0.2754183473070788,2,1,0.8275244837949822,2.9525597472042056,0.07525601866448568,0
27.1947927790945,94.20947981029954,1372.9846995494925,12.151752084726212,42.77320546234813,1.1002664092961025,0.4477404073628477,3,2,0.4549045336769305,3.7212295732973217,0.18650235602559476,0
27.76614241378903,93.80034841770967,2681.060116658211,7.336000129148914,110.00599763689773,0.5298880165590641,0.0,3,1,0.28074000745635236,1.851887547527162,0.19529845764431725,0
25.95703170082809,94.62846969127965,2537.2390663217525,36.05888883257845,207.51450928672216,-0.39328457127305777,0.632612281065552,0,3,0.1584915763401244,4.740591354387495,0.017396098925065422,1
27.4227417269911,92.55707927828756,1698.9237063668734,11.339174086013955,21.437954884952617,-0.25054225782708167,0.1813761563688444,1,1,0.7674828125618818,0.1908145805181501,0.07910736440562469,1
26.068078627573254,89.99893721591057,2662.930513576423,30.550247752299008,200.87875715857413,1.3035782036029033,0.6370384368976858,0,3,0.3622252819363996,1.6143968624604164,0.09646294245170121,1
22.941064712565552,90.40057080640372,2928.6767455297886,40.9348053420444,152.2642085237447,-0.2501772410127606,0.7420875006570102,3,0,0.8296148898171101,2.998312835243944,0.024874007043725988,1
26.51020498809434,90.56546788608408,3002.119099570021,20.689535860912123,86.48291479170304,-0.7184678475356595,0.41926688313324273,0,3,0.6430974127045019,0.291715269132838,0.07592461128853388,1
26.94637653516068,93.96733776156552,1103.3057860360313,8.965267804755424,84.15625242043396,-0.024791877068242422,0.0,3,0,0.6880928190290599,0.06769993887056402,0.04741359017331144,0
23.17027912654368,93.078720463602,2085.194476856672,21.4519565849954,338.0203165356504,1.664161582896393,0.5632702284953249,1,3,0.3896754614060935,3.2136689218493473,0.002466668306868152,1
22.67581611479401,88.98473085507655,647.4135360833122,7.9953603351342375,210.7439647150484,0.5942534326678129,0.0,3,2,0.6716708499584579,7.573641077374732,0.007177254876020717,0
23.998940744048017,91.44920724364111,2204.256542931507,7.946006619441066,76.26888670153728,0.15281759395857636,0.0,0,0,0.6666046772006784,0.46213651187019167,0.007398228655182318,0
22.990318487651734,93.81436661911059,593.7477918888661,14.2715010848252,188.01891365742793,-0.8012679345779451,0.33376901499888534,2,1,0.5109361304055804,0.05369338033789225,0.031211733520164844,0
23.7162773091775,93.97822832574332,515.7277682077122,19.716095303219035,238.8302057941412,0.6607503524304116,0.3701716223263009,0,0,0.4850543754291937,1.115001815761734,0.1270527855988947,1
22.736177245744276,88.7693365053733,648.9177383402808,22.848904459527905,258.05338077193824,-0.3128397502851846,0.5994252119159729,3,3,0.6481964827651271,2.784264282220197,0.04112489683751307,1
25.522216676477075,90.53461609614943,1727.1878125728517,17.146762267848338,41.79962186627117,0.6913629637748382,0.6143285118897053,2,0,0.48053972986194327,2.3274513743740233,0.08244386298304725,0
23.006447107762906,90.64948578826146,1883.8463927767975,5.5503691996001745,302.5510637391943,0.22630443877937667,0.0,3,2,0.3315502257036273,5.59137751574706,0.08879000366311735,1
22.717926157111357,89.18458160498038,2454.331227296643,15.199583560743998,279.15936127434406,-0.4912316767984467,0.3555541063361112,3,2,0.623529857908673,2.6861754601296104,0.08114928438205132,0
23.37657133597635,89.94545092081454,773.6560376307674,19.237784974863924,329.9016099685608,1.3478470412156416,0.17901803575270614,0,0,0.8031203352106738,1.2555319969481251,0.1256036200895557,0
25.28733026937169,92.6244964683022,2427.3027244185287,29.174899594633928,17.98871039960588,0.3417929633297362,0.7123660170658033,2,0,0.9129394920179514,1.604315891913404,0.04605340363524693,1
26.88130587891008,94.19097159051022,2694.442263483705,12.429379075042345,32.26860069678464,-0.5769064626707323,0.16565586592909368,2,3,0.507262515048265,0.42747563296420776,1.0,1
25.955077506435586,92.9321966852268,2544.0785308702953,22.759305335879578,166.86571271595056,0.9275346546294124,0.6971101588079291,0,2,0.5171331473042132,7.3323934808698485,0.211041825683153,0
23.932829699589856,93.4929887066924,3196.6942381333174,12.228804825134725,311.89490546362197,-0.013127264244281612,0.0823093139648493,1,1,0.7530187374414846,0.5272902865541067,0.3132213260679446,0
25.36030352538133,92.03424728100273,1124.0989944972782,12.369760992198199,80.9031089806103,-1.539285998285257,0.0,0,3,0.42399792250994894,2.6128811868404926,0.04029692677456109,0
27.022061651232974,93.18173026585698,2273.3713230620688,28.662793682286264,54.60437631307543,0.4968715773924243,0.5020233868823614,2,3,0.37470871860689703,2.565090137972477,0.18966950976523173,1
24.29290958340323,92.90823822004357,2823.058643609644,23.387808220218954,88.57809564560898,-0.8355065338895054,0.3473279362153254,0,1,0.7700905988674487,0.044794215643019594,0.11150897125677435,0
27.205822013670208,89.26581975208714,971.813322579296,15.515729176585872,99.69440810896769,-0.09853161723445317,0.4143579179823799,0,3,0.7735157854480049,5.333753846106616,0.12473651449111425,1
23.856924534999546,91.5636586919689,230.71716030735365,5.958468841098737,191.45770116515234,-0.09080210376820547,0.020207002685604006,2,3,0.653858917873807,3.2178070914970496,0.04111792100270072,0
23.306018316714344,93.30493578642408,2605.414480107124,21.433910942348774,207.19049224610396,-0.15654147458441145,0.588349207857072,2,2,0.5204722368306294,2.3658348670184535,0.06738741290779768,0
26.51828174754054,93.51420637208078,1555.1284888154537,7.820282393710036,155.7925207715877,-1.1027491919103805,0.3330453223980382,0,3,0.9013964896548086,3.611138823685582,0.35547550287703533,0
23.38240092763582,88.75959089406186,1407.1083984123134,13.380918857467975,70.21849101404041,-0.30207794248237124,0.18685899842262194,3,3,0.595559928028471,2.534233182426276,0.018598817645893547,0
26.936490508150772,91.21171610035653,2227.8649882270697,30.925749314983946,155.17666967377374,0.45787164743455405,0.8916724855268312,3,0,0.41795821016830703,0.4114243278606174,0.0198174363835886,0
27.167116541500604,92.72472758644722,794.2541253935847,9.226245877632703,104.50037841658562,0.9733853159903573,0.036601277873259314,3,2,0.943090055835958,3.48845462317513,0.00020963523004109442,0
25.039170477449353,89.33429331141187,876.1424658025164,33.155603874106575,5.327426118508285,-2.1193174141427438,0.6152453284993272,2,2,0.6416993237446635,0.9706606757259649,0.016943263196653426,1
26.70211483927006,93.74630259368784,1796.1615927051153,21.901580880141125,32.46894735955668,-0.35065448223628093,0.5046632719733095,1,0,0.7124885502956888,1.3603591856505992,0.11509765254298042,0
25.013787503653,91.18114857940256,1327.7203677081152,41.702847954815496,231.214534852942,-0.3114232441637862,0.536973548430348,3,0,0.9946883695104805,3.2292766218303863,0.23257283638846515,1
22.518307391742777,93.52996191650509,2196.064873420551,19.875953870285183,221.736864569987,-1.4777797752480817,0.48513964256398573,3,0,0.7610266690875196,2.2695955649512953,0.16146134084044383,1
26.505280608362074,91.67419061180416,2468.806006137281,7.8741142578240275,154.55933565759423,1.0074549626330378,0.10369953714885798,2,3,0.6874392794799171,0.1747589892799267,0.15403353427104638,0
24.98627992868389,90.21645410497904,3159.8407857055786,16.882378043145415,231.54613948075126,0.8681035715646148,0.32203474295473833,3,2,0.9431387516010299,5.237245431703382,0.007633459953828612,1
23.57717057889646,93.49683815570214,147.1656240235609,15.679898445416324,289.85428488909963,-0.4281482264286697,0.2603142892736547,0,1,0.5440638785006274,1.803106240969852,0.09048354993166459,0
26.65624749420946,92.43217794468796,2368.076782650237,12.809448844046296,102.36455229461491,0.6677901798734956,0.4636107773887834,2,2,0.5914505022248838,0.5988661052417455,0.022184116188093253,0
26.58090662029025,88.70901614111975,3026.3215539332878,23.71990717267773,141.7142603227937,-1.1831787902197832,0.4912342880944363,1,1,0.6860631238246464,0.4657126362496871,0.08803079293693866,1
22.777474437876798,91.28898311522018,1226.1182623435932,30.0896478707184,176.131342000605,-0.009767946495007592,0.6155132977126639,2,1,0.6387396411372696,3.967897198408277,0.07361257359433623,0
26.849024549464662,88.52696686549722,2797.842917624203,7.906875774154619,341.12593687008007,1.223888793650001,0.18228915680571592,1,2,0.4578648445882728,1.9038987381193149,0.026781872233903603,0
24.994685761688263,89.02451042074755,1310.4019845499083,13.4301214035074,68.88347298810262,0.1655026730243678,0.157140211820261,1,2,0.5648800540475339,0.4798239760186909,0.058180348369833004,0
24.689451377619356,92.57932331971432,737.3206340358165,15.647692711632862,330.2722098499375,0.12922055068405935,0.0039035673269018356,0,2,0.40207395058565454,4.620645034566655,0.3024673828746209,0
26.5696500656315,93.07235691816932,135.05984547321702,25.92846380637609,216.01366085993385,0.8466872985764928,0.5247695188978673,2,0,0.5753881650367502,0.6115131813679712,0.0008953491355266895,0
24.7120570686147,91.59655528866406,1723.0336125811614,6.858214050338703,293.0740637941815,-0.3334453630141593,0.19907733248781198,0,2,0.28849341779191334,0.8454231838870726,0.03466438790626335,0
24.547402732064786,93.81850997458085,1488.1383045883358,6.150023251870335,344.48188543262825,-0.0354326147271854,0.0,3,3,0.5770811725804537,0.4303378891998411,0.03955646485541895,0
26.772572348876903,90.49460327414225,2660.5916390107373,21.55662391244105,270.2942761107374,0.8249910833476561,0.2996691436797437,1,2,0.8070430412366054,5.7525036584737546,0.15909352642079883,0
26.784389304765202,91.32703509471312,1732.4393908790905,20.788271437723836,291.0251114510358,0.2258441091983972,0.33740867105890826,1,1,0.7131236787949644,0.44935848636261305,0.06707008123972712,0
24.377201501556414,91.30881975658181,2194.6374767350285,30.727964170402764,152.5251297341858,2.5470791443679888,0.6373359522714419,3,2,0.5960289578571405,0.735850643969055,0.11841604875716634,1
23.325652761627754,93.28991148439262,2154.8573180168937,30.262546242954773,8.030978487672096,-2.6770761806813215,0.5877807764041062,1,0,0.5572490857652537,0.8741766640944174,0.06144848450297882,1
23.50277865173128,92.60924008392483,1842.3972027543898,41.98022464659626,99.22704509363197,2.0744864137579895,0.8665602896283293,0,2,0.5243770401175826,0.3249015092649187,0.06884304571195922,1
26.03634925989587,92.23471113733234,927.8137868577493,19.662285727652943,173.79081511658586,-0.09408301957142737,0.5575875201220645,1,0,0.3778889910736408,13.313770950050833,0.0459066938879209,0
27.460006567743683,90.08702301455305,2741.4777903965337,15.936463317258802,65.00685153788821,0.12956804083503448,0.5410624112141655,3,2,0.6213290636694803,0.0022898103482308653,0.004398315873543285,0
23.955314704110844,91.92455615457399,1686.512383791732,17.772899848053594,160.79990837223642,-1.2012785122887206,0.0837054667853615,3,0,0.4301654926363815,0.874150931598637,0.1261409808933784,0
24.865290566172284,89.96541092601238,2814.2834841514878,11.043376442393118,190.21065856432685,-0.49608199744484854,0.35629442746515183,0,1,0.22045968590533904,1.3569518165512553,0.029113157486298738,0
27.686789759883467,91.47213303373178,371.13621900527056,9.028531083552492,91.1007820135132,-0.22648308602302578,0.1647198703499401,3,1,0.6725008632824119,2.5059747987840746,0.016483930794328094,0
26.071254450753475,89.7181014602516,183.65364584544773,16.61124818985447,123.02966761433468,0.23978975541886646,0.6234976968573069,2,1,0.2539213643172542,4.786649361972525,0.022981116707842524,1
27.197478689584003,89.20273869924185,214.10432931897276,27.370721221298698,352.4521327856258,-0.8959231261972913,0.6926585708200343,2,1,0.33936118692710526,2.463995318589277,0.01505324159063571,0
27.37527168389014,89.84910892448127,2842.510337716448,4.6415118344518005,105.54125255389981,-0.6671333860592241,0.11288189451176948,2,2,0.5353845605155079,3.73047189624584,0.14038523793488164,0
25.241021355763497,89.68156909365162,1625.6163735171788,6.855951168778074,112.77458076945244,0.33171608186131646,0.040889756965166446,1,3,0.7902638268841191,2.378989835783858,0.2097767470204457,0
22.911093299016947,91.55342646365432,2377.043264204491,20.517184397218806,18.184261658366715,0.4160986758835331,0.5108119908280656,1,0,0.6130666183637573,0.28914814530477523,0.09910273314131422,0
27.15988827088985,92.8804930290239,2204.7687789697193,28.384487540181894,268.96134832468107,-0.329977464800349,0.48533864797201043,2,2,0.3115974465891233,4.970139494460714,0.01199698509382668,0
24.262283415588147,91.20054279626419,2674.7121332842953,15.02390345878985,272.3276632434436,-0.7984686791721995,0.4462230206372589,0,3,0.3460229812366981,0.16727014964228523,0.04933325221477892,0
24.92388380389109,93.17165583607039,2478.3615827848976,17.24875388727238,341.4367544648799,-0.701604475953444,0.2653475823292973,2,3,0.3270499277117336,5.297071728576469,0.055565837729473315,0
23.34142600671861,94.95046015570482,3048.1956896533798,7.721861270154338,130.26232301882118,-1.4489882835384054,0.0,2,2,0.7287571482322827,0.10072991336286301,0.055944149329407826,0
24.241563656610467,92.2660361831846,2058.7043488404606,11.782988415978474,161.95089993991002,-0.9524665646324091,0.4108988934534925,1,0,0.8098296463999902,2.4281170265127345,0.00907672575383958,0
23.684289462442116,89.57131487076225,1813.0275473377494,20.492376620566766,209.86493330422982,0.47233949125698094,0.54338491946142,2,1,0.5492883328775726,1.2341813377395856,0.007804421251602799,1
27.342540793361223,93.26064057230977,628.4420890571619,27.28435631934936,35.18286605715754,0.2438124990666245,0.5851969522512488,0,0,0.7203671916549538,4.268548790233167,0.21466566350455182,1
24.437646276966113,89.1040716883156,1758.4570345247726,24.478439290845714,18.634253746227003,-0.31157842696879184,0.5798442371369639,2,2,0.48456573102990286,0.784779244325682,0.05936454363807066,0
22.862869368824622,92.96363835941355,196.04167574877437,9.158091345880738,73.24108983614437,-0.4796833555331328,0.29693429446177133,2,1,0.5324551534656289,0.672910386011214,0.22831814190384866,0
26.97848719341456,93.82407307336324,2827.474509766955,2.8287736249044384,199.91404365839014,-0.9484645024773715,0.0,0,0,0.36115544922139353,5.722222585779894,0.0784505489978482,0
22.774474374985132,91.13613859981703,1789.4254769146316,22.919657676797456,181.84910463243924,-0.6353271325314106,0.4828412748679683,2,1,0.5236625885099068,1.224681861808192,0.20283051618621403,0
23.16729362849545,94.45902281470738,1321.671770119072,14.974381724002503,34.88661479159016,0.5691578157793534,0.25666785628532385,2,2,0.6396043208901471,2.3561090364857153,0.27664418955915976,0
27.248369751224036,88.87803059130958,1157.377619306886,25.219680126191612,189.2061113843605,0.19148979436821387,0.3816177478759294,2,0,0.5871330894031616,0.014695812659347947,0.2631311180136474,0
24.867798834803782,93.2107231792987,912.7023602571207,15.680432378909375,42.80097249958012,-1.0565776549858756,0.23496726563251913,2,3,0.35082219556505145,3.3412041154621397,0.7946622314534646,1
22.57499890914663,93.85670421784512,1617.9021210038175,4.894800618403571,57.75619861617662,-1.1446864844840328,0.033413963998344925,0,1,0.558034231780206,0.4199169174975318,0.024065365475069742,0
25.89099926154341,91.42993305871899,2412.426500524283,10.130541398747972,231.0996517528012,0.21144208103522996,0.0,0,3,0.6029022671387397,0.08860134723503496,0.10918722699325308,0
23.04261161755927,94.76819703380055,1474.805764123716,14.650535423759855,79.9086523264626,-0.9039840243675579,0.6753279014660356,2,3,0.7901856096819706,2.636368826362352,0.005751222108425084,1
24.542578857952435,93.73553255561237,1361.6157919470832,16.726206432758033,210.93066826918687,-0.7150807835139983,0.2282709479696199,2,0,0.8164669615371914,1.3342450352387922,0.1176207664315095,0
27.042480784460505,93.5276021446092,1636.7663767417987,5.01800943665388,93.65477457437815,0.5264824003950203,0.109344210189998,3,3,0.7554155957069496,0.6895816812921993,0.092766004644314,0
23.36392984125194,94.90000415166381,1635.5761281888836,5.391657713436359,75.52129830747319,1.0011000918459154,0.2780407409537212,3,1,0.7282251085952743,0.30895690685631094,0.05909562297012991,0
27.408852283100945,93.19965411811495,2377.0417943564007,14.926393281847526,146.27488550074105,-1.0795355199305365,0.227707757001529,1,0,0.672788655596852,1.9203277691918221,0.049105290142637155,0
25.743188204710602,90.8644381693222,2456.3305942638594,19.06229079104037,278.90018678367113,0.5193890812447299,0.4217060994412779,2,0,0.45575127527218223,0.10598329501924406,0.002612972099564955,1
24.268977550006525,90.8249174055456,535.2269929510195,30.26286952029276,340.875227156461,0.003218375537777873,0.23353670604912508,3,0,0.8387633850225742,1.2343578787811618,0.01614460876989161,0
26.352273138148366,93.12616385520508,1386.5585822243515,7.588993874534334,96.37200063779315,-0.5694062421964425,0.35140838672515917,3,3,0.3181529382675805,1.718880368364159,0.15241698969598627,0
24.35988277319361,93.18354214560313,491.4221446318547,52.73431786767981,263.7784986301165,1.7021536926490457,1.162660953947565,3,1,0.7444747875894524,1.8731671048870207,0.053089242308654944,1
26.528880889153566,92.77595590871195,3033.967761245372,8.8541390395871,146.85097062834328,-0.03716363971435488,0.2521374119698116,1,3,0.6351186939384061,0.9681551856012452,0.03076689555840047,0
23.95231318269374,90.2539620951086,2065.524769259566,13.379553835266593,108.13123884530732,-0.22196226411320275,0.03870357184391893,1,2,0.6002350562227647,4.816310327271432,0.04019913793833641,0
25.554070798229482,93.44989489955064,2951.8162634125715,18.246422911764718,10.751858062117288,1.8727084868833057,0.3025008202202027,1,3,0.14477457592874987,0.09753241013191809,0.06443453210796159,1
27.047168794213118,93.0387644723328,2520.388035723109,20.844049076900436,207.4408846993984,-0.6438214995628553,0.3737948218517934,3,1,0.4794467762149783,0.5621880764953301,0.01643378010363046,1
22.88791017887132,90.5288388763033,830.3368526883306,26.670515435578807,165.19376556681726,0.3576279264154971,0.5134153504617047,2,2,0.7942108550019832,1.658163881219265,0.0630315358799495,1
26.946058141939215,94.65713752796267,1996.2485748748095,4.374096201159399,189.59101021083052,0.7230490097575197,0.19861639831025463,1,3,0.6959979515248672,1.4021658570964641,0.18365568995581674,0
24.125866667398096,89.29779735507012,2491.5378077021496,26.464411849453576,14.08085231335265,-1.4247079130747367,0.540486273220869,3,1,0.6655315541033524,0.8269832520934693,0.009708164648955887,1
26.165877164563657,94.69006119549869,196.21126676733044,14.704113974577137,296.6629387705447,0.29528621360115204,0.305430974046523,1,2,0.7319230675731061,0.38704111506013644,0.06408733497540378,1
26.345490303517984,90.24595109445208,2785.6905289261467,23.691917854075655,130.53276028744816,-0.9443677893577699,0.5514324926101457,3,3,0.6543548205496651,2.77304740376719,0.007208649515751986,0
26.30928581863746,90.86397397388124,1241.078607862012,46.69143997021745,291.59343970615004,-0.34152481759849457,0.9872807393270795,2,1,0.48286033695774255,0.20026852839109388,0.2753950743071398,1
25.362214846500205,91.38612127999222,2735.945375927424,10.688344371930684,288.29572093190774,0.20855928185472122,0.27141132293060144,0,0,0.7841501964463027,1.6056010118070279,0.07732934731731228,0
23.749674138347622,92.10343745517558,2433.0838499615065,22.56195265318395,62.53753264019537,-0.9925633320235557,0.5298132546608756,0,0,0.36430398216160953,0.35522485310297625,0.05213090870695473,0
26.078381364801494,93.65497533033698,2454.054211091066,9.99493630735532,140.82612781306722,0.01676543029606905,0.4091719659105547,1,3,0.8981460548554459,5.751696572055101,0.03392847963170414,0
23.05938722810017,89.52166221951555,1903.9589761874875,18.96546201404483,348.3750228667876,-0.05136778900174049,0.48118006302967603,1,2,0.4521920924816012,0.3169535537812602,0.11932452207395208,0
25.02852969979277,90.54285315586037,1053.448574461052,25.650407060941415,181.49140326973563,0.02239967301675527,0.6062929235484772,0,2,0.5815764677697867,0.16614334788391869,0.07417002070766647,0
23.31713088037291,94.19570181364897,2183.0786699810474,16.118316910565703,190.13864577259068,0.2985217613487433,0.5090594892303117,3,3,0.7121403818343286,5.740333958677786,0.1424631387987485,0
26.241624617083364,88.85428032081114,140.59101570205718,27.150269246277986,321.22201150364117,0.04627946800738833,0.3946502421981347,1,0,0.8855317077926605,6.8179046364235365,0.04467269713126699,0
23.480328051998775,88.57261568377088,2060.9763487552354,33.373018815224306,209.63063816240918,0.126590357069789,0.6679138181293316,1,1,0.4854829127239871,1.4247939717171987,0.2694864809825967,1
26.389659149625206,93.88855798772211,2911.3784476057654,41.78474784658163,15.506698568397631,1.4881707557791632,1.0213304668492107,1,1,0.7441047397698127,2.9841062292445306,0.19872422398814235,0
27.11399311300393,90.74843328241137,2110.2785067462046,12.688049461556316,298.74491424839954,-0.5809563234561563,0.26628037964381185,1,3,0.6537781112947496,3.9382919267105696,0.19773887522453537,1
24.74472519357184,93.94721305316023,2438.7487632997086,21.525833371175057,7.276146141614275,0.32283543543259097,0.48194439122521193,2,1,0.4855925753033252,0.533400537078646,0.05724502042643728,0
24.347883478551896,94.26725804806375,1210.4871931253551,19.009248274249906,131.35779204851062,1.339647829141671,0.358075629336872,0,2,0.6652683994607069,2.5199063757536444,0.07673592373294179,0
26.29825627793646,91.05082584318505,241.45852245028527,15.422874234418021,194.66376333075277,-0.9446745099315496,0.5677806018333189,0,0,0.6305039987574279,0.36827614455324736,0.043813684128727694,0
27.545681656199974,90.10865645111338,412.53234472732424,21.685060703389993,279.2316377986578,-0.8724953799557809,0.5283841051033376,0,2,0.5550337808675153,0.06641643759531907,0.013326965346237103,0
24.37452401554121,91.88282450526242,945.2531150714486,7.202890862375683,353.30779523681986,-0.5590289787890287,0.1592382019857998,3,1,0.671966859551224,2.596522597704918,0.12793631188666274,0
25.69668404622132,93.03888425519871,2551.510379158206,12.723630392508067,78.1749502587432,-0.5312521641983385,0.06781082646376305,3,2,0.498306201494626,4.225190250789369,0.08119543885510466,0
27.70811227204706,90.35518165942607,2693.42198120915,5.588779081391229,166.46637327249545,1.6141083731566273,0.10341498754454276,2,2,0.48043152103279624,4.144374016302733,0.018861393665911386,0
23.58154193521962,89.19429351056668,2696.6434885031517,27.524147095424674,34.26561035743093,0.06072126315243073,0.37031792738187963,3,1,0.7449222338538626,2.155783048333537,0.0201980148036954,0
26.377354808364768,92.26999219732829,1036.7973454768737,5.032217396136043,56.24903403769598,-1.2778363270459614,0.0,0,0,0.6919521024785084,0.9961579334119359,0.007163280292347165,0
26.13140215568891,90.87713699749438,1293.1890137417968,8.808550339683187,340.18872315245324,0.2421300287003375,0.08630572859758638,0,1,0.985634383059776,4.769404763848743,0.20605140852065756,0
26.265878055242986,91.46751930195018,100.9080576572297,23.630110933082335,129.3119170210562,0.15039239302365434,0.310732449967032,2,2,0.9172406936302637,3.1889226194474922,0.008744172088036158,0
25.2517011789516,94.8689335477108,1282.3568676020238,12.198607125975501,224.2959976132942,-1.4065380666233038,0.2886058621781961,1,3,0.6928810051541133,6.673125025029469,0.20205232268144813,0
26.684586094912472,88.65961399269266,2360.8715782905147,15.982209962752071,344.92753158134747,0.5356991493023663,0.35098021345066466,0,3,0.419349445287028,1.5665766940463657,0.06092864969048431,0
26.10899651947858,92.42914401644532,2843.8098273719493,36.44521674743169,51.100738185668305,0.7410043595348156,0.5283572523864632,1,3,0.6869869796549339,0.48056479084878406,0.01555799132933328,0
24.183826551087645,90.40311263553869,405.18983193987106,21.209606744346306,313.1918865692657,-0.19753513915045626,0.4209384659129552,1,1,0.7564324447976476,0.7160531927793575,0.21754910547226267,1
26.055203181945167,88.81080041862637,404.7919190745486,3.1564208749684433,108.27036401400665,-0.04302601696057393,0.08233722471402373,2,1,0.8494933971989339,1.06991603612078,0.000978670820136464,0
25.49684588696082,89.78461912064702,1348.42716890057,8.224782458369962,224.50687172866066,-0.40508516779387616,0.22517330240261332,3,2,0.7299588027634472,0.7874223734378614,0.20606141898952887,0
24.872357604650386,94.02457690139303,2122.5281362279775,26.891599211300928,202.0979596970357,-0.5013018785505434,0.5129003566990251,0,1,0.45452511827974323,2.1727234169610994,0.06601724456965316,0
27.421732930361635,89.94365501007665,2773.5378823538763,15.051513014248773,266.57131015249416,0.2476108541480902,0.29444322135909473,3,2,0.8511033371349077,1.7793528990452343,0.026689184921063005,0
23.967313665896043,91.82391004904208,140.35735977291134,22.843499532137336,28.817421460541404,1.5151617237959258,0.5001720123641649,0,1,0.4006877712932675,3.7894967411614786,0.006218233830018336,0
26.574314842608903,90.26832309745174,2750.1717063752094,24.815853344323358,12.001238962672813,1.7542012192654037,0.6549755588088513,3,0,0.2998727288802014,0.2842055333068691,0.11596278079828225,1
23.42538247410655,90.21310419995861,2768.475780693286,17.674016407879122,223.88865683525304,0.2868335316728552,0.22307276588928904,0,2,0.4661903365732315,5.5728901416173375,0.20652897600663855,0
27.669431128353633,93.36319116216337,206.79660123946255,26.182194268314962,193.92648205158304,0.5121065819050965,0.440659012710184,2,2,0.5401993529542066,1.3858398599929767,0.013626476166417573,0
26.225006276287903,94.8101086180831,2247.067757942834,12.26792471670375,58.11915809620334,-0.6322455786784477,0.4377985656133657,2,3,0.604829013754124,3.080825525632149,0.19591459573557699,0
23.668608473276358,94.74761032820977,1926.5211066001457,24.532934256566598,149.20599562974198,1.7564835388897118,0.32151293215530097,3,0,0.5672431834558694,0.6479907713416581,0.028803320450968423,1
26.412172635937647,92.7476212192891,877.538454263611,50.82758149030878,207.05235495981486,-0.6100545497192573,1.2810320925550873,1,3,0.349973676757645,0.7954974592227387,0.2358105420357145,1
26.22127844590733,93.48002027712103,2989.8021756783914,22.168998451409507,101.77101447994502,0.7024121600035143,0.3625623660630444,3,3,0.5488914750457629,0.9647883383827418,0.024423751154573264,0
27.588072212593673,90.45961359948033,724.1689421946211,12.288294504557456,215.2387086506456,-0.3362622421041108,0.22457561704662524,3,0,0.41409173439794494,1.5239773928007978,0.15339519763411466,1
24.955995880315918,91.13250138940427,1034.7845181830685,13.273540751792773,24.03037704427827,-1.2951280591322758,0.4691495618172048,2,3,0.25154470437001314,0.5591097734759282,0.15508873353810143,0
26.042636017952898,90.65953718582946,2240.779296472926,28.2551019408305,352.2123679762248,-1.38318280465793,0.6303378682539129,2,1,0.7898279290500971,2.778551353958474,0.07596158521371921,0
22.825745335357503,90.22756136878027,1120.1302082581406,18.697005696037735,209.98862127168798,-0.17152560067176364,0.6902457681767235,2,3,0.543842121180955,1.174248931461542,0.02907652943996183,1
27.379356643495335,89.67512648767958,287.36023343229397,9.443906826779767,26.971641369439713,-0.15210102014946622,0.1744538453136455,2,2,0.4195972620968771,0.7823073840717584,0.21149094564773696,0
22.668662757349068,89.85888294672127,2145.936915510366,31.85687502336764,185.77728288174131,1.9314888529666354,0.6842627774666274,0,0,0.44520731873268804,0.05686607730283406,0.16981053402951352,1
22.507485651826904,90.7635901938938,1835.5731362362458,13.346153793565591,56.64463034331661,0.44088213894866324,0.08946858198602828,0,0,0.7922413459014223,2.5716975497442314,0.06233107655909138,0
24.27430914105058,93.69315691568114,3082.3222607778293,16.50428064090212,46.93293443409057,0.7130148610775204,0.37453054175493544,1,1,0.5717222114646938,0.35036973922432024,0.3625490214462024,0
23.881081903375826,92.0175949576346,1512.401151666079,24.674573305082962,121.00045032536565,-0.1211481412946626,0.40816900885302826,0,2,0.616933449157532,0.9404599794421139,0.12016536458683341,1
22.7472701262336,89.5984455843096,237.77025037131463,20.956043026146528,196.56505454733005,-1.593576449898219,0.47715265036653687,1,3,0.47757752482696497,0.01466514613841008,0.13505852419897932,1
25.05771412306472,91.85929082681565,1958.1519231520235,14.35966551355361,101.57750315009957,0.3759233588492973,0.4341015055740716,2,1,0.5989048093303567,2.528516108206605,0.08858806793463964,0
24.800853383209628,88.57625244430314,1544.6655563785446,19.917806549592555,258.0934296344982,-1.315862876362464,0.4472137063698748,2,1,0.3836623419736619,3.3381848001442074,0.05146581515224278,0
22.90324801593822,90.28915587664017,2464.0334219008305,23.808178036239223,357.71676925769424,-0.9563102826787476,0.37821455112959124,1,3,0.7778477744038969,0.22440945725429856,0.09434495783573262,0
23.11636267391926,89.36163940305175,1503.8233721816143,11.032238207616324,220.09794577462955,1.3503180635875418,0.36154992947213843,2,0,0.5858804590141693,0.7706112365205433,0.1230353801782141,0
24.781618329192405,92.42965391020657,2890.96594490947,15.146438359378783,105.86807565582863,-0.8090300174142527,0.4097181572944423,2,0,0.3255754310887633,1.840234157902613,0.0667559479001785,0
23.7214925511523,93.4317521542387,2801.941732881536,24.756642645240497,355.9148190017959,1.0351563820764538,0.8270879773993483,2,1,0.4190354897642355,5.560954786513136,0.24840561700952943,0
23.89986004416879,91.72477258680588,1665.8320748760843,30.80993894027307,151.02084377455662,-1.7299036016391465,0.36188311425202346,1,3,0.6301815089881233,4.384433286221241,0.043272080706919014,0
26.920157934672375,91.93600006051412,1339.0136855508395,16.59321744475313,174.9791250869811,-0.9051211921136186,0.2724863334667712,3,2,0.864054329635884,1.174873085799273,0.06509707326862794,0
22.622986073866503,90.06221029369648,737.3653766150958,10.46669683334838,269.67220685405846,0.18040414458382917,0.39698768626426095,3,0,1.0,0.3773826396347717,0.18267433551171686,0
25.392992013656073,90.52945712103407,2020.1912116940644,21.93738109263178,96.44518371198645,1.105332543845991,0.16403347527588286,2,2,0.8357770721159129,5.50646607000304,0.14100298939426434,0
25.065090083906675,92.18367517565227,2995.629884622847,14.600441335006131,124.32200031410545,-1.4019360474791251,0.4318010552409992,0,3,0.8138336235866099,0.3359347305674731,0.047045321524932154,0
27.069950614672795,90.1711623915686,2996.225382877941,6.926063832083603,281.5502357066674,-1.034750302260612,0.058540588667960705,0,0,1.0,2.082275719098054,0.050754688357760404,0
25.980414616236935,93.89479739942621,2527.275236525514,14.457441711941362,110.90005482115016,-0.9099436398051042,0.2586475088525712,1,2,0.4694447705232747,0.9873919843570536,0.09190265978840356,0
24.105966624070895,89.38838454952737,2586.9641580415823,29.245552608573337,350.44206555580246,-1.106966299700577,0.3294657140536447,3,0,0.6697035468020471,0.23393278598238315,0.02444441919461195,1
23.89088221535607,94.62945214426983,1184.6568146966458,43.746013727144984,130.05698409162602,0.3936700938523471,0.9947448421335418,1,2,0.7106032648417994,0.40298476241120335,0.14528929010792893,0
24.387746176370314,93.40463728616061,750.5199440173359,15.802798179934975,11.101232632466713,0.5018451752151066,0.43889345358288795,3,0,0.9600077492908846,2.0912014745977507,0.144493777265721,0
23.49235037893224,94.86163698531742,313.2244725714055,8.380435708770698,114.305049403644,0.00660044022449055,0.15996885418824786,1,3,0.7633500170857173,0.17519356628740992,0.4562191326494704,0
22.8844993220288,88.65717409212495,152.5774702304891,27.978235295570578,261.0635151704489,-0.16362218027656392,0.6371948277092653,1,2,0.38201466657280697,3.864285548110705,0.05617657138641167,1
22.533433148890907,93.29230565436045,762.1040505583823,42.71887578707076,274.29638199783255,-0.8325818299957671,0.8678045543633591,2,2,0.38467933360321105,0.8872058865400343,0.14811953787761892,1
25.633794195030074,94.35772179012702,1169.412906021625,23.81361186339319,226.1976648674387,-0.8286055284755504,0.5041209257167194,2,0,0.5811910932870555,0.5986320458321959,0.2020678551458832,0
26.108953915591812,91.88031623487174,2855.2068502995694,21.468918523292697,143.78416368027692,0.029656040708357017,0.5267202060956856,1,1,0.5283518215184894,2.5177900828144635,0.20640025498443518,0
26.535841751223874,91.99004673443672,2180.8410625118377,35.62206620849464,19.236327775393146,1.0380075760552372,0.672578964866296,3,3,0.9128711960636564,0.2737109907299939,0.13840898043568242,0
22.97438637182713,92.94770652781617,666.8388889076512,15.53491503108119,30.390146480714726,0.6820856548099489,0.2826983077149728,0,3,0.5717001684496539,0.7692260247933034,0.015568853623486228,1
23.672378051954023,89.83278563225144,2828.379779792545,16.456543482464518,14.91289500133969,-1.3667031375386163,0.3754411781656671,0,0,0.5034884608238303,1.2466551476239398,0.04471024053162298,1
26.48696556730052,94.88150807428742,1368.5671211168467,23.4070078943092,250.78690854049893,-0.3834125406298555,0.38397037919745025,1,0,0.461733311508843,5.2668908887548564,0.025159734639788524,0
27.629202530435997,93.98537319773132,2379.2011371224735,8.975287460975,79.4422014398549,-1.875769263407916,0.16034312582141777,3,1,0.7485630647822327,0.11968706691937114,0.03897583903468288,0
25.666490662863588,89.51267936947738,732.0927505355627,20.394873732465385,191.02200208433817,0.23266250226779953,0.4024541060792372,3,2,0.9662882000062574,0.5579022070421719,0.07392376588973743,0
23.422089730092164,92.75891341229598,3152.642918374829,2.9150139799467776,207.72264801232603,0.1867046298138473,0.3747005990949043,1,0,0.19693920816832283,3.071755809711547,0.2655389715428793,0
27.42349872667496,89.36376238072229,1164.3979713310998,13.283827759235562,323.6368955164693,0.21725848727518682,0.31684672171000594,1,3,0.16597078379553837,0.031812006477548005,0.057735847452058814,1
27.368694687419026,92.1557031440947,3055.5856847548735,18.477697930931342,170.5863897017791,0.2753320022611613,0.6913667017625276,3,0,0.38662024054321903,4.041084156725116,0.11785752641634908,1
24.242639913905855,92.07908399042786,1824.4769578892576,19.608054339169875,1.7376488122836076,0.12307247924313738,0.49942224436259874,2,2,0.7572942222929622,2.4782504177016076,0.048605833019986805,1
25.476324204263225,90.49914971237274,2292.014827931531,10.3744691967978,8.886372492412375,0.7065422928429496,0.20469366390815513,1,2,0.3763007004984049,0.6490939076501054,0.09376442112650703,0
27.392826391424457,92.86781885261041,270.69986258739124,15.606959092900714,98.027662314481,1.3936106839924256,0.15857027742175953,0,2,0.5158064097514302,1.7493590702145223,0.052084925287362666,0
23.73313481516208,91.98674209759477,1470.1055999885082,40.00606170183865,190.47504722397312,1.0305650779142739,0.6929581079660415,0,3,0.27127222945903046,0.06658391211729288,0.030810052233714365,0
26.964262986294372,92.67778577430472,1249.35673483547,12.822982411698874,146.12322718603147,0.8980003669214832,0.386989497381457,1,2,0.7257341427784558,0.3268272384450606,0.009713118070514379,0
24.744821536991655,91.77599066082392,2234.878044915658,29.41557385250432,355.383056021155,1.1620924548311167,0.7686725825450165,0,1,0.6705988830486835,0.4343012557092575,0.03687768266365643,0
24.682199531256643,90.56403786807611,529.8477727098891,12.839697654623262,196.8317737017969,-0.7429872862089923,0.5919102846096898,3,1,0.6665926679979967,0.360148778814246,0.08331290685107168,0
26.840204011307012,89.7169942078283,347.1042082684264,8.898297891345173,124.09031521896176,0.42912527721708443,0.07294292891411551,1,1,0.4335262009962683,1.9218011919404583,0.06847940839794313,1
25.562697843156432,93.27773113405968,2118.564811039986,53.679753574248124,331.4009564707255,0.4711661029025844,0.9778206663019735,3,2,0.5941654085572378,0.6946766615356396,0.21750564487015658,1
26.19039451152206,89.53498084630458,571.2061789508106,11.825535038298291,305.89505148588313,1.3317651703373652,0.5277986211592429,2,0,0.9014438827448144,3.1236207524471897,0.061871521332313995,0
26.014442065603156,93.6552619217601,2736.4071834290357,24.135648164819315,182.41707507865738,0.8724041865782796,0.5243262052754695,2,3,0.46474371111390916,0.8880469024199853,0.025653973243957035,1
25.79005409010507,94.30604887387688,2573.582416273161,10.22480341543882,147.60164257628963,2.0507846624915773,0.27556594373639587,1,3,0.6491279089609976,4.0352118294125985,0.04874852312333218,0
27.29200696769323,89.26662388951875,2539.332654382161,18.82085045881239,3.577796112328473,-1.2511695180590927,0.5842575521868567,3,0,0.4250233056473939,0.12188779118054273,0.08903912688587738,1
24.508034306346747,89.31482408264559,501.6083394246096,33.140402128633255,261.2464819751934,0.02753189112824187,0.7230408839479676,2,2,0.7061604752424921,0.7395163794326362,0.03519422910680025,1
26.04260627725286,89.92444854482883,210.34952894729796,7.509057441020386,41.68617940572463,0.24664573482838334,0.6493019917848996,0,0,0.8767126206555234,1.8833650669525155,0.025798364413675137,0
23.850995950824874,88.54996707248311,3114.876302957129,16.100195144869026,7.596749665731934,-0.28218595772350924,0.06307473972878652,2,1,0.7913254886508012,0.4677880249220444,0.0031262291216772875,0
26.93931050473904,94.2000655101299,2483.246661782414,14.794533191903337,227.37249480209016,-0.38777291541602826,0.27958476856940206,0,3,0.49583058901639776,4.2659272986999905,0.1156277448756497,0
27.237525940080005,94.65386388428732,999.6110781392508,13.30825105140174,233.7765507412099,1.3712647730448146,0.1138412539503009,2,3,0.7012626777469936,1.7089165721808295,0.017255510475283255,0
24.612429481929894,89.40141336082786,1623.4375633209402,29.84264057199448,32.17993662673219,1.5134613125939287,0.48903856964157516,1,1,0.8431631582526719,0.14143188105077428,0.14120219528486855,0
26.314354950278403,91.66673327605562,2602.261424053488,7.813170044501321,344.336995851665,0.5738052048956209,0.0,1,1,0.7219839745216593,1.4433304454733016,0.05332199361306067,0
26.862554648768135,92.68354586460245,2162.634170039043,6.278006241127712,16.76753915672228,-1.0545014073860934,0.030601624953698295,0,0,0.6890602326368966,0.2416575168512169,0.028111932868073924,0
24.886807072982336,93.04978322314457,1582.007440631452,18.596620631391502,201.15933106063068,0.31852657489195974,0.2883113427855504,2,2,0.830773411675999,1.7390283975444354,0.011379952093925193,0
27.386861263760274,90.80032841412239,1211.3969879022695,13.862952835561757,114.09501809145551,-1.1110476260097948,0.16459068020281095,2,3,0.7693867925384773,2.6506701642281754,0.04097589607181987,0
24.931905448806802,90.98777764646702,838.0903214036634,24.245649828595564,69.73733392988532,-0.11955057756687384,0.9030635049507717,1,2,0.6671039592759136,4.144727379011573,0.0890109988173496,1
24.50397168195852,94.42797866359278,2691.3777522952155,13.516860843187771,173.34263242898493,1.3895077982281645,0.1373579723864496,2,3,0.59296594097109,4.7758046991791865,0.024587313658690074,1
27.657628887598584,92.8003490531741,483.72798017378716,14.465582106266712,121.10791481618428,1.0046108680595498,0.33579631246138286,1,3,0.9826267263147901,0.7419501002879696,0.1482533407788165,0
24.605691191183414,94.2566001759001,1645.2877535672399,27.42738868281858,336.08431574038156,-1.0783344411088136,0.6598292399502476,1,2,0.7697596385960728,0.9685113031947884,0.15663208737865797,0
23.921920832089203,91.70156846725433,1857.0042281686976,29.54698565452102,245.98701578073525,-0.1988673323428531,0.6427071353856373,1,3,0.5279229759159563,0.088657193341871,0.021426609060775065,0
27.4492973085754,89.46161581481184,3129.62048258111,22.193072190543596,91.73620788561662,-0.3959516548742255,0.2955702741389248,1,2,0.2457316552679582,4.638193876910205,0.01852828554494333,1
25.654503521258874,92.79660812489978,2043.3694458506077,19.736075008921283,3.43698373225954,-0.4457067568314786,0.2102782732465055,3,0,0.88683842259457,1.4282984901845113,0.04298374862523139,1
24.079151649922338,93.65580741861305,2295.029721454984,14.338250093742964,260.4535219487716,0.04994230650739764,0.0,2,0,0.5807680106812667,1.546578226440458,0.1371713821247206,1
22.914624613186973,92.17769095964319,2184.652548169023,12.839919901214945,238.22341003585552,-1.6458644750411904,0.46583082144390436,0,1,0.6900312610397282,0.5109832625071493,0.08635814277249987,0
25.004345846150024,89.27286881970028,892.3725517131719,14.481092111573478,153.2588914965543,-0.33744186040852664,0.2590900038103836,0,3,0.673013697886901,0.2203924628525155,0.1259877082654824,0
25.022232443610456,92.44038672777623,1244.960491301339,14.638417938972609,144.25438959444367,0.4642888774466655,0.0,2,2,0.9766127722384429,0.7880171068317974,0.04643504226881801,0
24.881491755774316,92.47756752787029,2734.657889694764,13.381022220685082,188.69050754330877,1.1206993143367117,0.3372273455661756,1,0,0.5953605627544836,0.31817117316949683,0.05658928598199458,0
24.273997519775477,90.54815536463795,2091.5842603629994,13.417811773699182,117.5881366516462,1.3055529326788726,0.1744313713894215,2,2,0.47193055784022464,2.6893519840704023,0.007351702350846813,0
24.985736804931562,94.05433432519244,2578.035250985986,17.353080647141894,112.66577302870006,0.6102029710561815,0.11576130697497722,1,2,0.7708015148537766,0.12955115624537433,0.11229762760153657,0
22.736893392221376,91.16047770071131,531.181753545276,28.8333577950183,269.2044652710397,-1.3026556191371705,0.7918003328450294,2,3,0.6292265748568817,0.020525928569718913,0.2794747294631489,0
23.359168533810823,94.59817926081966,1447.5650804658771,43.949507083713485,264.54451099390275,0.3629297389568627,0.8586382865643275,0,3,0.7029905581057498,0.5740981825663876,0.39273881358653856,1
26.456662713358593,90.04805954356624,2105.751335478183,1.5797385476530987,54.000857675770376,-1.1399667412340375,0.08419639414318043,3,0,1.0,0.5791007287455286,0.015575262580197322,0
23.773645316313136,93.89854655020771,937.1181508488604,18.32099228690821,161.53144643451063,0.25510446572257234,0.2488015383602986,2,3,0.7470829488956471,0.3894911640823005,0.20995367934755113,0
26.084680917336893,92.34633347202362,1797.91980454091,20.689629218019455,98.87970945938814,1.5189129832353838,0.4740697469068922,0,0,1.0,0.049206071931392745,0.07948677679301708,0
27.06275503708566,92.34058283303067,2657.9975088057513,15.82024668104476,39.91934048537778,-0.8670219238577941,0.40812244543652954,1,2,0.3484772684049518,0.011514232969115185,0.07114237944065425,0
24.046181402316652,91.97107085102795,1785.372201203194,21.009835256323253,75.98284215719931,-0.5431848670430475,0.36093289632760583,2,2,0.5948375153817775,0.08124753272399679,0.021307792775673465,1
22.908844336668718,93.26051506127773,438.5422724418273,5.721521354588317,316.901596880611,0.7178621549455493,0.14260367445966904,1,2,0.6623643096196207,2.2066269491034385,0.0030064963255969617,0
27.000455309708567,90.8458893676267,3115.8088034051625,20.250926851556358,190.43200270013,-0.875477230056716,0.22257664758645623,0,0,0.5035259606104255,0.3763391913592083,0.08732368415113534,0
23.311001809773742,89.66338881567141,984.7993998289468,10.643843645420647,211.12370811634548,-1.0425601296264988,0.431642755534253,3,1,0.10717296164268636,0.44091026339675354,0.011310083730139087,0
23.262739046482487,90.81231393358823,2535.207967586982,15.408858632812342,350.84606859635795,-0.6050183532365482,0.5539638918663686,1,2,0.8750223846380543,1.562434373018654,0.043018006647048274,0
22.952229143114614,90.45860929652012,1225.5378049086241,29.364084579916266,1.1334244305595265,0.48805651555248797,0.48051624395514325,0,0,0.5928625144232836,0.5600794769489851,0.11444363357601164,0
23.720105516640466,94.61420638096054,132.4016724915351,18.768624205926383,173.97849427819668,1.569463635809116,0.27272336015863957,3,3,0.9171962607822326,3.314052340589479,0.09333632554203392,0
23.186714492885514,94.51853495191304,945.7435008667317,11.226966943946008,55.85358236433987,-0.9259960723554513,0.11082277908689886,2,0,0.7643705797153065,0.9692877981931199,0.009848723866226762,0
26.0424930317417,88.548136952268,865.1371068972088,28.302112045479653,170.49375260076386,-0.22951649867539514,0.6194381643642708,2,2,0.6117121546552328,1.898223124449769,0.20492488764788194,1
22.86699144239945,94.4887290567583,1633.358529547121,9.254286700900373,37.69826623002551,1.1482072801984968,0.138237961857628,3,3,0.9955831460993061,1.513613648463909,0.18458232005432812,0
23.730246445965822,92.71098283643235,2283.9444968731977,15.533683892733821,138.99226230370968,-0.48384365856075945,0.5682829755991261,0,0,0.8148711786868064,1.0139503538295105,0.07673318920840613,0
26.09528680050491,93.30779883164739,2862.1638763634783,25.91741885867734,31.338066604519486,-1.7848321389336013,0.5786692689648324,1,0,0.595336620290373,2.8199296124512765,0.05514784996492137,1
26.911322504529974,94.2166445530889,2588.6839993590747,13.439099126275782,81.53261941029658,0.3278208788445032,0.4703318180920799,0,2,0.49440474558272623,5.919362831750752,0.11836702162075532,0
25.79524352454507,88.67415713456774,2419.9945778648585,7.746616527545132,102.17374302103092,-1.5707330042729293,0.2560120455066916,2,3,0.5118372406436071,5.36433001754963,0.17184913749961506,0
25.368741858357943,90.20245785344365,1238.0732729694155,21.504080282400636,156.63959381477386,1.209046968605822,0.2926289011799802,3,2,0.5769958675538222,0.5415494045397007,0.05090480470535045,0
22.97672068031753,88.54506831970852,361.3463387557613,12.115442458688735,312.66057294532345,-0.17664178854228324,0.2647851048084309,1,2,0.6316673421444564,0.3986731315911011,0.2514982368096656,0
24.922222929770133,88.6768728110472,1799.988663400543,29.106739124252123,254.13915680284353,0.47501965340792485,0.26065717846656095,2,1,0.44922030017215187,3.189174796232287,0.013868318622385743,1
22.52155570869749,90.83083450911334,1554.5951176616782,3.5302399999700245,339.7227900645915,-0.8802809700080043,0.13331179806933552,2,3,0.5022513258454369,4.394608423071185,0.008955437867212169,0
25.700835958092224,89.54743186433144,182.98140936317236,20.234767435374806,67.7975453068983,0.12391518068607582,0.5131571991585678,1,2,0.76441477487623,4.10491749781084,0.006510595507358311,0
27.279075790300247,93.8573984889285,1055.2648497714854,20.07751632209265,326.39117729039094,-0.08722304938288808,0.4552111403287327,3,3,0.9615675668188957,1.0680532155177154,0.13712516825587148,0
26.71057304235851,90.69596758513512,1682.2918166858642,14.794117512253806,359.68482340895815,-0.1263093513778315,0.2829929590794207,1,3,0.5692081507927438,0.0984565579450476,0.23296190131566488,0
26.38097349368279,91.05633284090692,130.21815731718493,13.836222912298343,142.7246158523042,-0.709896877171516,0.19890508458532757,1,2,0.41620587876246673,18.97575205886658,0.09939727669943585,0
25.401269703786394,91.77149534620152,2194.951904473843,11.765043129002963,229.6568218280222,2.0258125232364974,0.3201688589412438,1,3,0.7272989101318121,0.20928150843887602,0.2423230240749578,0
26.233019263740477,89.27754566702372,2981.7141191770133,7.261956095122686,171.53593813433523,0.29345382006287296,0.3334220188252574,3,2,0.47516390360276806,14.66700873497734,0.09795075750818824,0
24.005920173464496,89.4714589361694,2205.0203184609218,23.010946463265917,171.32912788936943,0.8681710096026315,0.3330840043299036,3,1,0.9543998071590385,0.436484465240125,0.0007708507497626147,0
23.191580134668065,90.25246521334226,466.5654312464125,14.170002285255439,353.3664467410793,-1.6766867924324076,0.4168982329355254,0,3,0.5641716949231796,1.7764813315203565,0.250811724908436,1
25.155822337830987,88.5527143231519,971.6599544749417,16.801250579909272,292.34338777298456,0.40733146408660365,0.30164682492144423,2,3,0.4335765385934515,0.33480732477507674,0.00175748101008505,0
26.331433021250042,91.94176921584274,3030.8496117254394,22.642433672588865,62.016678888036594,-0.27566787663067993,0.5964560960736578,1,0,0.5627877203958196,0.3118938711590451,0.09777339265698397,0
24.44964786473093,89.25675293868278,1097.7365189493808,30.999075791184012,5.891310818848323,1.0231836685269604,0.6009686683975701,0,2,0.6474324283460283,0.1056062591880668,0.04948028000873378,0
23.620066426731704,90.23406739722735,1471.5903131674079,18.01932459841236,70.46109907661508,1.5300146554109126,0.3497783286856023,2,2,0.6950894975474727,0.37672102707329136,0.14240140680074145,0
25.18759618183277,91.72703410864798,1217.516804946808,7.069173940181653,251.58702340218292,0.2859054496179301,0.24225475564899673,3,1,0.3335279648406592,0.7995910900523323,0.06541267244974325,0
25.36474527287484,92.90061260038429,1204.1909752861038,12.946738906226656,207.9665406105998,0.36123211910214503,0.11910364463001535,0,0,0.7058096266161376,1.6263161821401058,0.05058305695827917,0
26.854658454239626,89.39237995064484,1716.423554480828,6.149201702681483,263.816349285625,0.8286948590409773,0.20754749880047596,3,1,0.7773784573729403,3.4941631158791906,0.19321522287308346,0
26.49385445761669,93.36867030264746,1316.6351366878355,9.934742622759018,130.88024734543828,-1.031879236854961,0.25461489095458045,1,2,0.5698398210421539,0.31337555505943104,0.07632339552089581,0
27.639126268576067,90.39063471511184,1591.6593671304645,13.421446467770597,103.87094252189655,-0.2987428925935739,0.30099583665969076,0,0,0.3763080102778916,0.11583845663172754,0.28436709771447466,1
27.301153954515286,93.46527742989713,2884.2162716566086,8.544896038292405,167.77434112948137,0.2089741014670074,0.4273315019790076,3,1,0.6322865893394904,0.1939301780559274,0.04008023371953855,1
25.118744395486583,94.8902481125856,1727.483947977948,25.75081373399435,8.242628511764112,1.5796317448086095,0.5495875490218184,0,1,0.2806891153047587,0.13787300915618378,0.05443248306811708,1
26.93271776489802,93.7510761958485,2963.3068617983827,22.677607181301784,61.95876874146567,0.05645556654227363,0.42798478864258405,1,0,0.7445278270529074,1.668170830985319,0.03901037625278648,0
24.26789172774982,93.74407272351289,376.55167559155865,20.079096113141826,306.477340748068,0.2413092743812357,0.647609361697745,2,0,0.615025917367255,1.1387232934939977,0.03267350077922287,1
25.21940685978841,89.29339939953937,1088.883458671028,8.942313844146522,43.1967296573918,-0.18976566161240316,0.09663465745221841,0,2,0.4359530426035154,0.6269797136123576,0.10752044271624542,0
24.80765633181068,90.4737512471898,3149.8666732270485,42.0166720955485,128.0094236577805,1.771425263118786,1.1725191743966774,2,0,0.4419117667067994,1.173080670246096,0.3052595301742057,1
25.36132859413175,90.07902675715816,396.9562819568323,14.746805357207727,202.60496682055557,-1.1959253138250674,0.4542978792478433,1,2,0.7038639457685004,1.882391099141245,0.0100031139858976,0
26.856232259444873,93.56136040327134,3090.611793113426,13.078692037622705,347.9138411696254,0.38028312559085314,0.27340712455338867,2,1,0.6465114673862671,0.042391115818966325,0.005394388332281784,0
22.722585969441106,92.99518359942662,447.82715971707864,22.5247426001187,239.50215538707593,0.9364306008908072,0.5414245669945388,3,3,0.25089617329494607,2.86377495557252,0.06558377494689109,0
25.764274209163116,94.85489734547481,1386.7419928576019,17.509600958379334,55.95107115261448,2.35061348394051,0.22371729125829926,3,3,0.541049807971286,1.7345335318540487,0.34181127005705336,0
27.475085759917377,89.86217689498676,1904.8776213908072,24.91040673710643,244.7961785876993,-0.4570488983217358,0.5202909683262027,2,3,1.0,4.144272367478669,0.03341912078879069,0
25.769985835183576,93.48256464084558,254.37929326193589,13.34860497469765,40.10423808210193,1.3375693341483217,0.2570263601754484,1,2,0.45112085706791766,0.07908157577742027,0.0157261587168315,0
26.534042577427527,93.57768539510413,3086.664268157223,34.61730305484276,339.9187225510911,-0.20897318967664966,0.8793310225065487,3,0,0.6182659204393065,0.30743317522250846,0.074311915733498,1
23.640866064424348,94.58744055341492,2896.3529265528337,7.281060544178099,247.80510888418212,1.2812602922581782,0.45994426544856115,2,2,0.5256033801568128,5.963142483883052,0.00970288119203688,0
26.250532030704758,94.36947151803113,1458.094400243327,20.587812373145574,308.72413144132366,-0.22248195292370715,0.5841535384213404,3,3,0.53574471132413,0.38432253554692053,0.05727121908364999,1
23.690578458422763,88.69755505840176,279.0792607994438,4.134866152179978,57.60222592010545,0.5806095077529472,0.0,2,3,0.29562963157287886,0.5708019635570368,0.3945115055372272,0
24.348819291574006,91.4887288298239,1566.7519560886376,43.23858200081207,228.53207941839426,1.233989039096018,0.9833899169105309,2,1,0.745893635618681,4.252700542419811,0.08165941899278178,1
25.895905967014105,94.59136980651247,3105.9094673547506,17.822424889051685,284.6992220363869,-0.5616176254009604,0.2516527017238974,0,0,0.4843164436201616,1.7984433008261964,0.02535186581559,1
27.6565049577762,91.57278463213262,1693.03355341461,31.382207175200847,26.30151768119767,1.6249616391019226,0.532102025753493,2,1,0.26545821782854667,1.4683902512052986,0.07346481797225389,1
27.067486247535037,93.32747518470848,1596.7655999123085,9.49212864658782,155.91336936018268,0.5907998224836434,0.1523291856697509,1,2,0.62601725177399,0.1531274264169425,0.06645356838464371,0
27.279366972611772,90.92720192454881,1295.1229366196853,7.118708039092514,290.7471846411117,-0.5807768951997203,0.170347742430325,1,3,0.791279395852948,6.12598569077299,0.10486525639905171,0
26.540652771250265,93.92880451849989,1812.4993685400145,6.088633054112175,150.36723995905817,-0.3629328741139831,0.23357941452595754,3,2,0.5840398650004383,6.143433576891363,0.03321217104172353,0
23.85428731768865,92.66130235905622,1122.187892107267,39.16316544566798,131.88877163260594,-0.8981751487917088,0.841693625056766,1,2,0.9102127917359066,3.1794459501796077,0.0149076153101236,0
24.152142523154527,89.00078941887543,736.6046581646376,4.290091826946124,211.31281609594265,-2.8883113699675436,0.1361276393844097,2,2,0.859440675817831,1.7595018135233333,0.01660241494784924,0
25.355667207612527,88.95292849988378,776.0441251030043,10.01191221581925,2.5979670768124974,0.6707697428073575,0.3270086958980849,3,0,0.4055000411340241,10.790163750900929,0.1295464980397557,0
23.3591436613513,94.55860438029099,3126.9408071123466,15.931252785814955,241.44848568058626,0.846306458422149,0.2653352294648073,0,3,0.29102109641339907,0.8527044126009442,0.02178672981370714,0
27.498504821667424,89.54716818079683,427.3783246286522,26.10949420699952,187.92902109242112,0.196757255113438,0.5448155096932666,0,0,0.5088382435741979,0.22841564311340237,0.0163802561641647,1
26.441341249458752,88.5960047933592,2405.481062151426,9.752870657073146,244.04108362525955,2.1214872648739473,0.16763044841383706,0,0,0.6767424185948683,0.18943716333892793,0.3558832999981727,1
25.521255959799262,93.69589547049904,1363.6092167327874,3.6409664922050293,315.3173167876394,-0.5256078712483713,0.28745172337234415,1,2,0.5420871624098135,6.499650118466961,0.0861280269857176,0
27.030791306104447,91.51718621616091,703.6134209598614,29.128104010661175,112.84934536320364,0.0033630003668177356,0.7355662245062805,2,1,0.735892085509136,0.291610130093745,0.0968267643905918,0
25.298401353948496,92.11465130609237,2935.3312678950447,20.832795017367694,207.62309680699389,0.5083391184188641,0.3038325347605172,0,0,0.400060423874605,0.43139202304965324,0.2657610707494922,0
23.89791111657548,90.99902246924626,1584.2378810693338,19.909460516577738,311.40383551027065,-1.127223371349994,0.48142221877471253,3,1,0.7758479316398137,0.3815512961299514,0.09323178994924351,0
24.681659181362026,93.50777494047608,140.25983864766386,16.354105700115504,84.17879448447196,1.6912092781721646,0.15939760099240793,3,1,0.7436389695552788,1.4133896374032742,0.2604718399432035,0
23.285357179525768,88.98860729580097,1047.6433239323455,15.813180528898382,123.29447359087229,0.16303317476800286,0.36414294914120204,0,0,0.48624848467228143,1.3048654704993008,0.025468886847568213,0
26.679681748760448,90.13343697824,1287.1186389407055,11.141144138964805,66.25223898065488,0.007125258531753792,0.18666810055707383,1,3,0.5919562488289138,8.531975827540776,0.018569448390721024,0
25.060860563722,89.27212648636704,111.8511358770615,7.44384737815067,315.36532665527596,0.38096185717883885,0.09726179641507349,1,3,0.7713240605716077,1.387613877014053,0.18662119417194803,0
23.281069351202927,89.23279813788199,2252.822004441693,22.77926596788698,302.6826683784728,-1.2530131170349816,0.38900017603720566,3,3,0.6376373353986117,0.6123721026774258,0.01760481586557342,1
26.451097000666035,94.91260581565797,2547.607295407373,30.475177535430255,167.78213734704198,-0.8187849768507568,0.5424529025712018,0,3,0.9533262379147848,1.2595354868868713,0.3316025141520226,0
26.170318724202744,90.04756030148872,789.3770097370284,15.489934836647453,83.29630357677452,-0.8153950930128742,0.3632832310910023,0,1,0.4604710607692179,0.09382657992964483,0.14075084872451268,1
23.339412188893412,94.10845593349634,2343.8428184584614,14.57265726977523,316.0206453448776,-0.22674275178249276,0.5566718007446954,1,0,0.5337322649462528,8.035426834211652,0.2587633575927352,1
23.194414685276087,92.00979141301711,2147.7052575261628,3.6179540675290465,130.11242717939865,0.04325748602593875,0.09968188778661372,2,3,0.6990313778491489,1.424104334816886,0.09471338739635397,0
26.09511246254443,93.53110533456258,1053.9657230816315,16.75532860992366,275.9473634132165,0.28101190322012104,0.3828243481841458,0,2,0.7374560384278885,5.368378722348733,0.18010309414910694,1
26.20688092204404,93.11474609999385,433.70799576092105,5.47862370159484,352.5706638322159,-1.0893414176762264,0.22759311308893576,0,1,0.16873073770198838,2.484383881560126,0.09296841863520292,0
25.6034751295874,90.61830358274257,1917.629903549093,22.175257069495984,154.83645560926624,1.531631460055703,0.4174995590847616,1,3,0.753189771790532,1.172977307184732,0.43169750081260383,0
24.949224196719033,90.76942220839814,930.0397268320423,17.53324084475053,79.95699466465571,-1.7868512676778587,0.22674618035801647,2,3,1.0,0.6055037278218285,0.005647669324748953,0
26.494497890279888,90.11799235088348,186.3777285676989,14.743788402282611,11.388993686466655,-0.830048505589191,0.394649570137395,1,3,0.2510367149166443,2.0602992201097186,0.17062955980922234,1
25.921299713333216,90.01694841295313,209.7603270544648,6.237770591442963,272.96243184774534,0.43168512698500267,0.270378256127203,3,2,0.5286633713399026,4.061596314938304,0.01454063960725598,0
23.877844878968723,91.89129353966473,1284.521329679814,20.14371532733871,285.7131543990372,1.9429985179902964,0.6023445528844603,1,0,0.509876384240851,1.6456806298755153,0.04211202383336743,0
26.439673856704577,88.56560405471787,477.16804433219767,4.046559087789337,163.2421312915725,-0.33735095423623346,0.04881911565026732,3,3,0.688595719309156,0.6748240357990688,0.1279700527027871,0
22.758098441455296,90.05940281337234,2241.167666133346,6.868503718668523,302.12185699946644,-1.0882069165528085,0.30709787133777056,3,0,0.6871448358769701,4.072882722703623,0.02243584992171447,0
24.586232736331112,90.17835497191311,2661.2587917045876,25.805818107008836,112.4429041571204,-1.6785060499351645,0.4680530848000277,3,2,0.44572137999526995,1.5121151902652297,0.006871789103256483,1
25.421611652317722,92.90101390976292,2804.086266309444,11.82260866111573,329.67599360592305,-0.4686823500573077,0.21639425131219608,2,0,0.7142981579088674,3.7907073332379255,0.17317369813961642,0
22.71009976577926,93.42295610567832,2511.503124260303,10.77236150131192,174.57510805780797,-0.825835519686871,0.14334648848625897,2,3,0.8167100855513691,5.291486786855977,0.02485929451789574,0
24.463971244983863,94.83539204273266,2852.0378548785093,19.17172601001691,193.1214009311433,0.1497887405794813,0.3292194238545201,3,2,0.7001819996519525,3.2453742057162898,0.0019667052613922533,0
22.743106256043582,92.50649811850775,690.2657228169044,19.787319676443417,146.38874623229273,0.18160807680054034,0.10895392526663839,0,2,0.4676741964752199,2.052471602276567,0.04407026907818546,1
27.1824278128495,89.88328600609748,2351.260527599991,17.31287988596273,324.1910996785967,-1.4156065145619654,0.3919261603133833,2,2,0.49633724170814286,0.5896168207579124,0.1526300762883297,0
26.081801889021442,91.90478015553676,1184.7551908349808,10.34119429353671,228.25890421394416,1.0670093949527026,0.312920204152085,2,1,0.4785872181486767,0.2926920727234936,0.04941364010883396,0
26.77181216680552,94.80094032465544,994.2775045077036,21.396735457174444,273.5627493100118,-0.9156836951737612,0.43315318641180334,0,0,0.6046863112738311,0.15491354269403815,0.14580469182191294,0
25.981358266931757,89.37491559777858,1432.0520776485444,7.160041880454964,133.97581863984036,-0.8355699885294011,0.07970504996000848,3,3,0.4801189502554337,4.198535354134285,0.14892664051311705,0
23.15765578440638,90.2080743271444,943.3097039136946,10.383580298195897,359.0422961653006,1.789809902248607,0.0,1,3,0.6342128916889422,1.825851010801925,0.006089739930158597,0
26.95744357986072,93.7177935826611,1689.0362264567434,2.2081724510984944,41.091734758845575,0.5478332446417096,0.0,0,1,0.42637391268998726,1.9343719968363833,0.11796351039141824,0
27.636514684234978,90.61022605093999,1581.843865977332,12.967597455572156,198.72405343664815,-1.5151176807370699,0.5457229833033523,1,1,0.33501284038858553,3.126935645774345,0.05091119461596282,0
23.560133349600285,89.67444877434411,1740.5106235215274,12.642027981297472,237.40384729424244,0.2719514971344084,0.27753300386027774,0,0,0.7498819674184021,0.49411075411989414,0.011993200809179145,0
25.536165818535054,91.23060386234381,2150.437312520354,10.036017965913487,46.50655438168263,0.8182510879771867,0.23861486569376408,1,0,0.5904194247828503,0.7017003398406169,0.09835600103805191,0
27.342685821447287,90.29487238446964,2663.7618022639936,18.109506269295878,125.68333242445348,0.029225321895288127,0.6337808668575367,1,1,0.9993636914364001,1.384152323042853,0.04647651130148413,0
24.186896523113493,92.22030862927534,1482.8443325332428,20.329591121722185,316.25398047013067,0.20041559409823037,0.5202433396297116,2,1,0.7350115889631357,3.9868071133696326,0.32461702260086517,0
22.792158924553267,89.18232146925996,2923.0749218334972,25.607476338734386,68.7705645411068,-1.1742786643862584,0.30343522483396357,0,3,0.8444681456464105,0.17632984097148277,0.1990290713419535,0
23.96589063379799,90.14251789713207,432.2714892320501,8.121900197143066,205.44756115541676,-1.1729312838882398,0.17522926743776848,0,3,0.5100228928748146,4.627875688724312,0.04991132167971501,0
27.167592699560977,92.10739464917455,1656.7886280244838,27.01465539236576,326.7893067885543,-0.08235875324045575,0.7883125920358128,3,3,0.5807612633416328,0.20560700992359712,0.27799027105347196,1
25.23785605153712,88.58314232984016,1591.4171019600947,12.26908167101897,69.14863004139454,-0.47675298650126785,0.0,3,0,0.5935117039263835,3.599939867515828,0.006329703465403067,0
27.457291041008457,89.80920693252442,2467.0705695122288,19.991103497819843,115.09488187960235,-1.9325208064730643,0.2512898215440262,2,1,0.5496525020145412,0.3986472670123978,0.15863660588573136,1
24.98949408884435,89.781365122738,116.06110653745901,26.024997890851072,158.2113973643582,-0.6133532614398701,0.6406659170482403,1,2,0.6320489880684637,1.3020467503357915,0.005943596667097314,0
25.647951445715876,90.40363026521051,1258.1215308084627,26.353085211074237,7.820342831143106,-0.6601000822083767,0.6553328354876264,2,1,0.7133264204581413,0.7534994149482203,0.031149900699324024,0
26.91171444949289,94.51352390714149,263.860989055201,5.4493532890424845,290.8938344702249,-2.1112843022450525,0.3925736949485189,2,1,0.45528930428225767,1.302428002454286,0.002621356302755964,1
25.18611523331306,88.72514742237854,2900.501829091013,13.254203299737718,171.39404808264925,-1.291535940980027,0.06356334448440226,1,2,0.7674034272959667,0.29910756758381263,0.051768322680267924,0
24.32963658371987,93.77614814561211,2770.0694329015655,65.13725254688117,239.88038227482826,0.3818881964751942,1.2423576053320355,0,3,0.4559810843476235,1.1518436100021838,0.1134561640956368,1
24.74230490515956,88.95609964037558,1564.7011501602562,5.421966933537286,89.04288330035534,1.3784387402568954,0.1707503306200105,2,0,0.8308054071626555,1.5823238264251063,0.32106889846719516,0
22.851499603807802,94.05712349077395,2503.4685180687156,15.664749786725135,215.88938365820516,1.525678168841895,0.38524464377637807,2,2,0.43283841639651255,0.029719319723130848,0.047830240708763495,0
24.061103235888506,91.39516993282628,1292.0560106142455,6.466405616227861,64.48275158763266,1.27404266170917,0.40520197476522324,3,1,0.8019574433934723,1.175688672223369,0.01551496633702963,0
26.720734239309643,90.28845784263824,2841.6664351283343,8.182785487697961,129.2936744022605,-1.3023203798044005,0.2652765698235443,3,2,0.5166581718036031,3.422614841836835,0.010566190805488228,1
22.56745071208831,91.34227941032292,2606.625181636823,27.38864487386854,266.229045187733,-1.3310324935042994,0.5592514840382367,0,1,0.7872671185731418,2.029771400569245,0.3103561733102598,0
23.493277648274653,88.52955842198226,157.64769793662714,15.927760948148698,145.17643591750306,2.0549911002727668,0.5512385544210059,0,2,0.864375341810465,0.6570580146250047,0.0207303791478877,0
26.661079511531707,91.78830946929233,3005.8511949743734,22.872937108677217,12.547069104925566,0.3742226239402479,0.4693037679452793,1,1,0.686941837564392,4.881373394777761,0.16352646764856804,0
27.440889796656034,94.61520805971499,2383.9392340948066,13.718269701540034,129.7829418331745,0.4881743968238727,0.4176080993071792,1,3,0.7670562152607249,0.5407333079949682,0.0727133427348075,0
24.56522319069631,92.5565064660853,613.31427547463,6.6784938272669265,251.0842510943314,1.1912459471962915,0.15791898026687098,1,0,0.2905533878061646,0.08727758374361624,0.020550363491153512,0
27.214467650531336,91.44492919291898,654.3848059017868,18.01521471010592,273.2096508435226,0.3104427284702329,0.19188838221565682,2,1,0.795128468987462,0.6457767131093417,0.11475200814252784,1
23.470092023414704,92.61884513877786,830.526239052985,34.0515327849535,153.92717213237046,-0.4420900545866694,0.7574380085704768,2,3,0.4451178198770276,0.6291808479084137,0.06933088719590991,1
24.744456268870664,92.38542521303141,2633.1994686054095,7.316125988389873,333.45409334983304,-0.6487728346729158,0.03531202951532608,1,0,0.7602710873550773,0.9107689474673428,0.21283453104717187,0
23.355267055387326,94.85424541416359,2714.9953985675684,28.840846583739314,72.81766393885468,0.11547339203235835,0.520828870858747,1,3,0.5727595794882491,1.2752814889154354,0.025062826248697913,0
25.457320277879326,90.59812960862315,2979.6373418824555,7.302269492612448,241.20629886861403,-1.0190723053519766,0.0,1,1,0.4858887674104273,0.6120031533474234,0.010494089497694632,0
23.201861983027246,90.9203730393371,1758.5737217809808,15.34154467905114,284.43413080161474,-0.9329680026204564,0.18470102749331369,3,0,0.3608638701785482,2.993849627380806,0.17172056310434414,1
25.947946018180193,91.58864343948323,3131.2823330327274,23.907424640565747,310.13881859662155,0.042430994583139106,0.42529931481082506,0,0,0.5571204415507326,6.249307313295583,0.059307659390683165,1
27.3677317064601,93.91120621168744,1266.2857298521042,11.518703211628317,272.4525251328259,1.3690197450945223,0.037092990862706204,2,0,0.44178650833612754,4.627271489700092,0.019095030785402655,0
23.27908859404551,91.44054445088243,697.7841593094433,32.806540802054,150.14878599204593,0.2701169446716946,0.6484468942090729,1,1,0.8314393090125061,4.327198180079191,0.11642245311826838,1
24.647980442912708,90.06268246795065,223.15786514639086,12.38696109371283,1.5389953911742493,1.3031840977178557,0.1710925123468362,2,2,0.33409603061176696,2.6427557814266454,0.008957183268223297,0
26.237324182104764,90.87877551235665,123.45872093725492,28.93897179623454,166.4860649967591,1.9788167865412298,0.7172239054673204,1,0,0.8397870489564105,0.5264228394563375,0.10922736843044321,0
24.15414462349115,91.29034895815454,1490.3200866103589,10.510740218624516,31.463241790190715,2.372418034079571,0.05613158429068432,3,1,0.7125240782271522,0.5657605358557503,0.35732926328656683,0
27.484690855200093,93.77402068452857,1668.142235403434,7.881081350703775,194.08022091258,0.3648694276074187,0.28126847026312574,3,3,0.46712314700260377,1.342980329287341,0.3256092543487815,0
27.203735465010322,91.40687596474955,258.95711352897933,23.153350084146098,36.262258138462876,-1.1313149590228213,0.6206034585318184,2,3,0.31465934262615036,3.301623274379844,0.08983454376924226,1
24.097089414613222,93.1486847977875,1581.217002161276,31.06856775194689,116.00242330710716,0.7877923215195362,0.8345676210350982,3,1,0.8329198810900391,0.8468722438861007,0.008053641616129337,0
23.36733952780267,92.01893333954824,2906.941466618948,16.308353184153454,271.64488430848644,0.9353114823366397,0.564725623182388,0,2,0.45263069411307744,1.4546555902379628,0.09540563655657351,1
23.82253461562616,90.85424697512538,2779.1793560203273,26.36437406774241,260.6708126033267,-0.6179569771194752,0.5317567766916428,1,3,0.5767689073870725,3.3595712236623765,0.11443538507628173,1
25.28534950139432,93.32838927364354,2467.6327367068056,10.396318824167073,273.0255091054973,0.24258992124307144,0.1278742626193919,3,3,0.5731001903099681,0.6256580266948822,0.1724914163502571,0
26.62578669373153,91.55240061388803,2233.7969066771875,40.60414515024815,111.97336937408814,0.5692781355928354,0.8048607990056824,1,3,0.5615332371051641,2.8939269697224073,0.1265672508991121,0
23.38617261314028,93.26372290411449,3017.11729520456,10.800511795012845,186.3438257498563,-0.24289602826657458,0.49147322017744277,3,2,0.6182346185304388,1.1985408341401675,0.059051868388284294,0
25.413745148087703,92.57331956913004,2811.530387480654,13.155110040834545,357.55853074360334,0.9307123465545034,0.32354463830763414,2,2,0.6594533129099259,0.2158607390718743,0.03985552328819508,1
26.08359727856385,93.76274379279172,840.0894550761014,6.363856767374991,347.35551946894094,0.25247283996301917,0.0,2,3,0.47167009951822625,2.2409672957009867,0.0508014130565059,0
22.644893509238656,91.28680011327702,1752.0631537900947,30.35607416211698,103.91890560908281,-0.24523700207901708,0.5564890964359307,1,2,0.7157821136775689,0.9972844744048974,0.1547071897178933,0
25.165549473610916,88.56325531483412,3080.541608648911,21.157753106340905,89.7353869055565,2.411460282776656,0.3264776814022661,1,2,0.4996773240302813,2.7775273540314633,0.07682552404479394,0
27.312853683657845,91.55445709740108,975.2264774590916,11.730429466557041,88.53126629617792,-0.1506303851819964,0.5963322559004256,0,2,0.4948537549301179,1.0763083332017478,0.005090047224034026,1
25.085673305799357,89.75763487542312,2508.264240210963,20.228948567794703,306.5743416270926,-0.7543235953336023,0.0,0,2,0.6972718097419368,0.4019131971858524,0.04802466343804729,0
22.672276395750767,92.67937255451874,1352.853454670894,13.933648399622795,222.0837807673611,-1.2143079469326943,0.2541597732735674,0,1,0.2385888318565163,0.6687236771032894,0.055124268652239995,1
23.400224490117328,94.10936734942715,1489.8631001596627,36.53927467075894,264.0349640786613,1.2990308630495095,0.7939985117212532,3,3,0.5021419387317472,1.5309153579379777,0.054180085049502,0
26.20254410901788,92.94156345767101,1066.0237820508014,21.650547665348814,123.45667937736032,-0.2468252384428593,0.21558999589860295,1,0,0.5538170639616022,1.9173500601242157,0.09011192062050105,0
23.757857708444817,93.60583656699521,1006.6285551845551,51.908186349602204,136.99921176690248,0.3415717298501752,1.202066826951266,2,2,0.282010611811916,0.6104799724703334,0.0048612676597407,1
25.83348895567669,94.6616900683494,1804.7591916796864,40.05070368737266,178.80318946961398,0.7544001321668039,1.0049441075300682,1,2,0.7955330514719758,0.8079566973766608,0.03731643250453395,1
24.04382009536098,92.8608973805907,3130.938769134268,12.798489772147356,113.2598746800685,1.1594723174183668,0.029012246664843755,1,0,0.6697512883785287,0.7309583787563355,0.1132566912708763,0
26.798386061076354,91.33163897784861,2545.8754432311257,5.998148471255284,330.66319838668227,1.6768678201450633,0.39880480790019185,3,0,0.6549962025467093,3.0946502512113625,0.1691869586997796,0
23.242626694872644,89.36213554663982,632.8827381854279,14.944549499490638,322.8291413526699,-0.4058140815748588,0.12857834092961168,0,1,0.6929263921041128,0.3782977385033102,0.03661594164036441,1
26.143497934606856,94.97454518144923,2533.5863972697703,16.468592334412627,75.38110569430694,-0.739010312558114,0.33207559906003553,2,1,0.33255172289189583,2.7946024292047227,0.0010917565229247033,0
24.842242832835378,89.27529917679249,2418.531201882629,17.41964711348792,217.16458359287694,-0.18697818066890465,0.019366471922065753,3,3,0.7075766256236051,0.8967559115756919,0.010143906289239378,0
23.443087680313898,90.18147911370495,674.1233530258445,4.804624314029578,81.57945175296719,0.13258537004847162,0.0,2,0,0.6371962966428345,2.382638908112308,0.0764690069419231,0
25.943283315621926,91.37680044683725,449.23330141892086,9.568781909850268,156.7074078188672,-1.9086404689675804,0.3842146216170391,0,0,0.5871092784240763,1.8189591172200914,0.05272875241840726,0
24.32321527622905,90.5436422170068,2671.187432388794,29.364148103398115,191.02875108269143,0.05163349006142644,0.8160555966706035,3,3,0.7667788991693256,1.5434676534952303,0.10781990959040476,0
24.193336181260385,92.74539720402785,347.1828191353553,7.122558830259122,277.56418415053696,1.3450352960682166,0.22960534684914913,0,2,0.5507938163257223,2.021822380471204,0.03762870044846165,0
26.681937326458605,90.47239851519105,576.0948318598165,15.454279246102743,300.29983333995324,1.754618803480312,0.2942632539380265,0,3,0.48084586769001,0.7615069144515016,0.07813072945647626,0
25.92786660383422,94.92244377589952,1138.0973197982478,29.291260729268444,90.50186694946721,-0.07486116385663526,0.5585112823232993,3,2,0.5023596717740026,0.1597807261847596,0.12106880834115608,1
24.0414721047889,93.81022101104045,2493.288541416087,6.05217989489486,127.67087536586614,0.7131323065971444,0.36389620049022964,3,1,0.5633484935859544,3.4323763358976453,0.10766442685890865,0
23.542812086612212,93.72795140284488,1955.5128271033052,18.15307239301056,81.83932302661998,0.6703588772128999,0.358393390632864,1,3,0.6624470209086049,2.687789472035141,0.014937627287610673,0
24.819462865271745,89.5993550255411,1952.4392933485599,5.489320242309736,157.47479776147117,1.0685346289237954,0.18963298937697118,2,1,0.7777516325819877,0.9238483467924424,0.46891222271552363,1
26.256176213257362,93.12954844569468,3184.2882594003863,7.280668874624941,19.92112389579084,-1.041616408272716,0.04310091262523798,2,0,0.6976326799871411,3.726177831828005,0.029000558772703418,0
24.624348667584055,93.63143275811015,2636.015362094271,28.605840895241464,291.31398156734855,0.3832449697850237,0.5008869629794528,3,0,0.7132410798565146,0.1488343775975875,0.31237961259217056,1
26.61194132404072,89.02608294596534,2825.421425705065,17.899314418265277,220.80703651769514,0.6788299583540499,0.22117874966097467,1,2,0.9061232505286586,1.3318770114757026,0.3017929122104309,0
25.16365758386621,90.43124896006863,1529.391848706444,17.03510330797631,83.10653871096204,0.438552984723112,0.4652793039510702,3,1,0.7756382605289054,0.48370048302516205,0.10916360805414174,0
24.639703262701776,93.21176874563601,202.73431145826873,59.08054599771604,157.17191338896922,-0.9048147336193682,1.0654930033034202,1,2,0.4783820978292306,2.12965695468267,0.07561222187361566,1
23.90165090669454,94.72337835113066,490.22611630429793,28.65631354365766,359.1018357435142,-0.4907725036179891,0.6381840286268047,3,0,0.6345488522706614,1.8843255825434653,0.0003657466743729894,1
24.92000432797545,91.2570137126488,2350.6444830225632,6.760880371902573,201.3061578306551,0.13158617872165979,0.0866114667330567,0,3,0.6682739889597911,2.723356088424985,0.006039033676665257,0
23.71529516783925,91.65479878185194,1238.6560473072252,6.574755495646001,283.848036026409,0.9821228248537509,0.13638251188937345,3,3,0.5237372019475914,0.21004748010141583,0.028764988980660502,1
25.84321609654756,92.85313277523159,1013.9156501795841,12.305038944878634,28.883907217957805,1.1886370189569544,0.555111300589531,1,1,0.6291141779339886,0.6287199447393698,0.09371575352958567,0
26.726814295873734,93.90079367377314,704.7029603386835,13.172196800170859,351.216593620052,-0.32245666365025755,0.42664081160316125,2,1,0.4637921113268286,0.3345905925278595,0.06924217573984197,0
22.894488416229347,90.0631541651626,3059.308885606614,25.94746230921711,255.0799749488053,0.6730158262926322,0.7163373279632528,1,2,0.747263318283917,2.230304531324741,0.016120628307791617,1
26.21967143671496,92.3964737677204,585.7209236788219,7.137634748688038,198.55212694221873,-0.25191772205116547,0.18958957078242045,2,2,0.6003126826603228,4.838497818705501,0.037304612400099864,1
24.358989955814536,88.60715925971657,2473.7020495418915,6.8023112159880945,287.24016479353355,-0.004823220549396244,0.06947035430931094,0,1,0.9102163584492914,0.5926789293730169,0.009780834068786003,0
23.846473140861136,93.03107902831174,2483.755841110314,21.305292817487427,5.084427292446558,-0.10304539289731686,0.23248229606622522,1,1,0.2825864095390671,0.25079260944243276,0.005073654018539959,0
22.799328960281848,93.2538941746522,2956.947671352981,12.16009976231818,302.2295980928499,1.532744792760907,0.08794011446008143,2,3,0.7530661109661763,5.76981226580686,0.010355969303616522,0
23.320789333254027,89.8005834169454,1480.3422527202122,26.942356949524576,206.32850346840934,-0.7419614995316888,0.6775836132444086,1,0,0.7532074774992663,4.010625517507446,7.842094813149481e-05,0
27.484980650294737,94.8332255049504,2731.007019207415,29.61196080915332,42.01379286281838,0.9620453857951156,0.7450516106487597,2,2,0.79007359685353,1.1233634501249805,0.18343603324636235,1
23.321019069121775,89.90151790410727,2454.6370503273733,4.556205110348001,299.30285208422794,0.18171912104048785,0.20790200121751296,1,1,0.783772323844703,2.8240341392264865,0.008289507625890702,0
26.67610144652074,88.7742623959591,2505.6029716120383,18.639604783345597,213.1866763668917,-1.6943511182112838,0.47919680169671197,1,2,0.7041906874504297,0.37041150786262816,0.17368647255080566,1
25.979723981605694,91.0648139557644,100.8913206381528,20.278485970813694,166.13694827407832,-1.2042226660064455,0.4333807522234198,1,3,0.5151223158976471,3.247195804887424,0.13397774390369951,1
26.89093760076385,92.66648056726201,179.98809241721744,41.4890226231295,95.4405025791809,-0.349398118883248,0.9141541136165884,1,3,0.698681436298341,0.03601168010403698,0.30479133272837877,1
27.09988600396877,91.95406632370958,2142.8743126443474,16.209986213648815,299.2505337118859,-0.9003865688702194,0.3898565783290916,1,2,0.20149772972713043,0.1706899674724488,0.07237712093313062,0
25.299431311661905,90.85369622605366,605.2145221689847,18.41041517262198,12.477197689842141,-0.1896840137902715,0.06844401235735986,3,2,0.8039369135278525,3.8774389197050074,0.039701943174641464,0
24.78720743181238,92.83813640823486,2978.1681802540743,29.254875844680562,286.3373519924187,1.2772441773530157,0.48593264706594475,2,1,0.7031935144887872,0.4913114082427446,0.07158894020422406,0
27.222973781817487,94.45797020800231,1769.4965436758919,39.15599261839442,221.75782876443924,0.3437114092918606,0.5323743726515666,0,2,0.8943500270332089,2.0860108979005507,0.0615628183856822,1
26.26132416290174,90.85652079024679,1254.0408659491695,9.139056266294187,167.5764135141781,1.7382832845010314,0.1773702404260197,1,2,0.7964824230434557,0.9951579440237127,0.13301911210053433,1
26.710342199264236,89.87883160911576,444.1710827051808,23.87996467940844,8.964986539444029,-0.1982713727109414,0.3986443259276057,1,2,0.5114182533452953,0.9320537001145001,0.022223347193973314,1
27.444998293307016,94.20664624868095,2640.9403708802815,29.646716067003496,175.84718199093413,1.4790743121492924,0.6623082195258685,2,3,0.8628420454120571,4.685292587087205,0.1151225041231183,1
23.574643241142724,94.79462619971883,1086.4520167630674,14.028102786369773,118.58649277113248,0.8936908443257267,0.08021048388149218,2,0,0.41778638169395166,4.429053077094843,0.1364209588347651,0
22.720826292275518,88.60808431017321,1985.5394670198891,4.769483724996811,350.2956036266328,-1.315472279988113,0.0,0,3,0.8223041329085077,1.8849639241851859,0.21043357113656458,0
24.296184896801584,89.52164291030518,2756.5400075761063,16.714783042420144,84.19620332994883,-0.9726400090720136,0.1518670442693681,1,0,0.7128863348095622,1.7691964395519602,0.34782523536501575,0
26.528406272577207,90.41720278765865,1064.9155367005535,22.67798638771866,91.3448124258114,1.1226606845622364,0.3004126847611334,3,2,0.4152152260683381,2.3587902789597504,0.14026428722919423,1
24.266357135841204,90.2579903368253,700.1211781776934,7.876263950104677,314.73446466079275,0.08835773727434934,0.30463016346464744,2,0,0.08124483869206911,0.6000389700806608,0.2822605890002645,0
27.66292395985986,88.84162621135562,1710.8745739778337,12.832779801373425,289.0106077501237,0.48725556920696034,0.1845075485172658,3,1,0.8733060632595415,2.235348155843416,0.3439040788437921,0
25.449564192284427,94.9349556520529,2590.5669236939284,15.407834849636576,175.30564595727844,-0.9530254487620436,0.0,2,3,0.26519655088240596,0.43110161656278834,0.04891773582783376,0
24.786518442599757,89.03864521564047,2197.422190950815,12.403412309022741,92.72330445808919,1.1211802637319142,0.24073766670627514,1,1,0.8234976150691187,0.2404644815954461,0.027174622343758944,0
23.442001813982273,88.63898057215766,617.9443011637236,55.96213307982629,266.0395040422393,0.2099446286073568,1.1258980734873165,0,2,0.5218643444258202,5.0937942160821645,0.01352579380166493,1
27.04297840976323,93.10660166948774,1519.3124721980103,11.074625292669198,71.37739374941793,-1.0389891372689044,0.3637370495344091,1,0,0.6046682216218091,11.675486996277396,0.07529632969948,0
25.420921121308783,94.7310644618828,2499.4463606227614,7.359881506615775,114.99828190840907,-1.3807206006046315,0.19767910604748432,1,0,0.691846543445348,1.3831930348614474,0.16616718575892464,0
24.911455480499598,90.25867862112213,2353.7781499385,23.103962684656977,312.7500291780495,-0.8329409969796399,0.20652608802260275,0,2,0.5721748700207056,3.448552850495349,0.002103271757107542,0
25.976096879430212,92.47993425469235,403.4448398324183,6.808401818102951,68.16693228865505,1.2110145228246147,0.0,1,0,0.3834824534539547,1.3498344962781794,0.20259449711039004,1
26.318582280876036,91.55149296303816,1042.6063789517066,13.675671823552944,205.62620380302627,0.8487317539529187,0.030062483451668287,0,0,0.672757329799863,1.157886820444623,0.07008017502768091,0
24.710828089638696,88.97540078571515,2622.7503402019297,7.6904086532972595,192.62716217474002,1.4772254502548916,0.0,1,2,0.7719854417767616,0.6253664737931457,0.21926735263412467,1
27.564452300444128,93.41124958454739,773.1339380818716,23.73364219224844,223.28597182214935,0.21232448190251538,0.27361028101449114,2,0,0.6772461078191097,0.29631774439172337,0.03621147514123543,0
23.509404457827458,91.7118272947578,796.9403660067181,20.95949159771221,66.76440077809177,0.6349603346555124,0.32076451017766494,1,2,0.455825433013042,1.472805630122634,0.1835643471742367,0
23.54414546378989,90.06028934718177,1692.5423560470233,13.837995734670985,292.52865209422635,0.7038076493013575,0.23605903380200954,3,1,0.5970789114517031,0.9150199734660203,0.07530306603732324,1
25.600278501590616,92.85391658672638,2448.598950635559,11.633583546259926,163.81631583945384,-0.5854659534173516,0.08277598992765989,0,1,0.7392373067145527,0.8280113066687154,0.05477089936980496,0
22.530128246530115,89.84456851443453,146.9586484689696,21.65285472826371,303.27154238922077,0.665063085024205,0.6657581468724042,3,0,0.8846985666984275,0.5178188843178847,0.10640658268909556,0
24.083354093444843,93.92068724564496,3105.1692226250693,3.8120002838189224,359.1033653173579,-0.07060179168104015,0.1846256290148316,2,2,0.5405733958099824,0.6947626620140873,0.10415760676683339,0
25.582269272141154,91.97126197128978,1320.4362750231319,11.156144890378282,205.51195487004046,-0.8959054009285634,0.19875542709857436,3,0,0.3444843945871647,0.7632783993037832,0.06434605013841059,0
27.278336721811574,94.89549408944107,1611.2583038330145,37.08475661965841,329.1268635099133,-0.5748924185543153,1.0250836139128363,1,0,0.6582529342780685,0.6923651040284073,0.10441304783228028,1
25.157389305473068,93.69902384556218,511.56986815017666,13.658339651977748,254.10043106159577,-0.8530379997134243,0.40778207420256585,0,3,0.4662714508456197,2.638467269310006,0.07684063632996332,1
27.118256739928544,92.12033316069673,227.43374961561102,7.8547496821875376,202.57025995159177,-0.4057906609732177,0.0,1,0,0.7379060270863637,0.6844182616766714,0.1959354744570677,0
26.294216917956444,90.00310073627918,2874.98644140755,20.31367902233844,300.37459507533487,-0.07037418432348097,0.5254276682975522,0,1,0.3418486543458497,0.5481641821257797,0.10542850792550801,0
24.115925483990374,88.7912344717429,349.60968973961405,54.367314099701716,309.77898705171043,1.0793883441063405,1.2574388409237314,2,3,0.9718342497966237,0.30952367658730473,0.08196946289801792,1
26.266177315849042,89.76235353576989,254.75690958831706,22.35316315439243,112.17687339320527,0.5674696139964819,0.5603115632834449,3,0,0.7602387630121819,2.1413699863085354,0.20155018645870762,0
27.165242142469427,91.55801925081036,690.9110636725975,14.014222835415596,83.67954549888881,-1.2769361176042486,0.0,1,1,0.6648897566939458,1.7034327066965984,0.029532870742486686,0
26.65000673547155,93.09615270362306,1520.8342930304555,12.13603416734293,322.27939754169375,0.34659590503529164,0.11938958738314362,0,0,0.6726913700614092,2.3532407659041086,0.005978129107870895,0
25.613317921575174,92.23532243063818,386.72919375736774,12.481918602827534,322.3092558651373,1.230993376626293,0.34748661021232014,1,0,0.7327664463330066,4.123241476200709,0.35847857038632075,1
24.725315622644064,89.62172904371987,1314.7998083097773,11.731961522819441,302.83832103308566,0.2567663411488036,0.21076707073528636,1,2,0.9815740310289167,1.238635602100905,0.5044075975528026,0
27.640719574370127,91.80072691910057,1548.8305649367371,8.49971782717735,236.75923296047557,-0.2994023926691449,0.2978225486101651,1,2,0.5559416136451826,2.454197338748568,0.04282419647770918,0
23.164063407430717,91.37789557158777,2928.5432159014254,6.680758564832844,247.0079592431132,0.2402357871197975,0.14641591959892694,0,1,0.6434387241011901,2.8916436759941075,0.03376575754264125,0
23.3087524315536,94.5376854665349,1353.4102582737241,9.31196960663184,154.2181674842367,0.6966606412791607,0.517499646935043,1,2,0.40072770437527205,3.157593360205242,0.13741729189524296,1
22.76855193756739,91.46464245405816,2954.166989781834,21.57501488883712,257.9448113837626,0.526391325444487,0.3827077375222084,1,0,0.5292848012441662,1.3368578861622478,0.4224047457724727,0
25.772869011854603,91.45412611347808,1952.4158187985638,18.095443236970837,335.0751367051303,-1.6706088260128131,0.3439284627941066,0,1,0.6179734375409638,0.45110569948640805,0.15904869752004364,0
26.42743440325987,91.91086885366636,3068.6350851474363,34.778511542260105,251.8807428969516,0.17603157585555332,0.5317268178980711,1,0,0.5551329345470737,0.7267410567848931,0.020600227435310103,1
25.828831828298412,91.32126502731128,924.9804838602221,33.353508915,222.55569473788688,1.9150386855327848,0.6045486223381464,0,3,0.40262982528385116,0.6115347411800051,0.03584967434951698,0
25.69622831572851,88.51975857379372,2252.878638075228,18.54868306751206,112.79014578430329,0.5344558217785341,0.6081699569688628,1,1,0.537084283454021,1.3149251381031681,0.049932679901467346,0
24.082367603163647,92.48217977311747,2060.180511574451,9.437729125424472,231.40594367701485,-0.1313746320541986,0.06081263927226005,3,0,0.4751150005019371,1.5555117294702667,0.06276030078677167,1
25.350273473904316,92.05809544314722,971.6091505909885,10.218115627070295,218.9675959558454,-1.5451446249747471,0.41057351626562855,2,2,0.7357093753076509,0.17400105669577365,0.44216243975078157,0
23.374592411751284,91.48790238881897,2370.6924422686734,23.742336822874304,234.1215202643268,2.8053120481030978,0.17185610420237352,1,3,0.6360000456146553,0.8960000190141363,0.1239512662853415,1
24.65336796928078,94.7063333599018,1958.4688080644519,11.243571457475374,124.62657715121804,1.0947172217477035,0.2542521147858373,2,0,0.6152315486698656,1.0712683340696838,0.003371136824590279,0
24.37062178699293,89.9187852899241,2661.4260537785667,15.111748997974079,34.16503374698421,0.6745779360799176,0.182196340366498,2,0,0.7961498178109071,0.8397853460335089,0.04833309684676954,0
26.22400830379004,90.51376965475525,612.4515031717076,9.167552228876009,287.4429854682872,2.14975734774323,0.2832100379304893,1,1,0.967161036898504,1.2999245119811838,0.08886175746262459,0
24.186847000793794,94.62214142610338,1749.552724142414,25.696579062876346,351.53311345514715,-2.8341124155091135,0.6259453441507815,3,1,0.4476025434213091,2.6146170333385244,0.3316327002401835,1
25.76167615850227,91.86792837647818,1145.127991388096,18.24948118139039,317.5981510697902,0.2600177481534508,0.30469012419516034,2,2,0.8323009234540593,1.1659804187442502,0.05811761399606922,0
27.031610296888058,92.8263484790703,3185.855660590497,38.69859578508931,128.59566268790397,-0.7769593763625023,0.8827251624129424,3,2,0.4747651549895665,3.907023426923089,0.048048113068740496,1
24.57090349041312,94.08293043234673,616.2391745458377,42.0847124456925,143.916698916,-0.8003177287009094,0.7797014305230455,0,1,0.5194391351038504,0.05810456460572588,0.03480923733934409,1
26.929039843217566,91.46194568586924,2559.682354870368,22.554586082488235,130.37776676344438,-0.49317960205361616,0.22199664058573856,3,1,0.6586641967980716,0.8359142821891219,0.14835645142445478,1
23.447829779296658,91.02922321952916,2802.7385645062386,6.262432701565003,100.96529398334887,-1.5090713985596969,0.14920744083957588,1,1,0.5510683830537589,0.6533965645286414,0.032699532885618714,0
23.721638912354702,93.74870211856602,2732.6837387713276,18.860325837498934,310.9905978388161,-0.07583501668383029,0.27821847666137284,1,3,0.1606705602264285,0.1640757010749928,0.03598633977360396,1
26.625792510897618,92.51788778444448,2585.02909153104,14.926847076258358,175.69920994307512,-1.2576363743505876,0.406949600179812,0,3,0.4930089186734303,3.9377640957499467,0.09908762185168729,0
24.419001894828703,90.51143826951129,1953.6410599414935,11.0322555189876,157.084175298947,-0.29525606278902805,0.43005969956187007,1,1,1.0,2.7077872977448783,0.05591084529168094,0
24.141164789768194,90.13952200282822,2453.003809837175,25.090174792512833,156.0259803372796,-0.5437108437150331,0.5365779517267459,0,2,0.6710681144666972,1.3562998945194942,0.14815492774616254,0
25.580348889644554,93.75425729293183,2876.3818632913803,6.261347134263267,291.76671033328444,1.46652482800599,0.26444911394781917,3,1,0.21252002666211905,0.11709768814516765,0.016384974479261575,0
25.24680588112387,88.51285265159657,1171.0896206736975,42.7181526200193,309.0071559647342,0.7257322149982198,0.9688094231411349,2,0,0.9101775927539365,2.031412586120778,0.17484949537129457,1
22.953035831015303,92.7139831549919,1710.057012592048,14.375251766489754,64.40220681232012,0.40213117381080843,0.2641803223326147,2,3,0.8176470051851613,0.5441351961263331,0.07009267420037883,0
23.6671266037063,94.21717654642326,1923.9634210787376,9.953603571258151,250.74260366260717,0.018122234087035862,0.20098913667962345,1,1,0.4368177503133724,2.2947754552165938,0.1248851284984573,1
26.261929712111048,91.4407810992637,2154.730893718362,26.252904368362465,94.71956816934211,0.6403859005866983,0.20621596872686015,3,1,0.5099785002239146,4.003025477111483,0.003778542645928114,0
24.566100343432723,90.90925686728237,2759.8037164818347,17.533111934267595,351.0301720359096,0.8958653562957967,0.45713181030005107,3,1,0.4772133428509788,0.15010320145766803,0.2011955149422649,1
27.245245481734873,92.43233099135817,1465.7172237516234,14.4646222894515,53.95118254289756,-0.5705755802507422,0.452837328259942,3,1,0.5936487956757447,2.3605859871535393,0.035555558861979884,0
25.37794866554459,94.99972109332059,2053.812412209033,14.06129354401007,265.11205944080086,-0.4308684697342842,0.5160148266816349,3,1,0.25484348247762345,0.3677537400234473,0.0015976991877440846,0
26.071235106411606,91.74803470823633,298.66419294743673,25.988495569198165,64.87680652958456,0.05659944996717629,0.3449036368535515,2,2,0.46805561297390885,0.869495063629406,0.05882149913609422,0
24.532908372716555,94.22121155985236,243.0679949682321,28.13020708787308,216.32341254472618,-0.49088206584929617,0.8095259068953568,2,1,0.644740584428567,2.358447464248841,0.17025180576856866,0
24.732621534633186,90.72079923009778,357.5262968857424,21.80236591996855,55.920982850328244,-1.365259456770943,0.5348181218667011,2,2,0.8337917958169903,0.43610024017989263,0.2434406886112179,1
24.874430138976358,90.94778408015411,2070.683440108807,16.441759911353103,220.06275903978212,0.4562172641207515,0.18080965054365025,1,2,0.6962635443922285,6.180178619609747,0.045379161097438545,0
25.581741261006172,94.108164838348,2863.330719009073,8.905351935644074,131.39416357474272,-0.15940114583237994,0.24879900264001664,0,1,0.6543347014361398,0.7931161783217251,0.2121386519993258,1
25.22038883144857,93.46500427025904,1935.9094038573173,11.28590649548941,15.576535277103885,0.6824984315967533,0.21509160705733069,1,3,0.6119031255950127,0.32338542673273424,0.002730507427839906,0
23.171961708089114,90.08801158146676,2102.4058214080924,59.68276556766271,58.50126232099433,-0.9129763671373499,1.3210254463720617,3,3,0.6668949281076455,0.27005839761481687,0.20426688649382438,1
23.811836927632903,90.90044393269707,642.0641306555498,27.110447174853874,83.6829628387194,-0.7511011750200804,0.5037968004517474,0,2,0.2951660481115707,5.812227884989215,0.04741387324418508,1
24.639546724487285,90.57893151403272,980.0295207273833,26.640779725766855,274.4092180480716,1.8003265120616876,0.29552513032555194,2,0,0.4403897861523549,1.2774187359937712,0.2501295774378621,1
24.235164552904802,90.80891682852442,780.1014151715674,6.65816715870133,48.4366098683645,1.7695820883189142,0.0,0,0,0.6408748788569809,0.7559734582856815,0.002578940413249563,0
26.23944722351824,92.78478486931189,1676.968431993073,7.512662709217034,333.6903840317386,0.6939777767008111,0.28848703635542405,2,2,0.5368983147053965,0.7576353286666713,0.5536061503760701,1
26.205826452897405,93.81834694345694,2495.112922826672,34.46274833234239,12.863862864811498,0.9815925737976863,0.5454183811012967,0,2,0.5014730484984463,1.4016964536916643,0.026802387041859513,0
23.86223240632384,92.8686651966799,1305.155179606181,15.89466682507537,348.92511157050353,-0.30238496875303494,0.2729576274663808,3,2,0.5431194884653591,0.6183907212965714,0.07744203415977136,1
26.199942111723026,90.7704742181678,1906.8428813687315,11.645687109229833,21.68487383741248,-0.15096314716112064,0.19533825178612108,1,3,0.6011296874693658,0.18195711202503076,0.025862613857290048,0
23.619598107096486,92.58041226916616,1655.1906541079713,31.833947081629827,313.01741640880573,-0.5773533049206581,0.6236781352098009,2,2,0.5273456439103302,0.7545879592206548,0.03661629178715444,1
25.50426636954255,90.70997866730283,555.9721991606764,20.12445856260681,313.45861921657854,-0.18362330310222175,0.48571591920981927,0,1,0.6698319311907897,2.95680445993219,0.01153280775806274,0
24.488295022323946,94.58178682921744,414.4767841726096,17.41077098179939,248.67361244859242,0.5015377915520406,0.10296730790487044,0,0,0.4854161640407503,1.0821488102810846,0.024838570114355793,0
24.91882641175738,92.15322879010782,2948.5767864144213,12.196059956474143,316.7933591273453,1.1482247026050325,0.14472675301597165,1,2,0.41084518157962757,4.490401826139061,0.04658744002921178,0
24.979548985965614,89.4248252158516,2101.3813607837656,13.215499512672215,32.21671549432021,-1.1371801487971294,0.07769599229358379,0,0,0.5870589297639018,4.684164542590437,0.060369070610171466,0
27.45781557814543,91.82713277522429,1612.385390906759,12.422531591163088,91.3361277278282,0.4300069444939423,0.529503232179799,1,1,0.5243752250827158,1.7274421983446175,0.04206763036723021,1
25.298901170443344,90.65102531906314,1720.6809283324426,30.963443732005707,256.09060580543627,0.5565737791225179,0.7924401617889978,1,0,0.7938553888365012,2.267726738088391,0.03357853904374571,1
25.470830478030457,91.43194651082572,189.58018982368742,6.971305985272677,193.45851224233812,0.11587594936789411,0.3538040620181807,3,0,0.5567548498830295,1.2024203697478093,0.03520728841719361,0
26.822195128885618,91.74990736989207,321.98329386841726,15.743607988727744,294.17167143531304,0.2548950756738367,0.267380523180588,1,1,0.6497248130868983,1.8807121437006034,0.004215332930839042,0
26.523691488682797,90.67083861731304,955.0208583101142,14.744249747531729,91.89134599290301,-0.13060062312335372,0.10303667333114327,1,0,0.49574546299787736,4.922915321694842,0.001913206023329856,0
22.796270819345494,93.4541121346776,871.4783051311882,21.91008159567778,191.4420777050425,-1.241897032275837,0.31230622045209094,0,3,0.45149526845717447,1.5827865756801385,0.1217171934690024,1
23.593229809220713,94.5774836077026,388.608721614807,11.428510756363856,117.74504960191412,-0.885945387440795,0.2735358586161219,0,2,0.9725382384393106,5.61075862822571,0.024369080575375734,0
23.72466022758149,88.99421016873585,2282.337066639421,16.539282690804523,141.92152333140024,0.15776937378414446,0.24792562115314792,3,2,0.6833602957676235,0.5519143071652729,0.21055318080197316,0
26.011900511758412,89.5013576236761,1364.0139013471999,10.802442380825685,85.23796701806695,0.39839562965540287,0.3331214853044278,1,3,0.5254309698762883,0.5953342428238677,0.08975231378024806,0
26.178437932862327,90.58912165070396,888.9101194186748,15.62540643686957,357.367305860827,-1.1781067662455265,0.2989611263427045,2,1,0.7843885315668826,0.9375091597127659,0.0045121870357293465,0
24.166036233997417,91.21953858053249,3119.3939457066695,18.988198752558223,287.58132227058314,0.6511803469141083,0.4611141355020725,3,1,0.4153183351704851,2.3228206326189205,0.045621558053733996,0
27.22100657159062,90.93121455255337,1929.083415155884,15.557265181405244,91.90383504097996,0.683408027666782,0.20725529094050577,3,0,0.6498385930972036,2.6716315285408863,0.04707836467897314,0
24.697471306220372,90.29367355248974,1060.5481907907024,12.326893090655378,299.8206763774832,-0.5208659750097704,0.2656941376185916,1,3,0.284547535552927,6.809468966308639,0.16824477536013902,0
23.304217599594253,89.27572224316087,1297.2992918568066,14.29644797132553,251.64753633671944,-0.4722466418870526,0.22423067406036012,1,3,0.5574826174065373,0.8850455513473141,0.16958237238247575,1
23.473780755340183,89.93089456032557,2619.553948027957,4.341686506655617,62.568390587911395,-0.0961058306347794,0.22775347788409084,0,0,0.44428958388465123,0.4562221578814521,0.13631347028836446,0
22.770378262328464,92.03474150585501,813.7207308867495,28.405151849056544,333.2172215153577,-0.0682543085881165,0.6460151967198084,0,1,0.783699300433338,2.013672286622449,0.12027242461644605,0
26.117808645673367,94.13638035775661,810.452267965853,27.45773517581526,70.86561799385387,0.6625048725635247,0.6266764037458505,3,2,0.5673499490137247,3.281605698781041,0.4212383776424026,0
22.760081357554,88.59359142373347,1596.5224054683865,19.54463500618414,307.1979051415085,-0.37970511241478616,0.23790055330688187,0,3,0.3642222088428181,3.739388759501225,0.03034082605708088,0
24.35067019801319,88.769088996143,3047.6050182008453,7.72800955187116,229.82616838457724,-0.06521205237308736,0.22454318932796513,0,1,0.44430468866428197,0.8174870255016268,0.08278011811913089,1
27.41570056693146,89.01557384279123,987.9569391478207,17.66692797457047,123.00276920156858,0.5926011643804352,0.2609419953743134,2,0,0.6427939032559471,2.5835231993803993,0.05951733925756996,0
27.596167259754488,94.33978219378892,829.0161158796545,13.12647515427833,62.57850388929206,-0.5708056054436963,0.24019241424709623,0,2,0.5446711586469107,0.01088710618228124,0.04417093138407073,0
26.09689675964571,93.39943989631375,397.10927016672184,23.35199753369959,83.97887308305884,-0.2884090527239492,0.6057639509123336,2,1,0.31004890353141934,2.2817956545899,0.057499770641376007,1
25.099501234292724,93.39187831927808,100.41863037055552,13.671313810889073,10.162508350053919,3.1110273218372373,0.2722205002178751,3,1,0.6865727581380305,0.09813421837708207,0.017401184886481697,1
27.185720450399383,92.21878008472103,1924.019168906746,33.32272827934105,64.90229425274013,-0.6492333579817837,0.7992288158032751,1,1,1.0,3.038068205827837,0.15183897860995801,0
26.063805419892404,90.10844059267448,2005.3227862883116,2.8649175894880043,306.79347131589105,1.157915456352117,0.016574186754914462,3,1,0.8673671322217222,0.6893779053898613,0.19472775541326004,0
26.156357831599657,89.66819639052443,2180.539783536196,20.607560949322483,169.16201931094753,-1.4060311971642363,0.3452998369770651,1,0,0.44941473385286096,5.178918327546701,0.06379476830670425,0
26.08600577155194,90.19582372351633,2595.60544559035,19.112239815831686,98.65914683296009,-0.24865772995495525,0.4450961929976949,2,3,0.6518294387756661,2.031024683970261,0.04548841597411736,0
23.060391726130767,92.13905035482107,2240.941280034155,18.88005550124044,53.619277714661536,1.1397761089635698,0.3035476040918883,3,3,0.22766161808837398,0.5549732378667996,0.053534491926391405,0
24.93928753906994,89.54843413198195,839.059076380689,6.485611194122541,200.7220437025236,-0.9292410626948826,0.0,2,0,0.5532401465797092,6.427900437078948,0.015362072415479011,0
27.654613844876632,91.50415658579296,2707.2367501718104,64.31761113699324,327.0664402272156,-0.48484344166173715,1.5,1,0,0.6655769310453539,0.5903634280820614,0.14334384537157618,1
24.43591218720279,90.25784820199888,503.70391696085835,27.811029619396393,94.01977925468873,-1.5743858076256896,0.4798808465368948,2,3,0.3330114637755327,1.836028456810857,0.0057090475451153505,1
22.5906018143624,92.5660115375135,1364.0315903357928,7.506448934922127,279.99346214313226,0.1887490734094527,0.015296780811715066,1,1,0.6946945076392628,4.829733939506143,0.20954418678235412,0
25.07364445181785,94.64018357188866,2341.159497995096,62.02701304449007,110.31763667232063,0.20544338430282574,1.3748490033999525,2,0,0.6846926310115394,2.1171905164355556,0.00880297715297755,1
26.455736520240254,92.79191644158315,1186.648136259044,38.96448519843494,24.390456185302845,-0.3839462558267528,0.6024201763492771,0,1,0.4273149000738183,5.707632236883171,0.04030020291057979,0
25.720373724903894,89.39140291995749,2418.9784640713615,16.69721260662215,22.952726228843705,-0.7690377035905946,0.0008891503706410231,3,1,0.3448110041232245,0.2779649078091651,0.11580525922593571,0
23.374497520136774,91.81533098847804,2082.8080963230695,19.57086310899019,350.7094607638795,0.7331898723755534,0.4547688436762967,1,0,0.3751622045744126,1.4723522141294652,0.0037569208420745273,0
24.8120513017641,90.10028068616519,1798.8099415631582,18.012361278695597,104.18280210992471,0.4033675143178838,0.36182152921331645,3,2,0.8428448601593217,3.2927212593838204,0.14792256950356897,0
24.843065548723207,89.68380629361943,737.0635419678197,30.81074428273572,37.191270623478786,1.0255506603109674,0.5056390912140952,0,3,0.5693790969269613,1.7322998528285294,0.3668025546605388,1
25.45450928287191,92.8353780585567,530.2289461777966,4.534166643299582,271.09143607281476,-1.3646198968979242,0.14374439273608866,0,1,0.48075192131321265,1.899593411811667,0.18194174495573337,0
26.936919904151825,91.66627847876674,385.4438261366223,11.400722312649123,153.21307095677375,-0.48152828780396206,0.16488599907142715,2,3,0.5096489540981967,0.5758921952096221,0.08823287430498473,1
22.585997626088517,90.98074026118788,2196.984254223607,14.809642367148761,203.63882650216868,-1.2449522480086155,0.21987636941296346,3,1,0.5402235884514182,2.0425172506526605,0.040129395363777916,0
24.724572325905118,93.26393262117118,843.3299273098222,7.416995674090276,209.79402483752395,-1.3120125750186744,0.07871863556309347,1,2,0.4961106283533927,1.8838665660873435,0.021268052230376505,0
25.82228755252921,91.20509509069802,1364.2248365475089,18.379074556924724,9.312698870725145,-1.0739104462458848,0.5489069463936008,2,0,0.5663946687588536,1.995727653023659,0.03326994115442479,0
26.334133054599825,91.68000761883643,2000.8837714796305,27.786719310370998,133.75818324626565,-0.7199036107504369,0.7611314340480608,3,3,0.4993736000060598,0.18337652071939678,0.07773812934512708,1
23.397273978719838,94.53362525978534,239.4501609056592,20.36841457764264,193.51129435207625,-1.2998169194682276,0.32307529949621366,1,3,0.5974519850961345,2.3011685990862856,0.01636030809671288,0
25.732187752139126,90.37950250787868,2830.0961111198744,35.697010766735346,330.69424311133605,0.6148393920709179,0.7189752280089593,1,0,0.8888392315605227,0.5434910538233814,0.24412200948451043,1
27.613536217179536,89.46176951270513,1434.702587954992,12.119792445763512,153.33898815515462,-0.8401244659524569,0.2267212560525356,3,2,0.6784158648922882,0.027578767378624174,0.1454667078491215,1
22.58404538769877,94.2227079071143,2492.7552365015918,13.697022618489157,321.9636968497235,-1.3063709437498046,0.3807516771605613,2,0,0.4357911483943828,5.3073258038970526,0.07038582018205918,0
25.460533837314145,90.00966652961593,1370.2858574152085,10.488245826752678,168.09568384548254,0.8148075788976629,0.14660340271099373,3,3,0.8155159536939466,0.037878992241673126,0.1429734061367832,0
24.08593851078134,94.03361652518633,766.5205518579277,57.46046168919773,242.5997406340902,-1.0798555472417941,1.1524433501954539,0,3,0.6863753059425827,0.47438603290963566,0.032653005677014506,1
24.19990584176002,89.23265837816656,2198.4404933488718,6.903151519804474,135.3568388793248,-1.1428279183441141,0.0,2,0,0.4862481632652495,2.3824376019089084,0.17187169440782502,0
25.90565436988182,90.01093232875097,1381.0994656000655,13.61330043345137,75.34157541282991,-0.05033256405941083,0.2855697820286724,0,0,0.9441301272915316,1.150053887962054,0.10237126577999718,0
24.04924033996446,89.96446571959638,1381.4268875956657,18.606104422079692,159.24951603217653,-1.9224751858071523,0.6267562755036671,3,3,0.43706804623617806,1.704690147704102,0.00323606293185773,0
24.22448200823057,93.44743819790477,1500.6772789766887,9.980165687102243,28.467293624203233,1.2037890395998239,0.1845727153660289,1,1,0.7132482633542521,0.1049096236077836,0.10304755088690165,0
23.143967811116088,92.07772056345112,784.2409759141242,14.90693158453939,259.09713839702596,-0.20786993742779605,0.36484743389712615,1,1,0.5441469283383933,0.33509448038658834,0.05189371888148724,0
26.353183881942055,90.9647816661026,2118.3949756949446,16.50076432224222,300.91536938524297,-0.7737385624780454,0.1500490796472629,1,2,0.30265829452896065,0.9409848770824231,0.1900537451495241,1
26.973392823103783,89.99238644196083,591.1266629557509,27.619572653229916,236.14298315035575,-0.44290312288041633,0.913877632468231,3,3,0.6744681208625607,1.360607328108914,0.029976987995432487,1
23.93333579732778,91.48936328600055,2451.5876172576154,18.837819412255655,157.8863845285412,1.863694797206862,0.4647162739714775,1,1,0.52433347379921,0.709132526604167,0.002372850502257302,0
25.166017133432028,90.94038759413577,2605.681217778573,9.084344942412475,176.40920586939552,0.8464211199447693,0.0,0,0,0.645596422310057,2.7096077639808955,0.04151871054807482,0
27.64455045539819,90.81095066360216,2840.1758800582065,6.93510373043761,5.377823033905322,-0.3198614668176375,0.25707262662640656,1,3,0.48738216120792754,0.6036113043880534,0.024114052156368988,1
23.21293038174974,88.93052538591621,1866.00369498249,21.13100358161217,101.18688933408387,-0.40731591460675676,0.369967648447963,0,3,0.42482620795699816,0.28964573330438104,0.2916977731842563,1
27.493408499199525,94.52516106492887,2976.73860381481,30.372731538802245,172.73486618992973,0.8172154514091747,0.7484907978561486,1,3,0.6872648084213308,0.2889186022335241,0.17196111233964115,1
24.095759388559713,93.02650764497577,2416.836796871199,55.204957615758886,352.545007325877,0.024880944473693396,1.0371312810802105,0,0,0.31145392089198937,5.195448595653064,0.012902818025116038,1
27.522665856033214,94.08729996992344,3116.1466089363785,7.402462395276116,3.625715698644436,0.8985332666128548,0.26165055035212026,1,1,0.7044280129350088,0.5469066869424756,0.13931133966325268,0
25.535432614648187,90.1698815453364,2954.0033933575387,12.798673290337135,321.25609324117977,1.6188680383093703,0.0616854598291626,1,1,0.3994571104318343,0.30437984412792884,0.32696577449599123,0
24.532500299820033,94.09177962745906,1738.8100594343355,32.28377927635762,214.03662745723184,-1.2514085262635708,0.5534222392151719,0,2,0.28284209822252077,8.148324883992359,0.07482403524998188,0
26.94430246730663,90.32067408036485,413.6681554343541,21.684043441673317,226.69371511707544,0.1543587983684132,0.42994878451307655,2,2,0.6717061334984653,0.14610842208234737,0.02603410148554025,0
24.97857593431506,91.53205117360226,2175.344485933513,16.263599059874124,319.31571203987863,-1.083635081032912,0.2332668470245139,2,1,0.6619128470942942,0.303223899382312,0.03549738336810284,0
26.28407500973281,90.08505620816317,244.2787448543976,22.99779584687927,100.86248027136074,-0.014509918388057284,0.3404439632429117,3,0,0.5151743846270612,0.5863169407774502,0.07287101014700009,1
25.435026492431472,88.92228302858778,1143.9405997695155,13.229011822522814,177.7710065892307,1.0273955995010517,0.4341604407245059,0,0,0.6478054514062996,1.7628594749690782,0.31679414490806,1
25.983050063147715,94.43580830171511,2314.5926363482968,11.878699383675725,58.418017694372104,0.7751053490849977,0.3021531027062973,0,0,0.5374200921367387,0.22814224476128428,0.1548828216939901,0
23.405755225064624,89.19387423388267,2530.4171068748124,16.116417087660977,246.29044655978086,-0.7065968437816478,0.20924838202645843,2,0,0.6122512133716794,0.05955160897699006,0.13941023792697282,0
25.129778439950933,88.51977938706166,1424.824202954217,11.598535925380885,242.0679816189911,-1.8691616414728263,0.06618643102231414,2,3,0.4834674225029965,0.895123376364411,0.016903118215906548,1
26.73709350622057,94.61140120460183,908.6665304064372,17.958757622163454,244.792888695923,-2.172941383679116,0.27126990953675206,1,1,0.4444164468653062,1.3785124114740381,0.0493559437785094,0
25.164869166208717,91.86888973146635,2233.610154401706,41.713467107356976,38.53344727882346,0.40557654200246823,0.6952825307758048,0,1,0.677029704762911,0.15003666171125876,0.1898609525684828,1
23.145025322619297,91.90347475770457,1843.3901190798128,29.69691864548929,291.90946303270164,1.5005799118379979,0.4086460689830679,0,1,0.6301539216630556,1.0401956011093694,0.2879543638700335,0
27.18134611445543,94.93026638544158,2571.726016608372,12.59975443074624,39.64842634343395,0.5847365333247866,0.3818594608531265,3,2,0.566525110536547,6.80046438238933,0.07010592025633346,0
23.337211047645845,90.52216814246829,2121.4141133391586,29.009778209441315,212.70330226230945,1.5499519578287684,0.4814745737125156,3,3,0.24255360073553212,2.06553503996937,0.11638665293663547,0
24.422567243713466,91.1309320668494,1981.9654828681935,19.51056698812742,159.2713103732087,2.6555130487193583,0.34265055674738554,0,0,0.5432529832939534,7.5476462165842895,0.06797025844804706,0
25.76623022522567,91.0371746750856,1423.45072719216,23.427083242043132,255.99057915836548,-0.6056676727082282,0.5276702032774843,1,0,0.5794821674065375,0.056012664325034,0.09415440581537839,1
26.923660899333125,91.12607500518313,230.31702539173224,13.666674801756706,48.70558421971961,0.09932696059857436,0.1998905561448107,0,0,0.8050621535366642,0.5427398905878347,0.10332102544816345,0
23.75036080063989,93.7371588149157,2986.3715771304046,8.373895934533664,294.45101225079935,-0.13060296450556305,0.4476388356453531,1,3,0.6723358776812348,0.019409218814814413,0.3266655192526214,0
23.78108996931454,93.68099213865766,172.48883577155948,16.114085942459507,320.2829034482958,0.37254103263737026,0.1741520966826649,0,2,0.5324254182987891,1.489931136153054,0.043941263990894125,0
27.390886872294054,89.45093939686946,2444.1408690625253,20.40673000786684,57.87141814215365,-1.2705543696607806,0.4474060685155748,1,3,0.711923118891147,2.3833701994776475,0.03130360242510033,0
25.792073118065012,92.27757862584112,474.4328431776813,12.469331121099652,145.7279743708562,0.00794060205469651,0.66399701143034,2,3,0.8004991685947436,3.4823555808168676,0.002634772055130232,0
27.164306552316816,94.28107439602273,2815.6498445803772,19.4316556635269,323.95100320053115,-0.15585047738786076,0.158996984577625,2,1,0.323934142332944,1.1601247603680593,0.2297855765176008,0
27.134040988828826,89.64187272087968,1496.2346841466488,26.474243629438764,257.2955270603778,-0.28684724474036566,0.46353535838840115,2,1,0.5878324054229457,1.671017057843281,0.08531965614282724,1
27.656352308558265,94.07232554094911,2049.124972107089,9.955423682612599,231.12728206499588,0.46305271584138724,0.2650667528723842,1,1,0.6108655318172741,3.010413427828787,0.18230691441124017,0
23.072011257499668,90.45924497376944,115.88035082573585,18.10925406759702,336.6360007590104,-0.37258841855712194,0.5204645697975585,0,1,0.43740831870160474,1.3006125285293955,0.04696872777557586,0
22.908800547425216,89.59103796954531,2162.6415412855577,5.9373254612328,353.8911572475094,-0.6510677962739593,0.35098657365872593,1,1,0.3712389369225842,1.157811871444858,0.02615117327111868,0
23.5455304149722,91.82560543248715,218.47144350719822,25.430568368914823,267.4639892070409,-0.6658153197258457,0.5913820815954163,1,2,0.830861181226051,3.4595455949091933,0.0005881768928710994,0
24.003500576774695,92.5257830061237,2190.2187105054513,20.7133394003425,267.2622679008261,1.3026867733031924,0.4151891002531968,1,1,0.711634633259278,3.639850408601946,0.3681545156301038,0
25.019260537368133,94.96858410501834,2560.4982515371266,17.309885721374012,54.27586693181735,0.6389384741346508,0.19283854980683807,0,2,0.5991664783203242,0.06532724729215636,0.02096506984527659,1
24.15263897857354,90.97767578073501,2766.843502435645,24.007924018859953,48.336235007405804,0.7118488443128335,0.40130280606412877,0,0,0.2972710708076083,0.025485958544452736,0.11007383280104284,0
25.45894073833447,94.72234336783683,2705.171351312486,7.3120225596663335,255.84695956458847,-1.0456836376298675,0.1760151686572769,1,2,0.6946812429794125,0.09107433062406588,0.04473244388738756,0
23.436970750952003,93.97889343323,377.12977719889255,18.340310963694918,313.4135062607246,-0.14524399811826655,0.12581209319351158,1,3,0.6184149417718905,3.9762308629705982,0.22701376120887776,1
26.613318871911396,88.82730972598357,2039.6839838085139,23.265377709140182,301.0392230553118,2.261529551521538,0.5423519159926536,0,0,0.7121622149753583,2.41808277589317,0.0067111524863690715,0
22.923247804919285,93.61901532391543,1529.680152909313,15.392295640532343,276.8641054060176,-1.2518353012375592,0.6946681811933695,0,3,0.5824715586967509,3.772715433241562,0.0714749410045042,1
22.841821860996028,94.40608046332399,1248.7679619531107,27.707828202902547,83.67618943526438,0.5090592430081544,0.5730821356935931,3,0,0.856214237449825,1.1115112153722841,0.07927921349606043,1
25.578154218908807,93.15470971366398,847.8574128118485,10.70954139984188,180.7630477690291,-1.5484853350609986,0.0,2,3,0.8583954047264175,5.336478713160576,0.0038338515207037693,0
26.367297903675375,90.36923426659902,177.53379924648885,22.761122719976356,7.902242089775435,-0.5455277095673737,0.4453148726398296,2,0,0.47262030332842886,1.120963403588135,0.0034596935089016853,0
25.099754827224015,89.523989390381,1249.8396562286036,11.634009125182457,85.69019610852608,1.6258349214212606,0.3902544930039511,3,2,0.41111002098892413,4.6110862661397825,0.025873670180079925,0
27.033064125123897,94.67738711270327,3087.3694858328777,24.33675401179562,156.28585330413958,0.7474842947908106,0.38287061641857456,0,1,0.4653016370304136,2.140922544795662,0.23843080415949364,1
25.134554462516164,93.28917993760928,422.20737342571846,23.804195521025097,158.07401025458142,-0.23121214409119942,0.8401788215664248,1,1,0.4985864460712971,0.9934678355903193,0.03482419624278057,0
26.055179522990592,93.07256154652343,1035.612429737122,10.925131896792038,66.7965905817592,1.8079515186334765,0.15746394580198653,3,2,0.542564411319128,1.3143682254109712,0.06513067909329477,1
27.2602091843631,92.19221541513656,2161.4156928690018,22.601217153138073,267.28518837237954,-0.1620421877413563,0.26561165550966,0,2,0.46926087928562155,1.232542865936159,0.025250378945721685,1
25.26723094440332,89.07516839003334,1814.5453502776095,16.050323350137454,233.62220081707397,0.0037522669906070805,0.3575065767630511,0,1,0.8348261346160757,3.680554667283137,0.06146492729112049,0
25.636170622195227,94.49654373592173,1385.589057568157,5.191578230089494,316.36228569189046,-1.2250086973127972,0.09795603661373717,2,2,0.39583881831640233,3.982060446517691,0.15989923648706847,0
27.197281239877455,93.79849318394244,2889.480379727506,10.406156104854428,82.63708166830381,0.4876358673632559,0.1547610846920141,2,2,0.4353981798590869,4.853975878671732,0.03975524894396971,0
24.89537812775096,92.66205719705697,2138.199386583994,16.791439394269105,61.21765117720988,-0.2273110421599832,0.3990805830038863,0,3,0.7595201151709557,1.3738558743137284,0.4465691575882378,1
23.465107886349703,91.06238305236036,2893.3504953065103,11.191738301966122,6.197987945344643,-0.8486211164145038,0.22038536962356384,3,3,0.5733369074252237,0.5029763529139787,0.04686201479492971,0
27.27531753663446,90.55148817018285,1513.7000754324336,15.816790883952313,226.17021557046522,-1.7138719055978027,0.2547724861278329,0,1,0.3155324855832692,0.7618050087853749,0.0031252019384349337,0
23.87870668350491,92.01608003080676,2526.1885037837405,8.224646240765555,344.7205553834793,-2.310651339674044,0.1210515180564919,0,0,0.8428977691013874,1.4531692285920623,0.06076947990555133,0
27.54074767408376,90.5829083856499,3170.8072561735517,12.542321533634208,280.8255678681986,0.2232069942456298,0.21239506030663996,1,1,0.6325498869067712,1.2845410924041274,0.018869000982155437,0
23.77245853981889,94.77041045510461,2669.5008558654317,8.614618855060705,166.76970352631866,-2.2670019734591467,0.24274808357198496,1,0,0.7777436341361557,5.436279557167073,0.009324400185628322,0
27.76112936046909,93.61047400536458,2328.6038607296073,20.796963903926198,167.82580936375135,-0.6258215727793017,0.4850859745216562,2,0,0.858592856303555,0.20506724888072053,0.1344334263424796,0
27.786891815543587,92.88885188848232,1204.797189233965,35.49713268070234,52.47545979314153,0.6791581038868931,0.7896665106299154,0,2,0.8044014468414085,3.7762235341483286,0.005884823621709086,0
25.880232160213247,91.2257604805441,1273.4617472001437,12.566474362591899,60.598927851317846,0.7330699118773136,0.1709316898152448,0,2,0.49547966667094506,0.43266200069397565,0.015717904900157814,0
22.584502300568214,89.36685602992999,2482.490540141227,9.867682813925237,317.7997970152555,1.183084175990723,0.12916518721620646,0,2,0.3003484907104999,0.37247466243511884,0.09549178599425896,1
25.717739620540776,94.18017001288584,655.4253398752445,25.04176516672976,328.27792634674665,-1.8419617121438558,0.3358666965710605,0,0,0.8286311419715043,0.9227501179384906,0.1267234095799594,0
23.831183907943483,93.8097485542284,2199.1355178304984,20.025690087603362,229.4775452024134,-1.2416362327671189,0.595380767297622,1,2,0.8037726238610939,0.13983020699712112,0.04845228838694225,0
25.68291109170265,94.0056030496652,1146.3325290874911,20.724497914422816,167.56501592740977,0.289421572851065,0.47781065489211016,1,2,0.8379365928647116,1.2286885920011426,0.0426995681173355,0
27.577558320736525,92.1388924189987,1943.3421679988414,10.873995632127029,169.6826425785755,1.2303988738119769,0.11137100229761375,0,1,0.4188248616549455,7.1031893245004705,0.003369929282116917,0
25.233591904345662,89.80085225139831,2817.6182874579313,22.246994357894245,311.96969163977826,1.0886673120443824,0.4480650809732636,3,1,0.3810851903184428,5.277199691765511,0.14548402704674465,0
24.961422417445203,93.052592130675,2028.4836890081601,6.614893004603511,304.4927491314897,-1.4899379195042595,0.10559259470497961,0,2,0.4529804971511981,0.8105798463820231,0.012084763504276739,0
25.60251736321859,90.67157085818143,101.83370633134591,22.95203092631298,276.2020020097892,0.5997668408069873,0.45588459540245485,0,0,0.7780972311985948,0.634637929960621,0.04641273898171529,0
25.946165854124082,89.4489889289304,874.5519202660989,25.83267936572256,78.72592038703434,0.024941466846518455,0.42570831175752066,0,2,0.46242189344133344,0.03997729924118909,0.13319543952074386,1
23.026635625178756,91.49304158164941,1276.9729611737566,4.832458999554509,237.90825225334785,0.8566972370046712,0.25115046635594207,2,1,0.4831916718534719,2.4930601690716236,0.14359218219558575,0
23.858996591352813,90.55433399028028,1915.1678373280877,7.222718776354613,227.21083185901293,-1.1328195908580831,0.3353180826141571,1,2,0.8662869101216659,11.706527653717739,0.055959973174880384,0
27.09275786759286,94.81090693724362,2182.086718462791,7.758973599420197,266.080914694929,-0.8880613219953928,0.0,2,3,0.6417839482825222,3.29859622040577,0.016654769859853355,0
23.849564613583365,93.2137942670382,2317.855426812106,16.34705890579511,242.90855139427438,-0.7634087185772561,0.25648886306377794,2,2,0.2722176397779135,2.747648011975174,0.22877011567294653,1
25.344805723421253,91.93099124476305,1792.9157071826676,18.66452014942867,66.7680991974132,-1.5971014647005801,0.5927578063438924,2,0,0.3951171387439966,0.521653523820959,0.030657486471004088,0
26.969040416964386,92.02462496919969,985.4559971746929,11.42905207483616,6.3650297513235365,0.06845665960602013,0.15284475006030768,1,2,0.26660322144548637,3.2045801945181576,0.06403028018911508,0
23.80037122515251,93.95127143594824,1860.6470052208288,15.486039312894842,242.13914392702796,-0.9315253339782039,0.1901425861923064,3,1,0.6668026789888847,0.9179743531396474,0.21585554320506561,0
27.621213771389503,93.6490702771314,1358.8616685708698,14.409486295950694,45.952422926357094,0.3513274917321119,0.3355189074778732,2,2,0.5269756084036047,4.324053455655239,0.009164982451702304,0
24.97811281390067,91.09115469775908,1623.4222741883407,14.514576072535025,236.523961330729,-1.2549104997078515,0.34889674637090196,3,1,0.33389500047459003,3.2883308748105002,0.00444192845761491,0
23.9459641997521,94.58221651802899,1507.6965692549725,22.730223798905026,234.95304143418346,1.0130319563965289,0.4489869353903229,3,3,0.5576744996771164,3.615995330766215,0.07491666049113709,0
23.179208248972852,94.66337620545397,307.7901252518186,34.08330819145919,207.92387933729725,1.1857919520087632,0.7913229698030491,3,2,0.5855611020113113,0.39513979263642207,0.17481503296165637,1
27.700467996000917,88.95335166945954,367.5649494271957,29.4760508099285,227.2195301931242,1.4967742890147124,0.6975718929478613,0,3,0.871576404041547,0.6044763657287617,0.1529225609462478,1
22.968244067148255,90.35305577145326,1590.715833592608,22.78492982584075,301.38895138496406,0.355511085948428,0.6463499342989196,2,0,0.3643986900819086,0.9756529654494025,0.11622565987813485,1
22.969376219677716,93.58449728425845,2376.576351243092,28.349572322373042,85.60414771440813,-0.35332277758845404,0.5826330495281918,1,0,0.8058528177371003,3.055807085130484,0.08548796071818396,0
27.664661266763503,93.10692987197415,1909.1805358666581,6.129000051895417,155.43504124731842,-1.6391779105491462,0.05549513923548875,1,2,0.7238930845438256,0.13247677926609688,0.05799108479693657,0
24.422955521793824,90.08838911481935,989.489917168779,17.658535218974208,357.0592596677262,0.2505541836365928,0.3244945075826324,3,3,0.5980002219641558,1.0247465785301457,0.036703016371374804,1
26.797644143781024,89.30936841290062,2584.466471066868,13.675518326062589,226.7612052823046,0.14567619317600256,0.4522207710984877,2,3,0.8675441255890015,1.206282085433164,0.004616290620543986,1
27.4860780620375,89.98882428035375,1359.2794059258367,6.230902066847738,231.50761202731456,0.3537452429838336,0.0,3,0,0.5471756801004237,3.5127328460776446,0.13075928695150849,0
27.392438600249076,91.09951667196772,1088.5135450405562,28.770264450057713,8.716410627380684,0.0009888933750404464,0.6502666766197239,2,1,0.4875494129521089,8.134290113951176,0.07780212896494176,0
26.84228334630472,94.08572549343195,1087.6836414673012,9.557290050446513,6.397535431403956,-1.3470468214554783,0.0,1,1,0.5166697439356729,1.0822639762564061,0.1346561671383469,0
22.782907858176024,94.19455727774971,2481.421878268162,52.34180747555601,182.16894224287253,0.6690144728379844,1.1285989058492456,2,2,0.5259924731876696,5.912912424838666,0.39398572919155406,1
22.809437818948208,92.79286743605795,583.5357286091498,15.231144329005648,122.44401194866981,0.4654989838926728,0.05891533197627452,0,1,0.5718481908720087,10.605954056314369,0.1802926696951329,0
27.61562164566421,93.02346326646466,1036.3651635736655,33.194698513678375,166.27511778550968,-0.2568064156075858,0.742398698661912,2,3,0.5930645741158739,5.9880470397722325,0.017117660657452304,1
24.215390226349207,92.1477464857263,842.4184665879703,18.008803715199022,31.860791224266116,-0.5057661930193305,0.46122780991856904,2,2,1.0,0.2092969535888596,0.051402868486022324,0
24.558375818909493,92.23384838802417,1405.814348131462,6.97513490208687,18.440800219671228,1.2767530895837391,0.2125034963898903,0,3,0.7275558451128046,1.781983872873253,0.0032039431519966578,0
26.48516860861571,92.06878730313518,106.28518638992988,4.084705692468047,293.36836008208394,1.1262578483760128,0.2763169788162861,0,2,0.6107558544744018,3.9949603765634274,0.20062331239005024,0
23.82271321222339,88.58553930770469,755.411780225704,25.99499286814422,242.82381529562392,-0.47458793414199046,0.6384233274272393,2,0,0.6195130902815216,4.995103127490246,0.24049275284870975,1
22.837627774054273,88.67425772277751,1725.9267450175653,23.893798592358873,133.81706472190896,-0.339844025746576,0.43735391666569434,1,3,0.6144944834397177,0.41985363448758634,0.082906160787512,0
22.837756469351543,91.03214265005238,2170.735002265817,22.065459397262593,76.95790431522215,0.19379902849177966,0.4941342134035235,0,2,0.5030921860831994,1.3259223228723873,0.02295900541113359,0
23.02092242939494,90.1230547055368,123.94935105886955,13.692413878000512,169.98536721170962,-1.692583315718176,0.3241584766374655,1,2,0.640116010253195,0.5186023671533332,0.0168435803170851,0
24.434390388475926,94.93525937445412,3092.8572484653023,14.917227496018471,163.7755593575809,-0.04313721298796677,0.4411143621480817,0,2,0.44346137380046036,2.5004305074892965,0.22605177309155675,1
23.31037821481192,90.75631557895751,361.00167981670404,9.06087913630169,40.194405749730585,-0.5506571264705117,0.2623728900662236,1,2,0.45786002148676563,1.842853627756504,0.14382640506171726,0
24.995276011372837,93.9923660451422,1975.9121971104207,30.712119603128006,88.56760097872703,0.2252166150695458,0.5651717356228857,2,2,0.6797869025287054,0.8122390312746511,0.010043870874126589,0
27.682954213585134,89.23897521934974,2790.1896189440818,16.934371616487514,327.6221804244752,-1.5278906735871056,0.1332807986152157,3,1,0.5042605932702681,1.7909993595700193,0.09942337275794556,1
24.44581185724566,93.54486033148645,331.68948212935595,36.8000065877896,85.26580118675182,1.4459400382797327,0.9174907149861589,1,0,0.33230325202575284,0.15510573009714923,0.14080845916877865,0
25.54553992632239,93.90621678091993,2365.5159614391555,16.78878780310531,93.66731168012092,-0.5546451572045614,0.35785999486912445,1,0,0.7119900401714876,1.5501355900141294,0.19035075674553822,0
26.722791535979034,90.463312043615,1131.1872472219413,11.508771625946757,302.25428070005637,-0.4095288614609081,0.3605273716111373,2,0,0.6620259025781023,0.3242667413760086,0.026745561338074667,0
25.09556552177957,94.35002837959073,2171.2892988028398,9.014026344959188,60.802155154208684,0.3578256868236919,0.2960447073221709,2,3,0.4346102426282741,0.2699062918405795,0.0017633072007027268,0
23.394326027854078,92.5941963486202,2000.0799377441822,25.088276560647106,247.59129904843684,0.002257896705598905,0.7314509918971117,0,1,0.5171667409736885,2.0533920048359886,0.04429558200695666,0
23.1543403799682,93.01401828228522,2134.478090398263,70.0,315.10217797807,0.046156513549677744,1.281138277336995,0,0,0.44629417416363504,1.2935942625081207,0.4208646856092039,1
25.133865229083938,94.75458181785392,1639.8794469453076,3.2906565788675857,0.9521717347198067,-1.207751559630002,0.19943036200309502,0,0,0.7763242664072766,6.966917529554774,0.3865240137214942,0
27.741068618811767,93.8993174128899,896.3399639561092,27.209257477292667,310.3437957109691,-1.300142185496329,0.6522073343641668,1,2,0.8660172967042837,0.6817734831251009,0.015911648609429233,0
25.32010409905524,90.83600692404819,1572.7320140670024,44.656564357549776,244.04749248530717,-1.2684812322594436,1.0124998647856625,1,1,0.8358396259531642,3.094931711159353,0.17367851655843997,1
26.545359247783132,92.42941666626636,724.5096979569331,18.84375449610112,77.18215424027251,0.3664390003745237,0.7902241014628498,2,0,0.5288924800532551,0.6042242585408759,0.006392497068699961,0
25.32805015330295,94.17512330312981,131.95212832869902,35.55436839286505,167.66604301430445,-0.3327634284194248,0.8296156794252347,1,0,0.672336792159887,4.428553281633876,0.14337300911078285,0
23.60417789194919,94.35746835347712,1363.724854007557,9.197759954678123,105.32008689534692,1.0207613428086477,0.01305863065516416,2,0,0.8030564397690765,2.657474096732081,0.13790855598282095,0
25.640991479323773,94.76707237102073,174.25120153860115,18.822894900541968,134.11870381752468,0.634221784795587,0.6418614727777678,1,2,0.9334569664151908,3.6512986509828407,0.1298362181780148,0
23.50181895297338,94.57322869715065,1523.3329589195948,27.915430585360347,72.24612879480087,0.46197699186362096,0.6234510992280098,2,3,0.5801114538841867,1.4793855184183409,0.04977473123774416,0
25.53309256747801,91.31628797931756,1889.6269407960247,8.490956520861372,114.87722343084685,1.2674941456650997,0.09012111100121764,2,3,0.6740485488543999,2.396821160519473,0.0006070221469518105,0
23.384783690002507,90.68786289964271,3075.8577655741938,8.319908095639768,215.9299418954494,-0.5925025059941333,0.0,1,1,0.4176018586261219,5.461255043211383,0.08932614201920605,1
23.032178002736856,91.9044768844241,3110.6806551775817,27.992326845763316,355.5505261433309,-0.7195209810452088,0.3398891241317811,2,0,0.6436222344835298,3.4193437919020817,0.09116949559997227,0
27.494579669419924,89.50605898328403,1278.9404637266653,33.18109631696241,194.38418386205197,0.5526597077064541,0.5281931899494292,0,0,0.6788812377023149,0.10093300388427541,0.36881309399321693,1
27.481404577278717,89.09892692328904,1540.193287212658,12.607539002639818,172.3577884383322,-1.0467001743963766,0.38903036364570986,3,2,0.9917403705703293,0.6456862675068721,0.06984500991446835,0
26.29717788463096,92.47802461482183,1024.1388213746377,4.159965888143633,192.59382382229444,-2.421954661537225,0.03880563418960869,3,2,0.8753596553514414,2.4971321633293755,0.060935962382353714,0
26.19672567398714,92.0352936655495,182.57984186775505,16.56368522664507,67.87776697039874,-2.592259783705173,0.43147714002779447,1,0,0.6359530427119001,0.45166179849344246,0.11235916445351612,0
26.285552284678896,91.34956624475204,1693.5921514614242,25.987205634295158,91.14614253181183,1.0026849877704216,0.381904698275764,2,3,0.34899102184921027,0.7914289610526247,0.150320471685487,0
24.421092250259775,88.63666939107902,518.0600554350834,22.76163694813188,43.94865822939202,-0.10004559013353101,0.4595355693276711,3,2,0.6275043229051455,1.16504025342162,0.038500377137885414,0
24.190176759241112,94.65647867375225,2775.039644340555,6.7394596587290305,22.054430417677256,0.5093647376937733,0.17225051800949842,3,1,0.4377570862170511,0.7084201401681725,0.046391567010982036,0
26.647719001950225,90.56154388935134,2475.8749480239294,31.17240008939138,170.67085746175792,2.2561977750354685,0.5613706652584687,2,3,0.5253850969932101,4.290091597827677,0.20179110937618364,1
25.626322196516185,90.92148729410764,1250.5256296683262,30.26459866623142,284.725164380393,0.8239339969889763,0.5013389309161695,2,1,0.7812245914056689,4.5946912881974535,0.08112744899902881,1
24.157769706793328,91.65682645830087,172.88546598573492,22.10190585944474,77.62461031232718,-0.3548505084179703,0.5299600374169473,0,0,0.7946271617317727,0.7463780191636329,0.1697310626089498,1
24.69366120209872,92.21707954466373,2083.687631267014,4.341975379759659,248.71059641410935,-1.8348111270047702,0.11778233199216852,2,3,0.6710361432021922,0.5356747262141118,0.06802181511684033,0
27.28099200910701,88.88376238314738,2768.6530137903974,8.22323581759,320.12480338438786,0.4036740100218023,0.28204860223416445,0,3,0.5124723570975926,0.4408229653940099,0.16369254443949546,0
23.057593177896802,89.9045912982582,3021.3796415489815,14.180466947667568,81.7365583242791,0.42284579164075303,0.4583213869107655,1,0,0.5046957069084791,0.990259814309036,0.023105783187402872,0
26.746150255087176,91.13076927831732,520.9125471262997,39.588912885830375,20.369298191367907,1.1600358993963054,0.9814118036803992,1,0,0.72700099118676,1.1339905694235113,0.004965272128904244,0
23.712442456266476,93.41273154162279,523.280755737411,14.111069063593906,33.357763273040675,-2.112193250748729,0.39283594372723174,1,3,0.5582176070407234,0.8022270675399661,0.0171123691872342,1
23.6951910508094,94.04013515058062,1245.7048229021934,13.769339442543805,212.55951406487063,0.8020434760763433,0.2775331668438086,2,1,0.7482149525356505,1.732437377240354,0.13613702921314774,1
23.94219493221059,93.21138416353581,1616.9415519524382,34.02712606235477,43.50160611441575,-0.036271654493873144,0.6403046894076106,3,3,0.7546623696539345,7.975856740965845,0.05600202278001033,0
25.78150832068313,89.95372913545167,919.8381544955882,6.180037199407239,316.09319825020356,-0.9489219084819344,0.14640560319919396,2,0,0.5841060163724494,1.7825053876975847,0.0027669115181137753,0
